hotel_id,city,country,price,distance,stars,rating,accommodation_type,year,month,weekend
1,Amsterdam,Netherlands,114,3.1,4.0,4.3,Hotel,2017,11,0
3,Amsterdam,Netherlands,117,1.5,4.0,4.1,Hotel,2017,11,0
4,Amsterdam,Netherlands,71,1.9,3.0,3.5,Hotel,2017,11,0
5,Amsterdam,Netherlands,690,1.8,3.5,4.0,Hotel,2017,11,0
6,Amsterdam,Netherlands,127,1.9,4.0,4.1,Hotel,2017,11,0
7,Amsterdam,Netherlands,167,0.8,3.5,4.4,Hotel,2017,11,0
9,Amsterdam,Netherlands,218,1.0,4.0,4.4,Hotel,2017,11,0
10,Amsterdam,Netherlands,143,1.8,4.0,3.7,Apartment,2017,11,0
11,Amsterdam,Netherlands,97,2.2,3.0,3.7,Hotel,2017,11,0
12,Amsterdam,Netherlands,92,1.2,2.0,3.0,Hotel,2017,11,0
14,Amsterdam,Netherlands,130,1.7,4.0,3.7,Hotel,2017,11,0
15,Amsterdam,Netherlands,132,1.7,4.0,4.5,Hotel,2017,11,0
16,Amsterdam,Netherlands,207,1.7,5.0,4.4,Hotel,2017,11,0
17,Amsterdam,Netherlands,172,1.7,4.0,4.1,Hotel,2017,11,0
18,Amsterdam,Netherlands,91,1.8,3.0,3.7,Hotel,2017,11,0
19,Amsterdam,Netherlands,149,1.7,5.0,4.1,Hotel,2017,11,0
20,Amsterdam,Netherlands,102,2.2,3.5,4.5,Hotel,2017,11,0
21,Amsterdam,Netherlands,103,2.4,3.5,3.9,Hotel,2017,11,0
22,Amsterdam,Netherlands,153,2.3,4.0,4.5,Hotel,2017,11,0
23,Amsterdam,Netherlands,191,2.5,4.0,4.8,Apart-hotel,2017,11,0
24,Amsterdam,Netherlands,207,2.9,4.0,4.5,Hotel,2017,11,0
25,Amsterdam,Netherlands,66,1.8,2.0,2.9,Hotel,2017,11,0
26,Amsterdam,Netherlands,156,2.7,4.0,4.0,Hotel,2017,11,0
27,Amsterdam,Netherlands,94,2.6,4.0,4.5,Hotel,2017,11,0
28,Amsterdam,Netherlands,138,2.7,4.0,4.0,Hotel,2017,11,0
30,Amsterdam,Netherlands,164,3.3,3.0,4.0,Hotel,2017,11,0
31,Amsterdam,Netherlands,122,3.2,4.0,4.0,Hotel,2017,11,0
32,Amsterdam,Netherlands,126,1.9,3.0,3.5,Hotel,2017,11,0
33,Amsterdam,Netherlands,63,2.7,3.0,3.0,Hotel,2017,11,0
34,Amsterdam,Netherlands,161,3.4,3.0,4.3,Hotel,2017,11,0
36,Amsterdam,Netherlands,66,4.7,2.0,3.9,Hotel,2017,11,0
37,Amsterdam,Netherlands,160,4.5,3.5,4.5,Hotel,2017,11,0
38,Amsterdam,Netherlands,176,4.8,3.0,4.3,Hotel,2017,11,0
39,Amsterdam,Netherlands,72,5.2,2.0,3.4,Hostel,2017,11,0
40,Amsterdam,Netherlands,300,4.9,4.0,4.3,Hotel,2017,11,0
41,Amsterdam,Netherlands,138,4.8,4.0,4.3,Hotel,2017,11,0
42,Amsterdam,Netherlands,120,4.9,3.0,4.1,Hotel,2017,11,0
43,Amsterdam,Netherlands,104,5.3,3.0,3.5,Hotel,2017,11,0
44,Amsterdam,Netherlands,80,5.3,3.5,4.0,Hotel,2017,11,0
45,Amsterdam,Netherlands,168,5.2,4.0,3.7,Hotel,2017,11,0
46,Amsterdam,Netherlands,77,5.8,3.0,3.5,Hotel,2017,11,0
47,Amsterdam,Netherlands,102,5.9,4.0,3.7,Hotel,2017,11,0
48,Amsterdam,Netherlands,138,6.0,4.0,4.0,Hotel,2017,11,0
49,Amsterdam,Netherlands,74,0.8,2.0,3.2,Hotel,2017,11,0
50,Amsterdam,Netherlands,90,2.6,3.5,4.5,Hotel,2017,11,0
51,Amsterdam,Netherlands,133,1.2,4.0,4.5,Hotel,2017,11,0
52,Amsterdam,Netherlands,82,1.1,2.5,4.5,Hotel,2017,11,0
53,Amsterdam,Netherlands,103,2.4,1.0,4.0,Hostel,2017,11,0
54,Amsterdam,Netherlands,135,1.1,3.0,4.1,Hotel,2017,11,0
55,Amsterdam,Netherlands,133,1.0,2.0,4.3,Hotel,2017,11,0
57,Amsterdam,Netherlands,186,1.0,4.0,3.9,Hotel,2017,11,0
58,Amsterdam,Netherlands,110,1.0,3.0,3.7,Hotel,2017,11,0
59,Amsterdam,Netherlands,133,1.0,3.5,4.0,Hotel,2017,11,0
60,Amsterdam,Netherlands,80,5.2,3.0,3.5,Hotel,2017,11,0
61,Amsterdam,Netherlands,69,2.6,3.0,4.1,Hotel,2017,11,0
62,Amsterdam,Netherlands,133,2.3,4.0,4.5,Hotel,2017,11,0
63,Amsterdam,Netherlands,91,2.3,3.0,3.5,Hotel,2017,11,0
64,Amsterdam,Netherlands,114,1.4,2.5,4.5,Hotel,2017,11,0
65,Amsterdam,Netherlands,101,2.4,3.0,3.9,Hotel,2017,11,0
66,Amsterdam,Netherlands,114,3.6,4.0,4.0,Hotel,2017,11,0
69,Amsterdam,Netherlands,84,2.0,4.0,3.9,Hotel,2017,11,0
70,Amsterdam,Netherlands,94,2.1,4.0,4.3,Hotel,2017,11,0
71,Amsterdam,Netherlands,103,2.6,4.0,4.1,Hotel,2017,11,0
72,Amsterdam,Netherlands,105,2.7,3.0,4.3,Apart-hotel,2017,11,0
73,Amsterdam,Netherlands,127,0.8,3.0,3.7,Hotel,2017,11,0
75,Amsterdam,Netherlands,72,3.9,3.0,4.0,Hotel,2017,11,0
76,Amsterdam,Netherlands,114,4.0,4.0,4.0,Hotel,2017,11,0
77,Amsterdam,Netherlands,83,1.4,3.0,4.0,Inn,2017,11,0
78,Amsterdam,Netherlands,68,4.2,3.0,3.7,Hotel,2017,11,0
79,Amsterdam,Netherlands,63,3.1,2.0,2.9,Hostel,2017,11,0
80,Amsterdam,Netherlands,74,3.0,4.0,2.4,Hotel,2017,11,0
81,Amsterdam,Netherlands,111,1.7,3.0,4.4,Hotel,2017,11,0
82,Amsterdam,Netherlands,117,1.7,4.0,4.4,Hotel,2017,11,0
83,Amsterdam,Netherlands,107,2.1,4.0,4.3,Hotel,2017,11,0
84,Amsterdam,Netherlands,99,2.4,3.0,4.5,Hotel,2017,11,0
85,Amsterdam,Netherlands,103,2.2,3.0,4.0,Hotel,2017,11,0
86,Amsterdam,Netherlands,106,0.8,3.0,3.5,Hotel,2017,11,0
87,Amsterdam,Netherlands,104,0.8,3.0,3.9,Hotel,2017,11,0
93,Amsterdam,Netherlands,83,1.6,3.5,3.5,Hotel,2017,11,0
94,Amsterdam,Netherlands,125,2.2,2.0,3.7,Hostel,2017,11,0
95,Amsterdam,Netherlands,111,2.6,3.0,4.1,Hotel,2017,11,0
96,Amsterdam,Netherlands,80,5.3,3.0,3.9,Hotel,2017,11,0
98,Amsterdam,Netherlands,105,5.7,3.0,4.0,Hotel,2017,11,0
99,Amsterdam,Netherlands,90,5.8,4.0,4.0,Hotel,2017,11,0
100,Amsterdam,Netherlands,112,0.9,2.0,3.5,Hotel,2017,11,0
101,Amsterdam,Netherlands,138,0.5,3.0,3.9,Hotel,2017,11,0
102,Amsterdam,Netherlands,127,0.9,3.0,4.1,Hotel,2017,11,0
103,Amsterdam,Netherlands,188,0.5,3.0,3.5,Hotel,2017,11,0
104,Amsterdam,Netherlands,145,0.4,2.0,3.2,Hotel,2017,11,0
105,Amsterdam,Netherlands,219,0.5,4.0,3.7,Hotel,2017,11,0
106,Amsterdam,Netherlands,99,0.6,3.0,2.9,Hotel,2017,11,0
107,Amsterdam,Netherlands,172,0.4,4.0,4.3,Guest House,2017,11,0
108,Amsterdam,Netherlands,221,0.3,3.0,4.8,Guest House,2017,11,0
110,Amsterdam,Netherlands,121,0.2,2.0,4.1,Hotel,2017,11,0
111,Amsterdam,Netherlands,324,0.3,4.0,4.8,Hotel,2017,11,0
112,Amsterdam,Netherlands,312,0.5,4.0,4.8,Hotel,2017,11,0
113,Amsterdam,Netherlands,577,0.6,5.0,4.9,Hotel,2017,11,0
114,Amsterdam,Netherlands,139,1.0,3.0,3.5,Apartment,2017,11,0
115,Amsterdam,Netherlands,342,0.3,4.0,4.6,Hotel,2017,11,0
116,Amsterdam,Netherlands,219,0.3,4.0,4.9,Hotel,2017,11,0
117,Amsterdam,Netherlands,184,0.4,4.0,4.0,Hotel,2017,11,0
118,Amsterdam,Netherlands,355,0.4,5.0,4.8,Hotel,2017,11,0
119,Amsterdam,Netherlands,110,0.7,2.5,3.7,Hotel,2017,11,0
120,Amsterdam,Netherlands,107,0.6,2.0,3.0,Hotel,2017,11,0
121,Amsterdam,Netherlands,91,0.6,2.0,3.0,Hotel,2017,11,0
122,Amsterdam,Netherlands,114,0.6,2.5,3.0,Hotel,2017,11,0
123,Amsterdam,Netherlands,167,0.4,3.0,3.5,Hotel,2017,11,0
124,Amsterdam,Netherlands,116,0.7,1.0,2.7,Hostel,2017,11,0
125,Amsterdam,Netherlands,109,1.0,3.0,4.0,Hotel,2017,11,0
126,Amsterdam,Netherlands,443,0.4,5.0,4.6,Hotel,2017,11,0
127,Amsterdam,Netherlands,222,0.4,5.0,4.5,Hotel,2017,11,0
128,Amsterdam,Netherlands,160,0.7,2.0,3.2,Hotel,2017,11,0
129,Amsterdam,Netherlands,172,0.8,4.0,4.0,Hotel,2017,11,0
130,Amsterdam,Netherlands,126,1.0,3.0,4.0,Hotel,2017,11,0
131,Amsterdam,Netherlands,108,0.8,3.0,3.7,Hotel,2017,11,0
132,Amsterdam,Netherlands,98,0.8,2.0,3.2,Hotel,2017,11,0
133,Amsterdam,Netherlands,364,0.4,5.0,4.8,Hotel,2017,11,0
134,Amsterdam,Netherlands,176,0.5,2.0,4.0,Hotel,2017,11,0
135,Amsterdam,Netherlands,151,0.7,4.0,4.3,Hotel,2017,11,0
136,Amsterdam,Netherlands,98,0.7,2.0,3.5,Hotel,2017,11,0
137,Amsterdam,Netherlands,363,0.5,5.0,4.8,Hotel,2017,11,0
138,Amsterdam,Netherlands,377,0.6,5.0,4.3,Hotel,2017,11,0
139,Amsterdam,Netherlands,98,0.8,1.0,2.9,Hotel,2017,11,0
140,Amsterdam,Netherlands,413,1.1,5.0,4.5,Hotel,2017,11,0
141,Amsterdam,Netherlands,138,0.2,2.0,2.7,Hotel,2017,11,0
142,Amsterdam,Netherlands,133,0.3,2.5,3.0,Hotel,2017,11,0
143,Amsterdam,Netherlands,81,0.3,2.5,3.0,Hotel,2017,11,0
144,Amsterdam,Netherlands,138,0.3,2.0,4.5,Hotel,2017,11,0
145,Amsterdam,Netherlands,146,0.3,2.0,3.5,Hotel,2017,11,0
146,Amsterdam,Netherlands,188,0.5,4.0,3.9,Hotel,2017,11,0
147,Amsterdam,Netherlands,96,0.5,1.0,3.5,Hotel,2017,11,0
148,Amsterdam,Netherlands,177,0.5,4.0,3.7,Hotel,2017,11,0
149,Amsterdam,Netherlands,145,0.5,4.0,3.5,Hotel,2017,11,0
150,Amsterdam,Netherlands,122,0.5,2.0,3.0,Hotel,2017,11,0
151,Amsterdam,Netherlands,90,0.3,2.0,2.2,Hotel,2017,11,0
152,Amsterdam,Netherlands,160,0.3,2.0,3.5,Hotel,2017,11,0
154,Amsterdam,Netherlands,89,1.1,2.0,3.5,Hotel,2017,11,0
156,Amsterdam,Netherlands,388,0.4,4.0,4.4,Apartment,2017,11,0
157,Amsterdam,Netherlands,107,0.4,2.0,2.5,Hotel,2017,11,0
158,Amsterdam,Netherlands,141,0.4,2.0,2.9,Hotel,2017,11,0
159,Amsterdam,Netherlands,203,0.3,4.0,4.0,Hotel,2017,11,0
160,Amsterdam,Netherlands,145,0.6,2.5,3.5,Hotel,2017,11,0
161,Amsterdam,Netherlands,223,0.5,2.0,3.7,Hotel,2017,11,0
167,Amsterdam,Netherlands,214,0.5,4.0,3.5,Hotel,2017,11,0
168,Amsterdam,Netherlands,184,0.5,4.0,4.0,Hotel,2017,11,0
169,Amsterdam,Netherlands,134,0.6,3.0,3.9,Hotel,2017,11,0
170,Amsterdam,Netherlands,215,0.9,4.0,4.8,Hotel,2017,11,0
171,Amsterdam,Netherlands,178,1.1,4.0,4.3,Hotel,2017,11,0
172,Amsterdam,Netherlands,138,1.0,3.0,4.0,Hotel,2017,11,0
173,Amsterdam,Netherlands,180,1.0,4.0,4.4,Hotel,2017,11,0
174,Amsterdam,Netherlands,185,1.0,4.0,4.3,Hotel,2017,11,0
175,Amsterdam,Netherlands,124,0.2,3.0,3.4,Hotel,2017,11,0
176,Amsterdam,Netherlands,139,0.2,1.0,2.5,Hotel,2017,11,0
177,Amsterdam,Netherlands,106,0.2,1.5,2.7,Hostel,2017,11,0
178,Amsterdam,Netherlands,259,0.1,5.0,4.3,Hotel,2017,11,0
179,Amsterdam,Netherlands,243,0.1,4.0,4.0,Hotel,2017,11,0
180,Amsterdam,Netherlands,197,0.1,4.0,4.3,Hotel,2017,11,0
181,Amsterdam,Netherlands,209,0.1,2.0,3.5,Hotel,2017,11,0
182,Amsterdam,Netherlands,162,0.1,3.5,3.4,Hotel,2017,11,0
184,Amsterdam,Netherlands,203,0.4,3.0,4.5,Bed and breakfast,2017,11,0
185,Amsterdam,Netherlands,87,0.4,2.5,2.7,Hotel,2017,11,0
188,Amsterdam,Netherlands,169,0.1,3.0,4.0,Hotel,2017,11,0
189,Amsterdam,Netherlands,175,0.1,1.0,3.7,Hotel,2017,11,0
190,Amsterdam,Netherlands,207,0.1,4.0,4.0,Hotel,2017,11,0
191,Amsterdam,Netherlands,156,0.2,3.0,3.7,Hotel,2017,11,0
192,Amsterdam,Netherlands,374,0.5,5.0,4.8,Hotel,2017,11,0
193,Amsterdam,Netherlands,104,0.2,2.0,3.2,Hostel,2017,11,0
194,Amsterdam,Netherlands,139,0.3,1.0,3.0,Hotel,2017,11,0
195,Amsterdam,Netherlands,91,0.2,1.0,3.2,Hotel,2017,11,0
196,Amsterdam,Netherlands,379,0.2,5.0,4.6,Hotel,2017,11,0
197,Amsterdam,Netherlands,804,0.2,5.0,4.8,Hotel,2017,11,0
198,Amsterdam,Netherlands,271,0.1,3.0,3.9,Bed and breakfast,2017,11,0
199,Amsterdam,Netherlands,175,0.7,3.5,3.5,Apartment,2017,11,0
200,Amsterdam,Netherlands,194,0.7,4.0,3.5,Apartment,2017,11,0
201,Amsterdam,Netherlands,228,0.5,5.0,4.3,Hotel,2017,11,0
202,Amsterdam,Netherlands,139,0.4,3.0,3.5,Hotel,2017,11,0
203,Amsterdam,Netherlands,134,0.5,3.0,3.7,Hotel,2017,11,0
204,Amsterdam,Netherlands,149,0.5,3.0,3.9,Hotel,2017,11,0
205,Amsterdam,Netherlands,133,0.6,3.0,3.7,Hotel,2017,11,0
206,Amsterdam,Netherlands,203,0.6,4.0,4.3,Hotel,2017,11,0
207,Amsterdam,Netherlands,142,0.6,3.0,3.9,Hotel,2017,11,0
208,Amsterdam,Netherlands,113,0.2,3.0,3.2,Hotel,2017,11,0
209,Amsterdam,Netherlands,167,0.2,3.0,4.0,Hotel,2017,11,0
210,Amsterdam,Netherlands,254,0.3,4.0,4.4,Hotel,2017,11,0
211,Amsterdam,Netherlands,292,0.1,5.0,4.1,Hotel,2017,11,0
212,Amsterdam,Netherlands,138,0.5,3.0,3.7,Hotel,2017,11,0
217,Amsterdam,Netherlands,119,0.2,2.0,3.7,Hostel,2017,11,0
218,Amsterdam,Netherlands,93,0.3,2.5,2.5,Hotel,2017,11,0
219,Amsterdam,Netherlands,262,1.3,4.0,4.5,Hotel,2017,11,0
220,Amsterdam,Netherlands,114,1.2,2.5,3.0,Hotel,2017,11,0
221,Amsterdam,Netherlands,97,1.3,3.0,3.5,Hotel,2017,11,0
222,Amsterdam,Netherlands,124,1.6,4.0,3.0,Hotel,2017,11,0
223,Amsterdam,Netherlands,261,1.7,5.0,4.5,Hotel,2017,11,0
224,Amsterdam,Netherlands,83,1.1,2.0,3.2,Hotel,2017,11,0
228,Amsterdam,Netherlands,83,1.3,3.0,3.5,Hotel,2017,11,0
229,Amsterdam,Netherlands,78,1.4,2.0,2.0,Hotel,2017,11,0
230,Amsterdam,Netherlands,134,1.1,3.0,3.7,Hotel,2017,11,0
231,Amsterdam,Netherlands,176,1.1,3.0,3.7,Hotel,2017,11,0
232,Amsterdam,Netherlands,110,1.4,1.0,3.7,Hotel,2017,11,0
233,Amsterdam,Netherlands,156,1.5,3.5,4.6,Bed and breakfast,2017,11,0
234,Amsterdam,Netherlands,73,1.4,2.0,3.4,Hotel,2017,11,0
235,Amsterdam,Netherlands,109,1.1,3.5,4.0,Bed and breakfast,2017,11,0
236,Amsterdam,Netherlands,83,4.1,1.5,3.9,Hostel,2017,11,0
237,Amsterdam,Netherlands,248,0.8,4.0,4.3,Apartment,2017,11,0
239,Amsterdam,Netherlands,148,0.5,3.0,4.5,Bed and breakfast,2017,11,0
240,Amsterdam,Netherlands,153,0.7,2.0,3.5,Hotel,2017,11,0
241,Amsterdam,Netherlands,168,0.5,3.0,4.1,Hotel,2017,11,0
242,Amsterdam,Netherlands,126,0.5,1.0,2.9,Hotel,2017,11,0
243,Amsterdam,Netherlands,187,0.7,4.0,4.5,Hotel,2017,11,0
246,Amsterdam,Netherlands,85,10.0,3.0,3.7,Hotel,2017,11,0
247,Amsterdam,Netherlands,118,9.5,3.0,4.3,Hotel,2017,11,0
248,Amsterdam,Netherlands,89,9.6,4.0,3.7,Hotel,2017,11,0
249,Amsterdam,Netherlands,101,9.1,4.0,4.0,Hotel,2017,11,0
250,Amsterdam,Netherlands,107,9.6,3.0,4.3,Hotel,2017,11,0
251,Amsterdam,Netherlands,157,9.4,4.0,4.0,Hotel,2017,11,0
252,Amsterdam,Netherlands,103,12.0,4.0,4.1,Hotel,2017,11,0
253,Amsterdam,Netherlands,167,9.3,4.0,4.5,Hotel,2017,11,0
254,Amsterdam,Netherlands,156,9.9,4.0,4.5,Hotel,2017,11,0
255,Amsterdam,Netherlands,85,9.1,4.0,3.5,Hotel,2017,11,0
256,Amsterdam,Netherlands,103,9.1,4.0,4.0,Hotel,2017,11,0
257,Amsterdam,Netherlands,177,0.5,3.0,4.6,Hotel,2017,11,0
258,Amsterdam,Netherlands,166,0.9,3.5,3.5,Apartment,2017,11,0
260,Amsterdam,Netherlands,130,0.7,3.0,4.1,Hotel,2017,11,0
261,Amsterdam,Netherlands,161,0.6,3.5,4.6,Hotel,2017,11,0
264,Amsterdam,Netherlands,234,0.7,3.5,4.5,Hotel,2017,11,0
267,Amsterdam,Netherlands,439,1.0,4.5,3.2,Apartment,2017,11,0
268,Amsterdam,Netherlands,172,1.1,4.0,4.4,Apartment,2017,11,0
269,Amsterdam,Netherlands,184,5.6,4.0,4.0,Hotel,2017,11,0
270,Amsterdam,Netherlands,102,1.2,4.0,3.5,Hotel,2017,11,0
271,Amsterdam,Netherlands,87,1.3,2.0,2.5,Hotel,2017,11,0
272,Amsterdam,Netherlands,94,1.5,3.0,4.3,Hotel,2017,11,0
273,Amsterdam,Netherlands,93,1.6,3.0,3.7,Hotel,2017,11,0
274,Amsterdam,Netherlands,96,1.4,3.0,3.7,Hotel,2017,11,0
275,Amsterdam,Netherlands,125,1.4,3.0,4.1,Hotel,2017,11,0
276,Amsterdam,Netherlands,137,1.0,3.5,4.3,Hotel,2017,11,0
277,Amsterdam,Netherlands,148,1.0,2.0,3.0,Hotel,2017,11,0
278,Amsterdam,Netherlands,104,0.9,1.0,3.0,Hotel,2017,11,0
279,Amsterdam,Netherlands,81,1.3,2.0,3.2,Hotel,2017,11,0
281,Amsterdam,Netherlands,75,1.4,2.0,3.0,Hostel,2017,11,0
282,Amsterdam,Netherlands,160,1.2,4.0,4.0,Hotel,2017,11,0
283,Amsterdam,Netherlands,132,1.0,3.0,4.1,Hotel,2017,11,0
284,Amsterdam,Netherlands,110,1.0,1.0,3.7,Hotel,2017,11,0
285,Amsterdam,Netherlands,150,1.1,3.0,4.5,Hotel,2017,11,0
286,Amsterdam,Netherlands,172,1.0,4.0,4.3,Hotel,2017,11,0
287,Amsterdam,Netherlands,226,1.1,4.0,4.5,Hotel,2017,11,0
288,Amsterdam,Netherlands,133,1.0,3.0,4.0,Hotel,2017,11,0
289,Amsterdam,Netherlands,99,1.3,2.5,4.5,Hotel,2017,11,0
290,Amsterdam,Netherlands,80,1.3,1.0,2.7,Hostel,2017,11,0
291,Amsterdam,Netherlands,105,0.8,2.0,2.7,Hostel,2017,11,0
292,Amsterdam,Netherlands,120,1.2,3.0,4.3,Hotel,2017,11,0
293,Amsterdam,Netherlands,98,0.7,2.0,2.7,Hotel,2017,11,0
294,Amsterdam,Netherlands,101,0.7,2.0,3.7,Hotel,2017,11,0
295,Amsterdam,Netherlands,90,0.8,2.0,3.0,Hotel,2017,11,0
296,Amsterdam,Netherlands,126,0.8,3.0,2.9,Hotel,2017,11,0
297,Amsterdam,Netherlands,204,0.8,4.0,4.1,Hotel,2017,11,0
298,Amsterdam,Netherlands,105,0.7,1.0,2.5,Hostel,2017,11,0
299,Amsterdam,Netherlands,953,0.7,4.0,4.9,Apartment,2017,11,0
300,Amsterdam,Netherlands,134,0.7,3.0,3.5,Hotel,2017,11,0
301,Amsterdam,Netherlands,75,0.7,1.0,2.0,Hotel,2017,11,0
302,Amsterdam,Netherlands,139,0.8,2.0,3.5,Hotel,2017,11,0
303,Amsterdam,Netherlands,150,0.8,2.0,4.1,Hotel,2017,11,0
304,Amsterdam,Netherlands,138,0.8,2.5,4.3,Hotel,2017,11,0
305,Amsterdam,Netherlands,121,1.4,3.5,4.3,Apartment,2017,11,0
306,Amsterdam,Netherlands,104,0.9,3.0,3.9,Hotel,2017,11,0
307,Amsterdam,Netherlands,95,1.0,2.0,2.7,Hotel,2017,11,0
308,Amsterdam,Netherlands,109,0.9,3.0,3.7,Hotel,2017,11,0
309,Amsterdam,Netherlands,107,0.9,3.0,3.7,Hotel,2017,11,0
310,Amsterdam,Netherlands,102,1.0,3.0,3.9,Hotel,2017,11,0
311,Amsterdam,Netherlands,150,1.0,4.0,4.3,Hotel,2017,11,0
312,Amsterdam,Netherlands,161,1.0,2.0,2.9,Hotel,2017,11,0
313,Amsterdam,Netherlands,268,0.9,5.0,4.1,Hotel,2017,11,0
314,Amsterdam,Netherlands,211,0.9,4.0,4.1,Hotel,2017,11,0
315,Amsterdam,Netherlands,116,1.0,2.0,2.9,Hotel,2017,11,0
316,Amsterdam,Netherlands,166,0.9,4.0,3.9,Hotel,2017,11,0
318,Amsterdam,Netherlands,124,1.0,3.0,3.7,Hotel,2017,11,0
319,Amsterdam,Netherlands,488,1.2,5.0,4.8,Hotel,2017,11,0
320,Amsterdam,Netherlands,120,1.3,3.0,4.0,Hotel,2017,11,0
324,Amsterdam,Netherlands,127,0.9,4.0,4.0,Hotel,2017,11,0
325,Amsterdam,Netherlands,138,1.0,3.0,3.4,Hotel,2017,11,0
326,Amsterdam,Netherlands,121,1.0,3.0,3.9,Hotel,2017,11,0
327,Amsterdam,Netherlands,53,1.1,2.0,4.0,Hostel,2017,11,0
328,Amsterdam,Netherlands,114,1.1,3.0,3.7,Hotel,2017,11,0
329,Amsterdam,Netherlands,126,0.9,3.0,3.7,Hotel,2017,11,0
330,Amsterdam,Netherlands,92,1.3,3.0,3.0,Hotel,2017,11,0
331,Amsterdam,Netherlands,84,0.8,2.0,2.7,Hotel,2017,11,0
332,Amsterdam,Netherlands,80,0.9,1.5,2.7,Bed and breakfast,2017,11,0
333,Amsterdam,Netherlands,126,1.6,3.0,4.3,Hotel,2017,11,0
334,Amsterdam,Netherlands,233,1.4,3.5,,Bed and breakfast,2017,11,0
335,Amsterdam,Netherlands,104,1.9,3.5,4.3,Hotel,2017,11,0
336,Amsterdam,Netherlands,149,2.4,4.0,4.6,Hotel,2017,11,0
337,Amsterdam,Netherlands,114,2.7,4.0,4.1,Hotel,2017,11,0
338,Amsterdam,Netherlands,112,1.5,3.5,4.5,Hotel,2017,11,0
339,Amsterdam,Netherlands,219,1.6,3.0,4.5,Hotel,2017,11,0
341,Amsterdam,Netherlands,92,1.9,3.5,3.7,Hotel,2017,11,0
342,Amsterdam,Netherlands,78,1.9,1.5,2.9,Hostel,2017,11,0
345,Amsterdam,Netherlands,97,3.1,3.0,3.7,Hotel,2017,11,0
346,Amsterdam,Netherlands,230,0.4,4.0,4.0,Hotel,2017,11,0
347,Amsterdam,Netherlands,110,0.3,2.0,2.5,Hostel,2017,11,0
348,Amsterdam,Netherlands,80,0.3,1.0,2.5,Hotel,2017,11,0
349,Amsterdam,Netherlands,110,0.2,3.0,2.7,Hotel,2017,11,0
350,Amsterdam,Netherlands,104,0.2,1.0,2.2,Hotel,2017,11,0
351,Amsterdam,Netherlands,165,0.2,3.0,3.9,Hotel,2017,11,0
352,Amsterdam,Netherlands,136,0.2,2.0,2.9,Hotel,2017,11,0
353,Amsterdam,Netherlands,91,0.3,2.0,2.4,Hotel,2017,11,0
354,Amsterdam,Netherlands,281,0.7,3.5,4.6,Apartment,2017,11,0
355,Amsterdam,Netherlands,198,0.4,3.0,4.0,Hotel,2017,11,0
356,Amsterdam,Netherlands,206,0.3,5.0,4.0,Hotel,2017,11,0
357,Amsterdam,Netherlands,198,0.4,3.0,4.8,Hotel,2017,11,0
358,Amsterdam,Netherlands,176,0.4,3.0,3.9,Hotel,2017,11,0
359,Amsterdam,Netherlands,127,0.4,2.5,2.5,Hotel,2017,11,0
360,Amsterdam,Netherlands,116,0.4,2.0,2.5,Hotel,2017,11,0
361,Amsterdam,Netherlands,92,0.4,2.5,2.0,Guest House,2017,11,0
362,Amsterdam,Netherlands,110,0.4,1.0,3.5,Hotel,2017,11,0
363,Amsterdam,Netherlands,259,0.2,3.5,4.8,Hotel,2017,11,0
364,Amsterdam,Netherlands,63,0.3,2.0,4.0,Hostel,2017,11,0
365,Amsterdam,Netherlands,177,0.2,4.0,4.1,Hotel,2017,11,0
366,Amsterdam,Netherlands,143,0.3,3.0,3.7,Hotel,2017,11,0
367,Amsterdam,Netherlands,295,0.3,4.5,4.5,Hotel,2017,11,0
368,Amsterdam,Netherlands,178,0.2,3.0,4.0,Hotel,2017,11,0
369,Amsterdam,Netherlands,236,0.2,4.0,4.5,Hotel,2017,11,0
370,Amsterdam,Netherlands,187,0.2,3.0,4.0,Hotel,2017,11,0
371,Amsterdam,Netherlands,228,0.6,4.0,4.4,Hotel,2017,11,0
372,Amsterdam,Netherlands,133,0.4,3.0,3.2,Hotel,2017,11,0
374,Amsterdam,Netherlands,281,0.4,5.0,4.5,Hotel,2017,11,0
375,Amsterdam,Netherlands,138,0.4,3.0,3.5,Hotel,2017,11,0
376,Amsterdam,Netherlands,220,0.4,5.0,4.4,Hotel,2017,11,0
377,Amsterdam,Netherlands,135,0.3,3.0,3.7,Hotel,2017,11,0
378,Amsterdam,Netherlands,166,0.3,3.0,4.1,Hotel,2017,11,0
379,Amsterdam,Netherlands,143,0.2,2.0,4.0,Hostel,2017,11,0
380,Amsterdam,Netherlands,183,0.2,3.5,4.6,Bed and breakfast,2017,11,0
382,Amsterdam,Netherlands,161,0.4,3.0,4.1,Hotel,2017,11,0
383,Amsterdam,Netherlands,116,0.3,2.0,3.0,Hotel,2017,11,0
384,Amsterdam,Netherlands,172,0.3,3.0,3.7,Hotel,2017,11,0
385,Amsterdam,Netherlands,121,0.4,2.5,3.2,Hotel,2017,11,0
386,Amsterdam,Netherlands,98,0.4,2.5,2.7,Hotel,2017,11,0
387,Amsterdam,Netherlands,127,1.0,3.0,4.4,Hotel,2017,11,0
388,Amsterdam,Netherlands,113,1.5,3.0,4.0,Hotel,2017,11,0
389,Amsterdam,Netherlands,139,1.7,4.0,4.3,Hotel,2017,11,0
390,Amsterdam,Netherlands,121,1.4,2.0,4.3,Hostel,2017,11,0
391,Amsterdam,Netherlands,88,1.8,3.0,4.0,Hotel,2017,11,0
392,Amsterdam,Netherlands,194,1.4,4.0,4.4,Apartment,2017,11,0
393,Amsterdam,Netherlands,574,1.6,5.0,5.0,Guest House,2017,11,0
394,Amsterdam,Netherlands,155,1.8,3.0,4.5,Hotel,2017,11,0
395,Amsterdam,Netherlands,107,0.9,2.0,3.0,Hotel,2017,11,0
396,Amsterdam,Netherlands,162,0.9,2.0,3.7,Hotel,2017,11,0
397,Amsterdam,Netherlands,85,0.9,3.0,3.7,Hotel,2017,11,0
398,Amsterdam,Netherlands,170,1.0,4.0,4.4,Apartment,2017,11,0
399,Amsterdam,Netherlands,125,1.0,3.0,3.5,Hotel,2017,11,0
400,Amsterdam,Netherlands,197,0.9,3.5,4.1,Apartment,2017,11,0
401,Amsterdam,Netherlands,278,0.9,4.0,3.5,Apartment,2017,11,0
402,Amsterdam,Netherlands,103,1.0,2.0,2.7,Hotel,2017,11,0
403,Amsterdam,Netherlands,103,0.8,2.0,3.5,Hotel,2017,11,0
404,Amsterdam,Netherlands,219,1.1,4.0,4.6,Hotel,2017,11,0
405,Amsterdam,Netherlands,91,1.1,3.0,3.7,Hotel,2017,11,0
408,Amsterdam,Netherlands,150,1.7,4.0,3.7,Apartment,2017,11,0
409,Amsterdam,Netherlands,172,1.3,4.0,4.0,Hotel,2017,11,0
410,Amsterdam,Netherlands,142,7.2,4.0,4.4,Hotel,2017,11,0
411,Amsterdam,Netherlands,100,5.9,3.0,4.3,Hotel,2017,11,0
412,Amsterdam,Netherlands,277,7.1,4.0,4.5,Hotel,2017,11,0
413,Amsterdam,Netherlands,242,7.4,4.0,4.5,Hotel,2017,11,0
414,Amsterdam,Netherlands,149,5.6,4.0,4.3,Hotel,2017,11,0
415,Amsterdam,Netherlands,116,9.0,3.0,4.1,Hotel,2017,11,0
416,Amsterdam,Netherlands,166,8.8,4.0,4.4,Hotel,2017,11,0
417,Amsterdam,Netherlands,102,8.9,3.5,4.0,Hotel,2017,11,0
419,Amsterdam,Netherlands,104,1.9,3.0,4.5,Hotel,2017,11,0
420,Amsterdam,Netherlands,219,1.3,4.0,4.9,Hotel,2017,11,0
421,Amsterdam,Netherlands,91,1.9,2.0,3.7,Hotel,2017,11,0
422,Amsterdam,Netherlands,127,1.7,4.0,3.7,Hotel,2017,11,0
423,Amsterdam,Netherlands,164,1.7,3.0,4.0,Hotel,2017,11,0
424,Amsterdam,Netherlands,114,1.8,3.0,4.3,Hotel,2017,11,0
425,Amsterdam,Netherlands,126,1.0,3.0,4.0,Hotel,2017,11,0
426,Amsterdam,Netherlands,63,1.0,1.0,2.0,Hotel,2017,11,0
427,Amsterdam,Netherlands,114,2.0,3.0,3.7,Hotel,2017,11,0
428,Amsterdam,Netherlands,62,6.1,3.0,4.0,Guest House,2017,11,0
429,Amsterdam,Netherlands,72,6.0,3.0,3.7,Hotel,2017,11,0
430,Athens,Greece,45,5.5,2.0,4.3,Hotel,2017,11,0
431,Athens,Greece,44,9.9,2.0,3.2,Hotel,2017,11,0
432,Athens,Greece,54,10.0,4.0,2.2,Hotel,2017,11,0
433,Athens,Greece,56,9.5,2.0,3.2,Hotel,2017,11,0
434,Athens,Greece,52,5.6,2.0,3.7,Hotel,2017,11,0
435,Athens,Greece,129,8.4,3.0,3.5,Hotel,2017,11,0
436,Athens,Greece,116,0.6,4.0,4.5,Hotel,2017,11,0
437,Athens,Greece,67,0.6,2.0,4.4,Hotel,2017,11,0
438,Athens,Greece,286,0.7,4.5,5.0,Apartment,2017,11,0
439,Athens,Greece,78,0.7,3.0,5.0,Apartment,2017,11,0
440,Athens,Greece,150,0.7,5.0,4.0,Hotel,2017,11,0
441,Athens,Greece,133,0.7,5.0,4.0,Hotel,2017,11,0
443,Athens,Greece,69,0.7,4.0,3.9,Apart-hotel,2017,11,0
444,Athens,Greece,123,0.6,4.0,4.4,Hotel,2017,11,0
445,Athens,Greece,244,0.6,4.0,4.8,Hotel,2017,11,0
446,Athens,Greece,103,0.6,4.0,4.0,Hotel,2017,11,0
447,Athens,Greece,81,0.7,3.0,4.1,Hotel,2017,11,0
448,Athens,Greece,179,0.5,4.0,4.6,Apart-hotel,2017,11,0
449,Athens,Greece,161,0.7,4.0,4.9,Apartment,2017,11,0
451,Athens,Greece,106,0.7,4.0,4.4,Hotel,2017,11,0
452,Athens,Greece,116,0.5,4.0,4.6,Hotel,2017,11,0
454,Athens,Greece,56,6.4,2.0,3.2,Hotel,2017,11,0
455,Athens,Greece,39,1.8,2.0,3.7,Hotel,2017,11,0
456,Athens,Greece,85,0.9,3.0,4.0,Hotel,2017,11,0
457,Athens,Greece,92,1.4,2.0,1.0,Hotel,2017,11,0
458,Athens,Greece,43,1.7,2.0,3.2,Hotel,2017,11,0
460,Athens,Greece,35,1.7,2.0,4.0,Hotel,2017,11,0
461,Athens,Greece,170,1.3,5.0,4.1,Hotel,2017,11,0
462,Athens,Greece,50,2.2,2.0,4.0,Hotel,2017,11,0
463,Athens,Greece,52,1.1,4.0,4.5,Apartment,2017,11,0
464,Athens,Greece,60,1.1,3.0,3.7,Hotel,2017,11,0
465,Athens,Greece,69,1.0,2.0,4.0,Hotel,2017,11,0
466,Athens,Greece,73,0.8,4.0,4.0,Hotel,2017,11,0
467,Athens,Greece,68,0.8,3.0,4.0,Hotel,2017,11,0
468,Athens,Greece,118,1.0,4.0,4.5,Hotel,2017,11,0
469,Athens,Greece,77,1.1,4.0,4.4,Apartment,2017,11,0
470,Athens,Greece,91,2.2,4.0,3.5,Hotel,2017,11,0
471,Athens,Greece,76,2.3,2.0,3.7,Hotel,2017,11,0
472,Athens,Greece,100,1.0,4.0,4.4,Apart-hotel,2017,11,0
473,Athens,Greece,83,0.8,3.0,4.0,Hotel,2017,11,0
475,Athens,Greece,100,0.8,3.5,4.5,Hotel,2017,11,0
476,Athens,Greece,60,1.1,4.0,4.0,Hotel,2017,11,0
477,Athens,Greece,121,1.4,4.0,4.0,Hotel,2017,11,0
478,Athens,Greece,188,1.2,5.0,4.4,Hotel,2017,11,0
479,Athens,Greece,78,1.3,3.5,4.0,Apart-hotel,2017,11,0
480,Athens,Greece,65,2.6,4.0,3.5,Hotel,2017,11,0
483,Athens,Greece,47,1.3,2.5,4.0,Hotel,2017,11,0
485,Athens,Greece,81,1.4,3.0,3.5,Hotel,2017,11,0
486,Athens,Greece,55,1.0,1.0,3.9,Hotel,2017,11,0
487,Athens,Greece,68,0.9,3.0,4.3,Apart-hotel,2017,11,0
488,Athens,Greece,113,0.8,3.0,4.8,Apartment,2017,11,0
489,Athens,Greece,261,0.8,4.5,5.0,Apartment,2017,11,0
490,Athens,Greece,95,0.2,3.5,4.8,Hotel,2017,11,0
491,Athens,Greece,92,1.6,4.0,3.9,Hotel,2017,11,0
492,Athens,Greece,44,1.1,2.0,4.4,Hotel,2017,11,0
493,Athens,Greece,45,1.2,2.0,3.0,Hotel,2017,11,0
494,Athens,Greece,106,0.7,2.5,5.0,Apart-hotel,2017,11,0
495,Athens,Greece,35,0.8,2.0,3.4,Hotel,2017,11,0
496,Athens,Greece,44,1.4,2.0,4.4,Hotel,2017,11,0
498,Athens,Greece,108,7.1,4.0,3.2,Hotel,2017,11,0
499,Athens,Greece,207,11.0,5.0,4.4,Resort,2017,11,0
501,Athens,Greece,215,12.0,5.0,4.5,Hotel,2017,11,0
503,Athens,Greece,96,11.0,4.0,3.7,Hotel,2017,11,0
504,Athens,Greece,47,6.6,1.0,,Hotel,2017,11,0
505,Athens,Greece,167,12.0,5.0,4.9,Hotel,2017,11,0
506,Athens,Greece,46,8.8,2.0,3.2,Hotel,2017,11,0
507,Athens,Greece,47,8.9,3.0,3.2,Hotel,2017,11,0
508,Athens,Greece,52,8.5,2.0,4.1,Hotel,2017,11,0
509,Athens,Greece,78,7.5,4.0,3.0,Apart-hotel,2017,11,0
510,Athens,Greece,62,7.6,4.0,3.7,Hotel,2017,11,0
511,Athens,Greece,92,4.1,4.0,3.9,Hotel,2017,11,0
512,Athens,Greece,56,7.4,3.0,3.9,Hotel,2017,11,0
513,Athens,Greece,64,4.6,3.0,3.0,Hotel,2017,11,0
514,Athens,Greece,186,8.4,4.0,4.8,Apart-hotel,2017,11,0
515,Athens,Greece,55,8.8,2.0,3.9,Hotel,2017,11,0
516,Athens,Greece,30,9.1,1.0,2.7,Hotel,2017,11,0
517,Athens,Greece,101,7.1,4.0,3.7,Hotel,2017,11,0
518,Athens,Greece,77,8.4,4.0,4.1,Hotel,2017,11,0
524,Athens,Greece,160,27.0,4.0,4.5,Resort,2017,11,0
525,Athens,Greece,79,12.0,3.5,4.3,Hotel,2017,11,0
526,Athens,Greece,60,7.7,4.0,3.7,Hotel,2017,11,0
527,Athens,Greece,72,4.3,3.0,4.0,Hotel,2017,11,0
528,Athens,Greece,63,5.0,4.0,3.5,Hotel,2017,11,0
529,Athens,Greece,50,5.2,3.0,5.0,Guest House,2017,11,0
530,Athens,Greece,121,12.0,4.0,4.0,Hotel,2017,11,0
531,Athens,Greece,97,8.1,4.0,3.5,Hotel,2017,11,0
533,Athens,Greece,49,9.9,3.0,3.5,Hotel,2017,11,0
534,Athens,Greece,394,4.7,4.0,4.9,Apart-hotel,2017,11,0
535,Athens,Greece,69,7.9,3.0,4.1,Apart-hotel,2017,11,0
536,Athens,Greece,50,4.7,3.0,3.4,Hotel,2017,11,0
537,Athens,Greece,290,19.0,3.5,,Villa,2017,11,0
538,Athens,Greece,170,8.7,4.0,4.5,Apart-hotel,2017,11,0
539,Athens,Greece,63,3.6,1.0,4.3,Hotel,2017,11,0
540,Athens,Greece,45,11.0,2.0,2.7,Hotel,2017,11,0
541,Athens,Greece,162,8.9,3.5,,Apartment,2017,11,0
542,Athens,Greece,70,4.5,4.0,3.7,Hotel,2017,11,0
543,Athens,Greece,50,3.8,2.0,4.0,Hotel,2017,11,0
544,Athens,Greece,33,7.1,2.0,2.7,Hotel,2017,11,0
545,Athens,Greece,87,4.9,2.0,4.0,Hotel,2017,11,0
546,Athens,Greece,78,5.7,2.0,4.3,Hotel,2017,11,0
547,Athens,Greece,63,12.0,2.0,3.5,Hotel,2017,11,0
548,Athens,Greece,67,12.0,2.0,3.7,Hotel,2017,11,0
549,Athens,Greece,103,11.0,4.0,4.4,Hotel,2017,11,0
550,Athens,Greece,120,1.1,5.0,4.0,Hotel,2017,11,0
552,Athens,Greece,50,0.9,3.0,4.0,Hotel,2017,11,0
553,Athens,Greece,60,0.8,3.5,4.0,Hotel,2017,11,0
554,Athens,Greece,52,1.2,2.0,4.8,Hotel,2017,11,0
556,Athens,Greece,54,0.8,2.0,3.4,Hotel,2017,11,0
557,Athens,Greece,67,1.0,3.0,4.1,Hotel,2017,11,0
558,Athens,Greece,38,1.0,2.0,4.0,Hotel,2017,11,0
560,Athens,Greece,47,0.9,2.0,4.6,Hostel,2017,11,0
561,Athens,Greece,110,1.6,4.0,4.5,Hotel,2017,11,0
562,Athens,Greece,41,3.2,2.0,3.5,Hotel,2017,11,0
563,Athens,Greece,150,12.0,5.0,4.5,Hotel,2017,11,0
564,Athens,Greece,158,9.7,4.0,4.5,Hotel,2017,11,0
565,Athens,Greece,162,8.4,5.0,4.1,Hotel,2017,11,0
566,Athens,Greece,157,8.4,4.0,4.0,Hotel,2017,11,0
567,Athens,Greece,158,8.4,4.0,4.0,Hotel,2017,11,0
568,Athens,Greece,179,8.4,4.0,4.6,Hotel,2017,11,0
569,Athens,Greece,112,8.1,2.0,4.4,Hotel,2017,11,0
570,Athens,Greece,133,8.4,4.0,4.3,Apart-hotel,2017,11,0
571,Athens,Greece,187,8.5,5.0,4.4,Hotel,2017,11,0
572,Athens,Greece,50,7.7,3.0,3.4,Hotel,2017,11,0
573,Athens,Greece,133,7.6,3.0,4.8,Hotel,2017,11,0
574,Athens,Greece,50,9.7,2.0,4.0,Hotel,2017,11,0
575,Athens,Greece,72,8.6,2.0,3.0,Hotel,2017,11,0
576,Athens,Greece,241,10.0,4.0,5.0,Villa,2017,11,0
577,Athens,Greece,167,8.4,3.0,4.8,Hotel,2017,11,0
578,Athens,Greece,119,1.8,4.0,4.3,Hotel,2017,11,0
579,Athens,Greece,122,1.7,3.5,4.6,Apart-hotel,2017,11,0
580,Athens,Greece,157,1.0,4.0,4.3,Hotel,2017,11,0
581,Athens,Greece,111,1.7,4.0,3.7,Hotel,2017,11,0
582,Athens,Greece,102,1.4,4.0,3.5,Hotel,2017,11,0
583,Athens,Greece,145,1.0,4.0,4.6,Hotel,2017,11,0
585,Athens,Greece,242,1.3,5.0,4.3,Hotel,2017,11,0
586,Athens,Greece,154,1.6,5.0,4.3,Hotel,2017,11,0
587,Athens,Greece,94,1.6,4.0,4.1,Hotel,2017,11,0
588,Athens,Greece,108,1.7,4.0,4.0,Hotel,2017,11,0
589,Athens,Greece,83,1.8,3.0,4.1,Hotel,2017,11,0
590,Athens,Greece,125,0.9,5.0,3.7,Hotel,2017,11,0
591,Athens,Greece,80,1.7,4.0,3.0,Apart-hotel,2017,11,0
592,Athens,Greece,154,0.6,4.0,3.7,Hotel,2017,11,0
593,Athens,Greece,84,1.3,4.0,3.9,Apart-hotel,2017,11,0
597,Athens,Greece,50,6.9,3.0,3.2,Hotel,2017,11,0
600,Athens,Greece,75,16.0,4.0,3.9,Hotel,2017,11,0
601,Athens,Greece,67,15.0,2.0,3.7,Hotel,2017,11,0
602,Athens,Greece,78,16.0,4.0,4.1,Hotel,2017,11,0
604,Athens,Greece,135,18.0,3.5,5.0,Guest House,2017,11,0
606,Athens,Greece,82,18.0,3.0,4.0,Hotel,2017,11,0
607,Athens,Greece,55,17.0,2.0,3.4,Hotel,2017,11,0
610,Athens,Greece,95,19.0,3.0,5.0,Hotel,2017,11,0
611,Athens,Greece,152,6.2,4.0,4.5,Hotel,2017,11,0
612,Athens,Greece,131,6.3,3.5,4.3,Hotel,2017,11,0
613,Athens,Greece,188,5.4,4.0,4.0,Hotel,2017,11,0
614,Athens,Greece,150,4.9,4.0,4.9,Apart-hotel,2017,11,0
615,Athens,Greece,104,5.5,3.0,,Hotel,2017,11,0
617,Athens,Greece,80,21.0,3.0,4.3,Hotel,2017,11,0
618,Athens,Greece,43,6.8,2.0,2.5,Hotel,2017,11,0
619,Athens,Greece,72,0.7,4.0,3.7,Hotel,2017,11,0
620,Athens,Greece,49,0.6,2.0,2.4,Hotel,2017,11,0
621,Athens,Greece,52,0.7,3.0,3.2,Hotel,2017,11,0
622,Athens,Greece,70,0.7,3.0,2.7,Hotel,2017,11,0
623,Athens,Greece,139,0.6,5.0,4.3,Hotel,2017,11,0
624,Athens,Greece,63,0.7,3.0,3.9,Hotel,2017,11,0
625,Athens,Greece,106,0.6,4.0,4.0,Hotel,2017,11,0
626,Athens,Greece,39,0.8,2.0,2.9,Hotel,2017,11,0
627,Athens,Greece,78,0.8,4.0,4.4,Apartment,2017,11,0
628,Athens,Greece,46,0.6,3.0,3.5,Hotel,2017,11,0
629,Athens,Greece,55,0.6,3.0,3.5,Hotel,2017,11,0
630,Athens,Greece,80,0.8,4.0,,Apart-hotel,2017,11,0
631,Athens,Greece,76,0.7,4.0,4.4,Apart-hotel,2017,11,0
632,Athens,Greece,62,0.8,4.0,4.0,Hotel,2017,11,0
633,Athens,Greece,49,0.8,4.0,4.0,Hotel,2017,11,0
634,Athens,Greece,61,0.6,3.0,3.5,Hotel,2017,11,0
635,Athens,Greece,31,0.6,2.0,3.2,Hotel,2017,11,0
636,Athens,Greece,44,0.7,2.0,3.5,Hotel,2017,11,0
637,Athens,Greece,75,0.2,3.0,4.0,Hotel,2017,11,0
638,Athens,Greece,101,0.1,3.5,4.8,Hotel,2017,11,0
639,Athens,Greece,120,0.1,4.0,4.6,Hotel,2017,11,0
640,Athens,Greece,135,0.0,3.5,4.5,Hotel,2017,11,0
641,Athens,Greece,34,0.1,1.0,3.0,Hotel,2017,11,0
642,Athens,Greece,36,0.1,1.0,3.7,Hotel,2017,11,0
643,Athens,Greece,61,0.1,2.0,3.7,Hotel,2017,11,0
644,Athens,Greece,146,0.0,3.0,4.6,Hotel,2017,11,0
646,Athens,Greece,63,0.2,2.0,3.7,Hotel,2017,11,0
647,Athens,Greece,154,0.1,3.0,4.8,Hotel,2017,11,0
648,Athens,Greece,84,0.1,4.0,4.0,Apart-hotel,2017,11,0
649,Athens,Greece,87,0.1,4.0,4.4,Hotel,2017,11,0
650,Athens,Greece,90,0.1,4.0,4.4,Guest House,2017,11,0
651,Athens,Greece,57,0.1,3.0,3.5,Bed and breakfast,2017,11,0
652,Athens,Greece,70,0.1,3.0,4.0,Hotel,2017,11,0
653,Athens,Greece,120,0.1,4.0,4.8,Apart-hotel,2017,11,0
654,Athens,Greece,135,0.0,3.0,4.6,Hotel,2017,11,0
655,Athens,Greece,86,0.1,4.0,4.4,Apart-hotel,2017,11,0
657,Athens,Greece,56,2.0,3.0,3.0,Hotel,2017,11,0
658,Athens,Greece,45,0.5,3.0,3.7,Hotel,2017,11,0
659,Athens,Greece,33,0.8,2.0,3.4,Hotel,2017,11,0
660,Athens,Greece,41,0.5,2.0,3.2,Hotel,2017,11,0
661,Athens,Greece,40,0.8,3.0,3.0,Hotel,2017,11,0
663,Athens,Greece,82,0.5,4.0,4.3,Hotel,2017,11,0
664,Athens,Greece,67,0.6,2.0,3.4,Hotel,2017,11,0
665,Athens,Greece,45,0.5,2.0,3.5,Hotel,2017,11,0
666,Athens,Greece,93,0.8,3.0,4.5,Apart-hotel,2017,11,0
667,Athens,Greece,58,0.6,3.0,3.0,Hotel,2017,11,0
668,Athens,Greece,55,0.8,4.0,3.5,Hotel,2017,11,0
669,Athens,Greece,45,1.0,3.0,3.4,Hotel,2017,11,0
671,Athens,Greece,38,0.6,2.0,3.2,Hotel,2017,11,0
672,Athens,Greece,48,0.5,3.0,3.2,Hotel,2017,11,0
673,Athens,Greece,37,0.5,1.0,,Hostel,2017,11,0
675,Athens,Greece,34,0.6,2.0,2.7,Hotel,2017,11,0
676,Athens,Greece,99,0.8,4.0,4.0,Hotel,2017,11,0
677,Athens,Greece,88,0.9,4.0,3.5,Hotel,2017,11,0
678,Athens,Greece,32,0.6,2.0,3.9,Hostel,2017,11,0
679,Athens,Greece,62,0.5,3.0,4.0,Hotel,2017,11,0
680,Athens,Greece,29,0.6,2.0,2.0,Hotel,2017,11,0
681,Athens,Greece,54,1.0,3.0,3.9,Hotel,2017,11,0
682,Athens,Greece,56,0.5,3.0,3.2,Hotel,2017,11,0
683,Athens,Greece,112,0.5,4.0,3.5,Hotel,2017,11,0
684,Athens,Greece,54,0.6,3.5,3.7,Hotel,2017,11,0
686,Athens,Greece,50,0.5,3.0,4.0,Hotel,2017,11,0
687,Athens,Greece,76,0.5,3.5,4.5,Hotel,2017,11,0
688,Athens,Greece,23,0.6,2.0,2.4,Hotel,2017,11,0
689,Athens,Greece,102,0.6,4.0,4.3,Hotel,2017,11,0
690,Athens,Greece,30,0.6,2.0,2.0,Hostel,2017,11,0
691,Athens,Greece,81,1.0,3.0,3.0,Hotel,2017,11,0
692,Athens,Greece,46,0.6,1.0,3.4,Hotel,2017,11,0
693,Athens,Greece,61,0.7,3.0,3.4,Bed and breakfast,2017,11,0
694,Athens,Greece,52,0.6,2.0,3.5,Hotel,2017,11,0
698,Athens,Greece,54,24.0,1.0,,Hotel,2017,11,0
699,Athens,Greece,50,3.1,2.0,4.1,Hotel,2017,11,0
700,Athens,Greece,127,3.0,5.0,3.5,Hotel,2017,11,0
701,Athens,Greece,272,11.0,5.0,4.3,Villa,2017,11,0
702,Athens,Greece,145,11.0,4.0,4.0,Vacation home Condo,2017,11,0
703,Athens,Greece,34,5.0,2.0,2.7,Hotel,2017,11,0
705,Athens,Greece,54,5.2,3.5,2.5,Hotel,2017,11,0
706,Athens,Greece,44,5.2,3.0,3.0,Hotel,2017,11,0
707,Athens,Greece,39,5.2,2.0,3.9,Hotel,2017,11,0
708,Athens,Greece,52,4.7,2.0,4.4,Hotel,2017,11,0
709,Athens,Greece,39,5.3,3.0,4.0,Hotel,2017,11,0
710,Athens,Greece,48,5.0,1.0,2.7,Hotel,2017,11,0
711,Athens,Greece,39,4.8,2.0,3.7,Hotel,2017,11,0
712,Athens,Greece,39,4.8,2.0,3.5,Hotel,2017,11,0
714,Athens,Greece,147,5.4,4.0,3.9,Apart-hotel,2017,11,0
715,Athens,Greece,52,4.3,2.0,3.9,Hotel,2017,11,0
716,Athens,Greece,31,5.0,1.0,3.5,Hotel,2017,11,0
717,Athens,Greece,36,5.0,2.0,2.0,Hotel,2017,11,0
719,Athens,Greece,67,5.0,3.0,3.7,Hotel,2017,11,0
720,Athens,Greece,83,5.4,3.0,3.5,Hotel,2017,11,0
721,Athens,Greece,41,5.9,2.0,4.0,Hotel,2017,11,0
722,Athens,Greece,42,4.7,3.0,3.0,Hotel,2017,11,0
723,Athens,Greece,42,5.3,2.0,3.5,Hotel,2017,11,0
724,Athens,Greece,45,4.7,2.0,4.0,Hotel,2017,11,0
725,Athens,Greece,55,5.0,3.0,4.6,Hotel,2017,11,0
726,Athens,Greece,33,5.3,2.0,,Hotel,2017,11,0
727,Athens,Greece,42,5.3,2.0,3.5,Hotel,2017,11,0
728,Athens,Greece,73,5.3,2.0,4.0,Hotel,2017,11,0
729,Athens,Greece,37,4.8,3.5,4.0,Hotel,2017,11,0
730,Athens,Greece,181,0.4,5.0,4.5,Hotel,2017,11,0
731,Athens,Greece,129,0.3,2.0,4.4,Hotel,2017,11,0
734,Athens,Greece,128,0.3,4.0,4.1,Hotel,2017,11,0
735,Athens,Greece,69,0.3,3.0,3.9,Hotel,2017,11,0
736,Athens,Greece,56,0.3,2.0,4.0,Hotel,2017,11,0
737,Athens,Greece,63,0.4,2.0,3.9,Hotel,2017,11,0
738,Athens,Greece,174,0.1,3.0,4.5,Hotel,2017,11,0
739,Athens,Greece,83,0.2,3.0,4.3,Hotel,2017,11,0
740,Athens,Greece,253,0.1,4.0,4.9,Apartment,2017,11,0
741,Athens,Greece,82,0.3,3.0,4.1,Hotel,2017,11,0
742,Athens,Greece,82,0.4,4.0,4.8,Guest House,2017,11,0
743,Athens,Greece,55,0.4,2.0,3.7,Hotel,2017,11,0
744,Athens,Greece,92,0.5,2.0,3.7,Hotel,2017,11,0
745,Athens,Greece,134,0.4,4.0,5.0,Apartment,2017,11,0
746,Athens,Greece,98,0.3,1.0,4.4,Hotel,2017,11,0
747,Athens,Greece,120,0.5,3.0,4.5,Apartment,2017,11,0
748,Athens,Greece,50,0.2,2.0,,Hostel,2017,11,0
749,Athens,Greece,72,0.2,3.0,4.1,Hotel,2017,11,0
750,Athens,Greece,58,0.4,3.0,3.5,Hotel,2017,11,0
751,Athens,Greece,45,0.4,2.0,3.5,Hotel,2017,11,0
752,Athens,Greece,23,0.3,1.0,2.2,Hostel,2017,11,0
753,Athens,Greece,83,0.4,4.0,3.5,Hotel,2017,11,0
754,Athens,Greece,125,0.3,4.0,4.4,Hotel,2017,11,0
755,Athens,Greece,26,0.4,1.0,2.5,Hotel,2017,11,0
756,Athens,Greece,36,0.2,1.0,3.2,Hotel,2017,11,0
757,Athens,Greece,56,0.4,3.0,3.0,Hotel,2017,11,0
758,Athens,Greece,54,0.3,2.0,4.0,Hotel,2017,11,0
759,Athens,Greece,111,0.4,5.0,4.5,Hotel,2017,11,0
760,Athens,Greece,54,0.4,2.0,3.7,Hotel,2017,11,0
761,Athens,Greece,54,0.3,2.5,4.0,Hotel,2017,11,0
762,Athens,Greece,28,0.4,2.0,2.2,Hotel,2017,11,0
763,Athens,Greece,29,0.4,2.0,2.9,Hotel,2017,11,0
764,Athens,Greece,67,16.0,4.0,3.5,Hotel,2017,11,0
767,Athens,Greece,92,15.0,3.5,4.1,Apartment,2017,11,0
768,Athens,Greece,128,9.9,4.0,,Vacation home Condo,2017,11,0
769,Athens,Greece,220,12.0,5.0,4.4,Hotel,2017,11,0
770,Athens,Greece,142,8.4,5.0,4.1,Hotel,2017,11,0
772,Athens,Greece,335,0.5,5.0,4.5,Hotel,2017,11,0
773,Athens,Greece,105,0.5,4.0,4.5,Hotel,2017,11,0
774,Athens,Greece,192,0.3,5.0,4.6,Hotel,2017,11,0
775,Athens,Greece,193,0.5,5.0,4.5,Hotel,2017,11,0
776,Athens,Greece,107,0.3,4.0,3.5,Hotel,2017,11,0
777,Athens,Greece,88,0.3,3.0,4.1,Hotel,2017,11,0
778,Athens,Greece,182,0.5,5.0,4.1,Hotel,2017,11,0
779,Athens,Greece,97,0.4,4.5,4.0,Hotel,2017,11,0
780,Athens,Greece,92,0.4,3.5,4.3,Hotel,2017,11,0
781,Athens,Greece,64,0.4,2.0,3.5,Hotel,2017,11,0
782,Athens,Greece,276,0.5,5.0,4.5,Hotel,2017,11,0
783,Athens,Greece,114,0.5,3.5,4.6,Hotel,2017,11,0
784,Athens,Greece,133,0.4,4.0,4.3,Hotel,2017,11,0
785,Athens,Greece,67,0.4,3.0,3.7,Hotel,2017,11,0
786,Athens,Greece,256,0.3,4.0,4.9,Apart-hotel,2017,11,0
787,Athens,Greece,97,0.3,4.0,4.0,Hotel,2017,11,0
788,Athens,Greece,67,0.3,3.5,,Apartment,2017,11,0
789,Athens,Greece,75,0.3,3.0,3.7,Hotel,2017,11,0
790,Athens,Greece,70,0.3,3.5,,Apartment,2017,11,0
791,Athens,Greece,78,0.4,3.0,4.0,Hotel,2017,11,0
794,Athens,Greece,90,0.4,3.5,4.0,Guest House,2017,11,0
796,Athens,Greece,150,0.2,4.0,4.6,Hotel,2017,11,0
797,Athens,Greece,68,0.4,3.0,3.7,Hotel,2017,11,0
798,Athens,Greece,83,0.5,3.5,4.4,Hotel,2017,11,0
799,Barcelona,Spain,76,1.6,3.0,4.0,Hotel,2017,11,0
800,Barcelona,Spain,51,1.6,2.0,3.2,Hostel,2017,11,0
801,Barcelona,Spain,84,1.6,3.0,4.1,Apart-hotel,2017,11,0
802,Barcelona,Spain,99,1.9,4.0,4.0,Hotel,2017,11,0
803,Barcelona,Spain,92,1.6,4.0,4.4,Hotel,2017,11,0
804,Barcelona,Spain,111,1.6,4.0,4.1,Hotel,2017,11,0
805,Barcelona,Spain,420,1.5,4.0,5.0,Apartment,2017,11,0
806,Barcelona,Spain,92,2.0,4.0,3.9,Hotel,2017,11,0
808,Barcelona,Spain,81,1.8,3.0,4.0,Pension,2017,11,0
809,Barcelona,Spain,195,2.5,5.0,4.3,Hotel,2017,11,0
811,Barcelona,Spain,45,1.8,1.0,3.2,Pension,2017,11,0
812,Barcelona,Spain,91,2.0,4.0,3.9,Hotel,2017,11,0
813,Barcelona,Spain,131,2.4,4.0,4.3,Apart-hotel,2017,11,0
814,Barcelona,Spain,86,2.2,4.0,4.0,Hotel,2017,11,0
816,Barcelona,Spain,59,1.9,1.0,2.9,Pension,2017,11,0
820,Barcelona,Spain,74,3.0,4.0,4.0,Hotel,2017,11,0
824,Barcelona,Spain,148,1.8,3.0,4.3,Hotel,2017,11,0
827,Barcelona,Spain,51,2.2,1.0,3.7,Hotel,2017,11,0
828,Barcelona,Spain,90,1.8,4.0,3.7,Apart-hotel,2017,11,0
829,Barcelona,Spain,75,1.7,4.0,4.1,Hotel,2017,11,0
830,Barcelona,Spain,74,1.7,2.0,4.4,Bed and breakfast,2017,11,0
831,Barcelona,Spain,46,3.1,2.0,3.9,Hostel,2017,11,0
832,Barcelona,Spain,73,2.6,2.0,3.7,Hotel,2017,11,0
833,Barcelona,Spain,116,2.3,3.5,4.0,Apartment,2017,11,0
835,Barcelona,Spain,80,2.2,3.0,3.9,Hotel,2017,11,0
836,Barcelona,Spain,99,2.4,4.5,4.5,Apartment,2017,11,0
837,Barcelona,Spain,90,2.4,4.0,4.5,Apartment,2017,11,0
838,Barcelona,Spain,109,2.6,4.0,4.3,Hotel,2017,11,0
839,Barcelona,Spain,125,2.5,4.5,4.0,Hotel,2017,11,0
841,Barcelona,Spain,96,2.3,3.5,2.2,Apartment,2017,11,0
842,Barcelona,Spain,207,2.3,4.5,,Apartment,2017,11,0
843,Barcelona,Spain,89,1.9,4.0,4.0,Apartment,2017,11,0
845,Barcelona,Spain,81,1.7,3.0,4.0,Hotel,2017,11,0
847,Barcelona,Spain,85,2.0,4.0,4.0,Hotel,2017,11,0
848,Barcelona,Spain,75,2.0,3.0,3.5,Apart-hotel,2017,11,0
849,Barcelona,Spain,214,1.4,5.0,4.4,Hotel,2017,11,0
853,Barcelona,Spain,344,1.5,5.0,4.5,Hotel,2017,11,0
855,Barcelona,Spain,300,1.2,5.0,4.4,Hotel,2017,11,0
856,Barcelona,Spain,63,12.0,3.0,4.0,Hotel,2017,11,0
857,Barcelona,Spain,94,13.0,4.0,4.0,Hotel,2017,11,0
858,Barcelona,Spain,75,12.0,3.0,3.0,Vacation home Condo,2017,11,0
861,Barcelona,Spain,91,12.0,3.0,3.7,Apartment,2017,11,0
863,Barcelona,Spain,60,13.0,3.0,3.9,Hotel,2017,11,0
864,Barcelona,Spain,51,13.0,3.0,4.0,Hotel,2017,11,0
865,Barcelona,Spain,77,13.0,4.0,4.1,Hotel,2017,11,0
866,Barcelona,Spain,48,13.0,1.0,3.7,Hotel,2017,11,0
867,Barcelona,Spain,63,12.0,3.0,4.0,Apartment,2017,11,0
868,Barcelona,Spain,68,12.0,4.0,4.4,Apart-hotel,2017,11,0
869,Barcelona,Spain,130,13.0,4.0,4.1,Hotel,2017,11,0
870,Barcelona,Spain,60,12.0,3.5,4.3,Apartment,2017,11,0
871,Barcelona,Spain,50,12.0,3.5,,Apart-hotel,2017,11,0
872,Barcelona,Spain,52,12.0,2.0,4.0,Hotel,2017,11,0
873,Barcelona,Spain,63,12.0,1.0,4.0,Hotel,2017,11,0
874,Barcelona,Spain,66,13.0,4.0,3.7,Hotel,2017,11,0
875,Barcelona,Spain,88,12.0,4.5,4.0,Hotel,2017,11,0
876,Barcelona,Spain,147,4.5,4.0,4.1,Hotel,2017,11,0
877,Barcelona,Spain,63,5.0,3.0,3.9,Hotel,2017,11,0
878,Barcelona,Spain,82,5.5,3.0,4.3,Hotel,2017,11,0
879,Barcelona,Spain,65,5.0,2.0,4.1,Hotel,2017,11,0
880,Barcelona,Spain,83,2.6,4.0,4.0,Hotel,2017,11,0
881,Barcelona,Spain,77,2.8,4.0,4.0,Hotel,2017,11,0
883,Barcelona,Spain,99,3.0,4.0,4.1,Hotel,2017,11,0
884,Barcelona,Spain,80,2.5,4.0,3.5,Hotel,2017,11,0
885,Barcelona,Spain,93,2.9,4.0,3.5,Hotel,2017,11,0
886,Barcelona,Spain,141,3.2,4.0,4.1,Hotel,2017,11,0
887,Barcelona,Spain,170,2.9,4.0,4.1,Apartment,2017,11,0
888,Barcelona,Spain,128,3.3,4.0,4.1,Hotel,2017,11,0
889,Barcelona,Spain,97,2.8,4.0,4.0,Hotel,2017,11,0
891,Barcelona,Spain,98,0.2,3.0,4.1,Hotel,2017,11,0
892,Barcelona,Spain,97,0.5,3.0,4.1,Hotel,2017,11,0
893,Barcelona,Spain,104,0.3,3.5,3.4,Apartment,2017,11,0
894,Barcelona,Spain,54,0.3,2.0,3.5,Hostel,2017,11,0
895,Barcelona,Spain,85,0.2,3.0,4.0,Hotel,2017,11,0
896,Barcelona,Spain,77,0.5,4.0,4.0,Hotel,2017,11,0
897,Barcelona,Spain,103,0.1,3.0,4.4,Hotel,2017,11,0
898,Barcelona,Spain,68,0.2,3.0,3.7,Hotel,2017,11,0
899,Barcelona,Spain,121,0.2,4.0,3.9,Hotel,2017,11,0
900,Barcelona,Spain,48,0.5,2.0,2.4,Pension,2017,11,0
901,Barcelona,Spain,86,0.3,1.0,4.1,Hotel,2017,11,0
902,Barcelona,Spain,91,0.6,3.0,3.9,Hotel,2017,11,0
903,Barcelona,Spain,56,0.3,1.0,3.4,Hotel,2017,11,0
904,Barcelona,Spain,82,0.1,4.0,4.0,Hotel,2017,11,0
906,Barcelona,Spain,84,0.4,4.0,4.0,Hotel,2017,11,0
907,Barcelona,Spain,78,0.6,3.0,4.0,Hotel,2017,11,0
908,Barcelona,Spain,49,0.4,2.0,3.7,Hostel,2017,11,0
909,Barcelona,Spain,83,0.1,3.0,4.1,Hotel,2017,11,0
910,Barcelona,Spain,69,0.4,3.0,3.5,Apart-hotel,2017,11,0
911,Barcelona,Spain,72,0.3,2.0,3.7,Hotel,2017,11,0
912,Barcelona,Spain,75,0.2,2.0,4.0,Hotel,2017,11,0
913,Barcelona,Spain,60,0.4,2.0,3.2,Pension,2017,11,0
914,Barcelona,Spain,264,0.4,4.0,4.8,Hotel,2017,11,0
915,Barcelona,Spain,55,0.2,2.0,3.0,Hostel,2017,11,0
917,Barcelona,Spain,40,0.5,2.0,2.7,Pension,2017,11,0
918,Barcelona,Spain,48,0.4,2.0,3.4,Hostel,2017,11,0
919,Barcelona,Spain,52,0.3,2.0,3.2,Pension,2017,11,0
920,Barcelona,Spain,70,0.5,3.0,2.7,Apartment,2017,11,0
921,Barcelona,Spain,81,0.2,3.5,3.4,Apartment,2017,11,0
922,Barcelona,Spain,189,0.4,4.0,3.5,Apartment,2017,11,0
923,Barcelona,Spain,50,0.1,1.0,2.9,Hotel,2017,11,0
924,Barcelona,Spain,130,0.6,4.0,4.5,Hotel,2017,11,0
925,Barcelona,Spain,252,0.5,5.0,4.9,Hotel,2017,11,0
927,Barcelona,Spain,78,0.5,3.0,4.1,Hotel,2017,11,0
929,Barcelona,Spain,70,0.2,4.0,3.0,Apartment,2017,11,0
931,Barcelona,Spain,112,0.2,1.0,2.7,Pension,2017,11,0
932,Barcelona,Spain,80,0.5,2.5,3.9,Bed and breakfast,2017,11,0
933,Barcelona,Spain,69,0.6,2.0,3.7,Hotel,2017,11,0
934,Barcelona,Spain,66,0.6,1.0,3.4,Hotel,2017,11,0
936,Barcelona,Spain,52,0.5,2.0,2.7,Pension,2017,11,0
938,Barcelona,Spain,140,0.3,3.5,3.5,Apartment,2017,11,0
939,Barcelona,Spain,60,0.3,1.0,3.7,Hotel,2017,11,0
941,Barcelona,Spain,374,0.5,5.0,4.6,Hotel,2017,11,0
942,Barcelona,Spain,48,0.5,2.0,2.9,Pension,2017,11,0
943,Barcelona,Spain,99,0.2,4.0,4.3,Hotel,2017,11,0
944,Barcelona,Spain,110,0.6,3.0,4.1,Hotel,2017,11,0
945,Barcelona,Spain,71,0.3,3.0,3.7,Hotel,2017,11,0
946,Barcelona,Spain,108,0.2,3.0,4.3,Hotel,2017,11,0
947,Barcelona,Spain,67,0.2,3.0,3.5,Hotel,2017,11,0
949,Barcelona,Spain,73,0.4,2.0,4.0,Hotel,2017,11,0
950,Barcelona,Spain,207,0.4,4.0,4.6,Hotel,2017,11,0
951,Barcelona,Spain,174,0.6,5.0,4.4,Hotel,2017,11,0
953,Barcelona,Spain,83,0.2,3.0,4.0,Hotel,2017,11,0
954,Barcelona,Spain,172,0.7,4.5,4.5,Hotel,2017,11,0
955,Barcelona,Spain,68,0.3,2.0,3.7,Hostel,2017,11,0
956,Barcelona,Spain,80,0.2,3.0,4.1,Hotel,2017,11,0
958,Barcelona,Spain,388,0.6,5.0,4.9,Hotel,2017,11,0
959,Barcelona,Spain,150,0.6,4.0,4.3,Hotel,2017,11,0
960,Barcelona,Spain,113,0.4,4.0,4.0,Hotel,2017,11,0
961,Barcelona,Spain,207,0.5,5.0,4.3,Hotel,2017,11,0
962,Barcelona,Spain,94,0.8,3.0,3.9,Hotel,2017,11,0
963,Barcelona,Spain,174,0.6,4.0,4.5,Apart-hotel,2017,11,0
964,Barcelona,Spain,89,0.2,3.0,,Hotel,2017,11,0
965,Barcelona,Spain,50,0.3,2.0,4.3,Hotel,2017,11,0
966,Barcelona,Spain,95,0.1,3.0,4.6,Hotel,2017,11,0
967,Barcelona,Spain,118,0.1,4.0,4.1,Hotel,2017,11,0
968,Barcelona,Spain,78,0.8,2.0,3.7,Hostel,2017,11,0
969,Barcelona,Spain,79,0.1,1.0,3.2,Hotel,2017,11,0
970,Barcelona,Spain,69,0.2,3.0,3.9,Hotel,2017,11,0
972,Barcelona,Spain,73,0.6,4.0,3.5,Hotel,2017,11,0
973,Barcelona,Spain,104,0.6,4.0,4.0,Hotel,2017,11,0
974,Barcelona,Spain,73,0.5,2.0,3.7,Hotel,2017,11,0
975,Barcelona,Spain,97,1.3,3.0,4.5,Hotel,2017,11,0
976,Barcelona,Spain,92,0.8,4.0,3.9,Hotel,2017,11,0
977,Barcelona,Spain,57,1.4,2.0,2.7,Hostel,2017,11,0
979,Barcelona,Spain,65,1.5,3.0,4.5,Guest House,2017,11,0
980,Barcelona,Spain,147,1.0,4.0,4.5,Hotel,2017,11,0
982,Barcelona,Spain,126,1.1,4.0,4.1,Hotel,2017,11,0
983,Barcelona,Spain,98,1.3,4.0,3.9,Hotel,2017,11,0
985,Barcelona,Spain,150,0.6,4.0,4.0,Hotel,2017,11,0
986,Barcelona,Spain,118,0.6,4.0,4.1,Hotel,2017,11,0
987,Barcelona,Spain,261,0.6,4.0,4.4,Hotel,2017,11,0
989,Barcelona,Spain,50,1.3,2.0,3.7,Hostel,2017,11,0
990,Barcelona,Spain,103,0.6,1.0,4.1,Hotel,2017,11,0
991,Barcelona,Spain,41,1.4,2.0,3.5,Hostel,2017,11,0
992,Barcelona,Spain,145,0.9,4.0,4.3,Hotel,2017,11,0
993,Barcelona,Spain,51,1.0,2.0,3.7,Pension,2017,11,0
995,Barcelona,Spain,118,1.1,4.0,4.3,Apartment,2017,11,0
996,Barcelona,Spain,46,1.1,1.0,3.4,Hostel,2017,11,0
997,Barcelona,Spain,179,1.4,4.0,4.6,Apartment,2017,11,0
998,Barcelona,Spain,140,1.1,3.0,4.5,Bed and breakfast,2017,11,0
999,Barcelona,Spain,229,1.1,5.0,4.5,Hotel,2017,11,0
1000,Barcelona,Spain,104,1.0,4.0,4.8,Hotel,2017,11,0
1001,Barcelona,Spain,84,0.9,3.0,4.5,Apartment,2017,11,0
1002,Barcelona,Spain,64,1.0,2.0,4.0,Hostel,2017,11,0
1003,Barcelona,Spain,90,1.0,2.0,4.4,Hotel,2017,11,0
1004,Barcelona,Spain,112,0.9,3.5,3.4,Apartment,2017,11,0
1005,Barcelona,Spain,135,1.0,4.0,4.5,Apartment,2017,11,0
1006,Barcelona,Spain,71,1.0,2.0,4.0,Pension,2017,11,0
1007,Barcelona,Spain,95,1.2,3.0,3.4,Pension,2017,11,0
1008,Barcelona,Spain,52,1.0,2.0,3.5,Hostel,2017,11,0
1009,Barcelona,Spain,84,1.0,1.0,3.5,Hostel,2017,11,0
1012,Barcelona,Spain,83,1.3,4.0,4.5,Hotel,2017,11,0
1014,Barcelona,Spain,48,1.4,2.5,3.0,Guest House,2017,11,0
1015,Barcelona,Spain,55,1.1,3.0,2.5,Guest House,2017,11,0
1016,Barcelona,Spain,90,1.0,2.0,3.7,Hostel,2017,11,0
1017,Barcelona,Spain,263,1.4,5.0,4.6,Hotel,2017,11,0
1018,Barcelona,Spain,113,0.6,2.0,3.7,Hostel,2017,11,0
1019,Barcelona,Spain,71,1.4,2.0,4.0,Hostel,2017,11,0
1020,Barcelona,Spain,104,1.5,4.0,4.5,Hotel,2017,11,0
1022,Barcelona,Spain,49,1.0,1.0,3.7,Hostel,2017,11,0
1023,Barcelona,Spain,74,1.1,1.0,2.9,Hotel,2017,11,0
1024,Barcelona,Spain,114,1.0,3.0,4.0,Hotel,2017,11,0
1025,Barcelona,Spain,109,1.1,4.0,4.6,Hotel,2017,11,0
1026,Barcelona,Spain,157,1.2,4.0,4.8,Hotel,2017,11,0
1027,Barcelona,Spain,73,0.9,2.0,2.9,Pension,2017,11,0
1028,Barcelona,Spain,70,0.9,3.0,2.7,Pension,2017,11,0
1029,Barcelona,Spain,39,1.3,2.0,3.9,Hostel,2017,11,0
1030,Barcelona,Spain,90,0.9,3.5,4.5,Pension,2017,11,0
1031,Barcelona,Spain,97,0.9,2.0,4.6,Pension,2017,11,0
1032,Barcelona,Spain,82,1.4,2.0,4.4,Hostel,2017,11,0
1033,Barcelona,Spain,101,1.2,3.0,4.4,Hotel,2017,11,0
1034,Barcelona,Spain,199,1.0,4.0,4.3,Apartment,2017,11,0
1036,Barcelona,Spain,78,0.9,2.0,4.5,Pension,2017,11,0
1037,Barcelona,Spain,143,0.9,4.0,3.7,Hotel,2017,11,0
1038,Barcelona,Spain,126,1.1,4.0,4.5,Apartment,2017,11,0
1039,Barcelona,Spain,56,0.8,2.0,3.4,Pension,2017,11,0
1040,Barcelona,Spain,140,1.0,4.0,3.7,Apartment,2017,11,0
1041,Barcelona,Spain,64,1.4,3.0,3.7,Hotel,2017,11,0
1043,Barcelona,Spain,85,1.4,3.5,4.1,Pension,2017,11,0
1044,Barcelona,Spain,152,0.9,4.0,4.9,Apartment,2017,11,0
1045,Barcelona,Spain,67,1.4,3.0,3.7,Hotel,2017,11,0
1046,Barcelona,Spain,98,1.0,3.5,3.9,Hostel,2017,11,0
1048,Barcelona,Spain,132,0.9,3.5,4.8,Bed and breakfast,2017,11,0
1050,Barcelona,Spain,143,0.9,4.0,4.6,Apartment,2017,11,0
1051,Barcelona,Spain,162,0.8,4.0,3.7,Hotel,2017,11,0
1052,Barcelona,Spain,133,0.8,4.0,4.3,Hotel,2017,11,0
1053,Barcelona,Spain,97,0.9,4.0,3.7,Hotel,2017,11,0
1054,Barcelona,Spain,132,0.9,4.0,4.1,Hotel,2017,11,0
1056,Barcelona,Spain,94,1.3,3.0,3.9,Apartment,2017,11,0
1057,Barcelona,Spain,139,0.8,3.0,4.5,Hotel,2017,11,0
1058,Barcelona,Spain,106,0.9,4.0,4.3,Hotel,2017,11,0
1060,Barcelona,Spain,291,1.0,5.0,4.5,Hotel,2017,11,0
1061,Barcelona,Spain,76,0.6,4.0,3.5,Hotel,2017,11,0
1062,Barcelona,Spain,70,0.6,3.0,3.9,Hotel,2017,11,0
1063,Barcelona,Spain,148,1.0,4.0,4.3,Hotel,2017,11,0
1064,Barcelona,Spain,135,0.9,4.0,4.4,Hotel,2017,11,0
1066,Barcelona,Spain,104,0.7,4.0,4.4,Hotel,2017,11,0
1067,Barcelona,Spain,91,0.6,3.0,3.9,Guest House,2017,11,0
1069,Barcelona,Spain,174,0.9,4.5,4.6,Hotel,2017,11,0
1070,Barcelona,Spain,56,1.1,3.0,4.0,Hostel,2017,11,0
1071,Barcelona,Spain,87,0.9,3.0,,Hostel,2017,11,0
1072,Barcelona,Spain,309,1.0,5.0,4.8,Hotel,2017,11,0
1073,Barcelona,Spain,72,1.1,2.0,4.0,Pension,2017,11,0
1074,Barcelona,Spain,63,0.7,2.0,3.5,Hostel,2017,11,0
1075,Barcelona,Spain,95,0.8,4.0,4.1,Hotel,2017,11,0
1076,Barcelona,Spain,104,1.0,4.0,4.1,Hotel,2017,11,0
1077,Barcelona,Spain,119,1.1,4.0,4.5,Hotel,2017,11,0
1078,Barcelona,Spain,169,1.1,4.0,4.3,Hotel,2017,11,0
1079,Barcelona,Spain,79,1.3,3.0,4.1,Hostel,2017,11,0
1080,Barcelona,Spain,289,1.2,5.0,4.8,Hotel,2017,11,0
1081,Barcelona,Spain,73,1.4,3.0,3.5,Hostel,2017,11,0
1082,Barcelona,Spain,130,0.9,5.0,4.0,Hotel,2017,11,0
1085,Barcelona,Spain,213,1.2,4.0,4.6,Apart-hotel,2017,11,0
1086,Barcelona,Spain,153,1.2,3.5,4.6,Apartment,2017,11,0
1087,Barcelona,Spain,478,0.9,5.0,4.5,Hotel,2017,11,0
1088,Barcelona,Spain,255,1.1,5.0,4.5,Hotel,2017,11,0
1089,Barcelona,Spain,139,1.2,4.0,4.4,Hotel,2017,11,0
1091,Barcelona,Spain,202,1.1,4.0,4.5,Apartment,2017,11,0
1092,Barcelona,Spain,105,1.1,2.0,4.0,Hostel,2017,11,0
1093,Barcelona,Spain,319,1.2,5.0,4.9,Hotel,2017,11,0
1094,Barcelona,Spain,87,1.2,3.0,4.3,Hostel,2017,11,0
1095,Barcelona,Spain,176,1.1,4.0,4.5,Hotel,2017,11,0
1096,Barcelona,Spain,183,1.0,5.0,4.1,Hotel,2017,11,0
1098,Barcelona,Spain,162,1.2,5.0,4.3,Hotel,2017,11,0
1099,Barcelona,Spain,128,0.6,3.0,4.5,Hotel,2017,11,0
1100,Barcelona,Spain,133,0.7,3.0,4.4,Hotel,2017,11,0
1102,Barcelona,Spain,108,0.9,4.0,4.0,Apartment,2017,11,0
1104,Barcelona,Spain,116,0.8,4.0,4.5,Hotel,2017,11,0
1105,Barcelona,Spain,255,1.3,5.0,4.8,Hotel,2017,11,0
1106,Barcelona,Spain,273,0.9,4.0,4.6,Apartment,2017,11,0
1107,Barcelona,Spain,196,0.7,4.0,4.5,Hotel,2017,11,0
1108,Barcelona,Spain,194,0.7,4.0,,Apartment,2017,11,0
1109,Barcelona,Spain,110,0.8,3.0,3.9,Hotel,2017,11,0
1110,Barcelona,Spain,130,1.3,4.5,4.5,Hotel,2017,11,0
1111,Barcelona,Spain,149,1.1,4.0,4.0,Hotel,2017,11,0
1112,Barcelona,Spain,194,0.7,4.0,4.0,Apartment,2017,11,0
1113,Barcelona,Spain,89,1.2,2.0,4.4,Pension,2017,11,0
1114,Barcelona,Spain,98,0.8,3.0,4.0,Hotel,2017,11,0
1115,Barcelona,Spain,176,0.8,5.0,4.4,Hotel,2017,11,0
1116,Barcelona,Spain,152,0.9,4.0,4.4,Apartment,2017,11,0
1117,Barcelona,Spain,123,1.0,3.5,4.5,Hotel,2017,11,0
1118,Barcelona,Spain,104,1.1,4.0,4.0,Hotel,2017,11,0
1119,Barcelona,Spain,86,1.4,3.0,4.5,Bed and breakfast,2017,11,0
1120,Barcelona,Spain,145,0.9,4.5,4.5,Hotel,2017,11,0
1121,Barcelona,Spain,62,1.0,2.0,3.9,Hotel,2017,11,0
1122,Barcelona,Spain,104,0.9,3.5,4.5,Hotel,2017,11,0
1123,Barcelona,Spain,346,0.7,4.0,4.1,Apartment,2017,11,0
1125,Barcelona,Spain,208,0.9,4.0,3.0,Apartment,2017,11,0
1126,Barcelona,Spain,132,0.7,3.5,4.4,Pension,2017,11,0
1127,Barcelona,Spain,174,0.7,4.5,4.6,Hotel,2017,11,0
1128,Barcelona,Spain,141,0.8,4.0,4.5,Hotel,2017,11,0
1129,Barcelona,Spain,97,1.0,3.0,3.2,Pension,2017,11,0
1131,Barcelona,Spain,151,0.6,4.0,4.1,Hotel,2017,11,0
1132,Barcelona,Spain,114,0.9,3.5,4.5,Pension,2017,11,0
1133,Barcelona,Spain,61,0.8,3.0,3.5,Hotel,2017,11,0
1134,Barcelona,Spain,54,0.8,1.0,3.0,Hotel,2017,11,0
1135,Barcelona,Spain,112,0.8,3.5,3.5,Apartment,2017,11,0
1136,Barcelona,Spain,178,1.3,4.5,4.5,Hotel,2017,11,0
1137,Barcelona,Spain,290,1.4,5.0,4.5,Hotel,2017,11,0
1138,Barcelona,Spain,174,1.4,4.0,5.0,Apartment,2017,11,0
1141,Barcelona,Spain,96,1.0,2.0,4.5,Hotel,2017,11,0
1142,Barcelona,Spain,172,1.3,4.5,4.9,Hotel,2017,11,0
1143,Barcelona,Spain,112,2.2,3.5,,Apartment,2017,11,0
1144,Barcelona,Spain,81,2.2,4.0,4.0,Hotel,2017,11,0
1147,Barcelona,Spain,63,2.3,2.0,3.0,Hotel,2017,11,0
1148,Barcelona,Spain,109,3.4,4.0,4.3,Hotel,2017,11,0
1149,Barcelona,Spain,99,3.2,4.0,4.4,Hotel,2017,11,0
1150,Barcelona,Spain,94,3.5,4.5,4.0,Hotel,2017,11,0
1151,Barcelona,Spain,89,0.8,3.5,3.7,Apart-hotel,2017,11,0
1152,Barcelona,Spain,104,0.8,4.0,4.0,Hotel,2017,11,0
1153,Barcelona,Spain,90,0.8,3.0,4.3,Hotel,2017,11,0
1155,Barcelona,Spain,96,0.8,3.0,3.7,Apartment,2017,11,0
1156,Barcelona,Spain,81,0.8,1.0,3.4,Hotel,2017,11,0
1157,Barcelona,Spain,72,0.9,3.0,4.4,Hotel,2017,11,0
1159,Barcelona,Spain,69,0.9,1.0,4.0,Hostel,2017,11,0
1160,Barcelona,Spain,122,0.6,4.0,4.3,Hotel,2017,11,0
1161,Barcelona,Spain,43,0.8,2.0,3.0,Pension,2017,11,0
1162,Barcelona,Spain,90,0.7,3.5,3.4,Apartment,2017,11,0
1163,Barcelona,Spain,133,0.8,4.5,4.8,Hotel,2017,11,0
1165,Barcelona,Spain,86,0.7,3.0,3.0,Apartment,2017,11,0
1167,Barcelona,Spain,121,1.0,4.0,4.3,Hotel,2017,11,0
1168,Barcelona,Spain,78,0.8,3.0,4.5,Hotel,2017,11,0
1169,Barcelona,Spain,117,0.8,3.0,4.6,Hotel,2017,11,0
1171,Barcelona,Spain,92,2.4,4.0,3.7,Hotel,2017,11,0
1172,Barcelona,Spain,72,2.4,3.0,4.1,Hotel,2017,11,0
1176,Barcelona,Spain,80,2.2,3.0,4.0,Apartment,2017,11,0
1178,Barcelona,Spain,178,2.9,2.0,4.8,Apartment,2017,11,0
1179,Barcelona,Spain,87,2.2,3.0,3.7,Hotel,2017,11,0
1180,Barcelona,Spain,51,2.2,2.0,2.9,Hostel,2017,11,0
1182,Barcelona,Spain,87,2.2,3.0,3.9,Hotel,2017,11,0
1183,Barcelona,Spain,61,2.1,1.0,3.5,Hostel,2017,11,0
1185,Barcelona,Spain,90,2.5,3.0,3.7,Hotel,2017,11,0
1186,Barcelona,Spain,57,3.0,2.0,4.0,Hotel,2017,11,0
1187,Barcelona,Spain,55,2.5,2.0,3.9,Hotel,2017,11,0
1188,Barcelona,Spain,104,2.7,3.5,3.5,Apartment,2017,11,0
1189,Barcelona,Spain,113,2.1,4.0,4.3,Hotel,2017,11,0
1190,Barcelona,Spain,88,2.1,4.0,4.0,Hotel,2017,11,0
1192,Barcelona,Spain,81,1.8,4.0,3.9,Apart-hotel,2017,11,0
1193,Barcelona,Spain,133,1.9,4.0,4.4,Hotel,2017,11,0
1194,Barcelona,Spain,98,1.7,2.0,4.3,Hotel,2017,11,0
1195,Barcelona,Spain,83,1.7,2.0,3.7,Hostel,2017,11,0
1196,Barcelona,Spain,71,1.8,3.5,4.0,Hotel,2017,11,0
1197,Barcelona,Spain,96,2.0,4.5,4.5,Hotel,2017,11,0
1198,Barcelona,Spain,80,2.0,2.0,4.1,Hotel,2017,11,0
1199,Barcelona,Spain,73,1.9,3.5,3.0,Apartment,2017,11,0
1200,Barcelona,Spain,78,1.7,4.0,4.5,Apart-hotel,2017,11,0
1201,Barcelona,Spain,101,5.6,4.0,4.0,Hotel,2017,11,0
1202,Barcelona,Spain,80,6.3,2.0,3.0,Hostel,2017,11,0
1203,Barcelona,Spain,203,8.0,4.0,3.7,Hotel,2017,11,0
1204,Barcelona,Spain,104,7.0,4.0,3.9,Hotel,2017,11,0
1205,Barcelona,Spain,99,6.5,4.0,4.0,Hotel,2017,11,0
1206,Barcelona,Spain,62,2.8,3.0,4.0,Apart-hotel,2017,11,0
1207,Barcelona,Spain,81,2.0,4.0,4.4,Hotel,2017,11,0
1208,Barcelona,Spain,40,2.4,2.0,2.7,Hostel,2017,11,0
1209,Barcelona,Spain,114,2.4,3.5,,Apartment,2017,11,0
1210,Barcelona,Spain,96,2.4,3.5,3.0,Apartment,2017,11,0
1211,Barcelona,Spain,137,2.4,3.5,1.0,Apartment,2017,11,0
1212,Barcelona,Spain,57,2.4,3.0,3.7,Hotel,2017,11,0
1213,Barcelona,Spain,54,2.2,2.0,3.2,Pension,2017,11,0
1216,Barcelona,Spain,75,2.4,4.0,3.5,Apart-hotel,2017,11,0
1218,Barcelona,Spain,67,4.7,2.0,3.7,Hotel,2017,11,0
1219,Barcelona,Spain,45,4.4,2.0,3.7,Hostel,2017,11,0
1220,Barcelona,Spain,132,11.0,4.0,4.1,Hotel,2017,11,0
1221,Barcelona,Spain,70,0.3,3.0,4.0,Hotel,2017,11,0
1222,Barcelona,Spain,73,0.4,2.0,3.4,Hotel,2017,11,0
1223,Barcelona,Spain,120,0.6,3.0,4.5,Hotel,2017,11,0
1224,Barcelona,Spain,168,0.6,4.0,4.5,Hotel,2017,11,0
1225,Barcelona,Spain,194,0.4,4.0,4.6,Apart-hotel,2017,11,0
1226,Barcelona,Spain,69,0.3,2.0,3.9,Hotel,2017,11,0
1227,Barcelona,Spain,88,0.3,2.0,4.0,Pension,2017,11,0
1228,Barcelona,Spain,121,0.4,3.0,4.1,Hotel,2017,11,0
1229,Barcelona,Spain,62,0.3,1.0,3.5,Hotel,2017,11,0
1230,Barcelona,Spain,47,0.3,1.5,3.0,Hostel,2017,11,0
1231,Barcelona,Spain,133,0.3,4.0,4.1,Hotel,2017,11,0
1232,Barcelona,Spain,112,0.3,3.0,3.5,Apartment,2017,11,0
1233,Barcelona,Spain,62,0.4,2.0,3.9,Pension,2017,11,0
1234,Barcelona,Spain,323,0.3,4.0,4.0,Apartment,2017,11,0
1235,Barcelona,Spain,125,0.2,3.0,3.5,Hotel,2017,11,0
1236,Barcelona,Spain,92,0.3,2.0,3.9,Hotel,2017,11,0
1237,Barcelona,Spain,67,0.5,2.0,3.9,Hotel,2017,11,0
1238,Barcelona,Spain,156,0.5,4.0,4.6,Hotel,2017,11,0
1239,Barcelona,Spain,229,0.3,5.0,4.5,Hotel,2017,11,0
1240,Barcelona,Spain,61,0.3,3.0,3.7,Hotel,2017,11,0
1241,Barcelona,Spain,113,0.3,3.5,4.0,Apartment,2017,11,0
1242,Barcelona,Spain,77,0.3,2.0,3.5,Hotel,2017,11,0
1243,Barcelona,Spain,149,0.3,3.5,4.0,Apartment,2017,11,0
1245,Barcelona,Spain,85,0.6,3.0,4.0,Hotel,2017,11,0
1246,Barcelona,Spain,83,0.4,3.0,3.5,Hotel,2017,11,0
1247,Barcelona,Spain,94,0.7,3.0,3.5,Apartment,2017,11,0
1248,Barcelona,Spain,108,0.7,3.0,4.5,Hotel,2017,11,0
1249,Barcelona,Spain,53,0.5,1.0,3.2,Hotel,2017,11,0
1250,Barcelona,Spain,91,0.5,3.0,3.0,Apartment,2017,11,0
1251,Barcelona,Spain,96,0.5,2.0,3.2,Apartment,2017,11,0
1252,Barcelona,Spain,104,0.6,4.0,4.3,Hotel,2017,11,0
1254,Barcelona,Spain,64,0.5,1.0,3.0,Hotel,2017,11,0
1255,Barcelona,Spain,146,0.6,4.0,4.8,Hotel,2017,11,0
1256,Barcelona,Spain,67,0.3,3.5,3.7,Hotel,2017,11,0
1257,Barcelona,Spain,98,0.4,3.0,4.1,Hotel,2017,11,0
1258,Barcelona,Spain,110,0.5,4.0,4.5,Hotel,2017,11,0
1259,Barcelona,Spain,101,0.3,3.0,3.7,Hotel,2017,11,0
1261,Barcelona,Spain,84,0.6,3.0,4.0,Hotel,2017,11,0
1262,Barcelona,Spain,94,0.6,3.0,3.7,Apartment,2017,11,0
1263,Barcelona,Spain,99,0.5,3.0,4.1,Hotel,2017,11,0
1264,Barcelona,Spain,87,0.3,3.0,2.7,Apartment,2017,11,0
1265,Barcelona,Spain,106,0.4,4.0,4.0,Hotel,2017,11,0
1266,Barcelona,Spain,67,0.3,3.0,4.0,Hotel,2017,11,0
1267,Barcelona,Spain,162,0.5,4.0,4.3,Hotel,2017,11,0
1268,Barcelona,Spain,119,0.4,3.0,4.0,Apart-hotel,2017,11,0
1269,Barcelona,Spain,51,0.5,2.0,2.2,Hotel,2017,11,0
1270,Barcelona,Spain,111,0.5,3.0,3.9,Hotel,2017,11,0
1271,Barcelona,Spain,73,0.3,2.0,3.9,Pension,2017,11,0
1272,Barcelona,Spain,52,0.3,2.0,3.0,Pension,2017,11,0
1273,Barcelona,Spain,68,0.3,2.0,3.5,Hostel,2017,11,0
1274,Barcelona,Spain,254,0.4,5.0,4.0,Hotel,2017,11,0
1275,Barcelona,Spain,82,0.3,3.0,3.7,Hotel,2017,11,0
1276,Barcelona,Spain,79,0.2,3.0,3.7,Hotel,2017,11,0
1278,Barcelona,Spain,109,0.3,4.0,4.0,Hotel,2017,11,0
1279,Barcelona,Spain,98,0.3,3.5,4.0,Apartment,2017,11,0
1280,Barcelona,Spain,45,0.2,1.0,3.5,Hostel,2017,11,0
1281,Barcelona,Spain,76,0.5,2.0,3.0,Hotel,2017,11,0
1282,Barcelona,Spain,197,0.6,4.0,4.5,Hotel,2017,11,0
1283,Barcelona,Spain,422,0.3,5.0,4.8,Hotel,2017,11,0
1284,Barcelona,Spain,81,0.3,1.0,3.5,Hotel,2017,11,0
1285,Barcelona,Spain,104,0.6,3.0,4.0,Hotel,2017,11,0
1286,Barcelona,Spain,178,0.5,4.0,4.4,Apartment,2017,11,0
1287,Barcelona,Spain,63,0.3,2.0,3.5,Hostel,2017,11,0
1288,Barcelona,Spain,192,0.5,4.0,1.0,Apartment,2017,11,0
1289,Barcelona,Spain,114,0.3,3.0,4.1,Hotel,2017,11,0
1290,Barcelona,Spain,100,0.5,3.0,4.0,Hotel,2017,11,0
1294,Barcelona,Spain,113,0.6,3.0,4.4,Hotel,2017,11,0
1295,Barcelona,Spain,232,0.6,5.0,4.6,Hotel,2017,11,0
1296,Barcelona,Spain,202,0.6,2.5,,Bed and breakfast,2017,11,0
1297,Barcelona,Spain,92,0.6,4.0,3.2,Hotel,2017,11,0
1298,Barcelona,Spain,273,0.7,5.0,4.5,Hotel,2017,11,0
1299,Barcelona,Spain,118,0.7,3.0,4.0,Hotel,2017,11,0
1300,Barcelona,Spain,156,0.7,4.0,4.8,Hotel,2017,11,0
1301,Barcelona,Spain,90,0.7,3.0,,Pension,2017,11,0
1302,Barcelona,Spain,212,0.6,4.0,4.8,Apartment,2017,11,0
1304,Barcelona,Spain,110,1.5,4.0,4.0,Hotel,2017,11,0
1305,Barcelona,Spain,64,2.4,4.0,3.5,Hotel,2017,11,0
1306,Barcelona,Spain,77,2.5,3.0,3.9,Apartment,2017,11,0
1307,Barcelona,Spain,101,1.5,1.0,4.1,Hostel,2017,11,0
1308,Barcelona,Spain,86,1.3,4.0,4.3,Hotel,2017,11,0
1309,Barcelona,Spain,97,1.4,4.0,4.4,Apartment,2017,11,0
1312,Barcelona,Spain,83,1.4,4.0,3.7,Hotel,2017,11,0
1314,Barcelona,Spain,46,1.3,2.0,3.2,Hostel,2017,11,0
1315,Barcelona,Spain,102,1.4,3.5,3.7,Apartment,2017,11,0
1316,Barcelona,Spain,110,1.3,3.5,3.9,Apartment,2017,11,0
1317,Barcelona,Spain,103,1.2,4.0,4.0,Hotel,2017,11,0
1318,Barcelona,Spain,101,0.9,4.0,4.3,Hotel,2017,11,0
1320,Barcelona,Spain,92,1.5,3.5,4.1,Pension,2017,11,0
1321,Barcelona,Spain,150,1.7,3.5,4.0,Apartment,2017,11,0
1322,Barcelona,Spain,87,1.5,3.5,4.3,Pension,2017,11,0
1323,Barcelona,Spain,129,1.7,4.0,4.6,Hotel,2017,11,0
1324,Barcelona,Spain,117,1.5,3.0,4.6,Bed and breakfast,2017,11,0
1325,Barcelona,Spain,52,1.5,2.0,3.4,Hotel,2017,11,0
1326,Barcelona,Spain,81,0.9,3.0,3.4,Resort,2017,11,0
1328,Barcelona,Spain,62,0.9,3.0,3.7,Pension,2017,11,0
1329,Barcelona,Spain,51,1.4,2.0,4.3,Pension,2017,11,0
1330,Barcelona,Spain,169,1.2,4.0,4.5,Apartment,2017,11,0
1331,Barcelona,Spain,89,0.9,4.0,3.9,Hotel,2017,11,0
1332,Barcelona,Spain,134,1.1,3.5,4.0,Apartment,2017,11,0
1333,Barcelona,Spain,58,1.4,2.0,3.0,Pension,2017,11,0
1335,Barcelona,Spain,56,1.2,2.5,3.7,Bed and breakfast,2017,11,0
1336,Barcelona,Spain,112,1.0,4.0,4.5,Hotel,2017,11,0
1339,Barcelona,Spain,92,1.5,4.0,4.0,Hotel,2017,11,0
1340,Barcelona,Spain,93,1.2,4.0,4.3,Hotel,2017,11,0
1341,Barcelona,Spain,74,1.0,3.0,4.0,Hotel,2017,11,0
1342,Barcelona,Spain,314,1.0,4.0,4.8,Apartment,2017,11,0
1344,Barcelona,Spain,83,1.3,3.0,4.1,Hotel,2017,11,0
1345,Barcelona,Spain,93,1.3,3.5,,Pension,2017,11,0
1346,Barcelona,Spain,121,1.1,4.0,4.1,Hotel,2017,11,0
1347,Barcelona,Spain,130,1.4,4.0,4.5,Hotel,2017,11,0
1348,Barcelona,Spain,123,0.9,3.5,4.0,Apartment,2017,11,0
1349,Barcelona,Spain,114,1.3,4.5,4.5,Hotel,2017,11,0
1351,Barcelona,Spain,141,1.2,4.5,4.5,Hotel,2017,11,0
1352,Barcelona,Spain,106,1.1,3.0,4.1,Bed and breakfast,2017,11,0
1353,Barcelona,Spain,132,1.2,4.0,4.5,Hotel,2017,11,0
1354,Barcelona,Spain,94,0.7,3.0,4.4,Hotel,2017,11,0
1355,Barcelona,Spain,103,0.7,4.0,4.4,Hotel,2017,11,0
1356,Barcelona,Spain,104,1.1,4.0,4.6,Hotel,2017,11,0
1357,Barcelona,Spain,97,1.1,4.0,4.3,Hotel,2017,11,0
1358,Barcelona,Spain,136,1.1,4.0,4.1,Apartment,2017,11,0
1359,Barcelona,Spain,114,0.9,3.0,3.9,Apart-hotel,2017,11,0
1360,Barcelona,Spain,91,1.4,3.0,4.0,Hotel,2017,11,0
1361,Barcelona,Spain,79,1.2,4.0,4.1,Hotel,2017,11,0
1362,Barcelona,Spain,108,1.2,4.0,4.3,Hotel,2017,11,0
1363,Barcelona,Spain,78,1.0,4.0,3.7,Hotel,2017,11,0
1367,Barcelona,Spain,119,3.5,3.0,4.1,Apartment,2017,11,0
1369,Barcelona,Spain,59,3.2,4.0,3.4,Hotel,2017,11,0
1370,Barcelona,Spain,92,2.9,4.0,3.9,Hotel,2017,11,0
1371,Barcelona,Spain,68,2.2,4.0,4.0,Hotel,2017,11,0
1375,Barcelona,Spain,74,2.6,3.5,4.0,Apartment,2017,11,0
1377,Barcelona,Spain,178,3.9,5.0,4.3,Hotel,2017,11,0
1378,Barcelona,Spain,90,3.9,5.0,4.4,Apart-hotel,2017,11,0
1379,Barcelona,Spain,155,2.8,4.5,4.5,Hotel,2017,11,0
1381,Barcelona,Spain,112,2.8,4.5,4.5,Hotel,2017,11,0
1382,Barcelona,Spain,83,2.6,4.0,4.0,Hotel,2017,11,0
1385,Barcelona,Spain,148,1.6,4.0,4.8,Apartment,2017,11,0
1386,Barcelona,Spain,56,2.0,2.0,4.3,Hostel,2017,11,0
1387,Barcelona,Spain,81,1.2,3.5,4.0,Apartment,2017,11,0
1388,Barcelona,Spain,77,1.5,3.0,4.0,Apart-hotel,2017,11,0
1389,Barcelona,Spain,168,1.3,4.0,4.6,Apartment,2017,11,0
1390,Barcelona,Spain,77,1.3,3.0,3.9,Hotel,2017,11,0
1391,Barcelona,Spain,87,1.2,4.0,4.4,Hotel,2017,11,0
1392,Barcelona,Spain,1213,1.3,1.0,2.7,Hotel,2017,11,0
1393,Barcelona,Spain,219,3.2,5.0,4.4,Hotel,2017,11,0
1394,Barcelona,Spain,63,2.4,1.0,4.0,Hostel,2017,11,0
1395,Barcelona,Spain,117,2.3,4.0,4.0,Hotel,2017,11,0
1396,Barcelona,Spain,114,1.6,2.0,3.7,Hotel,2017,11,0
1397,Barcelona,Spain,85,1.6,2.0,4.5,Pension,2017,11,0
1398,Barcelona,Spain,122,1.5,3.5,2.9,Apartment,2017,11,0
1399,Barcelona,Spain,91,1.3,4.0,3.9,Hotel,2017,11,0
1400,Barcelona,Spain,88,1.3,4.0,3.7,Hotel,2017,11,0
1401,Barcelona,Spain,92,1.1,4.0,4.3,Hotel,2017,11,0
1402,Barcelona,Spain,66,1.1,3.0,3.9,Hotel,2017,11,0
1403,Barcelona,Spain,72,0.8,3.0,4.0,Hotel,2017,11,0
1404,Barcelona,Spain,61,1.1,3.0,3.5,Hotel,2017,11,0
1405,Barcelona,Spain,75,1.1,4.0,4.0,Hotel,2017,11,0
1406,Barcelona,Spain,116,1.3,3.0,3.9,Hotel,2017,11,0
1407,Barcelona,Spain,98,0.9,4.0,4.6,Hotel,2017,11,0
1408,Barcelona,Spain,98,0.9,3.0,4.6,Pension,2017,11,0
1411,Barcelona,Spain,84,1.5,2.0,4.0,Hostel,2017,11,0
1413,Barcelona,Spain,162,1.2,3.0,3.7,Apartment,2017,11,0
1416,Barcelona,Spain,91,1.1,3.5,3.5,Apartment,2017,11,0
1418,Barcelona,Spain,64,0.9,3.0,4.0,Hotel,2017,11,0
1419,Barcelona,Spain,116,1.1,4.5,4.5,Hotel,2017,11,0
1420,Barcelona,Spain,52,1.4,3.0,3.4,Hotel,2017,11,0
1421,Barcelona,Spain,71,1.1,3.0,3.7,Hotel,2017,11,0
1422,Barcelona,Spain,62,0.8,2.0,4.0,Hotel,2017,11,0
1423,Barcelona,Spain,103,1.2,4.0,4.1,Apart-hotel,2017,11,0
1424,Barcelona,Spain,104,1.0,3.0,4.5,Hotel,2017,11,0
1426,Barcelona,Spain,114,1.3,3.0,4.0,Apartment,2017,11,0
1427,Barcelona,Spain,58,3.3,3.0,4.0,Hotel,2017,11,0
1428,Barcelona,Spain,84,2.5,3.0,4.0,Apartment,2017,11,0
1429,Barcelona,Spain,55,2.5,2.0,3.2,Hotel,2017,11,0
1430,Barcelona,Spain,56,2.5,2.0,4.0,Hostel,2017,11,0
1431,Barcelona,Spain,138,1.5,4.0,4.0,Hotel,2017,11,0
1432,Barcelona,Spain,79,1.5,4.0,3.5,Apartment,2017,11,0
1434,Barcelona,Spain,76,1.5,3.5,2.0,Apartment,2017,11,0
1437,Barcelona,Spain,139,1.7,5.0,4.3,Hotel,2017,11,0
1439,Barcelona,Spain,159,2.0,4.0,4.5,Hotel,2017,11,0
1440,Barcelona,Spain,116,2.4,4.0,4.0,Hotel,2017,11,0
1444,Barcelona,Spain,97,2.0,1.0,3.7,Hostel,2017,11,0
1445,Barcelona,Spain,69,2.5,3.0,4.0,Hotel,2017,11,0
1446,Barcelona,Spain,104,3.6,4.0,4.0,Hotel,2017,11,0
1447,Barcelona,Spain,236,2.7,4.0,4.5,Apart-hotel,2017,11,0
1448,Barcelona,Spain,83,2.1,3.0,4.4,Apartment,2017,11,0
1449,Barcelona,Spain,138,1.9,4.0,4.5,Hotel,2017,11,0
1450,Barcelona,Spain,112,1.8,4.0,4.1,Hotel,2017,11,0
1451,Barcelona,Spain,77,1.7,3.0,4.0,Hotel,2017,11,0
1452,Barcelona,Spain,79,2.5,4.0,3.5,Hotel,2017,11,0
1453,Barcelona,Spain,1159,2.2,4.0,4.0,Apart-hotel,2017,11,0
1454,Barcelona,Spain,91,1.7,4.0,4.0,Hotel,2017,11,0
1456,Barcelona,Spain,229,2.5,5.0,3.2,Hotel,2017,11,0
1457,Barcelona,Spain,91,2.5,3.0,3.7,Apart-hotel,2017,11,0
1458,Barcelona,Spain,91,1.9,3.0,4.0,Hotel,2017,11,0
1459,Barcelona,Spain,179,2.6,4.0,4.8,Hotel,2017,11,0
1460,Barcelona,Spain,58,2.6,3.0,3.7,Hotel,2017,11,0
1461,Barcelona,Spain,81,2.5,3.0,3.7,Hotel,2017,11,0
1462,Barcelona,Spain,81,2.8,3.0,3.5,Hotel,2017,11,0
1463,Barcelona,Spain,69,7.9,3.0,3.7,Hotel,2017,11,0
1464,Barcelona,Spain,105,2.3,3.0,4.4,Hotel,2017,11,0
1465,Barcelona,Spain,99,3.1,4.0,4.1,Hotel,2017,11,0
1466,Barcelona,Spain,142,3.7,3.5,3.5,Apartment,2017,11,0
1468,Barcelona,Spain,103,0.8,3.0,4.3,Hotel,2017,11,0
1469,Barcelona,Spain,96,0.6,3.5,3.7,Apartment,2017,11,0
1470,Barcelona,Spain,70,0.6,2.0,4.1,Pension,2017,11,0
1471,Barcelona,Spain,110,0.6,4.0,4.0,Hotel,2017,11,0
1472,Barcelona,Spain,82,0.8,4.0,4.3,Hotel,2017,11,0
1473,Barcelona,Spain,128,0.5,3.5,4.5,Apartment,2017,11,0
1474,Barcelona,Spain,68,0.6,2.0,3.0,Pension,2017,11,0
1475,Barcelona,Spain,84,0.9,3.5,2.0,Apartment,2017,11,0
1476,Barcelona,Spain,91,0.6,2.0,3.2,Bed and breakfast,2017,11,0
1477,Barcelona,Spain,49,0.8,2.0,,Hostel,2017,11,0
1478,Barcelona,Spain,77,0.5,2.0,4.4,Pension,2017,11,0
1484,Barcelona,Spain,56,0.6,2.5,3.5,Pension,2017,11,0
1487,Barcelona,Spain,51,0.5,3.0,4.0,Hotel,2017,11,0
1490,Barcelona,Spain,87,0.8,4.0,4.5,Apartment,2017,11,0
1492,Barcelona,Spain,92,0.5,3.0,3.9,Hotel,2017,11,0
1493,Barcelona,Spain,103,0.7,3.0,4.0,Hotel,2017,11,0
1494,Barcelona,Spain,59,0.5,3.0,3.7,Hotel,2017,11,0
1496,Barcelona,Spain,81,0.2,4.0,3.5,Hotel,2017,11,0
1498,Barcelona,Spain,65,0.3,2.0,2.9,Hostel,2017,11,0
1500,Barcelona,Spain,101,0.6,3.5,1.2,Apartment,2017,11,0
1502,Barcelona,Spain,98,0.9,4.0,4.0,Hotel,2017,11,0
1505,Barcelona,Spain,244,2.8,5.0,4.5,Hotel,2017,11,0
1506,Barcelona,Spain,133,2.7,3.0,,Apartment,2017,11,0
1507,Barcelona,Spain,81,2.5,4.0,4.0,Hotel,2017,11,0
1508,Barcelona,Spain,59,2.5,3.0,4.0,Hotel,2017,11,0
1509,Barcelona,Spain,145,2.9,4.0,4.0,Hotel,2017,11,0
1512,Barcelona,Spain,148,2.8,4.0,4.0,Apartment,2017,11,0
1516,Barcelona,Spain,77,5.1,4.0,4.0,Hotel,2017,11,0
1517,Barcelona,Spain,65,5.2,3.0,4.0,Apart-hotel,2017,11,0
1518,Barcelona,Spain,72,6.2,3.5,4.0,Hotel,2017,11,0
1519,Barcelona,Spain,71,4.7,3.0,4.0,Hotel,2017,11,0
1520,Barcelona,Spain,83,5.0,4.0,4.0,Hotel,2017,11,0
1521,Barcelona,Spain,66,5.9,4.0,3.2,Hotel,2017,11,0
1523,Barcelona,Spain,104,0.8,3.0,4.0,Hotel,2017,11,0
1524,Barcelona,Spain,55,0.9,2.0,3.7,Pension,2017,11,0
1526,Barcelona,Spain,83,0.9,2.0,4.1,Hotel,2017,11,0
1527,Barcelona,Spain,126,1.1,1.0,4.0,Hotel,2017,11,0
1528,Barcelona,Spain,126,0.9,4.0,4.5,Hotel,2017,11,0
1529,Barcelona,Spain,136,1.5,4.5,4.4,Hotel,2017,11,0
1530,Barcelona,Spain,155,1.6,4.5,4.3,Hotel,2017,11,0
1532,Barcelona,Spain,127,2.0,3.5,,Apartment,2017,11,0
1533,Barcelona,Spain,66,1.7,2.0,4.5,Hostel,2017,11,0
1534,Barcelona,Spain,82,1.8,3.5,3.9,Apartment,2017,11,0
1535,Barcelona,Spain,85,1.6,4.0,4.0,Hotel,2017,11,0
1536,Barcelona,Spain,282,1.7,3.5,4.0,Apartment,2017,11,0
1537,Barcelona,Spain,193,1.6,4.0,4.0,Hotel,2017,11,0
1538,Barcelona,Spain,118,1.5,4.0,4.4,Hotel,2017,11,0
1540,Barcelona,Spain,57,1.7,3.5,,Bed and breakfast,2017,11,0
1544,Barcelona,Spain,90,2.4,3.0,4.1,Apartment,2017,11,0
1546,Barcelona,Spain,81,2.3,4.0,4.1,Hotel,2017,11,0
1547,Barcelona,Spain,134,0.9,4.5,4.5,Hotel,2017,11,0
1549,Barcelona,Spain,90,2.4,4.0,4.3,Hotel,2017,11,0
1550,Barcelona,Spain,54,2.6,3.0,3.5,Hotel,2017,11,0
1551,Barcelona,Spain,87,4.6,4.0,4.0,Hotel,2017,11,0
1553,Barcelona,Spain,63,2.8,3.0,3.5,Hotel,2017,11,0
1555,Barcelona,Spain,72,1.7,4.0,4.5,Apartment,2017,11,0
1556,Barcelona,Spain,63,1.9,2.0,3.4,Pension,2017,11,0
1562,Barcelona,Spain,80,1.3,2.0,4.1,Apart-hotel,2017,11,0
1563,Barcelona,Spain,68,1.7,3.0,3.7,Hotel,2017,11,0
1564,Barcelona,Spain,81,1.4,3.0,4.0,Hotel,2017,11,0
1565,Barcelona,Spain,73,1.5,2.0,4.1,Hotel,2017,11,0
1570,Barcelona,Spain,65,1.4,4.0,3.9,Apartment,2017,11,0
1571,Barcelona,Spain,87,1.3,4.0,4.3,Hotel,2017,11,0
1572,Barcelona,Spain,103,1.6,2.0,4.0,Hotel,2017,11,0
1574,Barcelona,Spain,68,1.7,3.0,4.0,Hotel,2017,11,0
1575,Barcelona,Spain,104,1.2,4.0,3.0,Apartment,2017,11,0
1576,Barcelona,Spain,64,1.6,3.0,3.7,Hotel,2017,11,0
1577,Barcelona,Spain,86,1.6,4.0,4.0,Hotel,2017,11,0
1578,Barcelona,Spain,162,0.4,4.0,4.4,Hotel,2017,11,0
1579,Barcelona,Spain,58,0.4,1.0,3.9,Hotel,2017,11,0
1580,Barcelona,Spain,55,0.4,2.5,3.0,Hostel,2017,11,0
1581,Barcelona,Spain,197,0.5,4.0,4.5,Hotel,2017,11,0
1582,Barcelona,Spain,104,0.4,4.0,4.0,Hotel,2017,11,0
1583,Barcelona,Spain,337,1.7,3.5,,Apartment,2017,11,0
1584,Barcelona,Spain,176,2.0,3.5,3.9,Apart-hotel,2017,11,0
1585,Barcelona,Spain,124,1.9,4.0,4.3,Hotel,2017,11,0
1586,Barcelona,Spain,75,1.9,3.0,4.3,Apartment,2017,11,0
1587,Barcelona,Spain,120,1.8,4.0,4.5,Apart-hotel,2017,11,0
1588,Barcelona,Spain,97,1.7,4.0,2.9,Apartment,2017,11,0
1591,Barcelona,Spain,69,1.9,3.0,4.0,Hotel,2017,11,0
1592,Barcelona,Spain,224,1.7,4.0,4.0,Apartment,2017,11,0
1596,Barcelona,Spain,108,2.2,4.0,4.3,Apartment,2017,11,0
1597,Barcelona,Spain,89,1.6,3.0,4.4,Hotel,2017,11,0
1598,Barcelona,Spain,106,1.8,3.0,3.7,Apartment,2017,11,0
1606,Barcelona,Spain,80,2.0,3.0,4.3,Apart-hotel,2017,11,0
1607,Barcelona,Spain,168,2.1,4.0,5.0,Hotel,2017,11,0
1609,Barcelona,Spain,60,1.6,2.0,3.4,Hostel,2017,11,0
1610,Barcelona,Spain,54,1.6,1.0,3.7,Hostel,2017,11,0
1612,Barcelona,Spain,84,1.5,3.5,4.0,Guest House,2017,11,0
1614,Barcelona,Spain,50,1.5,2.0,3.5,Hostel,2017,11,0
1616,Barcelona,Spain,102,2.1,4.0,4.3,Apartment,2017,11,0
1617,Barcelona,Spain,61,1.8,3.0,3.2,Apart-hotel,2017,11,0
1618,Barcelona,Spain,102,1.8,4.0,3.9,Apartment,2017,11,0
1619,Barcelona,Spain,115,1.5,4.0,4.0,Apartment,2017,11,0
1620,Barcelona,Spain,69,1.5,2.0,4.0,Hostel,2017,11,0
1621,Barcelona,Spain,200,1.5,5.0,4.5,Hotel,2017,11,0
1622,Barcelona,Spain,99,1.7,4.0,4.5,Apartment,2017,11,0
1623,Barcelona,Spain,75,1.8,3.0,4.0,Hotel,2017,11,0
1625,Barcelona,Spain,52,1.7,2.0,3.2,Hostel,2017,11,0
1626,Barcelona,Spain,81,1.7,3.5,4.0,Apartment,2017,11,0
1631,Barcelona,Spain,114,1.5,4.0,4.0,Hotel,2017,11,0
1632,Barcelona,Spain,70,1.8,2.0,4.0,Hotel,2017,11,0
1633,Barcelona,Spain,72,1.8,3.0,3.5,Bed and breakfast,2017,11,0
1634,Belgrade,Serbia,126,1.8,4.0,4.3,Hotel,2017,11,0
1635,Belgrade,Serbia,59,1.0,3.5,3.4,Hotel,2017,11,0
1636,Belgrade,Serbia,126,2.3,4.0,4.4,Hotel,2017,11,0
1637,Belgrade,Serbia,65,9.5,4.0,4.6,Hotel,2017,11,0
1638,Belgrade,Serbia,495,4.2,3.5,,Bed and breakfast,2017,11,0
1639,Belgrade,Serbia,44,7.9,3.0,4.3,Hotel,2017,11,0
1640,Belgrade,Serbia,46,3.2,3.5,,Bed and breakfast,2017,11,0
1641,Belgrade,Serbia,58,4.2,3.0,4.0,Hotel,2017,11,0
1642,Belgrade,Serbia,39,4.0,3.0,3.7,Hotel,2017,11,0
1643,Belgrade,Serbia,63,2.0,4.0,3.7,Hotel,2017,11,0
1644,Belgrade,Serbia,135,2.3,4.0,4.6,Hotel,2017,11,0
1645,Belgrade,Serbia,67,2.1,3.0,4.4,Hotel,2017,11,0
1646,Belgrade,Serbia,33,2.5,4.0,3.5,Guest House,2017,11,0
1647,Belgrade,Serbia,102,3.4,4.0,4.0,Hotel,2017,11,0
1648,Belgrade,Serbia,127,0.9,5.0,4.4,Hotel,2017,11,0
1649,Belgrade,Serbia,37,3.8,4.0,4.1,Apartment,2017,11,0
1650,Belgrade,Serbia,100,4.0,4.0,4.5,Hotel,2017,11,0
1651,Belgrade,Serbia,58,7.2,4.0,4.0,Hotel,2017,11,0
1652,Belgrade,Serbia,34,6.5,2.0,,Hotel,2017,11,0
1653,Belgrade,Serbia,70,2.8,4.0,4.3,Hotel,2017,11,0
1654,Belgrade,Serbia,95,2.7,4.0,4.0,Hotel,2017,11,0
1655,Belgrade,Serbia,33,1.8,3.0,3.5,Hotel,2017,11,0
1656,Belgrade,Serbia,49,2.6,3.0,4.0,Hotel,2017,11,0
1657,Belgrade,Serbia,66,0.7,3.0,4.5,Hotel,2017,11,0
1658,Belgrade,Serbia,69,4.9,4.0,4.3,Hotel,2017,11,0
1660,Belgrade,Serbia,43,1.7,3.0,4.3,Hotel,2017,11,0
1661,Belgrade,Serbia,63,1.6,3.5,4.6,Hotel,2017,11,0
1662,Belgrade,Serbia,59,3.7,3.0,4.5,Hotel,2017,11,0
1663,Belgrade,Serbia,73,3.6,3.5,4.5,Hotel,2017,11,0
1664,Belgrade,Serbia,157,1.3,5.0,4.6,Hotel,2017,11,0
1666,Belgrade,Serbia,81,0.8,3.0,3.9,Hotel,2017,11,0
1667,Belgrade,Serbia,47,5.7,3.0,3.5,Hotel,2017,11,0
1668,Belgrade,Serbia,66,2.5,3.0,3.9,Hotel,2017,11,0
1669,Belgrade,Serbia,61,3.9,4.0,4.5,Hotel,2017,11,0
1670,Belgrade,Serbia,46,5.3,3.5,4.0,Hotel,2017,11,0
1671,Belgrade,Serbia,42,3.5,3.0,4.1,Hotel,2017,11,0
1672,Belgrade,Serbia,67,5.2,4.0,4.5,Hotel,2017,11,0
1673,Belgrade,Serbia,46,1.0,3.0,4.0,Hotel,2017,11,0
1674,Belgrade,Serbia,69,3.2,4.0,4.0,Hotel,2017,11,0
1675,Belgrade,Serbia,97,1.6,4.0,2.0,Hotel,2017,11,0
1676,Belgrade,Serbia,84,5.9,4.0,3.5,Hotel,2017,11,0
1677,Belgrade,Serbia,34,1.0,1.0,2.7,Hotel,2017,11,0
1678,Belgrade,Serbia,179,1.1,5.0,4.9,Hotel,2017,11,0
1679,Belgrade,Serbia,52,1.1,3.0,3.7,Hotel,2017,11,0
1680,Belgrade,Serbia,81,0.9,3.5,3.7,Villa,2017,11,0
1681,Belgrade,Serbia,47,3.3,3.0,,Guest House,2017,11,0
1682,Belgrade,Serbia,44,4.2,4.0,4.8,Apartment,2017,11,0
1684,Belgrade,Serbia,49,6.0,4.0,4.0,Hotel,2017,11,0
1685,Belgrade,Serbia,45,2.8,3.0,4.0,Hotel,2017,11,0
1686,Belgrade,Serbia,52,2.4,4.0,3.7,Hotel,2017,11,0
1687,Belgrade,Serbia,177,1.3,4.0,4.5,Hotel,2017,11,0
1688,Belgrade,Serbia,83,4.9,4.0,4.5,Hotel,2017,11,0
1689,Belgrade,Serbia,125,1.5,4.0,4.6,Hotel,2017,11,0
1690,Belgrade,Serbia,156,3.6,4.0,5.0,Hotel,2017,11,0
1691,Belgrade,Serbia,39,3.2,3.0,4.4,Hotel,2017,11,0
1692,Belgrade,Serbia,89,0.4,4.0,4.1,Hotel,2017,11,0
1693,Belgrade,Serbia,84,0.3,3.0,3.7,Hotel,2017,11,0
1694,Belgrade,Serbia,140,0.7,4.0,4.5,Hotel,2017,11,0
1695,Belgrade,Serbia,100,1.2,4.0,4.5,Hotel,2017,11,0
1696,Belgrade,Serbia,73,0.1,3.0,4.6,Hotel,2017,11,0
1697,Belgrade,Serbia,84,0.3,4.0,4.3,Hotel,2017,11,0
1698,Belgrade,Serbia,348,0.1,4.0,4.8,Hotel,2017,11,0
1699,Belgrade,Serbia,66,0.2,4.0,4.8,Guest House,2017,11,0
1700,Belgrade,Serbia,55,0.1,4.0,4.5,Guest House,2017,11,0
1701,Belgrade,Serbia,67,0.3,3.0,3.7,Guest House,2017,11,0
1702,Belgrade,Serbia,80,0.2,4.0,4.3,Apartment,2017,11,0
1703,Belgrade,Serbia,71,0.1,3.0,4.5,Hotel,2017,11,0
1704,Belgrade,Serbia,47,0.5,4.0,4.0,Guest House,2017,11,0
1705,Belgrade,Serbia,58,0.3,4.0,3.7,Hotel,2017,11,0
1706,Belgrade,Serbia,67,0.5,4.0,4.0,Hotel,2017,11,0
1707,Belgrade,Serbia,29,0.1,2.0,4.5,Hostel,2017,11,0
1708,Belgrade,Serbia,116,0.1,4.0,4.4,Hotel,2017,11,0
1709,Belgrade,Serbia,91,0.5,4.0,,Hotel,2017,11,0
1710,Belgrade,Serbia,57,0.4,4.0,4.9,Guest House,2017,11,0
1711,Belgrade,Serbia,97,0.4,4.0,4.5,Hotel,2017,11,0
1712,Belgrade,Serbia,81,0.4,3.0,4.6,Hotel,2017,11,0
1713,Belgrade,Serbia,82,0.4,4.0,4.3,Hotel,2017,11,0
1714,Belgrade,Serbia,60,0.4,4.0,4.5,Apart-hotel,2017,11,0
1715,Belgrade,Serbia,65,0.3,3.5,2.5,Guest House,2017,11,0
1716,Belgrade,Serbia,60,0.2,4.0,4.4,Guest House,2017,11,0
1717,Belgrade,Serbia,58,0.5,4.0,4.1,Hotel,2017,11,0
1718,Belgrade,Serbia,46,0.2,3.0,3.4,Apart-hotel,2017,11,0
1719,Belgrade,Serbia,60,0.1,4.0,4.6,Guest House,2017,11,0
1720,Belgrade,Serbia,104,0.6,4.0,4.3,Apartment,2017,11,0
1721,Belgrade,Serbia,59,0.6,4.0,3.9,Hotel,2017,11,0
1722,Belgrade,Serbia,63,0.2,3.0,4.1,Hotel,2017,11,0
1723,Belgrade,Serbia,57,0.6,4.0,4.6,Hotel,2017,11,0
1724,Belgrade,Serbia,231,0.3,5.0,4.9,Hotel,2017,11,0
1725,Belgrade,Serbia,118,0.8,4.0,4.4,Hotel,2017,11,0
1726,Belgrade,Serbia,119,0.1,4.0,4.9,Hotel,2017,11,0
1727,Belgrade,Serbia,60,0.2,4.0,4.5,Guest House,2017,11,0
1728,Belgrade,Serbia,81,0.2,4.0,,Hotel,2017,11,0
1729,Belgrade,Serbia,110,0.2,4.0,4.5,Hotel,2017,11,0
1730,Belgrade,Serbia,50,0.3,4.0,4.6,Hotel,2017,11,0
1731,Belgrade,Serbia,74,0.0,3.0,4.5,Bed and breakfast,2017,11,0
1732,Belgrade,Serbia,59,0.0,4.0,4.1,Apartment,2017,11,0
1733,Belgrade,Serbia,148,0.0,4.0,4.6,Hotel,2017,11,0
1734,Belgrade,Serbia,87,0.4,4.0,4.5,Hotel,2017,11,0
1735,Belgrade,Serbia,90,0.7,4.0,4.6,Hotel,2017,11,0
1736,Belgrade,Serbia,69,0.2,4.0,4.4,Guest House,2017,11,0
1737,Belgrade,Serbia,70,0.2,3.0,4.0,Guest House,2017,11,0
1738,Belgrade,Serbia,116,0.4,5.0,4.5,Apart-hotel,2017,11,0
1739,Belgrade,Serbia,78,1.2,4.0,4.6,Hotel,2017,11,0
1740,Belgrade,Serbia,79,1.4,4.0,4.4,Hotel,2017,11,0
1741,Belgrade,Serbia,48,2.1,3.0,4.5,Hotel,2017,11,0
1742,Belgrade,Serbia,37,2.1,4.0,2.5,Apartment,2017,11,0
1743,Belgrade,Serbia,46,2.0,3.0,4.3,Hotel,2017,11,0
1744,Belgrade,Serbia,48,1.3,4.0,4.5,Apartment,2017,11,0
1745,Berlin,Germany,71,11.0,3.5,4.1,Hotel,2017,11,0
1746,Berlin,Germany,65,4.2,2.5,3.5,Hotel,2017,11,0
1749,Berlin,Germany,87,5.6,2.0,3.5,Apart-hotel,2017,11,0
1750,Berlin,Germany,112,9.5,3.0,4.5,Apart-hotel,2017,11,0
1751,Berlin,Germany,83,5.9,3.0,3.5,Hotel,2017,11,0
1752,Berlin,Germany,95,11.0,3.0,3.5,Hotel,2017,11,0
1753,Berlin,Germany,59,6.4,3.0,3.5,Hotel,2017,11,0
1754,Berlin,Germany,75,8.4,3.0,4.1,Hotel,2017,11,0
1756,Berlin,Germany,82,11.0,,3.7,Hotel,2017,11,0
1757,Berlin,Germany,46,4.1,3.0,3.5,Hotel,2017,11,0
1758,Berlin,Germany,98,4.4,3.0,4.0,Hotel,2017,11,0
1759,Berlin,Germany,94,4.5,2.5,4.1,Hotel,2017,11,0
1760,Berlin,Germany,80,4.7,3.0,4.4,Hotel,2017,11,0
1761,Berlin,Germany,87,3.3,3.5,3.9,Hotel,2017,11,0
1762,Berlin,Germany,81,4.9,2.0,3.2,Hotel,2017,11,0
1763,Berlin,Germany,103,13.0,4.0,3.5,Hotel,2017,11,0
1764,Berlin,Germany,67,3.8,3.0,3.5,Hotel,2017,11,0
1765,Berlin,Germany,172,3.3,4.0,3.7,Hotel,2017,11,0
1767,Berlin,Germany,62,7.9,,3.7,Pension,2017,11,0
1768,Berlin,Germany,103,12.0,3.0,4.5,Hotel,2017,11,0
1769,Berlin,Germany,53,5.9,3.0,3.5,Hotel,2017,11,0
1770,Berlin,Germany,261,5.2,3.0,3.0,Apartment,2017,11,0
1771,Berlin,Germany,69,12.0,3.0,4.0,Hotel,2017,11,0
1772,Berlin,Germany,92,9.6,3.5,3.7,Hotel,2017,11,0
1773,Berlin,Germany,169,9.6,3.5,4.1,Hotel,2017,11,0
1774,Berlin,Germany,103,3.7,2.5,2.7,Pension,2017,11,0
1775,Berlin,Germany,104,4.1,4.0,4.1,Hotel,2017,11,0
1776,Berlin,Germany,83,7.8,4.0,4.0,Hotel,2017,11,0
1778,Berlin,Germany,103,6.1,2.0,4.1,Apart-hotel,2017,11,0
1780,Berlin,Germany,141,1.6,3.0,3.7,Hotel,2017,11,0
1781,Berlin,Germany,98,2.7,4.5,3.9,Hotel,2017,11,0
1782,Berlin,Germany,100,2.4,3.5,4.5,Hotel,2017,11,0
1783,Berlin,Germany,95,2.4,3.0,4.5,Hotel,2017,11,0
1784,Berlin,Germany,147,2.3,4.0,4.6,Hotel,2017,11,0
1785,Berlin,Germany,95,2.4,3.0,4.3,Hotel,2017,11,0
1786,Berlin,Germany,104,2.0,3.0,4.0,Hotel,2017,11,0
1787,Berlin,Germany,130,2.1,4.0,4.4,Hotel,2017,11,0
1788,Berlin,Germany,81,2.1,2.0,3.4,Hotel,2017,11,0
1789,Berlin,Germany,412,1.9,5.0,4.6,Hotel,2017,11,0
1790,Berlin,Germany,132,1.7,4.0,4.6,Apartment,2017,11,0
1791,Berlin,Germany,103,2.9,4.5,4.4,Hotel,2017,11,0
1792,Berlin,Germany,99,2.9,3.0,4.0,Hotel,2017,11,0
1794,Berlin,Germany,114,2.0,4.0,4.5,Hotel,2017,11,0
1795,Berlin,Germany,97,2.4,2.5,4.1,Hotel,2017,11,0
1796,Berlin,Germany,176,1.7,5.0,4.5,Hotel,2017,11,0
1797,Berlin,Germany,271,1.7,5.0,4.8,Hotel,2017,11,0
1798,Berlin,Germany,85,1.8,4.0,4.0,Hotel,2017,11,0
1799,Berlin,Germany,138,1.8,4.0,4.4,Hotel,2017,11,0
1802,Berlin,Germany,90,2.3,3.5,4.0,Hotel,2017,11,0
1803,Berlin,Germany,85,2.3,4.0,4.4,Hotel,2017,11,0
1804,Berlin,Germany,182,1.8,5.0,4.5,Hotel,2017,11,0
1805,Berlin,Germany,114,1.7,3.0,3.2,Hotel,2017,11,0
1806,Berlin,Germany,214,1.6,5.0,4.4,Hotel,2017,11,0
1807,Berlin,Germany,197,1.7,5.0,4.5,Hotel,2017,11,0
1808,Berlin,Germany,152,1.7,4.0,4.6,Hotel,2017,11,0
1809,Berlin,Germany,159,1.7,4.5,4.5,Hotel,2017,11,0
1810,Berlin,Germany,137,1.7,4.5,4.1,Hotel,2017,11,0
1811,Berlin,Germany,145,1.7,4.5,4.4,Hotel,2017,11,0
1812,Berlin,Germany,45,1.5,2.0,3.5,Hostel,2017,11,0
1813,Berlin,Germany,154,2.2,4.0,4.6,Apartment,2017,11,0
1814,Berlin,Germany,100,2.2,3.0,4.5,Hotel,2017,11,0
1815,Berlin,Germany,131,2.2,3.0,4.1,Hotel,2017,11,0
1816,Berlin,Germany,114,2.7,3.5,,Motel,2017,11,0
1817,Berlin,Germany,92,2.8,3.5,4.3,Hotel,2017,11,0
1818,Berlin,Germany,251,1.1,5.0,4.5,Hotel,2017,11,0
1819,Berlin,Germany,81,1.9,1.5,4.0,Hostel,2017,11,0
1820,Berlin,Germany,109,2.8,4.0,4.3,Hotel,2017,11,0
1821,Berlin,Germany,218,2.3,5.0,4.5,Hotel,2017,11,0
1822,Berlin,Germany,109,2.8,2.5,4.1,Hotel,2017,11,0
1823,Berlin,Germany,106,2.8,3.0,4.5,Hotel,2017,11,0
1824,Berlin,Germany,213,2.2,4.0,4.0,Apartment,2017,11,0
1825,Berlin,Germany,111,2.7,4.0,4.4,Hotel,2017,11,0
1826,Berlin,Germany,137,2.0,4.0,4.5,Hotel,2017,11,0
1827,Berlin,Germany,103,2.8,4.0,4.3,Hotel,2017,11,0
1828,Berlin,Germany,31,3.1,2.0,3.0,Hotel,2017,11,0
1830,Berlin,Germany,129,1.7,4.5,4.3,Hotel,2017,11,0
1831,Berlin,Germany,109,2.1,3.5,3.4,Hotel,2017,11,0
1832,Berlin,Germany,103,1.8,4.0,3.9,Hotel,2017,11,0
1834,Berlin,Germany,85,1.9,3.0,4.0,Hotel,2017,11,0
1835,Berlin,Germany,69,1.8,2.0,3.0,Hotel,2017,11,0
1836,Berlin,Germany,115,1.4,2.5,4.1,Hotel,2017,11,0
1837,Berlin,Germany,98,1.7,3.0,4.3,Hotel,2017,11,0
1838,Berlin,Germany,71,1.6,2.0,3.5,Pension,2017,11,0
1839,Berlin,Germany,242,1.8,5.0,4.4,Hotel,2017,11,0
1840,Berlin,Germany,97,3.0,3.0,3.5,Hotel,2017,11,0
1841,Berlin,Germany,120,2.2,3.5,4.4,Hotel,2017,11,0
1842,Berlin,Germany,133,2.6,3.5,4.5,Apartment,2017,11,0
1843,Berlin,Germany,112,2.4,3.5,4.0,Hotel,2017,11,0
1844,Berlin,Germany,98,2.5,4.0,4.1,Hotel,2017,11,0
1845,Berlin,Germany,92,2.5,4.0,4.3,Hotel,2017,11,0
1846,Berlin,Germany,114,1.9,3.0,4.3,Hotel,2017,11,0
1847,Berlin,Germany,104,1.8,4.0,4.1,Hotel,2017,11,0
1848,Berlin,Germany,78,1.9,1.0,4.1,Hostel,2017,11,0
1849,Berlin,Germany,79,1.9,3.0,4.0,Hotel,2017,11,0
1850,Berlin,Germany,26,3.0,2.0,3.7,Hostel,2017,11,0
1851,Berlin,Germany,110,3.0,3.5,4.4,Hotel,2017,11,0
1852,Berlin,Germany,262,1.1,5.0,4.6,Hotel,2017,11,0
1853,Berlin,Germany,107,1.6,3.0,3.2,Hotel,2017,11,0
1854,Berlin,Germany,190,1.5,3.5,4.4,Hotel,2017,11,0
1855,Berlin,Germany,98,2.6,4.0,4.1,Apart-hotel,2017,11,0
1856,Berlin,Germany,70,2.7,2.0,3.9,Hostel,2017,11,0
1857,Berlin,Germany,117,2.3,4.0,4.4,Hotel,2017,11,0
1858,Berlin,Germany,71,2.4,2.0,3.5,Hostel,2017,11,0
1859,Berlin,Germany,111,2.4,3.5,4.5,Apartment,2017,11,0
1860,Berlin,Germany,55,2.4,2.5,3.5,Hotel,2017,11,0
1861,Berlin,Germany,115,2.4,3.5,4.5,Hotel,2017,11,0
1862,Berlin,Germany,119,2.2,4.0,4.5,Apart-hotel,2017,11,0
1863,Berlin,Germany,126,1.8,4.0,4.5,Hotel,2017,11,0
1864,Berlin,Germany,124,3.2,2.0,4.0,Hostel,2017,11,0
1865,Berlin,Germany,129,2.2,4.0,4.4,Hotel,2017,11,0
1867,Berlin,Germany,98,2.6,3.0,4.5,Hotel,2017,11,0
1868,Berlin,Germany,107,2.9,4.0,4.3,Hotel,2017,11,0
1869,Berlin,Germany,113,2.3,3.5,4.5,Hotel,2017,11,0
1870,Berlin,Germany,118,2.7,3.0,4.6,Apartment,2017,11,0
1871,Berlin,Germany,313,1.3,5.0,4.8,Hotel,2017,11,0
1872,Berlin,Germany,62,1.4,2.0,2.2,Hostel,2017,11,0
1873,Berlin,Germany,77,2.5,3.0,3.9,Pension,2017,11,0
1874,Berlin,Germany,103,2.4,4.0,4.1,Hotel,2017,11,0
1875,Berlin,Germany,117,2.5,4.0,4.5,Hotel,2017,11,0
1876,Berlin,Germany,46,2.4,2.0,4.4,Hostel,2017,11,0
1877,Berlin,Germany,189,2.5,5.0,4.9,Apartment,2017,11,0
1878,Berlin,Germany,221,2.4,3.5,4.8,Hotel,2017,11,0
1879,Berlin,Germany,107,2.4,4.0,4.0,Hotel,2017,11,0
1880,Berlin,Germany,147,2.0,4.5,4.4,Hotel,2017,11,0
1882,Berlin,Germany,89,1.6,3.5,4.0,Hotel,2017,11,0
1883,Berlin,Germany,70,1.1,3.5,4.1,Hotel,2017,11,0
1884,Berlin,Germany,114,2.4,3.0,3.7,Pension,2017,11,0
1885,Berlin,Germany,106,1.7,3.5,4.5,Apartment,2017,11,0
1886,Berlin,Germany,58,2.1,3.0,3.2,Hotel,2017,11,0
1887,Berlin,Germany,55,2.1,3.0,3.5,Hotel,2017,11,0
1888,Berlin,Germany,62,2.1,2.0,3.0,Hotel,2017,11,0
1890,Berlin,Germany,56,2.2,3.0,2.9,Hotel,2017,11,0
1891,Berlin,Germany,72,2.0,3.0,3.5,Hotel,2017,11,0
1893,Berlin,Germany,74,1.9,4.0,4.0,Hotel,2017,11,0
1894,Berlin,Germany,157,2.1,5.0,4.6,Hotel,2017,11,0
1895,Berlin,Germany,59,2.0,3.0,3.2,Hotel,2017,11,0
1896,Berlin,Germany,80,2.4,4.0,4.0,Hotel,2017,11,0
1897,Berlin,Germany,59,2.4,3.0,3.9,Hotel,2017,11,0
1898,Berlin,Germany,65,2.5,3.0,3.0,Pension,2017,11,0
1899,Berlin,Germany,56,2.2,2.5,2.0,Hostel,2017,11,0
1900,Berlin,Germany,64,1.7,3.0,3.5,Pension,2017,11,0
1901,Berlin,Germany,71,2.0,3.5,3.7,Hotel,2017,11,0
1903,Berlin,Germany,69,2.9,2.0,3.0,Hostel,2017,11,0
1904,Berlin,Germany,132,0.6,4.0,4.5,Hotel,2017,11,0
1905,Berlin,Germany,93,2.1,3.0,3.7,Hotel,2017,11,0
1906,Berlin,Germany,54,2.2,2.0,3.5,Hostel,2017,11,0
1907,Berlin,Germany,63,2.0,3.0,3.4,Hotel,2017,11,0
1908,Berlin,Germany,470,2.0,3.0,3.5,Hotel,2017,11,0
1909,Berlin,Germany,56,2.0,2.5,3.0,Pension,2017,11,0
1910,Berlin,Germany,78,1.9,3.0,3.9,Hotel,2017,11,0
1911,Berlin,Germany,66,1.9,3.5,4.3,Hotel,2017,11,0
1912,Berlin,Germany,100,1.9,4.0,4.4,Apartment,2017,11,0
1913,Berlin,Germany,110,3.5,3.0,4.6,Hotel,2017,11,0
1914,Berlin,Germany,213,4.0,5.0,4.1,Hotel,2017,11,0
1915,Berlin,Germany,49,5.4,3.0,3.4,Hotel,2017,11,0
1916,Berlin,Germany,226,3.4,3.0,3.9,Hotel,2017,11,0
1917,Berlin,Germany,117,4.4,4.0,4.1,Hotel,2017,11,0
1918,Berlin,Germany,48,2.9,,2.5,Hotel,2017,11,0
1919,Berlin,Germany,94,2.9,3.5,4.3,Hotel,2017,11,0
1920,Berlin,Germany,97,3.0,3.0,2.7,Pension,2017,11,0
1921,Berlin,Germany,103,3.1,3.0,3.9,Hotel,2017,11,0
1922,Berlin,Germany,138,2.5,4.0,4.5,Hotel,2017,11,0
1923,Berlin,Germany,109,3.5,4.0,4.4,Hotel,2017,11,0
1924,Berlin,Germany,84,2.7,3.0,3.2,Apartment,2017,11,0
1925,Berlin,Germany,66,2.9,4.0,3.9,Hotel,2017,11,0
1926,Berlin,Germany,82,2.5,4.0,4.1,Hotel,2017,11,0
1927,Berlin,Germany,68,2.9,2.0,3.2,Hotel,2017,11,0
1928,Berlin,Germany,104,2.6,4.0,4.3,Hotel,2017,11,0
1929,Berlin,Germany,81,3.0,2.5,3.9,Hotel,2017,11,0
1930,Berlin,Germany,64,3.4,3.0,3.2,Hotel,2017,11,0
1931,Berlin,Germany,52,2.8,3.0,3.0,Pension,2017,11,0
1933,Berlin,Germany,27,5.0,2.5,3.5,Hotel,2017,11,0
1934,Berlin,Germany,132,4.9,4.0,4.0,Hotel,2017,11,0
1935,Berlin,Germany,109,4.4,3.5,4.1,Hotel,2017,11,0
1937,Berlin,Germany,82,4.9,3.5,3.9,Hotel,2017,11,0
1938,Berlin,Germany,57,4.2,2.0,4.0,Hotel,2017,11,0
1939,Berlin,Germany,41,4.5,2.0,3.0,Hostel,2017,11,0
1940,Berlin,Germany,84,4.3,3.0,3.7,Hotel,2017,11,0
1941,Berlin,Germany,84,4.1,3.0,4.0,Hotel,2017,11,0
1942,Berlin,Germany,124,4.2,4.0,4.1,Hotel,2017,11,0
1944,Berlin,Germany,22,4.0,1.0,3.7,Hostel,2017,11,0
1947,Berlin,Germany,91,4.9,3.0,4.0,Hotel,2017,11,0
1948,Berlin,Germany,121,3.7,4.0,4.1,Hotel,2017,11,0
1949,Berlin,Germany,107,4.1,3.0,3.0,Hotel,2017,11,0
1950,Berlin,Germany,92,3.2,4.5,4.3,Hotel,2017,11,0
1951,Berlin,Germany,100,4.2,4.0,4.1,Hotel,2017,11,0
1952,Berlin,Germany,64,4.6,3.0,3.0,Pension,2017,11,0
1953,Berlin,Germany,125,4.3,3.0,3.7,Hotel,2017,11,0
1954,Berlin,Germany,66,4.9,2.5,2.9,Pension,2017,11,0
1955,Berlin,Germany,102,4.9,3.0,3.7,Hotel,2017,11,0
1956,Berlin,Germany,76,4.5,4.0,3.5,Hotel,2017,11,0
1957,Berlin,Germany,107,4.3,4.0,4.4,Hotel,2017,11,0
1958,Berlin,Germany,40,3.8,2.0,2.4,Hostel,2017,11,0
1959,Berlin,Germany,69,5.0,3.5,4.0,Hotel,2017,11,0
1960,Berlin,Germany,113,4.0,4.0,4.5,Hotel,2017,11,0
1961,Berlin,Germany,81,4.2,3.0,3.7,Hotel,2017,11,0
1962,Berlin,Germany,51,4.3,3.0,3.5,Hotel,2017,11,0
1963,Berlin,Germany,85,4.2,2.0,3.7,Hostel,2017,11,0
1964,Berlin,Germany,101,4.2,,4.5,Hotel,2017,11,0
1965,Berlin,Germany,108,4.8,3.0,4.1,Hotel,2017,11,0
1966,Berlin,Germany,52,3.8,2.0,3.2,Hostel,2017,11,0
1968,Berlin,Germany,89,3.4,2.5,3.9,Hotel,2017,11,0
1969,Berlin,Germany,77,3.4,3.0,4.5,Hotel,2017,11,0
1970,Berlin,Germany,77,3.5,4.0,4.1,Hotel,2017,11,0
1971,Berlin,Germany,188,2.9,4.0,4.5,Hotel,2017,11,0
1972,Berlin,Germany,114,3.4,4.0,3.9,Hotel,2017,11,0
1973,Berlin,Germany,100,1.7,4.0,4.5,Hotel,2017,11,0
1974,Berlin,Germany,151,2.3,3.5,4.5,Hotel,2017,11,0
1975,Berlin,Germany,91,1.5,3.0,4.1,Hotel,2017,11,0
1976,Berlin,Germany,81,1.6,2.5,4.0,Hotel,2017,11,0
1977,Berlin,Germany,117,1.6,4.0,4.0,Hotel,2017,11,0
1978,Berlin,Germany,118,1.8,4.0,4.1,Hotel,2017,11,0
1979,Berlin,Germany,359,1.9,4.0,5.0,Apartment,2017,11,0
1980,Berlin,Germany,74,2.2,2.5,4.0,Hotel,2017,11,0
1981,Berlin,Germany,109,1.6,4.5,4.4,Hotel,2017,11,0
1982,Berlin,Germany,46,1.9,2.0,3.7,Hostel,2017,11,0
1983,Berlin,Germany,82,3.5,3.0,4.3,Hotel,2017,11,0
1984,Berlin,Germany,85,1.8,4.0,4.0,Hotel,2017,11,0
1985,Berlin,Germany,117,2.4,3.0,4.3,Hotel,2017,11,0
1986,Berlin,Germany,64,3.2,3.0,3.9,Hotel,2017,11,0
1987,Berlin,Germany,92,3.5,3.0,3.9,Hotel,2017,11,0
1988,Berlin,Germany,96,1.4,3.0,4.1,Hotel,2017,11,0
1989,Berlin,Germany,65,2.0,1.0,3.5,Hostel,2017,11,0
1990,Berlin,Germany,103,1.9,3.0,4.4,Apartment,2017,11,0
1991,Berlin,Germany,46,2.1,2.0,3.0,Hostel,2017,11,0
1992,Berlin,Germany,131,2.3,3.5,4.1,Hotel,2017,11,0
1994,Berlin,Germany,176,1.5,4.5,4.5,Hotel,2017,11,0
1995,Berlin,Germany,92,1.8,3.0,3.9,Hotel,2017,11,0
1996,Berlin,Germany,92,1.7,4.0,4.1,Hotel,2017,11,0
1997,Berlin,Germany,98,1.7,3.0,4.0,Hotel,2017,11,0
1998,Berlin,Germany,69,1.6,2.0,4.0,Hostel,2017,11,0
1999,Berlin,Germany,57,1.8,2.0,4.0,Hostel,2017,11,0
2000,Berlin,Germany,61,1.9,2.0,3.5,Hotel,2017,11,0
2001,Berlin,Germany,84,2.7,2.0,2.7,Pension,2017,11,0
2002,Berlin,Germany,71,2.2,3.0,4.1,Apartment,2017,11,0
2003,Berlin,Germany,138,1.9,3.0,4.9,Hotel,2017,11,0
2004,Berlin,Germany,156,2.0,4.0,3.7,Hotel,2017,11,0
2005,Berlin,Germany,64,7.4,3.0,4.0,Hotel,2017,11,0
2006,Berlin,Germany,87,7.2,4.0,3.9,Hotel,2017,11,0
2007,Berlin,Germany,43,6.5,3.0,3.5,Hotel,2017,11,0
2008,Berlin,Germany,92,5.9,3.0,4.1,Hotel,2017,11,0
2010,Berlin,Germany,63,5.5,4.0,3.4,Hotel,2017,11,0
2011,Berlin,Germany,77,5.5,4.0,3.2,Hotel,2017,11,0
2012,Berlin,Germany,82,5.5,4.0,3.9,Hotel,2017,11,0
2014,Berlin,Germany,58,5.7,3.0,3.7,Hotel,2017,11,0
2015,Berlin,Germany,50,7.7,3.0,3.2,Hotel,2017,11,0
2016,Berlin,Germany,63,6.4,3.5,3.0,Hotel,2017,11,0
2017,Berlin,Germany,75,6.2,3.0,3.7,Hotel,2017,11,0
2018,Berlin,Germany,51,6.2,2.0,4.5,Hostel,2017,11,0
2019,Berlin,Germany,85,9.6,3.0,4.4,Pension,2017,11,0
2021,Berlin,Germany,54,7.1,3.0,3.5,Hotel,2017,11,0
2023,Berlin,Germany,71,11.0,3.0,3.7,Hotel,2017,11,0
2024,Berlin,Germany,53,9.8,3.0,3.2,Hotel,2017,11,0
2026,Berlin,Germany,132,2.2,3.0,4.3,Hotel,2017,11,0
2027,Berlin,Germany,69,0.7,3.0,2.9,Hotel,2017,11,0
2028,Berlin,Germany,81,2.8,2.0,4.0,Hotel,2017,11,0
2029,Berlin,Germany,99,2.8,2.5,4.0,Hotel,2017,11,0
2031,Berlin,Germany,42,2.0,2.0,3.7,Hostel,2017,11,0
2032,Berlin,Germany,141,1.8,4.0,4.5,Hotel,2017,11,0
2033,Berlin,Germany,124,1.8,4.0,4.0,Hotel,2017,11,0
2035,Berlin,Germany,124,1.8,4.0,4.1,Hotel,2017,11,0
2036,Berlin,Germany,109,1.9,3.0,4.0,Hotel,2017,11,0
2037,Berlin,Germany,52,1.0,3.0,3.5,Hotel,2017,11,0
2038,Berlin,Germany,186,1.0,5.0,4.5,Hotel,2017,11,0
2039,Berlin,Germany,100,0.6,3.0,4.3,Hotel,2017,11,0
2041,Berlin,Germany,74,1.7,2.0,3.5,Hotel,2017,11,0
2042,Berlin,Germany,145,1.3,3.5,4.3,Hotel,2017,11,0
2043,Berlin,Germany,96,1.6,3.0,3.4,Hotel,2017,11,0
2044,Berlin,Germany,101,1.8,4.0,4.4,Hotel,2017,11,0
2045,Berlin,Germany,120,1.8,4.0,4.3,Hotel,2017,11,0
2047,Berlin,Germany,77,1.6,3.5,3.9,Hotel,2017,11,0
2048,Berlin,Germany,155,1.9,4.0,4.5,Hotel,2017,11,0
2049,Berlin,Germany,145,1.9,4.5,4.6,Hotel,2017,11,0
2050,Berlin,Germany,88,1.2,3.0,4.3,Hotel,2017,11,0
2052,Berlin,Germany,106,3.1,3.5,3.7,Apart-hotel,2017,11,0
2053,Berlin,Germany,41,3.1,2.0,4.0,Hostel,2017,11,0
2054,Berlin,Germany,112,1.0,4.0,4.4,Hotel,2017,11,0
2055,Berlin,Germany,56,3.3,2.5,4.1,Hotel,2017,11,0
2056,Berlin,Germany,28,1.2,2.0,3.5,Hotel,2017,11,0
2057,Berlin,Germany,90,1.1,2.0,3.9,Hostel,2017,11,0
2058,Berlin,Germany,55,2.7,2.5,3.4,Pension,2017,11,0
2059,Berlin,Germany,69,3.1,3.0,3.7,Hotel,2017,11,0
2060,Berlin,Germany,74,1.9,3.0,3.5,Pension,2017,11,0
2061,Berlin,Germany,110,3.3,4.0,3.7,Hotel,2017,11,0
2062,Berlin,Germany,71,3.2,2.5,3.4,Hotel,2017,11,0
2063,Berlin,Germany,97,3.3,3.0,3.9,Hotel,2017,11,0
2064,Berlin,Germany,66,0.7,2.0,2.9,Hostel,2017,11,0
2065,Berlin,Germany,143,1.6,4.0,4.5,Hotel,2017,11,0
2066,Berlin,Germany,83,2.1,2.0,3.7,Hotel,2017,11,0
2067,Berlin,Germany,150,2.0,4.0,4.5,Hotel,2017,11,0
2069,Berlin,Germany,190,2.8,3.0,5.0,Apartment,2017,11,0
2071,Berlin,Germany,102,0.9,3.5,4.0,Hotel,2017,11,0
2072,Berlin,Germany,102,0.8,3.5,4.0,Hotel,2017,11,0
2073,Berlin,Germany,146,0.7,4.0,4.6,Hotel,2017,11,0
2074,Berlin,Germany,114,0.7,4.0,4.3,Hotel,2017,11,0
2075,Berlin,Germany,190,1.1,4.0,3.9,Hotel,2017,11,0
2076,Berlin,Germany,92,1.0,2.0,4.1,Hostel,2017,11,0
2077,Berlin,Germany,102,0.5,3.0,4.4,Hotel,2017,11,0
2078,Berlin,Germany,103,1.3,4.0,4.3,Hotel,2017,11,0
2079,Berlin,Germany,115,1.7,3.0,4.0,Hotel,2017,11,0
2080,Berlin,Germany,32,1.2,2.0,3.7,Hostel,2017,11,0
2081,Berlin,Germany,70,1.0,3.0,3.7,Hotel,2017,11,0
2082,Berlin,Germany,77,1.0,3.0,4.0,Pension,2017,11,0
2083,Berlin,Germany,68,1.0,2.5,3.9,Pension,2017,11,0
2084,Berlin,Germany,58,1.1,1.0,,Hostel,2017,11,0
2085,Berlin,Germany,89,5.6,4.0,3.7,Hotel,2017,11,0
2086,Berlin,Germany,91,3.6,1.5,1.5,Hostel,2017,11,0
2087,Berlin,Germany,84,4.0,3.0,4.0,Hotel,2017,11,0
2088,Berlin,Germany,105,4.0,4.0,4.0,Hotel,2017,11,0
2089,Berlin,Germany,77,5.4,3.0,4.0,Hotel,2017,11,0
2090,Berlin,Germany,88,5.1,3.0,3.7,Hotel,2017,11,0
2091,Berlin,Germany,61,7.1,4.0,3.9,Hotel,2017,11,0
2092,Berlin,Germany,60,7.2,3.0,3.4,Hotel,2017,11,0
2093,Berlin,Germany,68,5.0,2.0,4.0,Hostel,2017,11,0
2094,Berlin,Germany,59,4.9,3.0,3.7,Hotel,2017,11,0
2095,Berlin,Germany,67,3.7,3.0,3.7,Hotel,2017,11,0
2096,Berlin,Germany,63,7.1,3.0,3.7,Hotel,2017,11,0
2097,Berlin,Germany,89,3.5,4.0,4.4,Hotel,2017,11,0
2098,Berlin,Germany,172,3.2,4.0,4.8,Hotel,2017,11,0
2099,Berlin,Germany,90,3.8,3.0,3.5,Pension,2017,11,0
2100,Berlin,Germany,83,3.5,2.0,4.0,Pension,2017,11,0
2101,Berlin,Germany,91,2.8,2.0,4.4,Hostel,2017,11,0
2102,Berlin,Germany,62,3.9,2.0,4.4,Pension,2017,11,0
2103,Berlin,Germany,81,3.5,3.0,3.7,Pension,2017,11,0
2104,Berlin,Germany,103,3.5,3.5,3.9,Pension,2017,11,0
2105,Berlin,Germany,161,3.7,3.0,4.0,Hotel,2017,11,0
2106,Berlin,Germany,89,3.5,3.0,4.0,Hotel,2017,11,0
2108,Berlin,Germany,132,3.4,3.5,4.1,Hotel,2017,11,0
2109,Berlin,Germany,85,3.3,2.0,3.7,Hotel,2017,11,0
2110,Berlin,Germany,81,3.4,2.0,3.7,Hotel,2017,11,0
2111,Berlin,Germany,156,3.5,3.5,4.1,Apartment,2017,11,0
2112,Berlin,Germany,137,4.6,4.5,4.5,Hotel,2017,11,0
2113,Berlin,Germany,89,3.4,3.0,3.7,Apartment,2017,11,0
2114,Berlin,Germany,150,3.1,4.0,4.5,Hotel,2017,11,0
2115,Berlin,Germany,73,3.4,3.0,3.7,Pension,2017,11,0
2117,Berlin,Germany,161,3.0,4.0,4.5,Hotel,2017,11,0
2118,Berlin,Germany,68,3.5,2.0,4.4,Hostel,2017,11,0
2119,Berlin,Germany,103,3.8,3.0,3.4,Hotel,2017,11,0
2120,Berlin,Germany,77,4.0,4.0,4.0,Hotel,2017,11,0
2121,Berlin,Germany,89,3.0,2.5,4.1,Hotel,2017,11,0
2123,Berlin,Germany,154,3.2,4.0,4.0,Hotel,2017,11,0
2124,Berlin,Germany,41,2.9,2.0,4.4,Hostel,2017,11,0
2125,Berlin,Germany,103,2.8,3.0,3.7,Hotel,2017,11,0
2126,Berlin,Germany,71,3.0,2.0,3.7,Hotel,2017,11,0
2127,Berlin,Germany,98,2.7,3.5,4.1,Apartment,2017,11,0
2128,Berlin,Germany,91,3.4,3.0,,Pension,2017,11,0
2129,Berlin,Germany,40,4.6,2.0,3.4,Hostel,2017,11,0
2130,Berlin,Germany,110,4.6,3.5,4.5,Hotel,2017,11,0
2134,Berlin,Germany,45,1.1,3.0,2.5,Pension,2017,11,0
2136,Berlin,Germany,80,1.1,3.5,4.0,Apart-hotel,2017,11,0
2137,Berlin,Germany,44,2.0,2.0,3.0,Pension,2017,11,0
2138,Berlin,Germany,117,1.2,3.0,3.7,Pension,2017,11,0
2139,Berlin,Germany,65,1.2,3.0,3.4,Hotel,2017,11,0
2140,Berlin,Germany,51,1.7,2.0,3.7,Hotel,2017,11,0
2141,Berlin,Germany,66,2.2,2.5,2.0,Hotel,2017,11,0
2142,Berlin,Germany,106,2.0,3.5,3.9,Hotel,2017,11,0
2144,Berlin,Germany,59,1.4,2.0,3.0,Hotel,2017,11,0
2145,Berlin,Germany,100,2.3,3.0,4.5,Apartment,2017,11,0
2146,Berlin,Germany,72,1.2,3.0,3.7,Hotel,2017,11,0
2147,Berlin,Germany,76,1.3,3.0,2.4,Hotel,2017,11,0
2148,Berlin,Germany,83,1.4,3.0,4.4,Hotel,2017,11,0
2150,Berlin,Germany,113,11.0,3.5,4.1,Hotel,2017,11,0
2151,Berlin,Germany,138,11.0,4.0,4.3,Hotel,2017,11,0
2153,Berlin,Germany,103,11.0,4.0,3.9,Hotel,2017,11,0
2154,Berlin,Germany,92,6.3,3.0,4.0,Hotel,2017,11,0
2155,Berlin,Germany,87,6.0,4.0,4.0,Hotel,2017,11,0
2156,Berlin,Germany,90,6.0,3.5,3.7,Hotel,2017,11,0
2157,Berlin,Germany,91,6.5,2.5,4.0,Hotel,2017,11,0
2159,Berlin,Germany,132,3.6,4.0,3.9,Hotel,2017,11,0
2160,Berlin,Germany,87,6.4,3.0,4.4,Hotel,2017,11,0
2161,Berlin,Germany,92,4.1,4.0,3.5,Hotel,2017,11,0
2162,Berlin,Germany,87,7.1,3.0,3.2,Pension,2017,11,0
2163,Berlin,Germany,91,6.9,2.5,1.0,Hotel,2017,11,0
2164,Berlin,Germany,115,3.7,3.0,4.1,Hotel,2017,11,0
2166,Berlin,Germany,82,2.8,2.5,4.3,Pension,2017,11,0
2168,Berlin,Germany,121,3.5,3.0,4.4,Hotel,2017,11,0
2169,Berlin,Germany,150,3.1,3.0,4.4,Pension,2017,11,0
2171,Berlin,Germany,85,1.1,3.0,4.1,Hotel,2017,11,0
2172,Berlin,Germany,168,0.5,5.0,4.6,Hotel,2017,11,0
2173,Berlin,Germany,161,0.6,5.0,4.6,Hotel,2017,11,0
2174,Berlin,Germany,309,0.3,5.0,4.8,Hotel,2017,11,0
2175,Berlin,Germany,116,1.3,3.5,4.5,Apart-hotel,2017,11,0
2176,Berlin,Germany,100,1.2,3.5,4.5,Hotel,2017,11,0
2177,Berlin,Germany,113,1.2,4.0,4.5,Hotel,2017,11,0
2178,Berlin,Germany,105,0.8,3.5,3.9,Pension,2017,11,0
2179,Berlin,Germany,65,0.6,3.0,3.9,Hotel,2017,11,0
2180,Berlin,Germany,46,0.8,2.0,3.7,Hostel,2017,11,0
2181,Berlin,Germany,91,0.7,3.5,4.0,Hotel,2017,11,0
2182,Berlin,Germany,71,1.2,3.0,2.9,Pension,2017,11,0
2183,Berlin,Germany,68,0.7,3.5,4.1,Hotel,2017,11,0
2185,Berlin,Germany,106,0.7,4.5,4.0,Hotel,2017,11,0
2186,Berlin,Germany,138,0.6,5.0,4.4,Hotel,2017,11,0
2187,Berlin,Germany,221,1.0,5.0,4.6,Hotel,2017,11,0
2190,Berlin,Germany,193,1.0,5.0,4.6,Hotel,2017,11,0
2192,Berlin,Germany,69,1.0,3.0,2.5,Hotel,2017,11,0
2193,Berlin,Germany,103,1.0,4.0,4.4,Apart-hotel,2017,11,0
2195,Berlin,Germany,135,0.4,4.5,4.5,Hotel,2017,11,0
2196,Berlin,Germany,79,5.3,4.0,4.5,Hotel,2017,11,0
2198,Berlin,Germany,68,4.8,2.5,3.4,Pension,2017,11,0
2199,Berlin,Germany,86,0.7,3.0,3.7,Hotel,2017,11,0
2200,Berlin,Germany,60,0.7,2.5,3.0,Hotel,2017,11,0
2201,Berlin,Germany,188,1.1,5.0,4.6,Hotel,2017,11,0
2202,Berlin,Germany,120,1.1,4.0,4.4,Hotel,2017,11,0
2203,Berlin,Germany,150,1.1,5.0,4.5,Hotel,2017,11,0
2204,Berlin,Germany,82,1.0,3.0,4.0,Hotel,2017,11,0
2205,Berlin,Germany,82,0.8,2.5,4.4,Hotel,2017,11,0
2206,Berlin,Germany,80,0.8,3.0,3.7,Hotel,2017,11,0
2207,Berlin,Germany,77,1.5,3.0,3.5,Hotel,2017,11,0
2208,Berlin,Germany,96,1.6,3.5,4.1,Hotel,2017,11,0
2209,Berlin,Germany,102,1.6,4.0,4.0,Hotel,2017,11,0
2210,Berlin,Germany,80,1.6,3.0,3.7,Pension,2017,11,0
2211,Berlin,Germany,163,0.8,4.0,4.6,Hotel,2017,11,0
2212,Berlin,Germany,142,0.8,5.0,4.5,Hotel,2017,11,0
2213,Berlin,Germany,143,1.1,4.5,4.3,Hotel,2017,11,0
2214,Berlin,Germany,103,1.3,3.0,3.7,Pension,2017,11,0
2215,Berlin,Germany,65,1.3,3.0,3.7,Pension,2017,11,0
2216,Berlin,Germany,112,1.1,4.5,4.0,Hotel,2017,11,0
2217,Berlin,Germany,72,1.2,3.0,4.0,Hotel,2017,11,0
2218,Berlin,Germany,118,1.1,4.0,4.0,Hotel,2017,11,0
2219,Berlin,Germany,85,1.1,3.0,4.5,Pension,2017,11,0
2220,Berlin,Germany,96,1.0,3.0,3.9,Hotel,2017,11,0
2221,Berlin,Germany,107,1.1,3.0,4.3,Apart-hotel,2017,11,0
2222,Berlin,Germany,95,1.3,4.0,4.4,Hotel,2017,11,0
2223,Berlin,Germany,97,1.3,4.0,4.1,Hotel,2017,11,0
2224,Berlin,Germany,86,1.0,,3.5,Hotel,2017,11,0
2225,Berlin,Germany,250,0.9,5.0,4.5,Hotel,2017,11,0
2226,Berlin,Germany,131,1.0,4.5,4.4,Hotel,2017,11,0
2227,Berlin,Germany,81,1.0,3.0,4.0,Hotel,2017,11,0
2228,Berlin,Germany,116,1.2,3.5,4.0,Apartment,2017,11,0
2229,Berlin,Germany,77,1.2,3.0,4.0,Hotel,2017,11,0
2230,Berlin,Germany,113,1.1,4.0,4.5,Hotel,2017,11,0
2231,Berlin,Germany,71,1.0,3.0,3.4,Hotel,2017,11,0
2232,Berlin,Germany,80,1.1,3.0,3.7,Hotel,2017,11,0
2233,Berlin,Germany,69,1.4,2.5,2.5,Hotel,2017,11,0
2234,Berlin,Germany,75,1.2,3.0,4.0,Pension,2017,11,0
2235,Berlin,Germany,156,1.3,4.0,4.4,Hotel,2017,11,0
2236,Berlin,Germany,114,0.9,3.5,4.4,Hotel,2017,11,0
2237,Berlin,Germany,72,1.3,3.0,4.1,Hotel,2017,11,0
2239,Berlin,Germany,85,0.9,4.0,3.9,Hotel,2017,11,0
2240,Berlin,Germany,87,1.0,3.0,3.9,Apart-hotel,2017,11,0
2241,Berlin,Germany,97,1.5,4.0,3.9,Hotel,2017,11,0
2242,Berlin,Germany,88,1.5,3.0,3.7,Hotel,2017,11,0
2243,Berlin,Germany,125,1.4,4.0,4.4,Hotel,2017,11,0
2244,Berlin,Germany,69,1.2,3.0,3.7,Hotel,2017,11,0
2245,Berlin,Germany,124,1.2,4.0,4.5,Hotel,2017,11,0
2246,Berlin,Germany,143,1.3,4.0,4.5,Hotel,2017,11,0
2247,Berlin,Germany,49,1.9,3.0,2.7,Hotel,2017,11,0
2248,Berlin,Germany,105,1.1,4.0,4.4,Hotel,2017,11,0
2249,Berlin,Germany,113,1.2,5.0,4.1,Hotel,2017,11,0
2250,Berlin,Germany,73,1.4,4.0,3.7,Hotel,2017,11,0
2251,Berlin,Germany,80,1.9,3.0,3.9,Hotel,2017,11,0
2252,Berlin,Germany,77,1.9,3.0,3.4,Hotel,2017,11,0
2253,Berlin,Germany,138,1.5,4.0,4.4,Hotel,2017,11,0
2254,Berlin,Germany,89,1.4,,4.0,Hotel,2017,11,0
2255,Berlin,Germany,228,1.1,5.0,4.5,Hotel,2017,11,0
2256,Berlin,Germany,104,1.6,4.0,4.4,Hotel,2017,11,0
2257,Berlin,Germany,68,1.7,3.0,3.0,Hotel,2017,11,0
2258,Berlin,Germany,88,1.7,3.0,3.2,Hotel,2017,11,0
2259,Berlin,Germany,91,1.0,4.0,3.7,Hotel,2017,11,0
2260,Berlin,Germany,162,1.5,3.0,3.2,Hotel,2017,11,0
2261,Berlin,Germany,83,1.5,4.0,4.0,Hotel,2017,11,0
2262,Berlin,Germany,102,1.5,,4.4,Apart-hotel,2017,11,0
2263,Berlin,Germany,46,1.3,2.0,3.9,Hostel,2017,11,0
2264,Berlin,Germany,88,1.5,4.0,4.3,Hotel,2017,11,0
2265,Berlin,Germany,137,1.0,5.0,4.3,Hotel,2017,11,0
2266,Berlin,Germany,92,0.9,4.0,4.3,Hotel,2017,11,0
2267,Berlin,Germany,80,1.3,4.0,3.5,Hotel,2017,11,0
2268,Berlin,Germany,133,1.2,4.0,4.1,Hotel,2017,11,0
2271,Berlin,Germany,52,1.5,2.5,3.7,Pension,2017,11,0
2272,Berlin,Germany,81,1.1,3.0,3.7,Hotel,2017,11,0
2273,Berlin,Germany,72,1.0,3.0,4.1,Hotel,2017,11,0
2274,Berlin,Germany,61,1.6,3.0,3.2,Pension,2017,11,0
2275,Berlin,Germany,104,1.2,4.5,4.4,Hotel,2017,11,0
2276,Berlin,Germany,80,1.1,3.0,3.5,Pension,2017,11,0
2277,Berlin,Germany,103,1.0,4.0,4.0,Hotel,2017,11,0
2278,Berlin,Germany,104,0.8,4.5,4.4,Hotel,2017,11,0
2279,Berlin,Germany,63,1.0,3.0,3.2,Hotel,2017,11,0
2280,Berlin,Germany,170,1.1,5.0,4.8,Hotel,2017,11,0
2281,Berlin,Germany,59,2.0,,2.2,Hotel,2017,11,0
2282,Berlin,Germany,76,0.9,3.0,3.7,Hotel,2017,11,0
2283,Berlin,Germany,70,1.2,3.0,3.7,Apart-hotel,2017,11,0
2284,Berlin,Germany,114,1.2,3.5,4.4,Hotel,2017,11,0
2285,Berlin,Germany,1078,1.2,3.0,3.0,Pension,2017,11,0
2286,Berlin,Germany,67,1.7,,3.7,Pension,2017,11,0
2287,Berlin,Germany,73,1.7,3.0,3.7,Pension,2017,11,0
2288,Berlin,Germany,58,1.6,3.5,3.9,Hotel,2017,11,0
2289,Berlin,Germany,69,1.8,3.0,3.2,Hotel,2017,11,0
2290,Berlin,Germany,84,1.8,3.0,3.5,Pension,2017,11,0
2291,Berlin,Germany,103,1.0,4.0,4.5,Hotel,2017,11,0
2292,Berlin,Germany,48,2.3,3.0,3.7,Hotel,2017,11,0
2293,Berlin,Germany,63,2.6,3.0,3.5,Hotel,2017,11,0
2294,Berlin,Germany,72,2.2,2.5,4.0,Hotel,2017,11,0
2295,Berlin,Germany,135,2.1,3.5,5.0,Hotel,2017,11,0
2296,Berlin,Germany,91,1.9,3.0,4.3,Pension,2017,11,0
2297,Berlin,Germany,71,1.8,4.0,4.3,Hotel,2017,11,0
2298,Berlin,Germany,80,1.9,4.0,3.9,Hotel,2017,11,0
2299,Berlin,Germany,56,1.8,3.0,3.0,Hotel,2017,11,0
2300,Berlin,Germany,91,1.9,3.5,3.9,Hotel,2017,11,0
2301,Berlin,Germany,63,2.1,3.0,3.5,Pension,2017,11,0
2302,Berlin,Germany,66,1.8,4.0,3.9,Hotel,2017,11,0
2303,Berlin,Germany,84,2.3,3.0,4.0,Hotel,2017,11,0
2304,Berlin,Germany,40,2.7,2.0,4.4,Hostel,2017,11,0
2305,Berlin,Germany,77,1.9,3.0,3.2,Hotel,2017,11,0
2306,Berlin,Germany,64,2.0,3.0,3.4,Hotel,2017,11,0
2307,Berlin,Germany,130,1.9,3.0,4.0,Hotel,2017,11,0
2308,Berlin,Germany,52,1.5,3.0,3.5,Hotel,2017,11,0
2309,Berlin,Germany,91,1.9,3.5,4.1,Apart-hotel,2017,11,0
2310,Berlin,Germany,51,2.1,3.0,3.5,Hotel,2017,11,0
2311,Berlin,Germany,114,1.7,2.5,4.5,Hotel,2017,11,0
2312,Berlin,Germany,66,1.7,2.5,2.9,Pension,2017,11,0
2313,Berlin,Germany,47,1.5,2.0,3.7,Hostel,2017,11,0
2314,Berlin,Germany,67,1.5,3.0,3.2,Pension,2017,11,0
2315,Berlin,Germany,104,1.5,4.5,4.3,Hotel,2017,11,0
2316,Berlin,Germany,91,2.7,2.5,4.0,Hotel,2017,11,0
2317,Berlin,Germany,62,1.2,3.0,3.7,Hotel,2017,11,0
2318,Berlin,Germany,62,1.4,2.5,3.7,Hotel,2017,11,0
2319,Berlin,Germany,113,1.6,3.0,4.4,Hotel,2017,11,0
2320,Berlin,Germany,60,2.1,3.0,3.0,Hotel,2017,11,0
2321,Berlin,Germany,100,2.0,4.0,3.9,Hotel,2017,11,0
2322,Berlin,Germany,56,1.9,3.0,3.0,Pension,2017,11,0
2323,Berlin,Germany,56,1.9,2.5,3.5,Pension,2017,11,0
2324,Birmingham,United Kingdom,89,1.0,3.0,3.7,Hotel,2017,11,0
2325,Birmingham,United Kingdom,172,0.8,4.0,4.1,Hotel,2017,11,0
2326,Birmingham,United Kingdom,64,0.5,2.5,3.7,Hotel,2017,11,0
2327,Birmingham,United Kingdom,210,0.4,4.0,4.3,Hotel,2017,11,0
2330,Birmingham,United Kingdom,70,0.8,3.5,3.7,Inn,2017,11,0
2332,Birmingham,United Kingdom,211,1.1,4.0,4.1,Hotel,2017,11,0
2333,Birmingham,United Kingdom,221,0.3,4.0,3.7,Hotel,2017,11,0
2334,Birmingham,United Kingdom,148,3.1,3.0,4.0,Hotel,2017,11,0
2335,Birmingham,United Kingdom,56,3.1,2.5,3.7,Hotel,2017,11,0
2336,Birmingham,United Kingdom,156,0.2,4.0,4.4,Apart-hotel,2017,11,0
2337,Birmingham,United Kingdom,81,1.4,3.5,3.5,Hotel,2017,11,0
2338,Birmingham,United Kingdom,65,2.0,2.5,1.0,Guest House,2017,11,0
2339,Birmingham,United Kingdom,97,0.7,3.0,2.0,Hotel,2017,11,0
2340,Birmingham,United Kingdom,65,1.6,2.5,,Apartment,2017,11,0
2341,Birmingham,United Kingdom,184,0.7,4.0,4.4,Hotel,2017,11,0
2343,Birmingham,United Kingdom,63,1.8,2.0,,Guest House,2017,11,0
2344,Birmingham,United Kingdom,141,8.1,3.0,3.9,Inn,2017,11,0
2345,Birmingham,United Kingdom,98,3.8,3.0,4.5,Guest House,2017,11,0
2347,Birmingham,United Kingdom,221,0.5,4.0,4.5,Hotel,2017,11,0
2348,Birmingham,United Kingdom,85,3.8,3.0,4.0,Guest House,2017,11,0
2349,Birmingham,United Kingdom,95,1.9,3.5,2.7,Hotel,2017,11,0
2350,Birmingham,United Kingdom,88,0.5,2.5,3.7,Hotel,2017,11,0
2351,Birmingham,United Kingdom,57,0.6,2.5,3.7,Inn,2017,11,0
2352,Birmingham,United Kingdom,148,0.5,3.5,4.5,Hotel,2017,11,0
2353,Birmingham,United Kingdom,191,2.7,3.0,,Apartment,2017,11,0
2354,Birmingham,United Kingdom,76,2.1,3.0,3.2,Hotel,2017,11,0
2355,Birmingham,United Kingdom,800,0.6,4.0,4.5,Hotel,2017,11,0
2356,Birmingham,United Kingdom,65,1.6,2.5,1.0,Guest House,2017,11,0
2357,Birmingham,United Kingdom,176,0.8,3.0,4.1,Hotel,2017,11,0
2358,Birmingham,United Kingdom,105,0.2,2.5,3.9,Hotel,2017,11,0
2359,Birmingham,United Kingdom,65,2.7,2.0,2.7,Hotel,2017,11,0
2361,Birmingham,United Kingdom,108,1.9,4.0,3.5,Hotel,2017,11,0
2363,Birmingham,United Kingdom,183,1.3,4.0,4.9,Hotel,2017,11,0
2364,Birmingham,United Kingdom,65,2.2,2.5,,Guest House,2017,11,0
2365,Birmingham,United Kingdom,168,0.7,3.5,4.1,Hotel,2017,11,0
2366,Birmingham,United Kingdom,85,2.1,3.0,3.0,Hotel,2017,11,0
2368,Birmingham,United Kingdom,159,2.4,3.5,,Apartment,2017,11,0
2369,Birmingham,United Kingdom,260,0.8,4.0,4.6,Apartment,2017,11,0
2370,Birmingham,United Kingdom,203,1.0,4.0,,Apartment,2017,11,0
2371,Birmingham,United Kingdom,91,2.4,3.0,4.0,Hotel,2017,11,0
2372,Birmingham,United Kingdom,85,9.7,3.0,4.9,Bed and breakfast,2017,11,0
2373,Birmingham,United Kingdom,84,2.6,3.0,3.7,Hotel,2017,11,0
2374,Birmingham,United Kingdom,63,2.5,2.5,3.4,Hotel,2017,11,0
2375,Birmingham,United Kingdom,36,1.9,2.5,3.0,Guest House,2017,11,0
2376,Birmingham,United Kingdom,65,2.1,2.5,,Guest House,2017,11,0
2377,Birmingham,United Kingdom,63,2.7,2.5,,Apartment,2017,11,0
2378,Birmingham,United Kingdom,91,4.7,2.5,,Bed and breakfast,2017,11,0
2379,Birmingham,United Kingdom,94,2.1,3.0,3.5,Guest House,2017,11,0
2380,Birmingham,United Kingdom,63,2.7,2.5,,Guest House,2017,11,0
2381,Birmingham,United Kingdom,94,3.7,3.0,3.2,Hotel,2017,11,0
2383,Birmingham,United Kingdom,61,0.5,2.5,3.4,Hotel,2017,11,0
2384,Birmingham,United Kingdom,32,0.4,2.0,3.5,Vacation home Condo,2017,11,0
2385,Birmingham,United Kingdom,140,0.5,3.0,4.0,Hotel,2017,11,0
2387,Birmingham,United Kingdom,63,2.2,2.5,,Guest House,2017,11,0
2388,Birmingham,United Kingdom,170,0.8,4.0,4.0,Hotel,2017,11,0
2390,Birmingham,United Kingdom,120,6.5,4.0,4.3,Bed and breakfast,2017,11,0
2391,Birmingham,United Kingdom,118,4.7,3.5,4.9,Hotel,2017,11,0
2393,Birmingham,United Kingdom,105,3.6,3.0,3.9,Hotel,2017,11,0
2394,Birmingham,United Kingdom,141,0.6,3.5,4.0,Apartment,2017,11,0
2395,Birmingham,United Kingdom,210,0.5,3.5,,Apartment,2017,11,0
2397,Birmingham,United Kingdom,62,0.7,3.0,3.2,Hostel,2017,11,0
2398,Birmingham,United Kingdom,169,0.7,3.5,4.1,Hotel,2017,11,0
2399,Birmingham,United Kingdom,212,0.3,4.0,4.5,Hotel,2017,11,0
2400,Birmingham,United Kingdom,143,7.1,3.0,4.0,Hotel,2017,11,0
2402,Birmingham,United Kingdom,196,0.7,3.0,,Apartment,2017,11,0
2403,Birmingham,United Kingdom,242,0.3,3.0,4.0,Apartment,2017,11,0
2404,Birmingham,United Kingdom,140,0.8,4.0,4.0,Apartment,2017,11,0
2405,Birmingham,United Kingdom,287,7.3,3.0,3.7,Hotel,2017,11,0
2406,Birmingham,United Kingdom,236,7.7,3.0,4.1,Hotel,2017,11,0
2407,Birmingham,United Kingdom,195,7.1,4.0,4.1,Hotel,2017,11,0
2408,Birmingham,United Kingdom,176,6.4,3.0,3.7,Hotel,2017,11,0
2409,Birmingham,United Kingdom,218,0.2,4.0,3.9,Hotel,2017,11,0
2410,Birmingham,United Kingdom,71,0.8,3.0,4.0,Hotel,2017,11,0
2411,Birmingham,United Kingdom,206,0.5,4.0,4.0,Hotel,2017,11,0
2412,Birmingham,United Kingdom,122,5.6,3.0,3.7,Hotel,2017,11,0
2413,Birmingham,United Kingdom,116,4.8,3.5,4.0,Hotel,2017,11,0
2414,Birmingham,United Kingdom,121,1.0,2.0,3.2,Hotel,2017,11,0
2415,Birmingham,United Kingdom,84,10.0,3.0,4.0,Guest House,2017,11,0
2416,Birmingham,United Kingdom,280,0.3,4.0,4.1,Hotel,2017,11,0
2418,Birmingham,United Kingdom,274,0.2,4.0,3.9,Apartment,2017,11,0
2419,Birmingham,United Kingdom,161,0.4,4.0,4.1,Hotel,2017,11,0
2420,Birmingham,United Kingdom,153,1.1,3.5,,Apartment,2017,11,0
2421,Birmingham,United Kingdom,128,7.7,3.0,3.9,Hotel,2017,11,0
2422,Birmingham,United Kingdom,75,2.0,3.0,3.5,Hotel,2017,11,0
2423,Birmingham,United Kingdom,129,4.7,3.0,3.9,Hotel,2017,11,0
2424,Birmingham,United Kingdom,128,7.9,3.0,4.4,Hotel,2017,11,0
2425,Birmingham,United Kingdom,211,0.2,3.5,4.5,Apart-hotel,2017,11,0
2426,Birmingham,United Kingdom,217,1.1,3.0,,Apartment,2017,11,0
2427,Birmingham,United Kingdom,497,7.8,4.0,3.7,Hotel,2017,11,0
2428,Birmingham,United Kingdom,97,0.1,3.0,2.5,Hotel,2017,11,0
2430,Birmingham,United Kingdom,102,5.2,3.0,3.5,Hotel,2017,11,0
2432,Birmingham,United Kingdom,416,7.8,4.0,4.1,Hotel,2017,11,0
2433,Birmingham,United Kingdom,92,7.5,3.0,4.0,Hotel,2017,11,0
2434,Birmingham,United Kingdom,89,8.5,3.5,4.3,Hotel,2017,11,0
2435,Birmingham,United Kingdom,240,0.0,4.0,4.6,Apartment,2017,11,0
2438,Birmingham,United Kingdom,96,0.2,3.0,3.2,Hotel,2017,11,0
2439,Birmingham,United Kingdom,225,0.5,4.0,4.1,Hotel,2017,11,0
2440,Birmingham,United Kingdom,168,1.0,4.0,4.1,Hotel,2017,11,0
2441,Birmingham,United Kingdom,60,3.6,3.0,3.5,Inn,2017,11,0
2443,Birmingham,United Kingdom,156,9.3,4.0,4.0,Hotel,2017,11,0
2444,Birmingham,United Kingdom,95,12.0,4.0,4.0,Guest House,2017,11,0
2445,Birmingham,United Kingdom,72,7.7,3.0,3.2,Hotel,2017,11,0
2446,Birmingham,United Kingdom,70,8.0,2.0,3.2,Hotel,2017,11,0
2447,Birmingham,United Kingdom,252,7.7,3.5,3.7,Hotel,2017,11,0
2448,Birmingham,United Kingdom,44,12.0,3.0,3.0,Hotel,2017,11,0
2449,Birmingham,United Kingdom,76,12.0,3.0,3.7,Inn,2017,11,0
2451,Birmingham,United Kingdom,38,3.8,3.0,1.8,Hotel,2017,11,0
2452,Birmingham,United Kingdom,63,4.4,2.5,,Guest House,2017,11,0
2453,Birmingham,United Kingdom,63,4.6,3.0,3.5,Guest House,2017,11,0
2454,Birmingham,United Kingdom,66,5.4,3.0,3.0,Hotel,2017,11,0
2455,Birmingham,United Kingdom,106,5.5,3.0,4.3,Hotel,2017,11,0
2457,Birmingham,United Kingdom,154,9.1,3.0,4.4,Hotel,2017,11,0
2458,Birmingham,United Kingdom,98,9.7,3.5,4.0,Guest House,2017,11,0
2459,Birmingham,United Kingdom,183,9.4,3.5,4.0,Hotel,2017,11,0
2460,Birmingham,United Kingdom,89,7.5,2.5,3.9,Bed and breakfast,2017,11,0
2464,Birmingham,United Kingdom,132,6.4,4.0,3.7,Hotel,2017,11,0
2465,Birmingham,United Kingdom,72,11.0,3.0,4.0,Hotel,2017,11,0
2467,Birmingham,United Kingdom,120,7.7,3.0,4.5,Guest House,2017,11,0
2470,Birmingham,United Kingdom,118,10.0,3.0,4.5,Bed and breakfast,2017,11,0
2471,Birmingham,United Kingdom,97,8.1,3.0,3.7,Guest House,2017,11,0
2472,Birmingham,United Kingdom,215,8.4,4.0,4.5,Hotel,2017,11,0
2473,Birmingham,United Kingdom,242,11.0,4.0,4.0,Hotel,2017,11,0
2475,Birmingham,United Kingdom,241,9.8,4.0,4.1,Hotel,2017,11,0
2476,Birmingham,United Kingdom,113,7.1,3.0,3.4,Hotel,2017,11,0
2477,Birmingham,United Kingdom,194,6.6,4.0,4.0,Hotel,2017,11,0
2479,Birmingham,United Kingdom,76,11.0,3.0,2.7,Hotel,2017,11,0
2480,Birmingham,United Kingdom,120,9.6,4.0,2.9,Hotel,2017,11,0
2481,Birmingham,United Kingdom,195,9.3,4.0,4.3,Hotel,2017,11,0
2482,Birmingham,United Kingdom,254,8.1,4.0,4.8,Hotel,2017,11,0
2483,Birmingham,United Kingdom,87,7.0,3.0,3.7,Hotel,2017,11,0
2484,Birmingham,United Kingdom,187,8.6,4.0,3.9,Hotel,2017,11,0
2485,Birmingham,United Kingdom,189,7.9,4.0,4.0,Hotel,2017,11,0
2486,Birmingham,United Kingdom,83,5.4,3.0,3.0,Hotel,2017,11,0
2488,Birmingham,United Kingdom,121,12.0,2.0,4.3,Hotel,2017,11,0
2489,Birmingham,United Kingdom,123,12.0,4.0,4.3,Hotel,2017,11,0
2490,Birmingham,United Kingdom,141,9.1,4.0,3.7,Hotel,2017,11,0
2491,Birmingham,United Kingdom,55,8.7,3.0,3.5,Hotel,2017,11,0
2492,Birmingham,United Kingdom,93,7.2,3.0,3.7,Hotel,2017,11,0
2493,Birmingham,United Kingdom,134,8.6,4.0,4.5,Hotel,2017,11,0
2494,Birmingham,United Kingdom,137,8.8,3.5,4.0,Hotel,2017,11,0
2495,Birmingham,United Kingdom,106,8.8,3.0,4.3,Hotel,2017,11,0
2496,Birmingham,United Kingdom,85,10.0,3.0,3.5,Hotel,2017,11,0
2497,Birmingham,United Kingdom,65,5.1,2.5,3.0,Guest House,2017,11,0
2498,Birmingham,United Kingdom,136,4.2,3.0,3.5,Hotel,2017,11,0
2499,Birmingham,United Kingdom,91,12.0,3.0,3.2,Hotel,2017,11,0
2500,Birmingham,United Kingdom,49,12.0,3.0,4.5,Hotel,2017,11,0
2501,Birmingham,United Kingdom,42,12.0,2.5,3.7,Guest House,2017,11,0
2502,Birmingham,United Kingdom,63,13.0,2.0,3.5,Hotel,2017,11,0
2503,Birmingham,United Kingdom,90,13.0,3.0,4.4,Hotel,2017,11,0
2504,Birmingham,United Kingdom,127,14.0,3.0,4.0,Hotel,2017,11,0
2505,Birmingham,United Kingdom,63,12.0,3.0,2.7,Hotel,2017,11,0
2506,Birmingham,United Kingdom,147,14.0,4.0,4.1,Hotel,2017,11,0
2507,Birmingham,United Kingdom,118,11.0,3.5,4.0,Hotel,2017,11,0
2508,Birmingham,United Kingdom,116,12.0,3.0,4.1,Hotel,2017,11,0
2509,Bratislava,Slovakia,168,3.5,4.0,4.5,Hotel,2017,11,0
2510,Bratislava,Slovakia,78,0.9,3.0,3.5,Apartment,2017,11,0
2512,Bratislava,Slovakia,63,3.5,3.0,3.2,Hotel,2017,11,0
2513,Bratislava,Slovakia,92,3.7,3.0,4.0,Hotel,2017,11,0
2514,Bratislava,Slovakia,92,4.8,3.0,2.7,Apart-hotel,2017,11,0
2515,Bratislava,Slovakia,45,0.9,2.0,3.9,Hostel,2017,11,0
2516,Bratislava,Slovakia,64,2.9,3.5,4.1,Hotel,2017,11,0
2517,Bratislava,Slovakia,100,3.8,3.5,4.5,Guest House,2017,11,0
2518,Bratislava,Slovakia,56,1.5,3.0,4.0,Hotel,2017,11,0
2519,Bratislava,Slovakia,114,0.8,2.5,,Guest House,2017,11,0
2520,Bratislava,Slovakia,51,0.8,2.0,4.3,Hostel,2017,11,0
2521,Bratislava,Slovakia,78,5.1,4.0,3.9,Hotel,2017,11,0
2522,Bratislava,Slovakia,73,8.0,4.0,3.7,Hotel,2017,11,0
2523,Bratislava,Slovakia,56,3.9,3.0,4.0,Hotel,2017,11,0
2524,Bratislava,Slovakia,77,2.0,4.0,4.5,Hotel,2017,11,0
2525,Bratislava,Slovakia,60,1.5,3.0,3.7,Apartment,2017,11,0
2526,Bratislava,Slovakia,88,0.7,4.0,4.1,Hotel,2017,11,0
2527,Bratislava,Slovakia,92,2.3,3.0,4.0,Hotel,2017,11,0
2528,Bratislava,Slovakia,67,1.1,3.0,4.0,Pension,2017,11,0
2529,Bratislava,Slovakia,56,1.6,3.0,2.9,Hotel,2017,11,0
2530,Bratislava,Slovakia,98,0.9,4.0,4.4,Hotel,2017,11,0
2531,Bratislava,Slovakia,57,1.6,2.0,3.0,Hotel,2017,11,0
2532,Bratislava,Slovakia,242,0.8,5.0,4.8,Hotel,2017,11,0
2533,Bratislava,Slovakia,88,0.7,3.0,4.0,Hotel,2017,11,0
2534,Bratislava,Slovakia,75,0.5,3.5,3.5,Apartment,2017,11,0
2535,Bratislava,Slovakia,134,0.9,5.0,4.4,Hotel,2017,11,0
2536,Bratislava,Slovakia,50,0.6,3.0,3.4,House boat,2017,11,0
2537,Bratislava,Slovakia,126,0.3,4.0,4.4,Hotel,2017,11,0
2538,Bratislava,Slovakia,134,0.6,4.5,4.6,Hotel,2017,11,0
2539,Bratislava,Slovakia,59,0.3,2.0,3.7,Hostel,2017,11,0
2540,Bratislava,Slovakia,100,0.7,4.0,4.0,Hotel,2017,11,0
2541,Bratislava,Slovakia,92,0.6,4.0,4.5,Hotel,2017,11,0
2542,Bratislava,Slovakia,60,0.3,3.0,4.0,Hotel,2017,11,0
2543,Bratislava,Slovakia,40,0.3,2.0,3.9,Hostel,2017,11,0
2544,Bratislava,Slovakia,89,0.6,4.0,4.6,Hotel,2017,11,0
2545,Bratislava,Slovakia,45,9.6,3.0,3.2,Hotel,2017,11,0
2546,Bratislava,Slovakia,56,25.0,2.5,4.3,Pension,2017,11,0
2547,Bratislava,Slovakia,52,26.0,3.0,4.0,Apartment,2017,11,0
2548,Bratislava,Slovakia,150,13.0,3.0,4.4,Hotel,2017,11,0
2549,Bratislava,Slovakia,66,20.0,3.5,5.0,Apartment,2017,11,0
2550,Bratislava,Slovakia,92,18.0,3.5,3.4,Hotel,2017,11,0
2551,Bratislava,Slovakia,57,7.6,3.0,3.2,Apartment,2017,11,0
2553,Bratislava,Slovakia,103,17.0,4.0,5.0,Hotel,2017,11,0
2554,Bratislava,Slovakia,167,18.0,4.0,4.9,Hotel,2017,11,0
2555,Bratislava,Slovakia,103,16.0,4.0,4.0,Hotel,2017,11,0
2556,Bratislava,Slovakia,130,1.9,4.0,3.9,Hotel,2017,11,0
2557,Bratislava,Slovakia,81,1.9,3.5,4.0,Hotel,2017,11,0
2558,Bratislava,Slovakia,123,0.9,4.0,4.5,Hotel,2017,11,0
2559,Bratislava,Slovakia,80,1.2,4.0,4.0,Hotel,2017,11,0
2560,Bratislava,Slovakia,92,1.3,3.0,4.5,Hotel,2017,11,0
2561,Bratislava,Slovakia,76,1.8,3.5,4.1,Hotel,2017,11,0
2562,Bratislava,Slovakia,129,1.4,4.0,4.5,Hotel,2017,11,0
2563,Bratislava,Slovakia,39,1.8,2.0,3.0,Hotel,2017,11,0
2564,Bratislava,Slovakia,57,1.6,3.0,,Apartment,2017,11,0
2565,Bratislava,Slovakia,76,2.8,4.0,4.0,Hotel,2017,11,0
2566,Bratislava,Slovakia,114,1.7,4.0,4.4,Hotel,2017,11,0
2567,Bratislava,Slovakia,68,0.7,3.0,3.5,Apartment,2017,11,0
2568,Bratislava,Slovakia,57,0.7,3.5,4.3,Apartment,2017,11,0
2569,Bratislava,Slovakia,48,12.0,3.0,5.0,Hotel,2017,11,0
2570,Bratislava,Slovakia,74,12.0,3.5,,Hotel,2017,11,0
2571,Bratislava,Slovakia,69,15.0,3.0,,Motel,2017,11,0
2572,Bratislava,Slovakia,41,13.0,3.0,4.0,Hotel,2017,11,0
2573,Bratislava,Slovakia,88,7.4,4.0,3.4,Hotel,2017,11,0
2574,Bratislava,Slovakia,95,15.0,4.0,3.2,Hotel,2017,11,0
2575,Bratislava,Slovakia,72,16.0,3.0,3.2,Hotel,2017,11,0
2576,Bratislava,Slovakia,77,15.0,4.0,4.0,Hotel,2017,11,0
2578,Bratislava,Slovakia,98,15.0,4.0,4.3,Hotel,2017,11,0
2579,Bratislava,Slovakia,70,0.3,3.0,4.0,Apartment,2017,11,0
2580,Bratislava,Slovakia,90,0.1,3.0,4.3,Hotel,2017,11,0
2581,Bratislava,Slovakia,98,0.1,4.0,4.3,Apartment,2017,11,0
2582,Bratislava,Slovakia,87,0.1,3.5,4.8,Apartment,2017,11,0
2583,Bratislava,Slovakia,123,0.4,4.0,4.5,Hotel,2017,11,0
2585,Bratislava,Slovakia,98,0.0,3.5,,Apartment,2017,11,0
2586,Bratislava,Slovakia,156,0.3,4.0,4.4,Hotel,2017,11,0
2587,Bratislava,Slovakia,168,0.1,4.0,4.5,Hotel,2017,11,0
2588,Bratislava,Slovakia,116,0.1,3.5,,Apartment,2017,11,0
2589,Bratislava,Slovakia,98,0.2,4.0,4.3,Apartment,2017,11,0
2590,Bratislava,Slovakia,114,0.2,4.0,4.1,Hotel,2017,11,0
2591,Bratislava,Slovakia,98,0.1,3.5,,Apartment,2017,11,0
2592,Bratislava,Slovakia,74,0.2,4.0,4.3,Apartment,2017,11,0
2593,Bratislava,Slovakia,113,0.2,4.0,4.6,Hotel,2017,11,0
2594,Bratislava,Slovakia,97,0.1,4.0,4.5,Hotel,2017,11,0
2595,Bratislava,Slovakia,77,0.1,3.5,4.5,Apartment,2017,11,0
2596,Bratislava,Slovakia,46,0.2,2.0,4.6,Hostel,2017,11,0
2597,Bratislava,Slovakia,80,0.3,3.0,4.0,Hotel,2017,11,0
2598,Bratislava,Slovakia,196,0.6,5.0,4.6,Hotel,2017,11,0
2599,Bratislava,Slovakia,68,0.3,3.0,3.7,House boat,2017,11,0
2600,Bratislava,Slovakia,133,0.2,4.0,4.5,Hotel,2017,11,0
2601,Bratislava,Slovakia,29,0.4,2.0,4.4,Hostel,2017,11,0
2602,Bratislava,Slovakia,163,0.3,5.0,4.5,Hotel,2017,11,0
2603,Bratislava,Slovakia,114,0.2,3.0,4.4,Apartment,2017,11,0
2605,Bratislava,Slovakia,55,0.3,3.0,4.5,Apartment,2017,11,0
2606,Bratislava,Slovakia,145,0.3,5.0,4.8,Hotel,2017,11,0
2607,Bratislava,Slovakia,67,0.5,3.0,4.3,Apartment,2017,11,0
2608,Bratislava,Slovakia,145,0.3,4.0,4.5,Hotel,2017,11,0
2609,Bratislava,Slovakia,110,0.1,3.0,4.5,Hotel,2017,11,0
2611,Bratislava,Slovakia,20,0.4,1.5,3.7,Hostel,2017,11,0
2612,Bratislava,Slovakia,290,27.0,5.0,5.0,Hotel,2017,11,0
2613,Brussels,Belgium,78,0.9,3.0,3.2,Hotel,2017,11,0
2614,Brussels,Belgium,67,0.8,3.0,3.2,Hotel,2017,11,0
2615,Brussels,Belgium,73,2.3,2.0,1.6,Hotel,2017,11,0
2616,Brussels,Belgium,56,2.5,2.0,3.4,Guest House,2017,11,0
2617,Brussels,Belgium,78,0.9,3.0,4.1,Apartment,2017,11,0
2618,Brussels,Belgium,78,1.1,3.0,3.5,Apart-hotel,2017,11,0
2619,Brussels,Belgium,116,0.4,3.0,3.7,Bed and breakfast,2017,11,0
2620,Brussels,Belgium,87,0.4,2.0,3.0,Hotel,2017,11,0
2622,Brussels,Belgium,75,0.5,3.0,3.7,Hotel,2017,11,0
2623,Brussels,Belgium,37,0.6,2.0,3.4,Hostel,2017,11,0
2624,Brussels,Belgium,48,0.6,2.0,3.9,Hostel,2017,11,0
2625,Brussels,Belgium,134,1.0,3.0,4.0,Hotel,2017,11,0
2626,Brussels,Belgium,256,1.0,4.0,3.7,Hotel,2017,11,0
2627,Brussels,Belgium,137,1.5,3.0,3.7,Hotel,2017,11,0
2628,Brussels,Belgium,90,1.7,3.0,3.2,Hotel,2017,11,0
2629,Brussels,Belgium,178,0.9,4.0,4.1,Hotel,2017,11,0
2630,Brussels,Belgium,106,1.0,3.5,2.2,Apartment,2017,11,0
2632,Brussels,Belgium,196,1.9,4.0,4.3,Hotel,2017,11,0
2633,Brussels,Belgium,69,0.9,3.0,1.7,Apartment,2017,11,0
2634,Brussels,Belgium,110,0.7,3.0,3.7,Hotel,2017,11,0
2635,Brussels,Belgium,172,0.9,4.0,5.0,Bed and breakfast,2017,11,0
2636,Brussels,Belgium,141,0.8,3.0,3.9,Apart-hotel,2017,11,0
2637,Brussels,Belgium,148,0.9,3.0,3.7,Hotel,2017,11,0
2638,Brussels,Belgium,451,1.0,5.0,4.4,Hotel,2017,11,0
2639,Brussels,Belgium,192,1.1,4.0,4.4,Hotel,2017,11,0
2641,Brussels,Belgium,268,0.7,5.0,4.5,Hotel,2017,11,0
2642,Brussels,Belgium,219,1.0,4.0,4.1,Hotel,2017,11,0
2645,Brussels,Belgium,145,1.1,4.0,3.7,Hotel,2017,11,0
2647,Brussels,Belgium,165,1.0,4.0,4.1,Hotel,2017,11,0
2648,Brussels,Belgium,155,0.9,3.0,4.3,Hotel,2017,11,0
2651,Brussels,Belgium,145,0.8,3.0,4.8,Hotel,2017,11,0
2652,Brussels,Belgium,140,1.2,3.0,2.9,Hotel,2017,11,0
2653,Brussels,Belgium,87,0.4,2.0,2.7,Hotel,2017,11,0
2654,Brussels,Belgium,268,0.3,5.0,4.0,Hotel,2017,11,0
2655,Brussels,Belgium,217,0.6,4.0,4.4,Hotel,2017,11,0
2656,Brussels,Belgium,99,0.6,1.0,3.9,Hotel,2017,11,0
2658,Brussels,Belgium,242,0.4,4.0,4.3,Hotel,2017,11,0
2659,Brussels,Belgium,167,0.5,3.0,4.0,Hotel,2017,11,0
2660,Brussels,Belgium,92,0.6,1.0,2.7,Hotel,2017,11,0
2661,Brussels,Belgium,69,0.6,1.0,2.2,Hotel,2017,11,0
2662,Brussels,Belgium,146,0.6,4.0,3.4,Hotel,2017,11,0
2663,Brussels,Belgium,103,0.4,2.0,4.1,Hotel,2017,11,0
2665,Brussels,Belgium,78,0.4,2.0,3.5,Hotel,2017,11,0
2666,Brussels,Belgium,89,0.5,2.5,3.7,Hostel,2017,11,0
2668,Brussels,Belgium,133,0.3,2.0,4.1,Hotel,2017,11,0
2669,Brussels,Belgium,91,0.7,3.0,3.9,Hotel,2017,11,0
2670,Brussels,Belgium,87,2.0,3.0,,Bed and breakfast,2017,11,0
2671,Brussels,Belgium,126,1.7,3.0,4.1,Hotel,2017,11,0
2673,Brussels,Belgium,192,4.6,3.0,3.9,Hotel,2017,11,0
2674,Brussels,Belgium,83,0.9,3.0,3.7,Hotel,2017,11,0
2676,Brussels,Belgium,92,4.3,3.0,3.2,Hotel,2017,11,0
2677,Brussels,Belgium,94,0.8,3.0,3.0,Hotel,2017,11,0
2678,Brussels,Belgium,84,0.8,2.0,3.0,Hotel,2017,11,0
2679,Brussels,Belgium,184,0.8,3.5,4.3,Hotel,2017,11,0
2680,Brussels,Belgium,64,3.1,2.5,1.6,Hotel,2017,11,0
2682,Brussels,Belgium,87,0.8,3.0,3.7,Hotel,2017,11,0
2683,Brussels,Belgium,56,4.0,3.0,3.4,Hotel,2017,11,0
2684,Brussels,Belgium,176,1.0,3.0,4.1,Hotel,2017,11,0
2686,Brussels,Belgium,80,0.8,2.0,2.7,Hotel,2017,11,0
2688,Brussels,Belgium,168,1.0,3.0,3.9,Hotel,2017,11,0
2689,Brussels,Belgium,191,3.5,4.0,4.3,Hotel,2017,11,0
2690,Brussels,Belgium,66,1.3,2.5,3.5,Hotel,2017,11,0
2691,Brussels,Belgium,92,0.7,3.0,3.5,Hotel,2017,11,0
2692,Brussels,Belgium,104,0.7,3.0,3.0,Hotel,2017,11,0
2693,Brussels,Belgium,176,0.8,4.0,4.4,Hotel,2017,11,0
2694,Brussels,Belgium,196,3.2,3.0,3.7,Hotel,2017,11,0
2695,Brussels,Belgium,260,2.8,4.0,4.4,Hotel,2017,11,0
2696,Brussels,Belgium,69,2.7,2.0,3.0,Hotel,2017,11,0
2697,Brussels,Belgium,36,2.5,1.0,4.0,Hostel,2017,11,0
2698,Brussels,Belgium,152,2.8,4.0,3.9,Hotel,2017,11,0
2699,Brussels,Belgium,98,2.9,3.0,,Bed and breakfast,2017,11,0
2700,Brussels,Belgium,98,5.0,3.0,4.0,Hotel,2017,11,0
2702,Brussels,Belgium,121,1.3,3.0,4.4,Bed and breakfast,2017,11,0
2703,Brussels,Belgium,81,3.0,2.0,3.2,Hotel,2017,11,0
2704,Brussels,Belgium,44,1.6,2.0,3.7,Hostel,2017,11,0
2705,Brussels,Belgium,77,2.3,3.0,4.3,Apartment,2017,11,0
2706,Brussels,Belgium,133,0.5,4.0,,Bed and breakfast,2017,11,0
2707,Brussels,Belgium,161,0.3,3.0,4.3,Hotel,2017,11,0
2708,Brussels,Belgium,168,0.4,3.0,4.6,Hotel,2017,11,0
2709,Brussels,Belgium,140,0.3,3.0,3.7,Hotel,2017,11,0
2711,Brussels,Belgium,196,0.3,3.0,4.1,Hotel,2017,11,0
2712,Brussels,Belgium,114,0.4,2.0,4.0,Hotel,2017,11,0
2713,Brussels,Belgium,98,0.3,3.0,3.5,Hotel,2017,11,0
2715,Brussels,Belgium,162,0.3,3.0,3.7,Hotel,2017,11,0
2716,Brussels,Belgium,179,0.4,3.0,4.3,Hotel,2017,11,0
2717,Brussels,Belgium,94,3.3,3.0,3.7,Hotel,2017,11,0
2718,Brussels,Belgium,127,1.8,4.0,4.0,Apartment,2017,11,0
2719,Brussels,Belgium,228,2.4,5.0,4.0,Hotel,2017,11,0
2720,Brussels,Belgium,162,2.4,4.0,3.7,Apartment,2017,11,0
2721,Brussels,Belgium,121,2.1,2.0,3.2,Hotel,2017,11,0
2722,Brussels,Belgium,212,1.9,4.0,3.7,Hotel,2017,11,0
2725,Brussels,Belgium,162,1.6,3.0,4.5,Apart-hotel,2017,11,0
2726,Brussels,Belgium,88,1.9,3.0,3.0,Apartment,2017,11,0
2727,Brussels,Belgium,239,1.4,3.0,4.0,Hotel,2017,11,0
2728,Brussels,Belgium,202,0.7,,5.0,Apart-hotel,2017,11,0
2729,Brussels,Belgium,219,1.1,3.5,4.0,Apartment,2017,11,0
2730,Brussels,Belgium,219,1.1,3.5,4.6,Apartment,2017,11,0
2731,Brussels,Belgium,150,0.9,3.0,4.1,Bed and breakfast,2017,11,0
2732,Brussels,Belgium,185,1.0,4.0,3.9,Apartment,2017,11,0
2737,Brussels,Belgium,75,0.7,2.0,4.0,Hostel,2017,11,0
2738,Brussels,Belgium,239,0.2,4.0,3.7,Hotel,2017,11,0
2739,Brussels,Belgium,75,0.7,2.5,3.0,Hotel,2017,11,0
2740,Brussels,Belgium,213,0.1,4.0,4.6,Hotel,2017,11,0
2741,Brussels,Belgium,104,0.2,1.0,3.5,Hotel,2017,11,0
2742,Brussels,Belgium,155,0.2,3.0,3.7,Hotel,2017,11,0
2743,Brussels,Belgium,106,0.1,3.5,2.9,Apartment,2017,11,0
2744,Brussels,Belgium,202,0.1,3.5,4.4,Apartment,2017,11,0
2746,Brussels,Belgium,480,0.3,4.0,4.4,Hotel,2017,11,0
2747,Brussels,Belgium,87,0.6,2.5,3.2,Bed and breakfast,2017,11,0
2749,Brussels,Belgium,521,0.1,4.0,4.4,Hotel,2017,11,0
2750,Brussels,Belgium,154,0.0,1.0,4.0,Hotel,2017,11,0
2751,Brussels,Belgium,195,0.1,4.0,4.0,Hotel,2017,11,0
2752,Brussels,Belgium,182,0.3,4.0,4.1,Hotel,2017,11,0
2753,Brussels,Belgium,364,0.2,4.0,4.3,Hotel,2017,11,0
2755,Brussels,Belgium,140,0.2,3.0,4.0,Apartment,2017,11,0
2756,Brussels,Belgium,260,0.1,5.0,4.3,Hotel,2017,11,0
2757,Brussels,Belgium,167,0.3,3.0,3.4,Apartment,2017,11,0
2759,Brussels,Belgium,141,0.2,3.0,3.7,Apartment,2017,11,0
2761,Brussels,Belgium,306,0.2,4.0,4.5,Hotel,2017,11,0
2762,Brussels,Belgium,190,0.2,3.0,3.7,Apartment,2017,11,0
2763,Brussels,Belgium,208,0.2,4.0,3.5,Hotel,2017,11,0
2764,Brussels,Belgium,414,0.1,5.0,4.8,Hotel,2017,11,0
2765,Brussels,Belgium,157,0.3,3.0,4.0,Apartment,2017,11,0
2767,Brussels,Belgium,92,0.3,2.0,3.2,Hotel,2017,11,0
2768,Brussels,Belgium,85,0.1,2.0,2.7,Hotel,2017,11,0
2770,Brussels,Belgium,227,0.1,3.0,3.7,Hotel,2017,11,0
2771,Brussels,Belgium,150,0.1,2.0,4.0,Hotel,2017,11,0
2772,Brussels,Belgium,90,0.1,3.0,3.2,Hotel,2017,11,0
2773,Brussels,Belgium,185,0.1,3.0,4.0,Hotel,2017,11,0
2774,Brussels,Belgium,107,0.0,3.0,3.7,Hotel,2017,11,0
2775,Brussels,Belgium,143,0.2,,3.7,Apartment,2017,11,0
2776,Brussels,Belgium,161,0.3,3.5,4.1,Apartment,2017,11,0
2778,Brussels,Belgium,106,3.5,3.0,3.5,Hotel,2017,11,0
2779,Brussels,Belgium,103,3.0,2.0,2.7,Hotel,2017,11,0
2780,Brussels,Belgium,114,3.9,3.0,3.5,Hotel,2017,11,0
2781,Brussels,Belgium,139,3.9,3.0,2.0,Hotel,2017,11,0
2782,Brussels,Belgium,112,0.1,3.5,3.5,Apartment,2017,11,0
2783,Brussels,Belgium,114,0.1,3.0,3.5,Apartment,2017,11,0
2784,Brussels,Belgium,164,0.1,3.0,3.7,Hotel,2017,11,0
2786,Brussels,Belgium,94,0.2,2.0,3.2,Hotel,2017,11,0
2787,Brussels,Belgium,115,0.1,3.5,3.4,Apartment,2017,11,0
2788,Brussels,Belgium,197,0.1,4.0,4.5,Hotel,2017,11,0
2789,Brussels,Belgium,91,0.1,3.0,2.0,Apartment,2017,11,0
2790,Brussels,Belgium,139,1.8,3.5,2.7,Apartment,2017,11,0
2791,Brussels,Belgium,145,2.0,3.5,,Bed and breakfast,2017,11,0
2792,Brussels,Belgium,161,2.0,4.0,,Bed and breakfast,2017,11,0
2793,Brussels,Belgium,88,2.1,3.5,2.0,Apartment,2017,11,0
2794,Brussels,Belgium,130,1.7,,,Bed and breakfast,2017,11,0
2795,Brussels,Belgium,126,1.2,3.0,3.0,Hotel,2017,11,0
2796,Brussels,Belgium,46,2.2,2.0,2.0,Hostel,2017,11,0
2797,Brussels,Belgium,92,1.7,2.0,2.9,Apartment,2017,11,0
2798,Brussels,Belgium,152,1.8,3.0,3.0,Hotel,2017,11,0
2799,Brussels,Belgium,126,1.7,3.0,5.0,Bed and breakfast,2017,11,0
2800,Brussels,Belgium,98,0.8,2.0,2.7,Hotel,2017,11,0
2801,Brussels,Belgium,219,1.3,4.0,4.0,Hotel,2017,11,0
2802,Brussels,Belgium,150,1.4,4.0,3.2,Bed and breakfast,2017,11,0
2803,Brussels,Belgium,305,1.1,3.5,,Apartment,2017,11,0
2804,Brussels,Belgium,197,0.8,3.5,4.3,Hotel,2017,11,0
2808,Brussels,Belgium,114,1.7,3.5,4.0,Apartment,2017,11,0
2809,Brussels,Belgium,126,1.7,3.0,5.0,Bed and breakfast,2017,11,0
2810,Brussels,Belgium,122,2.0,3.0,3.7,Hotel,2017,11,0
2811,Brussels,Belgium,307,1.4,5.0,4.6,Hotel,2017,11,0
2813,Brussels,Belgium,145,0.7,3.0,3.9,Guest House,2017,11,0
2814,Brussels,Belgium,156,0.5,3.0,4.1,Apart-hotel,2017,11,0
2815,Brussels,Belgium,100,0.6,3.0,3.5,Hotel,2017,11,0
2816,Brussels,Belgium,124,0.7,3.0,4.4,Hotel,2017,11,0
2817,Brussels,Belgium,153,0.5,4.0,3.7,Apartment,2017,11,0
2818,Brussels,Belgium,83,0.7,2.0,3.2,Hotel,2017,11,0
2819,Brussels,Belgium,175,1.5,5.0,4.5,Hotel,2017,11,0
2820,Brussels,Belgium,219,0.3,4.0,4.5,Hotel,2017,11,0
2824,Brussels,Belgium,168,0.8,2.0,4.4,Hotel,2017,11,0
2826,Brussels,Belgium,250,1.0,4.0,4.1,Apartment,2017,11,0
2827,Brussels,Belgium,275,1.0,4.0,4.4,Hotel,2017,11,0
2828,Brussels,Belgium,300,1.0,4.0,4.5,Hotel,2017,11,0
2829,Brussels,Belgium,301,1.0,4.0,4.5,Hotel,2017,11,0
2830,Brussels,Belgium,207,0.8,4.0,4.0,Apartment,2017,11,0
2833,Brussels,Belgium,156,4.8,3.0,3.4,Hotel,2017,11,0
2834,Brussels,Belgium,160,4.8,3.0,3.7,Hotel,2017,11,0
2835,Brussels,Belgium,80,4.5,1.0,3.5,Hotel,2017,11,0
2836,Brussels,Belgium,201,4.5,4.0,4.0,Hotel,2017,11,0
2837,Brussels,Belgium,161,4.5,3.0,3.5,Hotel,2017,11,0
2838,Brussels,Belgium,233,5.1,4.0,4.1,Hotel,2017,11,0
2839,Brussels,Belgium,189,5.0,4.0,4.1,Hotel,2017,11,0
2841,Brussels,Belgium,175,4.9,3.0,4.5,Hotel,2017,11,0
2842,Brussels,Belgium,175,4.7,4.0,3.7,Hotel,2017,11,0
2843,Brussels,Belgium,103,4.9,3.5,3.4,Hotel,2017,11,0
2844,Brussels,Belgium,94,2.5,2.5,3.2,Hotel,2017,11,0
2845,Brussels,Belgium,106,0.7,3.5,2.7,Apartment,2017,11,0
2846,Brussels,Belgium,78,0.7,3.5,2.5,Apartment,2017,11,0
2847,Brussels,Belgium,88,0.6,3.0,2.5,Apartment,2017,11,0
2848,Brussels,Belgium,150,0.7,3.0,4.1,Hotel,2017,11,0
2849,Brussels,Belgium,135,0.7,3.0,4.0,Apartment,2017,11,0
2850,Brussels,Belgium,174,0.6,3.0,3.7,Hotel,2017,11,0
2851,Brussels,Belgium,102,0.7,2.0,3.4,Hotel,2017,11,0
2853,Brussels,Belgium,218,0.6,3.0,3.9,Hotel,2017,11,0
2854,Brussels,Belgium,84,0.6,2.0,3.7,Apartment,2017,11,0
2857,Brussels,Belgium,119,0.7,3.0,3.4,Hotel,2017,11,0
2858,Brussels,Belgium,125,1.3,4.0,4.0,Hotel,2017,11,0
2859,Brussels,Belgium,148,0.7,4.0,4.0,Hotel,2017,11,0
2860,Brussels,Belgium,104,0.8,3.0,4.0,Hotel,2017,11,0
2861,Brussels,Belgium,56,1.4,2.5,3.5,Apart-hotel,2017,11,0
2862,Brussels,Belgium,184,0.7,4.0,3.9,Hotel,2017,11,0
2863,Brussels,Belgium,112,0.7,3.0,3.2,Hotel,2017,11,0
2864,Brussels,Belgium,86,0.9,2.0,3.4,Hotel,2017,11,0
2865,Brussels,Belgium,256,0.7,4.0,4.1,Hotel,2017,11,0
2866,Brussels,Belgium,166,0.8,4.0,4.3,Hotel,2017,11,0
2867,Brussels,Belgium,152,0.9,3.0,3.4,Hotel,2017,11,0
2868,Brussels,Belgium,92,0.8,2.5,3.7,Hostel,2017,11,0
2869,Brussels,Belgium,91,0.9,2.5,4.0,Hotel,2017,11,0
2870,Brussels,Belgium,165,0.7,3.0,4.0,Hotel,2017,11,0
2871,Brussels,Belgium,107,0.8,3.0,3.4,Hotel,2017,11,0
2872,Brussels,Belgium,76,0.8,2.0,2.5,Hotel,2017,11,0
2873,Brussels,Belgium,86,0.7,2.0,2.0,Hotel,2017,11,0
2874,Brussels,Belgium,114,2.0,3.0,2.0,Hotel,2017,11,0
2875,Brussels,Belgium,133,0.8,3.5,4.5,Bed and breakfast,2017,11,0
2877,Brussels,Belgium,69,2.5,3.0,3.4,Apartment,2017,11,0
2878,Brussels,Belgium,58,1.3,2.0,2.5,Hotel,2017,11,0
2879,Brussels,Belgium,147,2.2,3.5,4.3,Apartment,2017,11,0
2880,Brussels,Belgium,66,1.2,2.0,2.7,Hotel,2017,11,0
2881,Brussels,Belgium,190,1.2,4.0,3.7,Hotel,2017,11,0
2882,Brussels,Belgium,88,1.0,3.5,2.5,Apartment,2017,11,0
2883,Brussels,Belgium,150,1.8,3.5,4.0,Hotel,2017,11,0
2884,Brussels,Belgium,147,1.0,4.0,4.3,Hotel,2017,11,0
2885,Brussels,Belgium,150,1.3,3.0,4.3,Hotel,2017,11,0
2886,Brussels,Belgium,98,1.0,3.0,2.5,Apartment,2017,11,0
2887,Brussels,Belgium,75,1.3,2.0,2.0,Apart-hotel,2017,11,0
2888,Brussels,Belgium,65,0.9,2.0,3.9,Hostel,2017,11,0
2889,Brussels,Belgium,109,2.3,2.0,3.0,Hotel,2017,11,0
2890,Brussels,Belgium,217,4.2,5.0,4.6,Hotel,2017,11,0
2891,Brussels,Belgium,114,2.3,2.0,3.2,Hotel,2017,11,0
2892,Brussels,Belgium,226,3.0,3.0,3.7,Hotel,2017,11,0
2893,Brussels,Belgium,176,4.3,4.0,4.5,Apartment,2017,11,0
2894,Brussels,Belgium,116,4.8,2.0,,Guest House,2017,11,0
2895,Brussels,Belgium,66,4.4,1.0,3.4,Hotel,2017,11,0
2896,Brussels,Belgium,67,0.4,2.0,3.7,Hotel,2017,11,0
2897,Brussels,Belgium,80,0.4,2.0,3.0,Hotel,2017,11,0
2898,Brussels,Belgium,88,0.3,3.0,2.9,Apartment,2017,11,0
2899,Brussels,Belgium,68,0.7,2.0,2.4,Hotel,2017,11,0
2900,Brussels,Belgium,144,0.5,4.0,4.1,Hotel,2017,11,0
2901,Brussels,Belgium,68,0.4,2.0,2.5,Hotel,2017,11,0
2903,Brussels,Belgium,304,0.4,4.0,4.4,Hotel,2017,11,0
2905,Brussels,Belgium,132,0.3,3.0,3.7,Bed and breakfast,2017,11,0
2906,Brussels,Belgium,132,0.3,3.5,4.0,Bed and breakfast,2017,11,0
2907,Brussels,Belgium,76,4.6,2.0,1.8,Hostel,2017,11,0
2908,Brussels,Belgium,142,3.0,3.0,3.5,Hotel,2017,11,0
2909,Brussels,Belgium,87,6.5,3.0,3.5,Hotel,2017,11,0
2910,Brussels,Belgium,168,6.2,3.0,4.0,Hotel,2017,11,0
2911,Brussels,Belgium,97,4.2,3.0,4.3,Hotel,2017,11,0
2912,Brussels,Belgium,101,3.0,3.0,4.1,Bed and breakfast,2017,11,0
2913,Brussels,Belgium,116,1.3,3.0,2.2,Apartment,2017,11,0
2914,Brussels,Belgium,106,1.7,3.5,2.5,Apartment,2017,11,0
2915,Brussels,Belgium,312,1.3,4.0,3.9,Hotel,2017,11,0
2916,Brussels,Belgium,247,1.3,4.0,3.7,Hotel,2017,11,0
2917,Brussels,Belgium,235,1.3,4.0,3.9,Hotel,2017,11,0
2918,Brussels,Belgium,265,1.3,4.0,4.3,Hotel,2017,11,0
2919,Brussels,Belgium,139,1.6,1.0,4.4,Hotel,2017,11,0
2921,Brussels,Belgium,138,1.2,3.0,4.3,Bed and breakfast,2017,11,0
2922,Brussels,Belgium,249,0.8,3.5,4.5,Hotel,2017,11,0
2923,Brussels,Belgium,234,0.9,3.0,4.6,Apart-hotel,2017,11,0
2924,Brussels,Belgium,181,1.4,3.0,4.0,Hotel,2017,11,0
2925,Brussels,Belgium,88,0.5,3.5,3.2,Apartment,2017,11,0
2928,Brussels,Belgium,190,0.6,3.0,3.7,Hotel,2017,11,0
2929,Brussels,Belgium,271,0.4,4.0,4.5,Hotel,2017,11,0
2930,Brussels,Belgium,290,0.5,3.5,4.3,Apartment,2017,11,0
2931,Brussels,Belgium,162,0.5,3.5,4.0,Apartment,2017,11,0
2932,Brussels,Belgium,139,0.5,3.0,4.0,Hotel,2017,11,0
2934,Brussels,Belgium,162,0.5,2.5,4.5,Guest House,2017,11,0
2935,Brussels,Belgium,239,0.3,4.0,4.5,Hotel,2017,11,0
2936,Brussels,Belgium,155,0.3,3.5,3.7,Apartment,2017,11,0
2937,Brussels,Belgium,167,0.3,3.5,3.0,Apartment,2017,11,0
2938,Brussels,Belgium,196,0.6,3.5,4.0,Apartment,2017,11,0
2940,Brussels,Belgium,272,6.7,4.0,4.1,Hotel,2017,11,0
2941,Brussels,Belgium,168,5.7,3.0,4.0,Hotel,2017,11,0
2942,Brussels,Belgium,277,5.6,4.0,4.3,Hotel,2017,11,0
2943,Brussels,Belgium,68,5.5,,4.6,Hotel,2017,11,0
2944,Brussels,Belgium,179,6.9,3.0,3.5,Hotel,2017,11,0
2945,Brussels,Belgium,62,5.5,2.0,2.5,Hostel,2017,11,0
2946,Bucharest,Romania,126,4.1,4.0,4.0,Hotel,2017,11,0
2947,Bucharest,Romania,36,1.1,2.5,2.2,Hotel,2017,11,0
2948,Bucharest,Romania,139,3.3,4.0,3.7,Hotel,2017,11,0
2949,Bucharest,Romania,102,4.0,4.0,4.0,Hotel,2017,11,0
2950,Bucharest,Romania,46,2.4,2.0,2.5,Hotel,2017,11,0
2951,Bucharest,Romania,99,4.1,4.0,4.0,Hotel,2017,11,0
2952,Bucharest,Romania,81,3.2,4.0,4.1,Hotel,2017,11,0
2953,Bucharest,Romania,99,3.8,4.0,3.5,Hotel,2017,11,0
2954,Bucharest,Romania,63,2.8,4.0,3.7,Hotel,2017,11,0
2956,Bucharest,Romania,112,4.5,4.0,4.0,Hotel,2017,11,0
2957,Bucharest,Romania,39,2.0,3.0,3.4,Hotel,2017,11,0
2958,Bucharest,Romania,34,3.9,3.0,3.2,Hotel,2017,11,0
2959,Bucharest,Romania,112,3.2,5.0,4.4,Hotel,2017,11,0
2960,Bucharest,Romania,64,7.0,4.0,3.2,Hotel,2017,11,0
2962,Bucharest,Romania,56,4.8,3.5,3.2,Hotel,2017,11,0
2963,Bucharest,Romania,86,2.2,4.0,4.4,Apartment,2017,11,0
2964,Bucharest,Romania,65,1.3,4.0,4.1,Hotel,2017,11,0
2965,Bucharest,Romania,128,4.2,4.0,4.0,Hotel,2017,11,0
2967,Bucharest,Romania,70,4.7,4.0,4.0,Hotel,2017,11,0
2968,Bucharest,Romania,94,2.3,4.0,4.9,Hotel,2017,11,0
2969,Bucharest,Romania,133,4.2,4.0,4.3,Hotel,2017,11,0
2970,Bucharest,Romania,45,4.7,2.0,2.5,Hotel,2017,11,0
2971,Bucharest,Romania,39,2.1,2.0,3.5,Hotel,2017,11,0
2972,Bucharest,Romania,66,7.5,4.0,3.5,Hotel,2017,11,0
2973,Bucharest,Romania,39,3.1,2.0,3.7,Hotel,2017,11,0
2974,Bucharest,Romania,57,1.4,3.0,,Apartment,2017,11,0
2975,Bucharest,Romania,75,3.6,3.0,,Apartment,2017,11,0
2976,Bucharest,Romania,51,2.1,3.0,3.0,Hotel,2017,11,0
2977,Bucharest,Romania,52,1.5,3.0,4.5,Apartment,2017,11,0
2978,Bucharest,Romania,54,5.8,3.0,4.3,Hotel,2017,11,0
2979,Bucharest,Romania,93,2.0,4.0,4.0,Hotel,2017,11,0
2980,Bucharest,Romania,91,1.3,3.5,,Apartment,2017,11,0
2981,Bucharest,Romania,38,6.2,3.0,3.2,Hotel,2017,11,0
2983,Bucharest,Romania,58,5.6,4.0,,Hotel,2017,11,0
2984,Bucharest,Romania,139,1.0,5.0,4.5,Hotel,2017,11,0
2985,Bucharest,Romania,94,1.7,4.0,4.6,Hotel,2017,11,0
2987,Bucharest,Romania,96,1.4,4.0,3.9,Hotel,2017,11,0
2988,Bucharest,Romania,185,1.0,5.0,4.8,Hotel,2017,11,0
2990,Bucharest,Romania,43,1.3,2.0,,Hostel,2017,11,0
2991,Bucharest,Romania,29,1.0,3.0,4.0,Hostel,2017,11,0
2992,Bucharest,Romania,69,0.9,4.0,3.7,Hotel,2017,11,0
2993,Bucharest,Romania,160,1.4,5.0,4.5,Hotel,2017,11,0
2994,Bucharest,Romania,85,1.1,4.0,4.0,Hotel,2017,11,0
2995,Bucharest,Romania,67,1.1,3.0,4.1,Hotel,2017,11,0
2997,Bucharest,Romania,90,1.1,4.0,4.5,Hotel,2017,11,0
2998,Bucharest,Romania,84,1.2,4.0,4.5,Hotel,2017,11,0
2999,Bucharest,Romania,123,1.6,4.0,4.0,Hotel,2017,11,0
3000,Bucharest,Romania,76,0.8,,4.5,Hotel,2017,11,0
3001,Bucharest,Romania,149,1.6,5.0,4.3,Hotel,2017,11,0
3002,Bucharest,Romania,122,1.1,5.0,4.5,Hotel,2017,11,0
3003,Bucharest,Romania,81,1.4,4.0,4.3,Hotel,2017,11,0
3004,Bucharest,Romania,54,1.5,3.0,2.5,Apart-hotel,2017,11,0
3006,Bucharest,Romania,93,1.4,3.5,,Apartment,2017,11,0
3007,Bucharest,Romania,78,1.0,4.0,3.5,Hotel,2017,11,0
3008,Bucharest,Romania,27,1.3,3.0,4.3,Hostel,2017,11,0
3009,Bucharest,Romania,65,0.9,3.0,4.0,Apart-hotel,2017,11,0
3010,Bucharest,Romania,136,1.1,4.0,4.4,Hotel,2017,11,0
3011,Bucharest,Romania,120,1.2,4.0,4.1,Hotel,2017,11,0
3012,Bucharest,Romania,67,0.8,3.0,4.0,Hotel,2017,11,0
3013,Bucharest,Romania,67,1.7,3.0,4.3,Apart-hotel,2017,11,0
3015,Bucharest,Romania,111,3.7,4.0,4.4,Hotel,2017,11,0
3016,Bucharest,Romania,59,3.9,3.0,4.0,Hotel,2017,11,0
3017,Bucharest,Romania,68,7.9,3.5,4.3,Hotel,2017,11,0
3018,Bucharest,Romania,57,9.5,4.0,4.3,Hotel,2017,11,0
3019,Bucharest,Romania,106,9.9,4.0,4.3,Hotel,2017,11,0
3020,Bucharest,Romania,44,7.9,3.0,4.8,Hotel,2017,11,0
3021,Bucharest,Romania,87,1.1,4.0,4.0,Hotel,2017,11,0
3022,Bucharest,Romania,53,1.0,3.0,3.7,Hotel,2017,11,0
3023,Bucharest,Romania,144,1.2,5.0,4.3,Hotel,2017,11,0
3024,Bucharest,Romania,101,0.5,3.0,4.0,Hotel,2017,11,0
3025,Bucharest,Romania,81,2.7,4.0,4.1,Hotel,2017,11,0
3026,Bucharest,Romania,62,1.7,3.0,3.0,Hotel,2017,11,0
3027,Bucharest,Romania,73,1.7,3.0,3.7,Hotel,2017,11,0
3028,Bucharest,Romania,86,1.5,4.0,4.1,Hotel,2017,11,0
3029,Bucharest,Romania,112,1.8,4.0,4.3,Hotel,2017,11,0
3030,Bucharest,Romania,83,2.3,4.0,4.4,Hotel,2017,11,0
3031,Bucharest,Romania,87,2.3,4.0,4.1,Hotel,2017,11,0
3032,Bucharest,Romania,52,1.8,3.0,3.7,Hotel,2017,11,0
3033,Bucharest,Romania,93,1.8,4.0,3.2,Hotel,2017,11,0
3034,Bucharest,Romania,38,1.8,2.0,3.9,Hotel,2017,11,0
3035,Bucharest,Romania,61,1.6,3.0,4.0,Hotel,2017,11,0
3036,Bucharest,Romania,39,2.0,3.0,1.0,Guest House,2017,11,0
3037,Bucharest,Romania,91,1.7,4.0,3.7,Hotel,2017,11,0
3038,Bucharest,Romania,58,1.9,3.0,3.0,Hotel,2017,11,0
3039,Bucharest,Romania,107,0.8,4.0,4.3,Hotel,2017,11,0
3040,Bucharest,Romania,77,0.9,4.0,3.5,Hotel,2017,11,0
3041,Bucharest,Romania,87,0.5,4.0,3.5,Hotel,2017,11,0
3042,Bucharest,Romania,54,0.4,3.0,3.9,Hotel,2017,11,0
3043,Bucharest,Romania,87,0.2,4.0,3.7,Hotel,2017,11,0
3044,Bucharest,Romania,81,0.2,4.0,4.3,Hotel,2017,11,0
3045,Bucharest,Romania,139,0.3,4.0,4.5,Hotel,2017,11,0
3046,Bucharest,Romania,92,0.5,4.0,4.1,Hotel,2017,11,0
3047,Bucharest,Romania,68,0.3,3.0,3.5,Hotel,2017,11,0
3048,Bucharest,Romania,96,0.4,3.0,4.4,Hotel,2017,11,0
3049,Bucharest,Romania,19,0.4,2.0,3.7,Hostel,2017,11,0
3050,Bucharest,Romania,86,0.3,4.0,5.0,Hotel,2017,11,0
3052,Bucharest,Romania,80,0.3,3.0,3.7,Hotel,2017,11,0
3053,Bucharest,Romania,44,0.4,2.0,5.0,Guest House,2017,11,0
3054,Bucharest,Romania,102,0.3,3.5,4.0,Hotel,2017,11,0
3055,Bucharest,Romania,36,0.4,1.0,4.0,Hostel,2017,11,0
3056,Bucharest,Romania,135,19.0,5.0,3.0,Hotel,2017,11,0
3057,Bucharest,Romania,80,0.7,4.0,3.9,Hotel,2017,11,0
3059,Bucharest,Romania,72,0.7,4.0,3.7,Hotel,2017,11,0
3060,Bucharest,Romania,98,0.9,3.0,4.3,Hotel,2017,11,0
3061,Bucharest,Romania,138,0.6,4.0,4.5,Hotel,2017,11,0
3062,Bucharest,Romania,61,0.8,3.0,3.7,Hotel,2017,11,0
3063,Bucharest,Romania,133,0.8,4.0,4.5,Hotel,2017,11,0
3064,Bucharest,Romania,129,0.7,4.0,4.6,Hotel,2017,11,0
3065,Bucharest,Romania,102,0.6,4.0,4.4,Hotel,2017,11,0
3066,Bucharest,Romania,203,0.7,5.0,4.5,Hotel,2017,11,0
3067,Bucharest,Romania,123,0.8,5.0,4.5,Hotel,2017,11,0
3069,Bucharest,Romania,39,0.6,2.0,,Hostel,2017,11,0
3070,Bucharest,Romania,118,0.7,4.0,3.5,Hotel,2017,11,0
3072,Bucharest,Romania,83,0.8,4.0,3.7,Hotel,2017,11,0
3073,Bucharest,Romania,18,0.4,2.0,3.0,Hostel,2017,11,0
3074,Bucharest,Romania,114,0.7,4.0,4.4,Hotel,2017,11,0
3075,Bucharest,Romania,67,0.8,3.0,4.0,Hotel,2017,11,0
3076,Bucharest,Cameroon,87,0.5,3.5,5.0,Apartment,2017,11,0
3077,Bucharest,Romania,97,0.6,4.0,4.5,Hotel,2017,11,0
3078,Budapest,Hungary,86,0.9,4.0,4.1,Hotel,2017,11,0
3079,Budapest,Hungary,109,0.9,4.0,4.6,Hotel,2017,11,0
3080,Budapest,Hungary,83,0.5,3.0,4.3,Hotel,2017,11,0
3081,Budapest,Hungary,76,0.8,3.0,4.0,Apartment,2017,11,0
3082,Budapest,Hungary,60,1.4,4.0,3.7,Hotel,2017,11,0
3083,Budapest,Hungary,126,0.7,4.0,4.4,Hotel,2017,11,0
3084,Budapest,Hungary,59,1.2,3.0,4.1,Hotel,2017,11,0
3085,Budapest,Hungary,39,0.8,2.5,2.7,Apartment,2017,11,0
3086,Budapest,Hungary,63,0.1,4.0,4.4,Apartment,2017,11,0
3087,Budapest,Hungary,51,0.2,2.0,3.5,Apartment,2017,11,0
3088,Budapest,Hungary,71,0.1,3.5,4.6,Apartment,2017,11,0
3089,Budapest,Hungary,89,0.3,4.0,3.9,Hotel,2017,11,0
3090,Budapest,Hungary,58,0.0,3.5,4.4,Apartment,2017,11,0
3091,Budapest,Hungary,58,0.1,3.5,4.4,Apartment,2017,11,0
3092,Budapest,Hungary,58,0.4,3.5,4.4,Apartment,2017,11,0
3093,Budapest,Hungary,95,0.1,3.5,4.1,Hotel,2017,11,0
3094,Budapest,Hungary,33,0.2,1.0,3.2,Hostel,2017,11,0
3095,Budapest,Hungary,42,0.2,3.0,4.0,Hotel,2017,11,0
3096,Budapest,Hungary,69,0.1,3.5,4.0,Hotel,2017,11,0
3097,Budapest,Hungary,75,0.3,4.0,3.7,Hotel,2017,11,0
3099,Budapest,Hungary,79,0.3,3.5,4.1,Hotel,2017,11,0
3100,Budapest,Hungary,110,0.3,3.5,4.6,Hotel,2017,11,0
3102,Budapest,Hungary,62,0.2,3.5,4.4,Apartment,2017,11,0
3103,Budapest,Hungary,464,0.2,2.0,4.5,Hostel,2017,11,0
3104,Budapest,Hungary,74,0.2,4.0,4.3,Hotel,2017,11,0
3105,Budapest,Hungary,63,0.3,3.0,5.0,Bed and breakfast,2017,11,0
3106,Budapest,Hungary,52,0.2,3.0,3.5,Hotel,2017,11,0
3107,Budapest,Hungary,130,0.3,4.0,4.5,Hotel,2017,11,0
3108,Budapest,Hungary,157,0.2,3.5,4.3,Hotel,2017,11,0
3109,Budapest,Hungary,109,0.2,4.0,4.3,Hotel,2017,11,0
3110,Budapest,Hungary,450,0.1,3.0,3.7,Hotel,2017,11,0
3111,Budapest,Hungary,66,0.4,4.0,4.1,Hotel,2017,11,0
3112,Budapest,Hungary,49,0.0,2.0,4.4,Hostel,2017,11,0
3113,Budapest,Hungary,77,0.1,4.0,4.4,Hotel,2017,11,0
3114,Budapest,Hungary,232,0.3,3.0,4.4,Bed and breakfast,2017,11,0
3115,Budapest,Hungary,75,0.4,4.0,4.0,Hotel,2017,11,0
3117,Budapest,Hungary,80,0.1,3.5,4.0,Hotel,2017,11,0
3118,Budapest,Hungary,33,0.2,1.5,2.9,Hostel,2017,11,0
3119,Budapest,Hungary,54,0.3,3.0,4.4,Apartment,2017,11,0
3120,Budapest,Hungary,75,0.3,3.0,4.1,Hotel,2017,11,0
3121,Budapest,Hungary,92,0.4,4.0,4.3,Hotel,2017,11,0
3122,Budapest,Hungary,138,0.1,5.0,4.5,Hotel,2017,11,0
3123,Budapest,Hungary,85,0.4,3.0,4.5,Apartment,2017,11,0
3124,Budapest,Hungary,21,0.1,3.5,3.7,Apartment,2017,11,0
3125,Budapest,Hungary,61,0.0,3.0,4.3,Apartment,2017,11,0
3129,Budapest,Hungary,37,0.2,3.0,4.3,Apartment,2017,11,0
3130,Budapest,Hungary,48,0.1,3.0,4.3,Apartment,2017,11,0
3131,Budapest,Hungary,75,0.2,4.0,3.9,Hotel,2017,11,0
3132,Budapest,Hungary,47,2.2,3.0,3.0,Hotel,2017,11,0
3133,Budapest,Hungary,58,3.0,4.0,4.0,Hotel,2017,11,0
3134,Budapest,Hungary,86,0.8,4.0,4.6,Hotel,2017,11,0
3135,Budapest,Hungary,59,2.5,4.0,3.7,Hotel,2017,11,0
3136,Budapest,Hungary,58,1.8,3.0,4.0,Hotel,2017,11,0
3137,Budapest,Hungary,46,2.9,3.0,4.0,Apartment,2017,11,0
3138,Budapest,Hungary,41,2.9,3.0,4.3,Hotel,2017,11,0
3139,Budapest,Hungary,80,0.8,4.0,4.1,Hotel,2017,11,0
3140,Budapest,Hungary,47,2.3,4.0,3.2,Hotel,2017,11,0
3141,Budapest,Hungary,67,1.3,4.0,4.0,Hotel,2017,11,0
3142,Budapest,Hungary,24,5.9,3.0,3.0,Bed and breakfast,2017,11,0
3143,Budapest,Hungary,79,2.2,4.0,4.0,Hotel,2017,11,0
3144,Budapest,Hungary,40,5.9,2.5,3.5,Pension,2017,11,0
3146,Budapest,Hungary,84,3.1,5.0,3.9,Hotel,2017,11,0
3147,Budapest,Hungary,53,2.7,3.5,3.2,Apartment,2017,11,0
3149,Budapest,Hungary,43,1.6,2.5,3.5,Hotel,2017,11,0
3150,Budapest,Hungary,62,1.4,4.0,4.3,Hotel,2017,11,0
3151,Budapest,Hungary,55,1.6,3.0,3.7,Apartment,2017,11,0
3152,Budapest,Hungary,127,1.0,4.0,4.4,Hotel,2017,11,0
3153,Budapest,Hungary,104,1.3,4.0,4.1,Hotel,2017,11,0
3154,Budapest,Hungary,116,1.3,5.0,4.6,Hotel,2017,11,0
3155,Budapest,Hungary,108,1.3,4.0,4.9,Hotel,2017,11,0
3156,Budapest,Hungary,88,1.5,4.0,4.0,Hotel,2017,11,0
3157,Budapest,Hungary,177,1.2,5.0,4.6,Hotel,2017,11,0
3158,Budapest,Hungary,69,1.5,4.0,4.1,Hotel,2017,11,0
3159,Budapest,Hungary,103,1.4,3.5,4.9,Hotel,2017,11,0
3160,Budapest,Hungary,134,1.5,4.0,4.5,Hotel,2017,11,0
3161,Budapest,Hungary,84,2.0,3.5,4.1,Hotel,2017,11,0
3162,Budapest,Hungary,80,1.9,2.0,4.5,Hostel,2017,11,0
3163,Budapest,Hungary,106,1.1,3.5,4.5,Apart-hotel,2017,11,0
3164,Budapest,Hungary,120,1.3,4.0,4.5,Hotel,2017,11,0
3165,Budapest,Hungary,99,0.6,4.0,4.0,Hotel,2017,11,0
3166,Budapest,Hungary,57,1.4,3.0,3.5,Hotel,2017,11,0
3167,Budapest,Hungary,32,0.6,2.0,3.5,Hostel,2017,11,0
3168,Budapest,Hungary,60,0.7,3.0,4.1,Apart-hotel,2017,11,0
3169,Budapest,Hungary,47,0.7,2.5,3.7,Vacation home Condo,2017,11,0
3170,Budapest,Hungary,77,0.3,4.0,4.5,Hotel,2017,11,0
3171,Budapest,Hungary,57,0.3,3.0,2.7,Apartment,2017,11,0
3172,Budapest,Hungary,61,1.3,3.0,3.7,Hotel,2017,11,0
3173,Budapest,Hungary,72,1.3,3.0,4.0,Apartment,2017,11,0
3174,Budapest,Hungary,59,1.5,3.0,4.0,Bed and breakfast,2017,11,0
3175,Budapest,Hungary,113,0.8,5.0,4.1,Hotel,2017,11,0
3176,Budapest,Hungary,155,0.6,4.5,4.4,Hotel,2017,11,0
3177,Budapest,Hungary,85,0.7,4.0,4.0,Hotel,2017,11,0
3178,Budapest,Hungary,51,0.5,3.0,3.0,Hotel,2017,11,0
3179,Budapest,Hungary,209,0.8,5.0,4.6,Hotel,2017,11,0
3180,Budapest,Hungary,210,0.8,5.0,4.8,Hotel,2017,11,0
3181,Budapest,Hungary,36,0.8,3.0,3.5,Apartment,2017,11,0
3182,Budapest,Hungary,27,0.4,3.0,3.5,Apartment,2017,11,0
3183,Budapest,Hungary,40,1.6,3.0,3.2,Hotel,2017,11,0
3184,Budapest,Hungary,563,0.9,3.0,4.4,Vacation home Condo,2017,11,0
3185,Budapest,Hungary,36,0.4,2.0,3.2,Apartment,2017,11,0
3186,Budapest,Hungary,803,0.4,3.0,4.1,Apartment,2017,11,0
3187,Budapest,Hungary,28,0.3,2.0,3.0,Hostel,2017,11,0
3188,Budapest,Hungary,59,0.3,3.0,4.4,Apartment,2017,11,0
3189,Budapest,Hungary,61,0.5,3.0,3.7,Hotel,2017,11,0
3190,Budapest,Hungary,44,0.5,2.0,4.5,Hostel,2017,11,0
3191,Budapest,Hungary,50,0.5,3.5,4.3,Apartment,2017,11,0
3192,Budapest,Hungary,45,0.4,2.0,4.1,Hostel,2017,11,0
3193,Budapest,Hungary,53,0.3,4.0,4.0,Apartment,2017,11,0
3194,Budapest,Hungary,46,0.4,3.0,4.3,Apart-hotel,2017,11,0
3195,Budapest,Hungary,84,0.5,4.0,4.5,Apartment,2017,11,0
3196,Budapest,Hungary,39,0.5,3.0,4.1,Apartment,2017,11,0
3197,Budapest,Hungary,72,0.5,3.5,4.4,Apartment,2017,11,0
3199,Budapest,Hungary,80,0.4,3.5,4.4,Apartment,2017,11,0
3200,Budapest,Hungary,43,0.4,3.0,4.3,Apartment,2017,11,0
3201,Budapest,Hungary,109,0.4,4.0,4.3,Hotel,2017,11,0
3203,Budapest,Hungary,64,0.4,4.0,4.4,Apartment,2017,11,0
3206,Budapest,Hungary,80,0.3,4.0,3.9,Hotel,2017,11,0
3207,Budapest,Hungary,86,0.3,4.0,3.4,Hotel,2017,11,0
3208,Budapest,Hungary,63,0.5,3.0,3.4,Hotel,2017,11,0
3209,Budapest,Hungary,803,1.4,4.0,4.0,Hotel,2017,11,0
3210,Budapest,Hungary,98,0.8,5.0,4.4,Hotel,2017,11,0
3211,Budapest,Hungary,50,1.2,4.0,3.7,Hotel,2017,11,0
3212,Budapest,Hungary,74,0.9,3.0,4.3,Hotel,2017,11,0
3213,Budapest,Hungary,92,0.3,3.0,4.5,Hotel,2017,11,0
3215,Budapest,Hungary,56,0.4,1.5,2.5,Hostel,2017,11,0
3216,Budapest,Hungary,108,1.0,4.0,4.5,Hotel,2017,11,0
3217,Budapest,Hungary,22,1.4,1.0,1.0,Hostel,2017,11,0
3218,Budapest,Hungary,52,0.7,3.0,4.1,Hotel,2017,11,0
3220,Budapest,Hungary,57,0.7,3.0,4.3,Hotel,2017,11,0
3221,Budapest,Hungary,68,0.3,3.0,,Apartment,2017,11,0
3222,Budapest,Hungary,60,0.6,3.0,4.0,Apartment,2017,11,0
3223,Budapest,Hungary,81,0.6,3.0,4.5,Apartment,2017,11,0
3224,Budapest,Hungary,36,0.4,2.0,3.0,Apartment,2017,11,0
3226,Budapest,Hungary,41,0.7,3.0,3.7,Hotel,2017,11,0
3227,Budapest,Hungary,61,1.1,4.0,3.9,Hotel,2017,11,0
3228,Budapest,Hungary,101,1.0,4.0,4.4,Hotel,2017,11,0
3229,Budapest,Hungary,76,1.0,3.0,4.0,Hotel,2017,11,0
3230,Budapest,Hungary,43,1.8,2.0,3.0,Hotel,2017,11,0
3231,Budapest,Hungary,38,2.1,3.0,3.0,Hotel,2017,11,0
3232,Budapest,Hungary,57,1.3,2.0,4.3,Hostel,2017,11,0
3233,Budapest,Hungary,33,1.0,3.0,3.2,Hotel,2017,11,0
3234,Budapest,Hungary,74,1.1,3.0,4.5,Hotel,2017,11,0
3235,Budapest,Hungary,40,1.0,3.0,4.0,Apartment,2017,11,0
3236,Budapest,Hungary,52,1.2,3.5,3.5,Apartment,2017,11,0
3237,Budapest,Hungary,67,1.3,4.0,3.7,Hotel,2017,11,0
3238,Budapest,Hungary,94,1.5,4.0,4.0,Hotel,2017,11,0
3239,Budapest,Hungary,136,1.5,4.0,4.0,Hotel,2017,11,0
3240,Budapest,Hungary,103,1.0,3.0,4.0,Hotel,2017,11,0
3241,Budapest,Hungary,35,1.3,2.0,2.7,Hotel,2017,11,0
3242,Budapest,Hungary,66,1.0,4.0,3.9,Hotel,2017,11,0
3243,Budapest,Hungary,43,1.2,3.0,2.9,Hotel,2017,11,0
3244,Budapest,Hungary,93,0.7,4.0,3.9,Hotel,2017,11,0
3245,Budapest,Hungary,64,1.3,4.0,3.7,Hotel,2017,11,0
3248,Budapest,Hungary,55,1.2,3.0,4.0,Hotel,2017,11,0
3250,Budapest,Hungary,55,0.5,3.0,3.9,Hotel,2017,11,0
3251,Budapest,Hungary,46,0.5,2.0,4.0,Hostel,2017,11,0
3252,Budapest,Hungary,48,0.5,3.5,,Apartment,2017,11,0
3254,Budapest,Hungary,158,0.5,5.0,4.5,Hotel,2017,11,0
3255,Budapest,Hungary,186,0.3,5.0,4.5,Hotel,2017,11,0
3256,Budapest,Hungary,134,0.3,4.0,4.5,Hotel,2017,11,0
3257,Budapest,Hungary,45,0.6,2.0,4.0,Hostel,2017,11,0
3258,Budapest,Hungary,58,0.4,2.0,4.3,Hostel,2017,11,0
3259,Budapest,Hungary,29,0.7,1.0,3.9,Hostel,2017,11,0
3261,Budapest,Hungary,467,0.3,5.0,4.5,Hotel,2017,11,0
3262,Budapest,Hungary,209,0.3,5.0,4.6,Hotel,2017,11,0
3263,Budapest,Hungary,45,0.2,4.0,4.3,Apartment,2017,11,0
3264,Budapest,Hungary,105,0.9,4.0,4.5,Bed and breakfast,2017,11,0
3265,Budapest,Hungary,66,0.4,3.0,4.1,Hotel,2017,11,0
3266,Budapest,Hungary,42,0.5,2.0,4.0,Hostel,2017,11,0
3267,Budapest,Hungary,124,0.5,4.0,4.0,Hotel,2017,11,0
3268,Budapest,Hungary,302,0.5,5.0,4.9,Hotel,2017,11,0
3269,Budapest,Hungary,130,0.8,4.0,4.0,Hotel,2017,11,0
3271,Budapest,Hungary,140,1.0,4.0,4.6,Hotel,2017,11,0
3272,Budapest,Hungary,33,0.2,2.0,2.5,Guest House,2017,11,0
3273,Budapest,Hungary,142,0.2,3.5,4.6,Hotel,2017,11,0
3275,Budapest,Hungary,126,0.5,3.5,4.5,Hotel,2017,11,0
3276,Budapest,Hungary,49,0.3,3.0,4.0,Guest House,2017,11,0
3278,Budapest,Hungary,156,0.7,5.0,4.6,Hotel,2017,11,0
3279,Budapest,Hungary,49,0.4,3.0,3.9,Apartment,2017,11,0
3280,Budapest,Hungary,83,0.4,3.0,4.1,Hotel,2017,11,0
3281,Budapest,Hungary,201,0.5,5.0,4.5,Hotel,2017,11,0
3282,Budapest,Hungary,40,0.5,2.5,3.9,Apart-hotel,2017,11,0
3283,Budapest,Hungary,70,0.5,3.0,4.1,Hotel,2017,11,0
3284,Budapest,Hungary,531,0.6,5.0,4.9,Hotel,2017,11,0
3285,Budapest,Hungary,64,0.4,3.0,4.0,Hotel,2017,11,0
3286,Budapest,Hungary,62,0.7,3.0,4.5,Vacation home Condo,2017,11,0
3287,Budapest,Hungary,337,0.6,3.5,3.4,Apartment,2017,11,0
3288,Budapest,Hungary,21,0.5,3.5,3.5,Apartment,2017,11,0
3289,Budapest,Hungary,34,0.2,3.5,3.5,Apartment,2017,11,0
3290,Budapest,Hungary,24,0.5,3.5,3.5,Apartment,2017,11,0
3291,Budapest,Hungary,21,0.8,3.5,3.0,Apartment,2017,11,0
3292,Budapest,Hungary,293,0.6,4.0,4.8,Hotel,2017,11,0
3293,Budapest,Hungary,522,0.6,1.0,2.5,Hostel,2017,11,0
3294,Budapest,Hungary,63,1.1,3.5,4.5,Apart-hotel,2017,11,0
3295,Budapest,Hungary,76,0.4,3.0,4.4,Bed and breakfast,2017,11,0
3296,Budapest,Hungary,78,0.9,3.5,4.5,Hotel,2017,11,0
3297,Budapest,Hungary,28,1.1,3.0,,Apartment,2017,11,0
3298,Budapest,Hungary,20,1.2,1.0,4.0,Hostel,2017,11,0
3299,Budapest,Hungary,55,1.3,4.0,3.2,Hotel,2017,11,0
3300,Budapest,Hungary,72,1.3,3.0,3.5,Hotel,2017,11,0
3301,Budapest,Hungary,67,0.7,3.0,4.4,Apartment,2017,11,0
3302,Budapest,Hungary,51,2.2,3.0,3.2,Hotel,2017,11,0
3303,Budapest,Hungary,52,2.2,3.0,4.3,Hotel,2017,11,0
3304,Budapest,Hungary,139,0.4,4.5,4.8,Guest House,2017,11,0
3305,Budapest,Hungary,80,1.1,3.5,4.0,Apart-hotel,2017,11,0
3306,Budapest,Hungary,56,1.1,3.5,4.3,Apartment,2017,11,0
3307,Budapest,Hungary,60,1.1,3.5,4.1,Hotel,2017,11,0
3308,Budapest,Hungary,60,1.1,3.0,2.7,Apartment,2017,11,0
3309,Budapest,Hungary,463,0.5,2.5,2.7,Guest House,2017,11,0
3310,Budapest,Hungary,885,1.1,4.0,4.0,Hotel,2017,11,0
3311,Budapest,Hungary,38,1.0,4.0,4.4,Apartment,2017,11,0
3312,Budapest,Hungary,65,0.6,3.0,4.8,Hotel,2017,11,0
3313,Budapest,Hungary,70,0.6,3.5,4.4,Apart-hotel,2017,11,0
3314,Budapest,Hungary,57,2.3,4.0,3.7,Hotel,2017,11,0
3315,Budapest,Hungary,123,0.7,4.5,4.6,Hotel,2017,11,0
3316,Budapest,Hungary,39,0.7,3.0,3.7,Guest House,2017,11,0
3317,Budapest,Hungary,60,0.8,3.5,4.4,Apartment,2017,11,0
3318,Budapest,Hungary,83,0.7,4.0,4.4,Hotel,2017,11,0
3319,Budapest,Hungary,52,0.8,3.0,3.5,Hotel,2017,11,0
3320,Budapest,Hungary,64,1.1,4.0,4.0,Hotel,2017,11,0
3321,Budapest,Hungary,43,0.8,3.5,3.9,Apartment,2017,11,0
3322,Budapest,Hungary,47,0.8,3.0,4.3,Apartment,2017,11,0
3323,Budapest,Hungary,347,1.1,2.0,4.3,Guest House,2017,11,0
3324,Budapest,Hungary,45,1.2,3.5,3.5,Apartment,2017,11,0
3325,Budapest,Hungary,110,0.6,4.0,4.8,Hotel,2017,11,0
3326,Budapest,Hungary,49,0.6,3.0,4.0,Hotel,2017,11,0
3327,Budapest,Hungary,84,0.6,4.0,4.4,Bed and breakfast,2017,11,0
3328,Budapest,Hungary,92,1.1,4.0,4.5,Hotel,2017,11,0
3329,Budapest,Hungary,37,0.8,3.0,4.0,Guest House,2017,11,0
3330,Budapest,Hungary,51,1.1,3.0,3.2,Hotel,2017,11,0
3331,Budapest,Hungary,42,1.2,3.0,3.4,Hotel,2017,11,0
3332,Budapest,Hungary,73,0.9,4.0,4.9,Apartment,2017,11,0
3333,Budapest,Hungary,46,1.0,3.0,4.0,Apartment,2017,11,0
3334,Budapest,Hungary,60,0.9,4.0,4.1,Apartment,2017,11,0
3337,Budapest,Hungary,44,0.9,3.0,3.7,Hotel,2017,11,0
3338,Budapest,Hungary,65,0.4,3.5,3.2,Apartment,2017,11,0
3339,Budapest,Hungary,70,0.4,4.0,4.1,Hotel,2017,11,0
3340,Budapest,Hungary,87,0.8,4.0,3.9,Hotel,2017,11,0
3341,Budapest,Hungary,52,0.8,3.0,3.9,Apartment,2017,11,0
3342,Budapest,Hungary,79,0.5,3.0,1.0,Apartment,2017,11,0
3344,Budapest,Hungary,46,0.8,3.0,,Apartment,2017,11,0
3345,Budapest,Hungary,31,4.9,2.0,3.7,Hotel,2017,11,0
3346,Budapest,Hungary,38,4.9,3.0,4.0,Hotel,2017,11,0
3347,Budapest,Hungary,43,3.8,3.0,3.9,Hotel,2017,11,0
3348,Budapest,Hungary,88,2.8,4.0,4.0,Hotel,2017,11,0
3349,Budapest,Hungary,98,2.7,4.5,4.0,Hotel,2017,11,0
3350,Budapest,Hungary,47,1.8,3.0,3.9,Inn,2017,11,0
3351,Budapest,Hungary,45,1.0,2.0,,Hostel,2017,11,0
3352,Budapest,Hungary,116,0.6,4.0,,Hotel,2017,11,0
3353,Budapest,Hungary,122,0.5,4.0,4.9,Hotel,2017,11,0
3354,Budapest,Hungary,44,1.6,3.0,3.5,Hotel,2017,11,0
3355,Budapest,Hungary,69,0.9,3.0,4.1,Hotel,2017,11,0
3356,Budapest,Hungary,47,1.8,3.0,4.0,Hotel,2017,11,0
3357,Budapest,Hungary,132,1.7,4.0,4.3,Hotel,2017,11,0
3358,Budapest,Hungary,35,1.0,3.0,3.5,Hotel,2017,11,0
3359,Budapest,Hungary,106,0.8,4.0,4.5,Hotel,2017,11,0
3360,Budapest,Hungary,39,1.1,3.0,3.0,Hotel,2017,11,0
3361,Budapest,Hungary,97,1.2,4.0,4.8,Vacation home Condo,2017,11,0
3362,Budapest,Hungary,68,0.9,3.0,4.0,Hotel,2017,11,0
3363,Budapest,Hungary,77,1.0,4.0,3.9,Hotel,2017,11,0
3364,Budapest,Hungary,43,0.8,3.0,4.0,Apartment,2017,11,0
3366,Budapest,Hungary,46,0.9,3.5,4.1,Apartment,2017,11,0
3367,Budapest,Hungary,85,1.6,4.0,4.5,Hotel,2017,11,0
3368,Budapest,Hungary,44,0.7,2.5,3.7,Hotel,2017,11,0
3369,Budapest,Hungary,58,0.8,3.0,4.0,Hotel,2017,11,0
3370,Budapest,Hungary,23,0.6,1.0,3.2,Hostel,2017,11,0
3371,Budapest,Hungary,167,0.9,3.0,4.1,Apartment,2017,11,0
3372,Budapest,Hungary,58,0.7,2.0,3.2,Hostel,2017,11,0
3373,Budapest,Hungary,117,0.6,3.5,4.8,Hotel,2017,11,0
3374,Budapest,Hungary,42,0.7,3.0,4.0,Apartment,2017,11,0
3375,Budapest,Hungary,104,0.6,4.5,4.5,Hotel,2017,11,0
3376,Budapest,Hungary,56,1.2,3.5,3.9,Hotel,2017,11,0
3377,Budapest,Hungary,75,0.6,3.0,4.4,Hotel,2017,11,0
3378,Budapest,Hungary,35,1.2,3.0,3.0,Hotel,2017,11,0
3379,Budapest,Hungary,49,0.5,4.0,3.2,Apartment,2017,11,0
3380,Budapest,Hungary,74,1.0,4.5,3.9,Hotel,2017,11,0
3381,Budapest,Hungary,27,1.0,1.5,3.5,Hostel,2017,11,0
3385,Budapest,Hungary,130,0.7,4.0,,Apartment,2017,11,0
3386,Budapest,Hungary,142,0.5,4.0,,Apartment,2017,11,0
3388,Budapest,Hungary,56,0.8,2.0,3.5,Hostel,2017,11,0
3389,Budapest,Hungary,66,0.8,3.5,3.7,Apart-hotel,2017,11,0
3390,Budapest,Hungary,75,0.9,4.0,4.1,Hotel,2017,11,0
3393,Budapest,Hungary,103,1.8,4.0,4.6,Apart-hotel,2017,11,0
3394,Budapest,Hungary,93,2.2,4.0,4.1,Hotel,2017,11,0
3395,Budapest,Hungary,67,1.5,3.5,4.0,Apartment,2017,11,0
3396,Budapest,Hungary,73,1.3,3.5,4.5,Apartment,2017,11,0
3397,Budapest,Hungary,97,1.2,4.0,3.9,Hotel,2017,11,0
3398,Budapest,Hungary,51,1.8,3.0,3.5,Hotel,2017,11,0
3399,Budapest,Hungary,57,1.3,3.0,3.7,Hotel,2017,11,0
3400,Budapest,Hungary,34,1.3,2.0,3.4,Hostel,2017,11,0
3401,Budapest,Hungary,75,1.3,3.5,4.1,Apartment,2017,11,0
3402,Budapest,Hungary,70,1.4,3.5,4.5,Apartment,2017,11,0
3403,Budapest,Hungary,155,1.4,5.0,4.1,Hotel,2017,11,0
3404,Budapest,Hungary,42,1.3,3.5,4.0,Hotel,2017,11,0
3405,Budapest,Hungary,40,1.7,3.0,3.7,Apartment,2017,11,0
3406,Budapest,Hungary,52,1.7,2.5,4.0,Apart-hotel,2017,11,0
3407,Budapest,Hungary,68,1.2,3.5,3.0,Apartment,2017,11,0
3408,Budapest,Hungary,40,1.7,3.0,3.5,Hotel,2017,11,0
3409,Budapest,Hungary,96,1.4,4.0,4.3,Hotel,2017,11,0
3410,Budapest,Hungary,39,1.4,3.0,4.4,Bed and breakfast,2017,11,0
3411,Budapest,Hungary,106,10.0,4.5,4.0,Hotel,2017,11,0
3412,Budapest,Hungary,138,11.0,4.5,4.1,Hotel,2017,11,0
3413,Budapest,Hungary,48,9.9,3.0,3.7,Hotel,2017,11,0
3414,Budapest,Hungary,19,1.8,2.0,2.9,Pension,2017,11,0
3415,Budapest,Hungary,80,1.8,4.0,4.0,Hotel,2017,11,0
3416,Budapest,Hungary,52,2.6,4.0,3.5,Hotel,2017,11,0
3417,Budapest,Hungary,51,2.7,3.0,3.5,Apart-hotel,2017,11,0
3418,Copenhagen,Denmark,104,1.4,2.0,3.5,Hotel,2017,11,0
3421,Copenhagen,Denmark,103,0.8,2.0,3.0,Hotel,2017,11,0
3422,Copenhagen,Denmark,140,2.7,3.0,3.9,Hotel,2017,11,0
3423,Copenhagen,Denmark,77,2.4,2.0,3.5,Hostel,2017,11,0
3424,Copenhagen,Denmark,248,0.9,4.0,4.0,Hotel,2017,11,0
3425,Copenhagen,Denmark,204,3.4,3.0,3.7,Hotel,2017,11,0
3426,Copenhagen,Denmark,84,2.9,3.0,3.7,Hostel,2017,11,0
3427,Copenhagen,Denmark,200,2.4,4.0,3.9,Hotel,2017,11,0
3428,Copenhagen,Denmark,73,2.3,2.0,3.7,Hostel,2017,11,0
3429,Copenhagen,Denmark,114,0.7,2.0,4.0,Hostel,2017,11,0
3431,Copenhagen,Denmark,305,1.8,4.0,4.4,Apart-hotel,2017,11,0
3432,Copenhagen,Denmark,233,0.7,4.0,4.0,Hotel,2017,11,0
3433,Copenhagen,Denmark,145,0.3,3.0,3.2,Hotel,2017,11,0
3434,Copenhagen,Denmark,180,0.2,4.0,3.7,Hotel,2017,11,0
3435,Copenhagen,Denmark,144,0.8,2.0,4.0,Hotel,2017,11,0
3436,Copenhagen,Denmark,114,0.6,2.0,3.7,Hotel,2017,11,0
3437,Copenhagen,Denmark,85,0.4,2.0,3.2,Hotel,2017,11,0
3438,Copenhagen,Denmark,155,0.4,3.0,3.7,Hotel,2017,11,0
3439,Copenhagen,Denmark,79,0.4,2.0,4.0,Hostel,2017,11,0
3440,Copenhagen,Denmark,125,0.4,3.0,3.5,Hotel,2017,11,0
3441,Copenhagen,Denmark,186,0.4,3.0,4.1,Hotel,2017,11,0
3442,Copenhagen,Denmark,162,0.8,3.0,3.7,Hotel,2017,11,0
3443,Copenhagen,Denmark,245,1.3,3.5,3.5,Apartment,2017,11,0
3445,Copenhagen,Denmark,88,0.5,,3.7,Hostel,2017,11,0
3446,Copenhagen,Denmark,266,0.5,3.5,4.3,Apartment,2017,11,0
3447,Copenhagen,Denmark,179,0.1,3.0,4.1,Hotel,2017,11,0
3448,Copenhagen,Denmark,288,0.2,5.0,4.0,Hotel,2017,11,0
3449,Copenhagen,Denmark,141,0.4,3.0,3.0,Hotel,2017,11,0
3450,Copenhagen,Denmark,163,0.4,4.0,4.1,Hotel,2017,11,0
3451,Copenhagen,Denmark,73,0.4,2.0,3.5,Hotel,2017,11,0
3452,Copenhagen,Denmark,167,0.4,4.0,3.9,Hotel,2017,11,0
3453,Copenhagen,Denmark,198,0.4,3.0,4.0,Hotel,2017,11,0
3454,Copenhagen,Denmark,113,0.3,2.0,4.1,Hostel,2017,11,0
3455,Copenhagen,Denmark,286,0.3,3.5,4.0,Apartment,2017,11,0
3456,Copenhagen,Denmark,109,0.3,2.0,3.5,Hotel,2017,11,0
3457,Copenhagen,Denmark,335,0.5,5.0,4.3,Hotel,2017,11,0
3458,Copenhagen,Denmark,175,0.9,4.0,4.3,Hotel,2017,11,0
3459,Copenhagen,Denmark,274,0.3,4.5,4.0,Hotel,2017,11,0
3460,Copenhagen,Denmark,230,0.6,3.0,4.4,Hotel,2017,11,0
3461,Copenhagen,Denmark,153,0.2,4.0,3.5,Hotel,2017,11,0
3462,Copenhagen,Denmark,107,0.4,2.0,3.7,Hotel,2017,11,0
3463,Copenhagen,Denmark,378,0.3,4.5,4.0,Hotel,2017,11,0
3464,Copenhagen,Denmark,341,0.2,4.0,3.7,Apartment,2017,11,0
3465,Copenhagen,Denmark,291,0.6,4.0,4.1,Hotel,2017,11,0
3466,Copenhagen,Denmark,112,1.3,3.0,3.2,Hotel,2017,11,0
3467,Copenhagen,Denmark,195,0.1,4.0,4.0,Hotel,2017,11,0
3468,Copenhagen,Denmark,224,0.0,4.0,4.1,Hotel,2017,11,0
3469,Copenhagen,Denmark,109,0.5,2.0,3.0,Hotel,2017,11,0
3470,Copenhagen,Denmark,228,0.2,4.0,4.0,Hotel,2017,11,0
3471,Copenhagen,Denmark,187,0.2,4.0,3.9,Hotel,2017,11,0
3472,Copenhagen,Denmark,169,0.2,4.0,3.7,Hotel,2017,11,0
3473,Copenhagen,Denmark,223,0.5,3.0,3.5,Hotel,2017,11,0
3474,Copenhagen,Denmark,98,0.5,2.0,3.4,Hotel,2017,11,0
3475,Copenhagen,Denmark,74,0.2,2.0,3.5,Hostel,2017,11,0
3476,Copenhagen,Denmark,185,0.6,3.0,4.0,Hotel,2017,11,0
3477,Copenhagen,Denmark,156,0.3,3.0,3.7,Hotel,2017,11,0
3478,Copenhagen,Denmark,135,0.3,3.0,3.0,Hotel,2017,11,0
3479,Copenhagen,Denmark,178,0.3,4.0,3.9,Hotel,2017,11,0
3480,Copenhagen,Denmark,204,0.4,4.0,3.7,Hotel,2017,11,0
3481,Copenhagen,Denmark,177,0.1,4.0,3.5,Hotel,2017,11,0
3482,Copenhagen,Denmark,166,0.2,4.0,4.1,Hotel,2017,11,0
3483,Copenhagen,Denmark,211,0.4,4.0,3.5,Hotel,2017,11,0
3484,Copenhagen,Denmark,194,0.4,3.0,4.0,Hotel,2017,11,0
3485,Copenhagen,Denmark,125,0.5,3.0,3.9,Hotel,2017,11,0
3486,Copenhagen,Denmark,124,0.5,3.0,3.4,Hotel,2017,11,0
3487,Copenhagen,Denmark,177,0.3,3.0,3.2,Hotel,2017,11,0
3488,Copenhagen,Denmark,140,0.5,3.0,2.5,Hotel,2017,11,0
3490,Copenhagen,Denmark,222,5.7,3.0,,Castle,2017,11,0
3492,Copenhagen,Denmark,232,5.1,3.0,3.7,Hotel,2017,11,0
3494,Copenhagen,Denmark,155,6.2,3.0,3.9,Hotel,2017,11,0
3495,Copenhagen,Denmark,252,7.0,3.5,3.7,Hotel,2017,11,0
3496,Copenhagen,Denmark,154,9.8,3.0,4.3,Apart-hotel,2017,11,0
3499,Copenhagen,Denmark,223,4.2,4.0,3.7,Hotel,2017,11,0
3500,Copenhagen,Denmark,204,5.8,4.0,3.9,Hotel,2017,11,0
3501,Copenhagen,Denmark,139,12.0,3.0,3.5,Hotel,2017,11,0
3502,Copenhagen,Denmark,191,11.0,3.0,3.5,Hotel,2017,11,0
3503,Copenhagen,Denmark,217,12.0,3.0,3.4,Hotel,2017,11,0
3505,Copenhagen,Denmark,218,6.2,4.0,4.0,Hotel,2017,11,0
3506,Copenhagen,Denmark,252,4.7,3.5,3.5,Hotel,2017,11,0
3507,Copenhagen,Denmark,193,8.1,3.0,3.7,Hotel,2017,11,0
3509,Copenhagen,Denmark,266,5.9,3.5,3.5,Hotel,2017,11,0
3510,Copenhagen,Denmark,83,5.6,2.0,3.2,Hotel,2017,11,0
3511,Copenhagen,Denmark,111,5.8,3.5,3.5,Hotel,2017,11,0
3512,Copenhagen,Denmark,124,7.2,3.5,3.0,Hotel,2017,11,0
3513,Copenhagen,Denmark,201,0.9,3.0,4.0,Hotel,2017,11,0
3514,Copenhagen,Denmark,104,0.8,2.0,3.5,Hotel,2017,11,0
3515,Copenhagen,Denmark,120,0.8,3.0,3.7,Hotel,2017,11,0
3516,Copenhagen,Denmark,107,0.6,2.0,3.4,Hotel,2017,11,0
3517,Copenhagen,Denmark,282,4.5,4.0,4.5,Hotel,2017,11,0
3518,Copenhagen,Denmark,83,3.5,2.0,3.2,Hotel,2017,11,0
3519,Copenhagen,Denmark,197,3.9,3.0,3.7,Hotel,2017,11,0
3520,Copenhagen,Denmark,199,4.1,3.0,3.7,Hotel,2017,11,0
3521,Copenhagen,Denmark,97,1.2,3.0,,Hotel,2017,11,0
3522,Copenhagen,Denmark,132,1.3,3.5,2.2,Apartment,2017,11,0
3523,Copenhagen,Denmark,227,0.9,4.0,3.9,Hotel,2017,11,0
3524,Copenhagen,Denmark,188,0.8,3.0,4.0,Hotel,2017,11,0
3526,Copenhagen,Denmark,84,0.9,2.0,3.7,Hostel,2017,11,0
3527,Copenhagen,Denmark,264,1.0,4.0,4.0,Hotel,2017,11,0
3528,Copenhagen,Denmark,147,0.8,3.0,3.4,Hotel,2017,11,0
3529,Copenhagen,Denmark,216,0.8,4.0,4.0,Hotel,2017,11,0
3530,Copenhagen,Denmark,170,1.0,4.0,3.7,Hotel,2017,11,0
3531,Copenhagen,Denmark,280,1.0,4.0,4.0,Hotel,2017,11,0
3532,Copenhagen,Denmark,196,0.8,3.5,3.0,Apartment,2017,11,0
3533,Copenhagen,Denmark,436,1.0,4.0,4.3,Hotel,2017,11,0
3534,Copenhagen,Denmark,97,3.1,2.0,3.4,Hotel,2017,11,0
3535,Copenhagen,Denmark,164,2.6,4.0,4.3,Hotel,2017,11,0
3536,Copenhagen,Denmark,326,3.4,4.0,4.4,Hotel,2017,11,0
3538,Copenhagen,Denmark,221,1.9,4.0,3.7,Hotel,2017,11,0
3539,Dublin,Ireland,92,1.1,3.0,3.7,Guest House,2017,11,0
3540,Dublin,Ireland,88,1.1,3.0,3.9,Hotel,2017,11,0
3541,Dublin,Ireland,106,1.4,4.0,4.3,Guest House,2017,11,0
3542,Dublin,Ireland,126,1.2,3.0,4.5,Hotel,2017,11,0
3543,Dublin,Ireland,123,1.4,4.0,4.5,Guest House,2017,11,0
3544,Dublin,Ireland,146,1.9,3.5,4.4,Apart-hotel,2017,11,0
3545,Dublin,Ireland,154,2.4,4.0,4.5,Guest House,2017,11,0
3546,Dublin,Ireland,110,1.9,4.0,4.1,Guest House,2017,11,0
3547,Dublin,Ireland,81,1.6,3.0,4.0,Guest House,2017,11,0
3548,Dublin,Ireland,138,1.1,4.0,4.5,Guest House,2017,11,0
3549,Dublin,Ireland,124,1.3,4.0,4.1,Guest House,2017,11,0
3550,Dublin,Ireland,91,2.0,3.5,4.0,Guest House,2017,11,0
3551,Dublin,Ireland,170,1.6,4.0,4.3,Hotel,2017,11,0
3552,Dublin,Ireland,134,1.0,4.0,4.4,Hotel,2017,11,0
3553,Dublin,Ireland,126,1.7,4.0,4.1,Hotel,2017,11,0
3554,Dublin,Ireland,126,1.9,4.0,4.0,Hotel,2017,11,0
3555,Dublin,Ireland,103,1.4,4.0,3.7,Hotel,2017,11,0
3556,Dublin,Ireland,245,1.9,5.0,4.5,Hotel,2017,11,0
3557,Dublin,Ireland,177,6.4,4.0,4.5,Hotel,2017,11,0
3558,Dublin,Ireland,88,4.7,3.0,3.5,Hotel,2017,11,0
3559,Dublin,Ireland,163,5.1,3.5,4.4,Hotel,2017,11,0
3560,Dublin,Ireland,192,5.6,4.0,4.1,Hotel,2017,11,0
3561,Dublin,Ireland,114,0.5,4.0,3.4,Inn,2017,11,0
3562,Dublin,Ireland,149,1.0,3.5,,Apartment,2017,11,0
3563,Dublin,Ireland,91,0.8,2.0,3.0,Hotel,2017,11,0
3564,Dublin,Ireland,207,0.5,4.0,4.0,Hotel,2017,11,0
3565,Dublin,Ireland,148,0.4,3.5,4.3,Apartment,2017,11,0
3566,Dublin,Ireland,131,0.5,3.0,3.9,Hotel,2017,11,0
3567,Dublin,Ireland,176,0.1,4.0,4.0,Hotel,2017,11,0
3568,Dublin,Ireland,82,0.6,3.0,4.0,Hotel,2017,11,0
3569,Dublin,Ireland,149,0.6,3.0,2.5,Apartment,2017,11,0
3572,Dublin,Ireland,68,0.3,2.0,3.0,Hotel,2017,11,0
3574,Dublin,Ireland,116,0.9,3.0,4.0,Apartment,2017,11,0
3575,Dublin,Ireland,87,0.7,3.0,2.9,Apartment,2017,11,0
3577,Dublin,Ireland,154,0.2,3.0,3.9,Hotel,2017,11,0
3578,Dublin,Ireland,138,0.9,3.0,4.0,Apartment,2017,11,0
3579,Dublin,Ireland,196,0.1,3.0,4.1,Hotel,2017,11,0
3580,Dublin,Ireland,167,0.7,3.5,3.7,Apartment,2017,11,0
3581,Dublin,Ireland,62,0.5,2.0,3.7,Hostel,2017,11,0
3582,Dublin,Ireland,120,0.3,3.0,4.0,Hotel,2017,11,0
3583,Dublin,Ireland,98,0.5,3.5,4.1,Guest House,2017,11,0
3587,Dublin,Ireland,71,0.2,2.0,3.7,Hostel,2017,11,0
3588,Dublin,Ireland,176,0.1,3.0,3.9,Hotel,2017,11,0
3589,Dublin,Ireland,312,0.3,5.0,4.5,Hotel,2017,11,0
3590,Dublin,Ireland,90,0.2,2.0,3.7,Hostel,2017,11,0
3591,Dublin,Ireland,30,0.5,2.0,3.7,Hostel,2017,11,0
3592,Dublin,Ireland,81,0.6,3.0,2.9,Hotel,2017,11,0
3593,Dublin,Ireland,87,0.6,2.0,4.0,Hostel,2017,11,0
3594,Dublin,Ireland,197,0.1,3.0,3.2,Apartment,2017,11,0
3595,Dublin,Ireland,122,0.5,4.0,4.0,Hotel,2017,11,0
3596,Dublin,Ireland,155,0.1,2.0,2.5,Hotel,2017,11,0
3597,Dublin,Ireland,139,0.2,3.0,4.0,Hotel,2017,11,0
3598,Dublin,Ireland,564,0.3,2.0,2.5,Hotel,2017,11,0
3599,Dublin,Ireland,811,0.2,3.0,3.7,Guest House,2017,11,0
3600,Dublin,Ireland,130,0.3,3.5,3.9,Apartment,2017,11,0
3601,Dublin,Ireland,72,0.9,2.0,2.9,Guest House,2017,11,0
3602,Dublin,Ireland,293,0.4,5.0,4.5,Hotel,2017,11,0
3603,Dublin,Ireland,172,0.1,3.0,3.4,Hotel,2017,11,0
3604,Dublin,Ireland,179,0.2,3.0,4.3,Hotel,2017,11,0
3605,Dublin,Ireland,143,0.5,3.5,4.5,Hotel,2017,11,0
3606,Dublin,Ireland,145,0.2,3.5,3.5,Inn,2017,11,0
3607,Dublin,Ireland,78,0.2,2.0,4.0,Hostel,2017,11,0
3608,Dublin,Ireland,97,0.6,2.0,2.9,Hotel,2017,11,0
3609,Dublin,Ireland,109,0.8,3.5,3.7,Apartment,2017,11,0
3610,Dublin,Ireland,78,0.8,3.0,3.4,Guest House,2017,11,0
3611,Dublin,Ireland,191,0.6,4.0,4.1,Hotel,2017,11,0
3612,Dublin,Ireland,114,1.0,2.0,3.7,Hotel,2017,11,0
3613,Dublin,Ireland,136,0.6,3.5,3.7,Apartment,2017,11,0
3614,Dublin,Ireland,113,0.6,3.0,3.7,Guest House,2017,11,0
3615,Dublin,Ireland,184,0.3,4.0,3.7,Hotel,2017,11,0
3616,Dublin,Ireland,137,0.4,3.5,4.0,Bed and breakfast,2017,11,0
3618,Dublin,Ireland,83,1.4,3.0,3.5,Hotel,2017,11,0
3620,Dublin,Ireland,93,0.8,2.0,4.0,Hotel,2017,11,0
3621,Dublin,Ireland,63,0.6,2.5,2.2,Guest House,2017,11,0
3622,Dublin,Ireland,134,0.1,3.0,4.3,Hotel,2017,11,0
3623,Dublin,Ireland,92,0.7,3.0,3.7,Guest House,2017,11,0
3624,Dublin,Ireland,207,0.5,4.0,4.0,Hotel,2017,11,0
3625,Dublin,Ireland,73,0.7,2.0,2.7,Hostel,2017,11,0
3626,Dublin,Ireland,140,0.6,4.0,4.1,Apartment,2017,11,0
3627,Dublin,Ireland,76,0.3,2.0,3.2,Hotel,2017,11,0
3628,Dublin,Ireland,116,0.1,2.0,3.7,Hotel,2017,11,0
3629,Dublin,Ireland,117,0.5,3.0,3.7,Guest House,2017,11,0
3630,Dublin,Ireland,114,0.1,4.0,4.0,Apartment,2017,11,0
3631,Dublin,Ireland,136,0.1,3.5,2.5,Apartment,2017,11,0
3634,Dublin,Ireland,184,0.3,3.5,3.7,Apartment,2017,11,0
3635,Dublin,Ireland,149,0.7,3.5,,Apartment,2017,11,0
3636,Dublin,Ireland,126,0.9,4.0,4.1,Hotel,2017,11,0
3637,Dublin,Ireland,103,0.3,3.0,3.9,Hotel,2017,11,0
3638,Dublin,Ireland,262,0.2,4.0,4.5,Hotel,2017,11,0
3639,Dublin,Ireland,120,0.6,3.0,4.0,Hotel,2017,11,0
3640,Dublin,Ireland,196,0.2,4.0,4.3,Hotel,2017,11,0
3641,Dublin,Ireland,134,0.7,3.0,3.4,Hotel,2017,11,0
3642,Dublin,Ireland,60,0.9,2.0,3.7,Hostel,2017,11,0
3643,Dublin,Ireland,34,0.5,2.0,2.5,Hostel,2017,11,0
3644,Dublin,Ireland,76,0.5,3.0,3.2,Bed and breakfast,2017,11,0
3646,Dublin,Ireland,81,1.2,2.0,4.4,Bed and breakfast,2017,11,0
3647,Dublin,Ireland,80,0.7,3.0,3.7,Hotel,2017,11,0
3649,Dublin,Ireland,103,0.8,3.0,4.0,Guest House,2017,11,0
3650,Dublin,Ireland,100,0.6,4.0,4.1,Guest House,2017,11,0
3652,Dublin,Ireland,91,0.6,2.0,2.9,Hotel,2017,11,0
3654,Dublin,Ireland,91,0.9,2.0,4.1,Hostel,2017,11,0
3655,Dublin,Ireland,67,0.6,2.0,3.9,Hostel,2017,11,0
3656,Dublin,Ireland,77,0.2,2.0,3.5,Hostel,2017,11,0
3657,Dublin,Ireland,92,0.6,2.0,2.0,Hostel,2017,11,0
3658,Dublin,Ireland,85,0.5,2.0,3.5,Guest House,2017,11,0
3659,Dublin,Ireland,69,0.6,2.0,3.7,Hostel,2017,11,0
3660,Dublin,Ireland,231,0.5,3.0,4.0,Hotel,2017,11,0
3661,Dublin,Ireland,74,0.6,2.0,2.7,Hotel,2017,11,0
3662,Dublin,Ireland,100,0.5,3.0,3.9,Bed and breakfast,2017,11,0
3663,Dublin,Ireland,79,0.6,2.0,3.4,Guest House,2017,11,0
3664,Dublin,Ireland,71,0.6,2.5,3.2,Guest House,2017,11,0
3665,Dublin,Ireland,171,0.5,4.0,4.0,Apartment,2017,11,0
3666,Dublin,Ireland,149,0.6,3.5,,Apartment,2017,11,0
3669,Dublin,Ireland,98,0.8,3.0,4.0,Hotel,2017,11,0
3670,Dublin,Ireland,123,0.5,3.0,3.5,Guest House,2017,11,0
3671,Dublin,Ireland,134,0.7,3.0,4.0,Hotel,2017,11,0
3672,Dublin,Ireland,114,0.8,2.0,4.0,Apartment,2017,11,0
3673,Dublin,Ireland,161,0.7,4.0,3.7,Hotel,2017,11,0
3674,Dublin,Ireland,231,0.8,4.0,4.1,Hotel,2017,11,0
3675,Dublin,Ireland,90,0.1,3.0,3.7,Hotel,2017,11,0
3676,Dublin,Ireland,174,0.3,4.0,,Apartment,2017,11,0
3677,Dublin,Ireland,229,0.8,4.0,,Apartment,2017,11,0
3681,Dublin,Ireland,179,0.2,4.0,,Apartment,2017,11,0
3682,Dublin,Ireland,125,0.7,3.5,,Apartment,2017,11,0
3685,Dublin,Ireland,134,0.8,3.0,3.5,Apartment,2017,11,0
3686,Dublin,Ireland,134,1.1,4.0,4.3,Hotel,2017,11,0
3688,Dublin,Ireland,166,0.9,4.0,4.3,Hotel,2017,11,0
3689,Dublin,Ireland,156,0.3,3.0,3.5,Apartment,2017,11,0
3691,Dublin,Ireland,196,0.9,4.0,4.1,Hotel,2017,11,0
3692,Dublin,Ireland,184,0.4,3.0,4.1,Hotel,2017,11,0
3694,Dublin,Ireland,168,0.3,3.0,3.0,Apartment,2017,11,0
3695,Dublin,Ireland,103,0.4,3.0,4.1,Hotel,2017,11,0
3696,Dublin,Ireland,156,0.7,3.0,4.3,Hotel,2017,11,0
3697,Dublin,Ireland,129,1.0,3.5,2.4,Apartment,2017,11,0
3699,Dublin,Ireland,280,1.1,5.0,4.5,Hotel,2017,11,0
3700,Dublin,Ireland,168,0.1,3.0,3.5,Hotel,2017,11,0
3701,Dublin,Ireland,184,0.8,4.0,4.5,Hotel,2017,11,0
3702,Dublin,Ireland,100,1.0,3.0,1.0,Apartment,2017,11,0
3703,Dublin,Ireland,259,1.0,4.0,4.0,Apartment,2017,11,0
3706,Dublin,Ireland,117,0.7,3.0,4.0,Hotel,2017,11,0
3707,Dublin,Ireland,139,0.6,3.5,,Apartment,2017,11,0
3708,Dublin,Ireland,218,0.4,4.0,4.5,Hotel,2017,11,0
3709,Dublin,Ireland,319,0.2,5.0,4.5,Hotel,2017,11,0
3710,Dublin,Ireland,243,1.1,4.0,4.6,Apartment,2017,11,0
3711,Dublin,Ireland,259,0.9,4.0,5.0,Apartment,2017,11,0
3712,Dublin,Ireland,259,0.9,4.0,4.5,Apartment,2017,11,0
3713,Dublin,Ireland,236,0.9,4.0,4.9,Apartment,2017,11,0
3714,Dublin,Ireland,300,0.9,5.0,4.8,Hotel,2017,11,0
3715,Dublin,Ireland,172,0.8,3.0,3.9,Hotel,2017,11,0
3716,Dublin,Ireland,186,0.2,3.0,3.7,Apartment,2017,11,0
3717,Dublin,Ireland,243,1.1,4.0,5.0,Apartment,2017,11,0
3718,Dublin,Ireland,140,0.5,3.5,3.9,Apartment,2017,11,0
3720,Dublin,Ireland,113,0.3,3.0,3.7,Hotel,2017,11,0
3721,Dublin,Ireland,187,0.5,4.0,4.0,Hotel,2017,11,0
3722,Dublin,Ireland,172,0.8,3.0,,Apartment,2017,11,0
3723,Dublin,Ireland,126,0.5,3.0,4.3,Hotel,2017,11,0
3724,Dublin,Ireland,103,0.9,3.5,,Apartment,2017,11,0
3725,Dublin,Ireland,145,0.6,4.0,4.0,Apartment,2017,11,0
3726,Dublin,Ireland,179,0.3,4.0,4.5,Apartment,2017,11,0
3727,Dublin,Ireland,144,0.6,4.0,2.7,Apartment,2017,11,0
3728,Dublin,Ireland,166,0.8,4.0,,Apartment,2017,11,0
3729,Dublin,Ireland,186,0.3,4.0,,Apartment,2017,11,0
3730,Dublin,Ireland,159,0.3,4.0,3.5,Vacation home Condo,2017,11,0
3731,Dublin,Ireland,179,0.3,4.0,5.0,Apartment,2017,11,0
3732,Dublin,Ireland,141,0.5,4.0,5.0,Apartment,2017,11,0
3733,Dublin,Ireland,202,0.5,4.0,,Apartment,2017,11,0
3734,Dublin,Ireland,138,0.3,4.0,1.0,Apartment,2017,11,0
3735,Dublin,Ireland,117,0.9,3.0,3.2,Apartment,2017,11,0
3736,Dublin,Ireland,116,0.2,3.0,2.0,Apartment,2017,11,0
3737,Dublin,Ireland,293,0.2,4.0,4.6,Hotel,2017,11,0
3738,Dublin,Ireland,150,1.2,4.0,4.5,Hotel,2017,11,0
3739,Dublin,Ireland,87,0.7,3.0,4.0,Hotel,2017,11,0
3742,Dublin,Ireland,187,0.3,4.0,4.0,Hotel,2017,11,0
3743,Dublin,Ireland,176,1.4,4.0,4.5,Hotel,2017,11,0
3744,Dublin,Ireland,171,0.2,4.0,2.5,Apartment,2017,11,0
3745,Dublin,Ireland,166,0.2,4.0,4.3,Apartment,2017,11,0
3747,Dublin,Ireland,517,0.9,4.0,,Apartment,2017,11,0
3748,Dublin,Ireland,113,0.8,3.0,4.0,Hotel,2017,11,0
3749,Dublin,Ireland,120,0.7,2.0,4.0,Hostel,2017,11,0
3751,Dublin,Ireland,236,0.2,3.5,,Apartment,2017,11,0
3752,Dublin,Ireland,125,1.1,3.5,3.9,Apartment,2017,11,0
3753,Dublin,Ireland,125,0.5,3.5,,Apartment,2017,11,0
3754,Dublin,Ireland,103,0.6,3.0,3.5,Hotel,2017,11,0
3755,Dublin,Ireland,114,0.1,4.0,3.5,Apartment,2017,11,0
3757,Dublin,Ireland,189,0.3,3.0,4.0,Apartment,2017,11,0
3758,Dublin,Ireland,325,0.5,5.0,4.8,Hotel,2017,11,0
3759,Dublin,Ireland,114,0.1,3.5,4.0,Apartment,2017,11,0
3763,Dublin,Ireland,313,0.1,5.0,4.6,Hotel,2017,11,0
3764,Dublin,Ireland,81,3.1,3.5,3.4,Guest House,2017,11,0
3765,Dublin,Ireland,161,2.7,4.0,4.6,Hotel,2017,11,0
3767,Dublin,Ireland,88,1.6,3.0,4.0,Inn,2017,11,0
3768,Dublin,Ireland,80,2.2,3.0,3.2,Guest House,2017,11,0
3769,Dublin,Ireland,80,1.0,3.5,3.9,Apartment,2017,11,0
3771,Dublin,Ireland,152,1.0,3.0,3.5,Apartment,2017,11,0
3772,Dublin,Ireland,214,1.0,4.0,4.4,Apartment,2017,11,0
3774,Dublin,Ireland,104,1.2,3.5,4.3,Apartment,2017,11,0
3775,Dublin,Ireland,74,1.6,3.0,4.0,Guest House,2017,11,0
3777,Dublin,Ireland,149,1.4,3.5,2.0,Apartment,2017,11,0
3778,Dublin,Ireland,81,1.5,3.0,3.5,Hotel,2017,11,0
3780,Dublin,Ireland,100,1.6,3.0,4.0,Apartment,2017,11,0
3781,Dublin,Ireland,138,1.2,4.0,4.5,Hotel,2017,11,0
3782,Dublin,Ireland,123,2.0,4.0,4.1,Hotel,2017,11,0
3783,Dublin,Ireland,100,1.0,3.0,,Apartment,2017,11,0
3784,Dublin,Ireland,139,2.1,3.0,4.3,Guest House,2017,11,0
3785,Dublin,Ireland,139,3.5,2.5,,Apartment,2017,11,0
3786,Dublin,Ireland,104,1.4,2.5,3.5,Guest House,2017,11,0
3787,Dublin,Ireland,129,1.5,4.0,4.3,Hotel,2017,11,0
3788,Dublin,Ireland,103,3.1,3.0,4.5,Bed and breakfast,2017,11,0
3789,Dublin,Ireland,126,3.1,3.0,4.6,Bed and breakfast,2017,11,0
3790,Dublin,Ireland,78,1.0,2.5,,Guest House,2017,11,0
3791,Dublin,Ireland,159,1.6,3.0,4.1,Hotel,2017,11,0
3792,Dublin,Ireland,72,1.3,3.0,3.5,Guest House,2017,11,0
3793,Dublin,Ireland,208,5.5,3.0,4.5,Guest House,2017,11,0
3797,Dublin,Ireland,92,3.3,3.0,3.4,Hotel,2017,11,0
3798,Dublin,Ireland,142,2.6,3.5,4.4,Apartment,2017,11,0
3801,Dublin,Ireland,103,2.3,3.0,4.5,Bed and breakfast,2017,11,0
3802,Dublin,Ireland,97,6.9,3.0,3.4,Bed and breakfast,2017,11,0
3803,Dublin,Ireland,101,1.0,3.5,,Apartment,2017,11,0
3804,Dublin,Ireland,126,7.1,4.0,3.9,Hotel,2017,11,0
3805,Dublin,Ireland,119,5.9,4.0,4.0,Hotel,2017,11,0
3806,Dublin,Ireland,162,5.8,4.0,3.9,Hotel,2017,11,0
3807,Dublin,Ireland,126,3.9,3.0,4.1,Hotel,2017,11,0
3808,Dublin,Ireland,114,1.6,4.0,4.3,Apartment,2017,11,0
3809,Dublin,Ireland,174,5.3,4.0,4.1,Hotel,2017,11,0
3810,Dublin,Ireland,198,4.2,4.0,4.5,Hotel,2017,11,0
3811,Dublin,Ireland,104,4.2,3.0,4.1,Hotel,2017,11,0
3812,Dublin,Ireland,179,5.0,4.0,4.1,Hotel,2017,11,0
3814,Dublin,Ireland,101,1.3,3.0,3.7,Hotel,2017,11,0
3815,Dublin,Ireland,91,3.9,3.0,3.7,Hotel,2017,11,0
3816,Dublin,Ireland,88,3.6,3.0,3.4,Hotel,2017,11,0
3817,Dublin,Ireland,145,1.9,4.0,4.4,Hotel,2017,11,0
3818,Dublin,Ireland,103,5.0,4.0,4.1,Hotel,2017,11,0
3819,Dublin,Ireland,107,2.4,3.0,3.5,Hotel,2017,11,0
3821,Dublin,Ireland,81,6.1,3.0,4.4,Hotel,2017,11,0
3822,Dublin,Ireland,107,5.8,4.0,4.0,Hotel,2017,11,0
3823,Dublin,Ireland,114,8.6,4.0,4.0,Hotel,2017,11,0
3824,Dublin,Ireland,94,7.1,4.0,4.0,Hotel,2017,11,0
3825,Dublin,Ireland,82,3.6,3.0,4.0,Hotel,2017,11,0
3827,Dublin,Ireland,69,4.9,2.0,3.7,Hotel,2017,11,0
3828,Dublin,Ireland,88,5.8,3.0,4.0,Hotel,2017,11,0
3829,Dublin,Ireland,111,4.5,4.0,4.1,Hotel,2017,11,0
3830,Dublin,Ireland,67,4.8,3.0,4.0,Hotel,2017,11,0
3831,Dublin,Ireland,104,7.9,4.0,4.3,Hotel,2017,11,0
3832,Dublin,Ireland,82,6.3,4.0,3.5,Hotel,2017,11,0
3833,Dublin,Ireland,110,5.4,4.0,4.0,Hotel,2017,11,0
3834,Dublin,Ireland,92,6.3,3.0,3.7,Hotel,2017,11,0
3835,Dublin,Ireland,90,6.4,4.0,4.3,Hotel,2017,11,0
3836,Dublin,Ireland,92,4.9,3.0,3.5,Hotel,2017,11,0
3837,Dublin,Ireland,207,4.9,4.0,4.3,Hotel,2017,11,0
3838,Dublin,Ireland,124,5.5,4.0,4.0,Hotel,2017,11,0
3839,Dublin,Ireland,129,3.6,5.0,4.1,Hotel,2017,11,0
3840,Dublin,Ireland,120,4.2,4.0,4.0,Hotel,2017,11,0
3841,Dublin,Ireland,91,7.9,3.0,3.9,Bed and breakfast,2017,11,0
3843,Dublin,Ireland,92,8.2,3.0,4.5,Bed and breakfast,2017,11,0
3844,Dublin,Ireland,116,8.0,2.0,4.0,Hotel,2017,11,0
3845,Dublin,Ireland,70,7.7,3.0,4.0,Hotel,2017,11,0
3846,Dublin,Ireland,134,8.4,3.0,4.0,Hotel,2017,11,0
3847,Dublin,Ireland,88,7.4,3.0,3.5,Hotel,2017,11,0
3848,Dubrovnik,Croatia,43,7.0,3.0,4.0,Guest House,2017,11,0
3856,Dubrovnik,Croatia,43,7.4,3.0,4.0,Apartment,2017,11,0
3857,Dubrovnik,Croatia,48,7.5,3.0,4.4,Apartment,2017,11,0
3865,Dubrovnik,Croatia,35,0.1,3.0,4.3,Apartment,2017,11,0
3866,Dubrovnik,Croatia,83,0.1,3.0,4.4,Apartment,2017,11,0
3868,Dubrovnik,Croatia,81,0.1,3.0,3.9,Guest House,2017,11,0
3876,Dubrovnik,Croatia,77,0.2,3.0,4.4,Apartment,2017,11,0
3878,Dubrovnik,Croatia,250,0.5,5.0,4.6,Hotel,2017,11,0
3892,Dubrovnik,Croatia,132,2.8,4.0,4.5,Hotel,2017,11,0
3894,Dubrovnik,Croatia,74,1.2,4.0,4.0,Hotel,2017,11,0
3898,Dubrovnik,Croatia,90,0.1,2.0,4.1,Apartment,2017,11,0
3902,Dubrovnik,Croatia,63,2.3,3.0,3.7,Guest House,2017,11,0
3903,Dubrovnik,Croatia,99,2.3,4.0,4.6,Hotel,2017,11,0
3904,Dubrovnik,Croatia,96,2.9,5.0,4.6,Hotel,2017,11,0
3905,Dubrovnik,Croatia,86,3.0,4.0,4.5,Hotel,2017,11,0
3915,Dubrovnik,Croatia,45,0.4,4.0,3.7,Apartment,2017,11,0
3916,Dubrovnik,Croatia,61,3.0,3.0,5.0,Apartment,2017,11,0
3923,Dubrovnik,Croatia,68,2.2,4.0,4.6,Apartment,2017,11,0
3925,Dubrovnik,Croatia,54,2.1,3.0,,Hotel,2017,11,0
3927,Dubrovnik,Croatia,57,0.3,3.0,4.4,Apartment,2017,11,0
3928,Dubrovnik,Croatia,50,0.3,3.0,4.1,Apartment,2017,11,0
3930,Dubrovnik,Croatia,114,6.1,5.0,4.5,Hotel,2017,11,0
3932,Dubrovnik,Croatia,69,0.1,3.0,4.0,Apartment,2017,11,0
3935,Dubrovnik,Croatia,83,0.1,4.0,4.5,Guest House,2017,11,0
3936,Dubrovnik,Croatia,50,1.7,3.0,3.9,Hotel,2017,11,0
3939,Dubrovnik,Croatia,232,0.0,5.0,4.5,Hotel,2017,11,0
3943,Dubrovnik,Croatia,41,1.6,3.0,4.0,Apartment,2017,11,0
3944,Dubrovnik,Croatia,60,0.1,3.5,3.4,Bed and breakfast,2017,11,0
3949,Dubrovnik,Croatia,93,0.1,4.0,4.5,Guest House,2017,11,0
3950,Dubrovnik,Croatia,168,0.1,4.0,4.5,Apartment,2017,11,0
3951,Dubrovnik,Croatia,89,0.1,4.0,4.6,Apartment,2017,11,0
3954,Dubrovnik,Croatia,63,1.6,3.0,4.4,Guest House,2017,11,0
3955,Dubrovnik,Croatia,281,0.4,4.0,4.9,Apartment,2017,11,0
3956,Dubrovnik,Croatia,81,2.4,3.0,4.5,Apartment,2017,11,0
3959,Dubrovnik,Croatia,392,1.7,3.0,4.0,Hotel,2017,11,0
3960,Dubrovnik,Croatia,64,1.5,4.0,4.3,Hotel,2017,11,0
3963,Dubrovnik,Croatia,1003,2.2,3.0,4.1,Hotel,2017,11,0
3964,Dubrovnik,Croatia,77,2.1,4.0,3.7,Hotel,2017,11,0
3966,Dubrovnik,Croatia,42,1.4,3.0,4.0,Guest House,2017,11,0
3967,Dubrovnik,Croatia,46,1.4,3.0,4.5,Guest House,2017,11,0
3968,Dubrovnik,Croatia,87,0.1,3.0,3.9,Apartment,2017,11,0
3970,Dubrovnik,Croatia,106,0.1,4.0,4.8,Apartment,2017,11,0
3971,Dubrovnik,Croatia,39,2.2,3.0,3.7,Apartment,2017,11,0
3972,Dubrovnik,Croatia,69,2.1,4.0,3.7,Apartment,2017,11,0
3974,Dubrovnik,Croatia,61,1.7,3.0,4.5,Hotel,2017,11,0
3976,Dubrovnik,Croatia,67,0.1,3.0,4.3,Guest House,2017,11,0
3978,Dubrovnik,Croatia,59,2.5,3.0,4.1,Guest House,2017,11,0
3979,Dubrovnik,Croatia,63,0.1,3.0,3.9,Apartment,2017,11,0
3981,Dubrovnik,Croatia,150,2.4,4.0,,Apartment,2017,11,0
3983,Dubrovnik,Croatia,140,2.5,4.0,,Apartment,2017,11,0
3984,Dubrovnik,Croatia,46,2.2,3.0,4.1,Guest House,2017,11,0
3985,Dubrovnik,Croatia,61,0.1,3.0,4.4,Apartment,2017,11,0
3988,Dubrovnik,Croatia,76,2.1,3.0,4.0,Apartment,2017,11,0
3989,Dubrovnik,Croatia,103,0.0,4.0,4.3,Guest House,2017,11,0
3990,Dubrovnik,Croatia,86,0.2,4.0,4.6,Apartment,2017,11,0
3991,Dubrovnik,Croatia,80,0.1,3.0,4.3,Apartment,2017,11,0
3993,Dubrovnik,Croatia,116,0.1,4.0,4.0,Apartment,2017,11,0
3995,Dubrovnik,Croatia,40,0.1,3.0,4.1,Guest House,2017,11,0
3997,Dubrovnik,Croatia,127,1.1,5.0,4.3,Hotel,2017,11,0
3998,Dubrovnik,Croatia,51,0.7,4.0,4.3,Apartment,2017,11,0
3999,Dubrovnik,Croatia,32,0.7,3.0,4.6,Apartment,2017,11,0
4000,Dubrovnik,Croatia,57,0.5,4.0,4.8,Villa,2017,11,0
4003,Dubrovnik,Croatia,111,9.2,3.0,,Hotel,2017,11,0
4004,Dubrovnik,Croatia,225,9.2,3.0,4.3,Hotel,2017,11,0
4006,Dubrovnik,Croatia,99,9.4,4.0,,Apartment,2017,11,0
4007,Dubrovnik,Croatia,123,9.2,4.0,4.4,Hotel,2017,11,0
4010,Dubrovnik,Croatia,67,5.5,3.0,3.7,Apartment,2017,11,0
4014,Dubrovnik,Croatia,130,4.3,4.0,5.0,Apart-hotel,2017,11,0
4015,Dubrovnik,Croatia,47,5.9,3.0,4.3,Apartment,2017,11,0
4016,Dubrovnik,Croatia,48,5.8,3.0,4.9,Guest House,2017,11,0
4017,Dubrovnik,Croatia,46,4.7,3.0,4.3,Apartment,2017,11,0
4018,Dubrovnik,Croatia,38,4.4,3.0,3.5,Apartment,2017,11,0
4022,Dubrovnik,Croatia,89,4.9,3.0,4.6,Apartment,2017,11,0
4025,Dubrovnik,Croatia,94,4.6,5.0,4.6,Resort,2017,11,0
4029,Glasgow,United Kingdom,141,13.0,4.0,4.3,Hotel,2017,11,0
4030,Glasgow,United Kingdom,62,13.0,3.0,4.1,Inn,2017,11,0
4031,Glasgow,United Kingdom,144,8.9,3.5,3.7,Inn,2017,11,0
4032,Glasgow,United Kingdom,89,7.8,3.5,4.4,Hotel,2017,11,0
4033,Glasgow,United Kingdom,89,11.0,4.0,4.4,Inn,2017,11,0
4034,Glasgow,United Kingdom,113,7.6,3.0,4.4,Hotel,2017,11,0
4036,Glasgow,United Kingdom,115,7.1,4.0,4.3,Hotel,2017,11,0
4037,Glasgow,United Kingdom,57,7.4,3.5,3.4,Hotel,2017,11,0
4038,Glasgow,United Kingdom,118,6.2,4.0,3.7,Hotel,2017,11,0
4039,Glasgow,United Kingdom,110,9.3,4.0,4.0,Hotel,2017,11,0
4040,Glasgow,United Kingdom,75,5.2,2.5,,Guest House,2017,11,0
4041,Glasgow,United Kingdom,147,4.8,4.0,4.6,Hotel,2017,11,0
4042,Glasgow,United Kingdom,95,4.3,3.0,,Apartment,2017,11,0
4043,Glasgow,United Kingdom,92,6.6,4.0,4.6,Hotel,2017,11,0
4044,Glasgow,United Kingdom,83,4.8,3.0,3.4,Hotel,2017,11,0
4045,Glasgow,United Kingdom,76,11.0,3.0,3.5,Hotel,2017,11,0
4046,Glasgow,United Kingdom,103,16.0,3.5,3.2,Inn,2017,11,0
4047,Glasgow,United Kingdom,114,8.4,3.0,4.5,Hotel,2017,11,0
4049,Glasgow,United Kingdom,103,12.0,3.0,4.3,Hotel,2017,11,0
4050,Glasgow,United Kingdom,108,8.1,3.0,3.9,Hotel,2017,11,0
4051,Glasgow,United Kingdom,93,15.0,3.5,,Bed and breakfast,2017,11,0
4052,Glasgow,United Kingdom,59,9.8,3.0,,Bed and breakfast,2017,11,0
4053,Glasgow,United Kingdom,80,14.0,3.0,3.9,Hotel,2017,11,0
4054,Glasgow,United Kingdom,189,7.2,4.5,5.0,Hotel,2017,11,0
4055,Glasgow,United Kingdom,105,16.0,3.5,,Apartment,2017,11,0
4057,Glasgow,United Kingdom,102,7.5,4.0,4.3,Hotel,2017,11,0
4059,Glasgow,United Kingdom,99,8.8,3.0,3.7,Hotel,2017,11,0
4060,Glasgow,United Kingdom,105,16.0,3.0,4.5,Bed and breakfast,2017,11,0
4061,Glasgow,United Kingdom,249,16.0,3.0,3.7,Hotel,2017,11,0
4062,Glasgow,United Kingdom,102,1.8,3.0,4.1,Hotel,2017,11,0
4063,Glasgow,United Kingdom,215,2.5,4.0,4.4,Hotel,2017,11,0
4064,Glasgow,United Kingdom,204,5.6,3.5,4.5,Hotel,2017,11,0
4065,Glasgow,United Kingdom,143,0.7,5.0,4.3,Hotel,2017,11,0
4066,Glasgow,United Kingdom,99,0.3,4.0,4.5,Apartment,2017,11,0
4067,Glasgow,United Kingdom,111,2.0,4.0,4.0,Hotel,2017,11,0
4068,Glasgow,United Kingdom,87,2.1,4.0,4.3,Hotel,2017,11,0
4069,Glasgow,United Kingdom,64,1.3,2.0,3.9,Hotel,2017,11,0
4071,Glasgow,United Kingdom,74,0.2,3.5,3.4,Hotel,2017,11,0
4072,Glasgow,United Kingdom,131,0.9,3.5,,Apartment,2017,11,0
4073,Glasgow,United Kingdom,137,2.2,4.0,4.6,Hotel,2017,11,0
4075,Glasgow,United Kingdom,135,0.4,4.0,4.5,Hotel,2017,11,0
4077,Glasgow,United Kingdom,90,0.4,3.0,4.1,Hotel,2017,11,0
4078,Glasgow,United Kingdom,156,0.4,4.0,4.0,Hotel,2017,11,0
4080,Glasgow,United Kingdom,218,0.1,4.0,4.6,Apartment,2017,11,0
4081,Glasgow,United Kingdom,122,0.3,3.0,4.1,Hotel,2017,11,0
4082,Glasgow,United Kingdom,169,1.8,3.5,4.5,Apart-hotel,2017,11,0
4083,Glasgow,United Kingdom,85,1.1,3.0,4.3,Hotel,2017,11,0
4084,Glasgow,United Kingdom,152,0.5,3.0,4.5,Hotel,2017,11,0
4085,Glasgow,United Kingdom,87,2.2,3.0,4.0,Guest House,2017,11,0
4086,Glasgow,United Kingdom,55,1.8,2.0,3.5,Hotel,2017,11,0
4087,Glasgow,United Kingdom,168,0.5,3.5,4.3,Apartment,2017,11,0
4088,Glasgow,United Kingdom,136,0.4,4.0,4.4,Hotel,2017,11,0
4089,Glasgow,United Kingdom,118,0.3,3.0,4.1,Hotel,2017,11,0
4091,Glasgow,United Kingdom,91,2.2,3.5,3.2,Apartment,2017,11,0
4092,Glasgow,United Kingdom,172,0.6,4.0,4.8,Hotel,2017,11,0
4093,Glasgow,United Kingdom,119,0.6,4.0,4.0,Hotel,2017,11,0
4094,Glasgow,United Kingdom,91,5.5,3.5,3.9,Apartment,2017,11,0
4095,Glasgow,United Kingdom,105,4.4,3.0,4.1,Hotel,2017,11,0
4098,Glasgow,United Kingdom,170,0.1,3.0,3.5,Hotel,2017,11,0
4099,Glasgow,United Kingdom,93,1.3,3.0,4.0,Hotel,2017,11,0
4100,Glasgow,United Kingdom,66,0.7,2.0,3.5,Hotel,2017,11,0
4101,Glasgow,United Kingdom,105,1.9,3.5,2.7,Apartment,2017,11,0
4102,Glasgow,United Kingdom,87,0.7,2.0,3.9,Hotel,2017,11,0
4103,Glasgow,United Kingdom,60,0.7,2.0,3.2,Guest House,2017,11,0
4104,Glasgow,United Kingdom,59,1.0,4.0,3.7,Hostel,2017,11,0
4105,Glasgow,United Kingdom,78,0.7,3.0,4.0,Hotel,2017,11,0
4106,Glasgow,United Kingdom,313,2.7,4.0,,Apartment,2017,11,0
4107,Glasgow,United Kingdom,58,1.9,3.0,3.7,Guest House,2017,11,0
4108,Glasgow,United Kingdom,63,0.8,1.0,3.5,Guest House,2017,11,0
4109,Glasgow,United Kingdom,55,0.7,3.0,3.5,Hotel,2017,11,0
4110,Glasgow,United Kingdom,153,0.7,4.0,4.0,Hotel,2017,11,0
4111,Glasgow,United Kingdom,164,0.6,4.0,4.0,Hotel,2017,11,0
4113,Glasgow,United Kingdom,83,3.1,3.0,4.5,Guest House,2017,11,0
4114,Glasgow,United Kingdom,115,0.6,3.0,4.0,Guest House,2017,11,0
4116,Glasgow,United Kingdom,99,1.9,2.0,2.7,Guest House,2017,11,0
4117,Glasgow,United Kingdom,64,1.1,3.0,3.5,Hotel,2017,11,0
4119,Glasgow,United Kingdom,62,1.6,3.0,2.9,Guest House,2017,11,0
4121,Glasgow,United Kingdom,158,0.4,5.0,4.1,Hotel,2017,11,0
4123,Glasgow,United Kingdom,37,0.4,3.0,3.4,Hostel,2017,11,0
4124,Glasgow,United Kingdom,64,0.5,3.0,3.5,Hotel,2017,11,0
4125,Glasgow,United Kingdom,68,1.0,3.0,4.0,Guest House,2017,11,0
4127,Glasgow,United Kingdom,88,0.4,3.0,3.5,Hotel,2017,11,0
4128,Glasgow,United Kingdom,116,4.2,3.0,,Apartment,2017,11,0
4129,Glasgow,United Kingdom,72,1.8,3.0,4.0,Guest House,2017,11,0
4131,Glasgow,United Kingdom,124,0.0,4.0,3.7,Hotel,2017,11,0
4133,Glasgow,United Kingdom,72,1.4,3.0,4.0,Hotel,2017,11,0
4134,Glasgow,United Kingdom,118,1.4,3.0,4.5,Guest House,2017,11,0
4135,Glasgow,United Kingdom,45,0.4,1.0,3.2,Hostel,2017,11,0
4136,Glasgow,United Kingdom,183,0.1,4.0,4.5,Hotel,2017,11,0
4137,Glasgow,United Kingdom,95,1.5,4.0,4.8,Guest House,2017,11,0
4138,Glasgow,United Kingdom,66,2.0,3.0,4.4,Guest House,2017,11,0
4141,Glasgow,United Kingdom,64,0.9,3.5,3.0,Apartment,2017,11,0
4142,Glasgow,United Kingdom,140,0.7,4.0,4.1,Hotel,2017,11,0
4144,Glasgow,United Kingdom,124,0.6,3.0,4.0,Apartment,2017,11,0
4145,Glasgow,United Kingdom,68,0.2,3.0,3.2,Hotel,2017,11,0
4146,Glasgow,United Kingdom,144,0.1,4.0,4.4,Apartment,2017,11,0
4147,Glasgow,United Kingdom,61,0.3,3.0,3.7,Hotel,2017,11,0
4148,Glasgow,United Kingdom,92,1.8,3.0,4.3,Hotel,2017,11,0
4150,Glasgow,United Kingdom,89,1.1,3.0,,Guest House,2017,11,0
4151,Glasgow,United Kingdom,122,0.4,4.0,4.5,Hotel,2017,11,0
4152,Glasgow,United Kingdom,130,1.7,4.0,4.4,Hotel,2017,11,0
4153,Glasgow,United Kingdom,76,1.9,3.0,4.0,Hotel,2017,11,0
4157,Glasgow,United Kingdom,119,0.1,3.0,4.5,Hotel,2017,11,0
4158,Glasgow,United Kingdom,147,0.5,4.0,4.5,Hotel,2017,11,0
4159,Glasgow,United Kingdom,182,0.2,4.0,3.4,Apart-hotel,2017,11,0
4160,Glasgow,United Kingdom,66,1.9,3.0,4.0,Apartment,2017,11,0
4161,Glasgow,United Kingdom,84,0.3,3.5,4.5,Hotel,2017,11,0
4162,Glasgow,United Kingdom,162,0.4,4.0,4.3,Hotel,2017,11,0
4163,Glasgow,United Kingdom,115,0.3,3.5,4.5,Hotel,2017,11,0
4164,Glasgow,United Kingdom,101,0.5,3.5,3.9,Apartment,2017,11,0
4165,Glasgow,United Kingdom,89,1.4,3.0,3.7,Hotel,2017,11,0
4166,Glasgow,United Kingdom,72,1.4,4.0,3.9,Hotel,2017,11,0
4167,Glasgow,United Kingdom,93,1.4,3.0,3.5,Hotel,2017,11,0
4168,Glasgow,United Kingdom,76,1.4,3.0,3.7,Hotel,2017,11,0
4170,Glasgow,United Kingdom,57,1.4,2.0,2.7,Hotel,2017,11,0
4171,Glasgow,United Kingdom,68,1.4,3.0,4.0,Hotel,2017,11,0
4172,Glasgow,United Kingdom,168,0.3,4.0,4.3,Hotel,2017,11,0
4174,Glasgow,United Kingdom,131,0.5,4.0,4.1,Hotel,2017,11,0
4175,Glasgow,United Kingdom,162,1.5,4.0,4.3,Hotel,2017,11,0
4177,Glasgow,United Kingdom,78,5.8,3.0,3.0,Hotel,2017,11,0
4179,Glasgow,United Kingdom,143,1.3,4.0,4.1,Hotel,2017,11,0
4180,Glasgow,United Kingdom,149,1.2,3.5,,Apartment,2017,11,0
4182,Glasgow,United Kingdom,85,2.9,3.0,4.0,Hotel,2017,11,0
4183,Glasgow,United Kingdom,118,0.2,4.0,3.5,Inn,2017,11,0
4184,Glasgow,United Kingdom,72,3.1,3.0,3.5,Hotel,2017,11,0
4185,Glasgow,United Kingdom,174,0.5,5.0,4.6,Hotel,2017,11,0
4186,Glasgow,United Kingdom,52,1.4,3.0,4.1,Guest House,2017,11,0
4188,Glasgow,United Kingdom,121,2.3,3.0,,Apartment,2017,11,0
4190,Glasgow,United Kingdom,52,3.3,3.0,3.0,Hostel,2017,11,0
4191,Hamburg,Germany,162,1.9,4.0,4.5,Apart-hotel,2017,11,0
4192,Hamburg,Germany,68,3.4,2.5,4.0,Guest House,2017,11,0
4193,Hamburg,Germany,115,3.0,4.0,4.0,Hotel,2017,11,0
4194,Hamburg,Germany,145,1.9,3.0,4.4,Hotel,2017,11,0
4195,Hamburg,Germany,110,1.6,2.5,3.7,Hotel,2017,11,0
4196,Hamburg,Germany,98,2.0,1.5,,Hostel,2017,11,0
4197,Hamburg,Germany,110,2.2,2.5,4.1,Hotel,2017,11,0
4198,Hamburg,Germany,103,1.5,3.0,3.5,Hotel,2017,11,0
4199,Hamburg,Germany,94,2.2,2.0,3.7,Hotel,2017,11,0
4200,Hamburg,Germany,174,1.8,4.5,4.5,Hotel,2017,11,0
4201,Hamburg,Germany,132,2.3,3.5,4.0,Hotel,2017,11,0
4202,Hamburg,Germany,95,2.3,3.5,3.9,Hotel,2017,11,0
4203,Hamburg,Germany,82,2.3,2.5,3.9,Hotel,2017,11,0
4204,Hamburg,Germany,103,3.9,3.5,3.2,Hotel,2017,11,0
4205,Hamburg,Germany,91,3.1,2.0,3.0,Hotel,2017,11,0
4206,Hamburg,Germany,116,2.6,2.5,4.1,Hotel,2017,11,0
4207,Hamburg,Germany,112,7.1,3.0,3.7,Hotel,2017,11,0
4209,Hamburg,Germany,152,7.9,5.0,4.4,Hotel,2017,11,0
4210,Hamburg,Germany,36,4.9,2.0,2.5,Hostel,2017,11,0
4211,Hamburg,Germany,148,5.9,4.0,4.4,Hotel,2017,11,0
4212,Hamburg,Germany,78,5.9,3.5,3.7,Hotel,2017,11,0
4213,Hamburg,Germany,110,3.9,3.5,2.9,Guest House,2017,11,0
4214,Hamburg,Germany,150,2.4,3.0,4.0,Apart-hotel,2017,11,0
4215,Hamburg,Germany,149,3.6,4.5,4.5,Hotel,2017,11,0
4216,Hamburg,Germany,110,2.4,2.0,4.0,Hotel,2017,11,0
4217,Hamburg,Germany,98,7.1,3.0,4.0,Hotel,2017,11,0
4218,Hamburg,Germany,80,3.7,2.5,2.7,Hotel,2017,11,0
4219,Hamburg,Germany,121,2.7,3.5,3.7,Hotel,2017,11,0
4220,Hamburg,Germany,77,3.5,3.0,3.5,Hotel,2017,11,0
4223,Hamburg,Germany,67,3.7,2.0,3.5,Hostel,2017,11,0
4224,Hamburg,Germany,107,6.8,4.0,4.0,Hotel,2017,11,0
4225,Hamburg,Germany,81,4.0,2.0,3.5,Apartment,2017,11,0
4227,Hamburg,Germany,354,0.6,4.0,4.5,Hotel,2017,11,0
4229,Hamburg,Germany,261,0.8,5.0,4.0,Hotel,2017,11,0
4231,Hamburg,Germany,114,5.0,3.0,4.1,Hotel,2017,11,0
4232,Hamburg,Germany,107,5.1,4.0,4.3,Hotel,2017,11,0
4233,Hamburg,Germany,162,4.3,4.5,4.1,Hotel,2017,11,0
4234,Hamburg,Germany,103,5.0,2.5,4.0,Hotel,2017,11,0
4236,Hamburg,Germany,109,3.8,3.5,4.4,Hotel,2017,11,0
4237,Hamburg,Germany,98,8.1,3.0,4.8,Hotel,2017,11,0
4238,Hamburg,Germany,112,10.0,3.0,3.5,Hotel,2017,11,0
4239,Hamburg,Germany,114,8.1,3.0,3.9,Hotel,2017,11,0
4240,Hamburg,Germany,124,2.0,3.0,3.9,Hotel,2017,11,0
4241,Hamburg,Germany,91,4.5,3.0,3.4,Hotel,2017,11,0
4242,Hamburg,Germany,114,4.5,4.0,3.7,Hotel,2017,11,0
4243,Hamburg,Germany,111,2.0,4.0,3.9,Hotel,2017,11,0
4244,Hamburg,Germany,62,1.9,2.0,3.5,Hotel,2017,11,0
4245,Hamburg,Germany,91,4.0,3.5,3.2,Hotel,2017,11,0
4246,Hamburg,Germany,184,7.9,3.0,3.2,Hotel,2017,11,0
4247,Hamburg,Germany,133,2.9,3.5,4.5,Hotel,2017,11,0
4248,Hamburg,Germany,181,6.2,4.5,4.3,Hotel,2017,11,0
4249,Hamburg,Germany,230,5.7,4.5,4.5,Hotel,2017,11,0
4252,Hamburg,Germany,97,6.2,3.0,4.0,Hotel,2017,11,0
4253,Hamburg,Germany,114,6.8,2.0,3.4,Guest House,2017,11,0
4254,Hamburg,Germany,76,4.8,3.0,3.5,Hotel,2017,11,0
4255,Hamburg,Germany,240,6.6,5.0,4.5,Hotel,2017,11,0
4257,Hamburg,Germany,53,4.5,3.0,3.5,Hotel,2017,11,0
4258,Hamburg,Germany,110,7.1,1.0,4.8,Guest House,2017,11,0
4259,Hamburg,Germany,142,10.0,4.0,3.7,Hotel,2017,11,0
4261,Hamburg,Germany,99,4.9,2.0,2.7,Hotel,2017,11,0
4262,Hamburg,Germany,1005,5.9,3.0,3.9,Hotel,2017,11,0
4263,Hamburg,Germany,134,3.8,3.5,4.0,Hotel,2017,11,0
4264,Hamburg,Germany,82,7.8,3.0,3.2,Hotel,2017,11,0
4265,Hamburg,Germany,90,9.1,3.0,3.0,Hotel,2017,11,0
4269,Hamburg,Germany,134,9.4,4.5,4.3,Hotel,2017,11,0
4270,Hamburg,Germany,92,9.4,4.0,4.3,Hotel,2017,11,0
4271,Hamburg,Germany,97,9.3,4.0,4.1,Hotel,2017,11,0
4272,Hamburg,Germany,124,3.7,4.0,3.9,Hotel,2017,11,0
4273,Hamburg,Germany,97,6.4,3.0,3.9,Guest House,2017,11,0
4274,Hamburg,Germany,113,9.1,3.0,3.2,Hotel,2017,11,0
4275,Hamburg,Germany,161,8.2,4.0,4.1,Hotel,2017,11,0
4276,Hamburg,Germany,138,7.3,4.0,4.3,Hotel,2017,11,0
4277,Hamburg,Germany,110,3.7,4.0,4.0,Hotel,2017,11,0
4278,Hamburg,Germany,133,3.7,1.0,4.0,Hostel,2017,11,0
4279,Hamburg,Germany,87,6.3,3.0,3.0,Apart-hotel,2017,11,0
4280,Hamburg,Germany,88,2.3,3.0,4.1,Hotel,2017,11,0
4281,Hamburg,Germany,110,2.0,4.0,3.5,Hotel,2017,11,0
4282,Hamburg,Germany,112,4.4,3.0,4.5,Hotel,2017,11,0
4283,Hamburg,Germany,92,8.0,2.0,,Apartment,2017,11,0
4284,Hamburg,Germany,92,5.1,4.0,3.7,Hotel,2017,11,0
4286,Hamburg,Germany,72,2.4,3.0,3.7,Hotel,2017,11,0
4287,Hamburg,Germany,188,4.6,3.0,4.0,Hotel,2017,11,0
4288,Hamburg,Germany,103,3.9,4.0,4.3,Hotel,2017,11,0
4289,Hamburg,Germany,119,5.1,3.0,3.5,Hotel,2017,11,0
4290,Hamburg,Germany,207,0.3,5.0,4.3,Hotel,2017,11,0
4291,Hamburg,Germany,219,0.2,5.0,4.5,Hotel,2017,11,0
4292,Hamburg,Germany,228,0.7,5.0,4.5,Hotel,2017,11,0
4293,Hamburg,Germany,214,0.4,4.0,4.5,Hotel,2017,11,0
4294,Hamburg,Germany,806,0.4,5.0,4.6,Hotel,2017,11,0
4295,Hamburg,Germany,371,0.5,5.0,4.4,Apart-hotel,2017,11,0
4296,Hamburg,Germany,166,0.5,4.0,4.5,Hotel,2017,11,0
4297,Hamburg,Germany,162,0.7,4.0,4.5,Apartment,2017,11,0
4298,Hamburg,Germany,193,0.4,5.0,4.1,Hotel,2017,11,0
4299,Hamburg,Germany,155,0.4,4.0,4.0,Hotel,2017,11,0
4300,Hamburg,Germany,160,0.4,3.5,4.1,Hotel,2017,11,0
4301,Hamburg,Germany,169,0.4,4.5,4.4,Hotel,2017,11,0
4302,Hamburg,Germany,156,0.5,4.0,4.0,Hotel,2017,11,0
4303,Hamburg,Germany,207,0.2,5.0,4.4,Hotel,2017,11,0
4304,Hamburg,Germany,187,0.3,5.0,4.1,Hotel,2017,11,0
4305,Hamburg,Germany,105,0.8,3.0,3.7,Hotel,2017,11,0
4306,Hamburg,Germany,105,0.6,2.5,4.0,Hotel,2017,11,0
4307,Hamburg,Germany,160,0.4,4.0,4.6,Hotel,2017,11,0
4308,Hamburg,Germany,175,0.5,4.0,4.5,Apart-hotel,2017,11,0
4310,Hamburg,Germany,166,0.7,4.5,4.5,Hotel,2017,11,0
4311,Hamburg,Germany,173,0.6,4.5,4.4,Hotel,2017,11,0
4312,Hamburg,Germany,342,0.3,5.0,4.8,Hotel,2017,11,0
4313,Hamburg,Germany,186,0.7,4.5,4.6,Apart-hotel,2017,11,0
4314,Hamburg,Germany,139,0.8,3.0,4.1,Hotel,2017,11,0
4315,Hamburg,Germany,248,0.6,4.5,4.8,Hotel,2017,11,0
4317,Hamburg,Germany,90,2.4,3.5,4.0,Hotel,2017,11,0
4318,Hamburg,Germany,103,2.0,3.0,3.7,Hotel,2017,11,0
4319,Hamburg,Germany,91,2.0,,2.5,Hotel,2017,11,0
4320,Hamburg,Germany,56,2.8,2.0,3.2,Hotel,2017,11,0
4321,Hamburg,Germany,87,2.9,3.5,3.9,Hotel,2017,11,0
4322,Hamburg,Germany,133,2.8,4.0,4.6,Hotel,2017,11,0
4323,Hamburg,Germany,105,0.8,3.0,4.3,Hotel,2017,11,0
4324,Hamburg,Germany,172,1.1,4.0,4.0,Hotel,2017,11,0
4325,Hamburg,Germany,36,0.8,2.0,3.0,Hostel,2017,11,0
4326,Hamburg,Germany,1177,1.0,2.0,3.5,Hostel,2017,11,0
4327,Hamburg,Germany,87,1.0,3.0,3.2,Hotel,2017,11,0
4328,Hamburg,Germany,159,0.9,4.0,4.4,Hotel,2017,11,0
4329,Hamburg,Germany,100,1.8,3.5,3.9,Hotel,2017,11,0
4330,Hamburg,Germany,75,2.0,2.0,2.7,Hotel,2017,11,0
4331,Hamburg,Germany,123,1.4,3.5,4.0,Hotel,2017,11,0
4332,Hamburg,Germany,145,1.0,4.0,3.7,Hotel,2017,11,0
4333,Hamburg,Germany,103,1.0,3.0,3.7,Hotel,2017,11,0
4334,Hamburg,Germany,98,1.0,2.5,3.9,Hotel,2017,11,0
4335,Hamburg,Germany,69,1.1,2.0,2.2,Hostel,2017,11,0
4336,Hamburg,Germany,75,0.9,4.0,3.5,Hotel,2017,11,0
4337,Hamburg,Germany,31,1.2,,3.2,Hostel,2017,11,0
4338,Hamburg,Germany,84,1.2,2.0,4.1,Hotel,2017,11,0
4339,Hamburg,Germany,132,2.3,4.0,4.5,Hotel,2017,11,0
4340,Hamburg,Germany,133,1.5,3.0,4.0,Hotel,2017,11,0
4341,Hamburg,Germany,168,1.5,3.0,4.0,Hotel,2017,11,0
4342,Hamburg,Germany,130,1.3,4.0,4.1,Hotel,2017,11,0
4343,Hamburg,Germany,92,1.8,3.0,4.0,Hotel,2017,11,0
4344,Hamburg,Germany,129,1.4,4.0,4.3,Hotel,2017,11,0
4345,Hamburg,Germany,58,1.8,2.0,2.2,Hostel,2017,11,0
4346,Hamburg,Germany,141,1.5,4.0,3.9,Hotel,2017,11,0
4347,Hamburg,Germany,103,7.1,3.0,3.5,Hotel,2017,11,0
4348,Hamburg,Germany,114,7.1,3.0,3.5,Hotel,2017,11,0
4350,Hamburg,Germany,133,4.1,4.0,4.0,Hotel,2017,11,0
4351,Hamburg,Germany,58,4.8,2.0,4.3,Hostel,2017,11,0
4352,Hamburg,Germany,284,6.1,5.0,4.8,Hotel,2017,11,0
4353,Hamburg,Germany,118,4.3,2.0,3.5,Hotel,2017,11,0
4354,Hamburg,Germany,85,2.4,2.0,3.5,Hotel,2017,11,0
4355,Hamburg,Germany,172,1.0,3.5,4.0,Hotel,2017,11,0
4356,Hamburg,Germany,149,1.6,3.5,4.0,Hotel,2017,11,0
4357,Hamburg,Germany,127,0.9,3.0,3.5,Hotel,2017,11,0
4358,Hamburg,Germany,255,0.8,5.0,4.6,Hotel,2017,11,0
4359,Hamburg,Germany,110,1.4,3.0,4.4,Hotel,2017,11,0
4360,Hamburg,Germany,68,1.2,3.0,3.5,Bed and breakfast,2017,11,0
4362,Hamburg,Germany,106,1.0,4.0,4.1,Hotel,2017,11,0
4363,Hamburg,Germany,78,0.8,3.0,3.4,Hotel,2017,11,0
4364,Hamburg,Germany,190,0.8,5.0,4.4,Hotel,2017,11,0
4365,Hamburg,Germany,128,1.1,3.5,4.0,Hotel,2017,11,0
4366,Hamburg,Germany,245,1.1,4.0,4.5,Hotel,2017,11,0
4367,Hamburg,Germany,51,1.3,2.0,4.1,Hotel,2017,11,0
4368,Hamburg,Germany,113,1.5,4.0,3.5,Hotel,2017,11,0
4369,Hamburg,Germany,99,0.7,3.0,3.5,Hotel,2017,11,0
4370,Hamburg,Germany,65,0.7,1.5,3.0,Hotel,2017,11,0
4371,Hamburg,Germany,124,1.1,3.0,3.7,Hotel,2017,11,0
4372,Hamburg,Germany,72,0.9,,3.2,Hotel,2017,11,0
4373,Hamburg,Germany,52,0.7,2.0,2.5,Hotel,2017,11,0
4374,Hamburg,Germany,191,0.8,3.0,4.5,Hotel,2017,11,0
4375,Hamburg,Germany,130,0.6,3.0,3.7,Hotel,2017,11,0
4376,Hamburg,Germany,102,0.7,3.0,3.7,Hotel,2017,11,0
4377,Hamburg,Germany,176,0.7,4.0,4.5,Hotel,2017,11,0
4378,Hamburg,Germany,95,0.7,3.0,3.7,Hotel,2017,11,0
4379,Hamburg,Germany,185,0.7,4.0,4.4,Hotel,2017,11,0
4380,Hamburg,Germany,105,0.7,3.0,3.7,Hotel,2017,11,0
4381,Hamburg,Germany,124,0.7,3.5,4.1,Hotel,2017,11,0
4382,Hamburg,Germany,92,0.7,3.0,2.7,Hotel,2017,11,0
4383,Hamburg,Germany,92,0.7,3.0,3.7,Hotel,2017,11,0
4384,Hamburg,Germany,121,0.9,4.0,4.0,Hotel,2017,11,0
4385,Hamburg,Germany,148,1.0,3.5,4.1,Hotel,2017,11,0
4386,Hamburg,Germany,119,1.2,3.5,4.0,Hotel,2017,11,0
4387,Hamburg,Germany,67,0.9,3.0,3.0,Hotel,2017,11,0
4388,Hamburg,Germany,109,0.9,4.0,4.1,Hotel,2017,11,0
4389,Hamburg,Germany,172,1.0,4.0,3.9,Hotel,2017,11,0
4390,Hamburg,Germany,103,0.7,3.0,3.7,Hotel,2017,11,0
4391,Hamburg,Germany,99,0.7,3.0,3.7,Hotel,2017,11,0
4393,Hamburg,Germany,80,0.8,3.0,3.2,Hotel,2017,11,0
4394,Hamburg,Germany,75,0.8,3.0,3.0,Hotel,2017,11,0
4395,Hamburg,Germany,92,0.9,3.0,3.4,Hotel,2017,11,0
4396,Hamburg,Germany,88,0.8,3.0,3.7,Hotel,2017,11,0
4397,Hamburg,Germany,109,1.0,3.0,3.2,Hotel,2017,11,0
4398,Hamburg,Germany,80,0.8,3.0,3.7,Hotel,2017,11,0
4399,Hamburg,Germany,70,1.0,3.0,2.7,Hotel,2017,11,0
4400,Hamburg,Germany,69,1.0,3.0,2.5,Hotel,2017,11,0
4401,Hamburg,Germany,90,0.9,3.0,3.5,Hotel,2017,11,0
4402,Hamburg,Germany,131,1.0,4.5,4.1,Hotel,2017,11,0
4403,Hamburg,Germany,79,0.9,3.5,3.7,Hotel,2017,11,0
4404,Hamburg,Germany,103,1.2,2.5,2.9,Hotel,2017,11,0
4405,Hamburg,Germany,67,0.7,2.0,3.9,Hostel,2017,11,0
4406,Hamburg,Germany,78,0.7,3.0,3.4,Hotel,2017,11,0
4407,Hamburg,Germany,139,1.1,1.0,2.5,Hostel,2017,11,0
4408,Hamburg,Germany,161,1.2,3.0,4.5,Hotel,2017,11,0
4409,Hamburg,Germany,235,1.2,4.0,4.5,Hotel,2017,11,0
4410,Hamburg,Germany,87,1.1,3.0,3.7,Hotel,2017,11,0
4411,Hamburg,Germany,79,1.2,2.0,3.5,Hotel,2017,11,0
4412,Hamburg,Germany,64,1.1,1.0,3.2,Hotel,2017,11,0
4414,Hamburg,Germany,75,1.2,2.5,3.7,Hotel,2017,11,0
4415,Hamburg,Germany,109,1.4,2.0,3.5,Hotel,2017,11,0
4416,Hamburg,Germany,91,1.0,2.0,3.5,Hotel,2017,11,0
4417,Hamburg,Germany,66,1.0,3.0,3.5,Hotel,2017,11,0
4418,Hamburg,Germany,41,1.4,,2.7,Hostel,2017,11,0
4419,Hamburg,Germany,70,1.1,3.0,3.4,Hotel,2017,11,0
4420,Hamburg,Germany,140,1.0,4.5,4.5,Hotel,2017,11,0
4421,Hamburg,Germany,88,1.2,3.5,3.9,Hotel,2017,11,0
4422,Hamburg,Germany,144,1.0,4.0,4.0,Hotel,2017,11,0
4423,Hamburg,Germany,118,1.0,3.0,4.0,Hotel,2017,11,0
4424,Hamburg,Germany,104,1.0,2.5,4.0,Hotel,2017,11,0
4425,Hamburg,Germany,207,1.1,4.5,4.5,Hotel,2017,11,0
4426,Hamburg,Germany,62,1.3,3.0,3.7,Hotel,2017,11,0
4427,Hamburg,Germany,80,1.3,2.5,3.2,Hotel,2017,11,0
4428,Hamburg,Germany,161,0.8,4.0,4.3,Hotel,2017,11,0
4429,Hamburg,Germany,105,1.5,3.0,4.5,Hotel,2017,11,0
4431,Hamburg,Germany,92,1.2,2.5,3.7,Hotel,2017,11,0
4432,Hamburg,Germany,149,1.1,4.0,4.0,Hotel,2017,11,0
4433,Hamburg,Germany,132,1.0,4.0,4.1,Hotel,2017,11,0
4434,Hamburg,Germany,172,1.2,4.5,4.5,Hotel,2017,11,0
4435,Hamburg,Germany,179,1.7,4.0,4.5,Hotel,2017,11,0
4436,Hamburg,Germany,191,1.9,1.0,3.9,Hostel,2017,11,0
4437,Hamburg,Germany,231,1.9,3.5,4.0,Hotel,2017,11,0
4438,Hamburg,Germany,121,1.9,4.0,3.9,Hotel,2017,11,0
4440,Hamburg,Germany,103,3.5,3.0,4.0,Hotel,2017,11,0
4441,Hamburg,Germany,88,3.0,2.0,3.0,Hotel,2017,11,0
4442,Hamburg,Germany,103,5.3,2.0,2.7,Hotel,2017,11,0
4443,Hamburg,Germany,91,3.1,2.5,4.0,Hotel,2017,11,0
4444,Hamburg,Germany,106,2.9,3.0,5.0,Pension,2017,11,0
4445,Hamburg,Germany,102,2.9,3.0,4.5,Pension,2017,11,0
4446,Hamburg,Germany,116,3.5,3.0,4.3,Hotel,2017,11,0
4447,Hamburg,Germany,82,3.9,,2.0,Hotel,2017,11,0
4450,Helsinki,Finland,104,3.9,2.0,3.5,Hostel,2017,11,0
4451,Helsinki,Finland,240,5.5,4.0,4.3,Hotel,2017,11,0
4452,Helsinki,Finland,198,3.7,4.0,4.0,Hotel,2017,11,0
4453,Helsinki,Finland,79,5.7,3.0,4.1,Apart-hotel,2017,11,0
4454,Helsinki,Finland,132,5.7,3.0,3.7,Hotel,2017,11,0
4455,Helsinki,Finland,271,4.6,4.0,4.0,Hotel,2017,11,0
4456,Helsinki,Finland,96,1.0,2.0,2.7,Hostel,2017,11,0
4457,Helsinki,Finland,220,0.7,4.0,4.3,Hotel,2017,11,0
4458,Helsinki,Finland,145,0.7,4.0,4.4,Hotel,2017,11,0
4459,Helsinki,Finland,176,0.8,3.5,4.0,Hotel,2017,11,0
4460,Helsinki,Finland,114,0.9,3.0,3.5,Apartment,2017,11,0
4462,Helsinki,Finland,237,0.3,4.0,4.8,Hotel,2017,11,0
4463,Helsinki,Finland,218,0.4,4.0,4.6,Hotel,2017,11,0
4464,Helsinki,Finland,148,6.2,3.5,4.0,Hotel,2017,11,0
4466,Helsinki,Finland,90,3.5,2.5,3.7,Apartment,2017,11,0
4467,Helsinki,Finland,109,3.9,2.0,3.5,Hostel,2017,11,0
4468,Helsinki,Finland,178,2.9,4.5,4.4,Hotel,2017,11,0
4469,Helsinki,Finland,162,0.3,3.5,4.1,Hotel,2017,11,0
4470,Helsinki,Finland,107,1.5,3.0,,Apartment,2017,11,0
4471,Helsinki,Finland,81,4.0,2.0,3.2,Hostel,2017,11,0
4472,Helsinki,Finland,142,1.3,3.0,3.5,Hotel,2017,11,0
4473,Helsinki,Finland,162,0.8,4.0,4.1,Hotel,2017,11,0
4474,Helsinki,Finland,211,0.9,4.5,4.3,Hotel,2017,11,0
4475,Helsinki,Finland,143,0.6,3.0,4.0,Hotel,2017,11,0
4476,Helsinki,Finland,161,3.6,4.0,4.0,Hotel,2017,11,0
4477,Helsinki,Finland,255,0.4,4.5,4.8,Hotel,2017,11,0
4478,Helsinki,Finland,121,5.3,3.5,,Apartment,2017,11,0
4479,Helsinki,Finland,166,0.5,4.0,4.1,Hotel,2017,11,0
4480,Helsinki,Finland,140,3.3,3.5,3.7,Hotel,2017,11,0
4481,Helsinki,Finland,111,3.0,3.0,,Apartment,2017,11,0
4482,Helsinki,Finland,49,1.8,2.0,3.5,Hostel,2017,11,0
4483,Helsinki,Finland,75,2.0,2.0,4.1,Hostel,2017,11,0
4484,Helsinki,Finland,195,1.9,3.5,4.3,Hotel,2017,11,0
4485,Helsinki,Finland,207,0.9,4.0,4.4,Hotel,2017,11,0
4487,Helsinki,Finland,323,0.4,5.0,4.5,Hotel,2017,11,0
4489,Helsinki,Finland,123,0.5,3.5,4.3,Apartment,2017,11,0
4490,Helsinki,Finland,267,0.2,3.5,4.0,Hotel,2017,11,0
4491,Helsinki,Finland,199,0.3,4.0,4.3,Hotel,2017,11,0
4492,Helsinki,Finland,178,0.3,3.0,3.7,Hotel,2017,11,0
4493,Helsinki,Finland,171,0.3,3.5,3.7,Hotel,2017,11,0
4494,Helsinki,Finland,173,0.1,3.5,3.9,Hotel,2017,11,0
4495,Helsinki,Finland,224,0.2,4.0,4.3,Hotel,2017,11,0
4496,Helsinki,Finland,210,0.2,3.5,3.9,Hotel,2017,11,0
4498,Helsinki,Finland,210,0.3,4.5,4.5,Hotel,2017,11,0
4499,Helsinki,Finland,355,0.2,5.0,4.5,Hotel,2017,11,0
4500,Helsinki,Finland,85,0.5,2.0,3.2,Hotel,2017,11,0
4501,Helsinki,Finland,168,0.4,3.0,3.5,Hotel,2017,11,0
4503,Helsinki,Finland,127,1.0,3.5,2.0,Apartment,2017,11,0
4505,Helsinki,Finland,148,0.4,4.0,4.5,Apartment,2017,11,0
4506,Helsinki,Finland,203,0.2,4.0,4.3,Hotel,2017,11,0
4507,Helsinki,Finland,174,0.4,4.5,4.5,Hotel,2017,11,0
4508,Helsinki,Finland,106,0.3,2.5,3.7,Hotel,2017,11,0
4509,Helsinki,Finland,141,0.1,2.5,3.9,Hotel,2017,11,0
4511,Helsinki,Finland,181,0.4,4.0,4.1,Hotel,2017,11,0
4512,Helsinki,Finland,84,0.3,2.5,3.5,Hotel,2017,11,0
4513,Helsinki,Finland,206,0.1,4.0,3.9,Hotel,2017,11,0
4514,Helsinki,Finland,223,0.4,4.0,4.1,Hotel,2017,11,0
4515,Helsinki,Finland,193,0.7,4.0,4.3,Hotel,2017,11,0
4516,Helsinki,Finland,177,0.2,4.0,4.1,Hotel,2017,11,0
4517,Helsinki,Finland,120,0.4,4.0,3.5,Apartment,2017,11,0
4520,Helsinki,Finland,92,0.1,2.5,3.5,Hotel,2017,11,0
4521,Helsinki,Finland,210,0.1,4.0,4.1,Hotel,2017,11,0
4522,Helsinki,Finland,242,0.8,4.0,4.0,Hotel,2017,11,0
4523,Helsinki,Finland,116,0.9,3.0,3.7,Hotel,2017,11,0
4524,Helsinki,Finland,239,1.0,4.0,4.5,Hotel,2017,11,0
4525,Helsinki,Finland,184,0.5,4.0,4.6,Apartment,2017,11,0
4526,Helsinki,Finland,205,2.2,3.5,3.7,Hotel,2017,11,0
4527,Helsinki,Finland,168,2.3,4.0,4.0,Hotel,2017,11,0
4528,Helsinki,Finland,190,0.5,4.0,3.9,Hotel,2017,11,0
4529,Helsinki,Finland,242,0.4,4.0,4.3,Hotel,2017,11,0
4530,Helsinki,Finland,168,0.4,3.0,3.7,Hotel,2017,11,0
4531,Helsinki,Finland,307,0.6,4.0,,Apartment,2017,11,0
4533,Helsinki,Finland,87,0.3,2.0,3.9,Hostel,2017,11,0
4534,Helsinki,Finland,178,1.1,4.0,4.1,Hotel,2017,11,0
4535,Helsinki,Finland,145,8.6,3.5,4.1,Apartment,2017,11,0
4536,Helsinki,Finland,149,8.5,3.5,4.0,Apartment,2017,11,0
4537,Helsinki,Finland,168,8.3,3.5,3.7,Hotel,2017,11,0
4538,Helsinki,Finland,207,10.0,3.5,4.0,Hotel,2017,11,0
4539,Helsinki,Finland,76,9.6,2.0,3.5,Hostel,2017,11,0
4540,Helsinki,Finland,78,9.8,2.0,2.7,Hotel,2017,11,0
4541,Helsinki,Finland,207,9.5,3.5,4.5,Hotel,2017,11,0
4542,Helsinki,Finland,208,10.0,4.0,4.5,Hotel,2017,11,0
4545,Helsinki,Finland,159,9.2,3.0,3.5,Apartment,2017,11,0
4546,Helsinki,Finland,169,8.8,3.0,4.0,Hotel,2017,11,0
4547,Helsinki,Finland,156,8.8,3.0,3.5,Hotel,2017,11,0
4548,Helsinki,Finland,162,8.8,3.0,3.7,Hotel,2017,11,0
4549,Helsinki,Finland,278,8.4,4.0,4.0,Hotel,2017,11,0
4550,Helsinki,Finland,139,8.1,3.5,3.4,Hotel,2017,11,0
4551,Istanbul,Turkey,33,0.9,,,Hotel,2017,11,0
4552,Istanbul,Turkey,34,0.8,3.0,3.0,Hotel,2017,11,0
4553,Istanbul,Turkey,56,0.8,,1.0,Apart-hotel,2017,11,0
4554,Istanbul,Turkey,40,0.9,2.0,1.7,Hotel,2017,11,0
4555,Istanbul,Turkey,61,0.9,4.0,2.5,Hotel,2017,11,0
4556,Istanbul,Turkey,58,0.7,,,Hotel,2017,11,0
4557,Istanbul,Turkey,69,0.9,,,Hotel,2017,11,0
4558,Istanbul,Turkey,27,0.8,,3.5,Hotel,2017,11,0
4559,Istanbul,Turkey,45,0.8,,,Hotel,2017,11,0
4560,Istanbul,Turkey,40,0.7,3.0,4.5,Hotel,2017,11,0
4561,Istanbul,Turkey,33,0.6,,3.5,Hotel,2017,11,0
4562,Istanbul,Turkey,29,0.8,,3.9,Hotel,2017,11,0
4563,Istanbul,Turkey,51,0.7,,4.0,Hotel,2017,11,0
4564,Istanbul,Turkey,39,7.8,,3.9,Hotel,2017,11,0
4565,Istanbul,Turkey,63,7.2,4.0,4.1,Hotel,2017,11,0
4566,Istanbul,Turkey,49,7.2,4.0,3.7,Hotel,2017,11,0
4567,Istanbul,Turkey,37,7.4,2.0,3.7,Hostel,2017,11,0
4568,Istanbul,Turkey,56,7.6,5.0,4.1,Hotel,2017,11,0
4569,Istanbul,Turkey,53,6.6,3.0,4.0,Hotel,2017,11,0
4570,Istanbul,Turkey,62,6.5,,4.5,Hotel,2017,11,0
4571,Istanbul,Turkey,51,6.5,3.0,4.5,Hotel,2017,11,0
4572,Istanbul,Turkey,69,6.7,4.0,4.0,Hotel,2017,11,0
4573,Istanbul,Turkey,16,6.4,,2.0,Hostel,2017,11,0
4574,Istanbul,Turkey,66,7.6,,4.3,Hotel,2017,11,0
4576,Istanbul,Turkey,50,6.2,,,Hotel,2017,11,0
4577,Istanbul,Turkey,37,6.2,,3.7,Hotel,2017,11,0
4578,Istanbul,Turkey,56,7.8,5.0,2.2,Hotel,2017,11,0
4579,Istanbul,Turkey,60,7.4,5.0,4.1,Hotel,2017,11,0
4580,Istanbul,Turkey,42,6.8,,4.1,Hotel,2017,11,0
4581,Istanbul,Turkey,62,6.7,,4.4,Hotel,2017,11,0
4582,Istanbul,Turkey,45,6.7,,3.2,Hotel,2017,11,0
4583,Istanbul,Turkey,34,6.7,,3.5,Hostel,2017,11,0
4584,Istanbul,Turkey,78,5.5,5.0,3.4,Hotel,2017,11,0
4585,Istanbul,Turkey,156,6.1,5.0,4.3,Hotel,2017,11,0
4586,Istanbul,Turkey,63,5.8,,4.5,Hotel,2017,11,0
4587,Istanbul,Turkey,141,7.3,,5.0,Apartment,2017,11,0
4588,Istanbul,Turkey,156,7.7,,4.0,Hotel,2017,11,0
4589,Istanbul,Turkey,41,5.2,,1.0,Apart-hotel,2017,11,0
4590,Istanbul,Turkey,64,5.2,,4.4,Hotel,2017,11,0
4591,Istanbul,Turkey,40,5.1,,,Hotel,2017,11,0
4592,Istanbul,Turkey,50,5.3,,3.7,Hotel,2017,11,0
4593,Istanbul,Turkey,39,8.2,2.5,3.9,Apart-hotel,2017,11,0
4595,Istanbul,Turkey,89,7.7,5.0,3.7,Hotel,2017,11,0
4596,Istanbul,Turkey,87,5.5,5.0,4.4,Hotel,2017,11,0
4597,Istanbul,Turkey,47,5.4,,3.9,Hotel,2017,11,0
4598,Istanbul,Turkey,59,8.2,,,Hotel,2017,11,0
4599,Istanbul,Turkey,56,5.1,4.0,4.0,Hotel,2017,11,0
4600,Istanbul,Turkey,87,7.2,4.0,3.9,Hotel,2017,11,0
4601,Istanbul,Turkey,40,5.1,,3.2,Hotel,2017,11,0
4602,Istanbul,Turkey,129,5.6,5.0,4.0,Hotel,2017,11,0
4603,Istanbul,Turkey,141,7.5,5.0,4.0,Hotel,2017,11,0
4605,Istanbul,Turkey,46,4.8,2.0,4.0,Hotel,2017,11,0
4606,Istanbul,Turkey,47,8.1,,2.0,Hotel,2017,11,0
4607,Istanbul,Turkey,66,8.3,,3.0,Hotel,2017,11,0
4608,Istanbul,Turkey,63,5.4,,1.5,Hotel,2017,11,0
4609,Istanbul,Turkey,73,5.4,,4.3,Hotel,2017,11,0
4610,Istanbul,Turkey,98,7.2,5.0,4.0,Hotel,2017,11,0
4611,Istanbul,Turkey,48,3.1,4.0,3.7,Hotel,2017,11,0
4612,Istanbul,Turkey,52,3.1,,4.0,Hotel,2017,11,0
4613,Istanbul,Turkey,60,4.2,,4.5,Hotel,2017,11,0
4614,Istanbul,Turkey,59,4.2,,4.8,Apartment,2017,11,0
4615,Istanbul,Turkey,67,3.3,5.0,4.0,Hotel,2017,11,0
4616,Istanbul,Turkey,78,3.5,,4.5,Hotel,2017,11,0
4617,Istanbul,Turkey,55,3.4,5.0,3.9,Hotel,2017,11,0
4618,Istanbul,Turkey,46,4.0,3.0,4.0,Hotel,2017,11,0
4619,Istanbul,Turkey,88,4.2,5.0,4.0,Hotel,2017,11,0
4620,Istanbul,Turkey,39,3.1,,2.5,Hotel,2017,11,0
4621,Istanbul,Turkey,89,4.2,5.0,4.3,Hotel,2017,11,0
4622,Istanbul,Turkey,72,3.3,3.5,4.0,Hotel,2017,11,0
4623,Istanbul,Turkey,48,3.1,,,Hotel,2017,11,0
4624,Istanbul,Turkey,136,3.3,5.0,4.5,Hotel,2017,11,0
4626,Istanbul,Turkey,319,3.2,5.0,4.8,Hotel,2017,11,0
4627,Istanbul,Turkey,280,3.5,5.0,4.4,Hotel,2017,11,0
4628,Istanbul,Turkey,53,3.7,4.0,4.1,Hotel,2017,11,0
4629,Istanbul,Turkey,51,3.8,,3.7,Hotel,2017,11,0
4630,Istanbul,Turkey,116,3.6,,4.5,Apart-hotel,2017,11,0
4631,Istanbul,Turkey,348,4.0,,3.5,Apart-hotel,2017,11,0
4632,Istanbul,Turkey,67,3.9,3.5,3.4,Hotel,2017,11,0
4633,Istanbul,Turkey,91,4.1,4.5,4.4,Apartment,2017,11,0
4634,Istanbul,Turkey,39,2.9,,3.0,Hotel,2017,11,0
4635,Istanbul,Turkey,18,2.9,,3.7,Hostel,2017,11,0
4636,Istanbul,Turkey,34,3.0,,4.0,Apart-hotel,2017,11,0
4637,Istanbul,Turkey,292,2.9,5.0,4.5,Hotel,2017,11,0
4638,Istanbul,Turkey,149,2.8,5.0,4.0,Hotel,2017,11,0
4639,Istanbul,Turkey,98,2.8,4.0,4.4,Apart-hotel,2017,11,0
4640,Istanbul,Turkey,66,3.0,,4.4,Hotel,2017,11,0
4641,Istanbul,Turkey,77,2.7,4.0,4.4,Hotel,2017,11,0
4642,Istanbul,Turkey,178,2.6,5.0,4.5,Hotel,2017,11,0
4643,Istanbul,Turkey,45,2.9,,4.3,Apartment,2017,11,0
4644,Istanbul,Turkey,74,2.7,4.0,4.4,Hotel,2017,11,0
4645,Istanbul,Turkey,73,4.3,5.0,3.2,Hotel,2017,11,0
4646,Istanbul,Turkey,315,4.6,5.0,4.9,Hotel,2017,11,0
4647,Istanbul,Turkey,202,0.3,,,Hotel,2017,11,0
4648,Istanbul,Turkey,51,0.3,4.0,3.9,Hotel,2017,11,0
4649,Istanbul,Turkey,41,0.7,4.0,3.0,Hotel,2017,11,0
4650,Istanbul,Turkey,56,0.7,4.0,3.5,Hotel,2017,11,0
4651,Istanbul,Turkey,318,0.7,,2.2,Hotel,2017,11,0
4652,Istanbul,Turkey,60,0.5,4.0,3.9,Hotel,2017,11,0
4653,Istanbul,Turkey,141,0.5,3.0,3.0,Hotel,2017,11,0
4654,Istanbul,Turkey,50,0.5,,2.5,Hotel,2017,11,0
4655,Istanbul,Turkey,56,0.4,,4.0,Hotel,2017,11,0
4656,Istanbul,Turkey,79,0.4,,3.5,Hotel,2017,11,0
4657,Istanbul,Turkey,62,0.4,4.0,3.9,Hotel,2017,11,0
4658,Istanbul,Turkey,38,0.7,3.5,2.2,Hotel,2017,11,0
4659,Istanbul,Turkey,33,0.6,,3.7,Hotel,2017,11,0
4660,Istanbul,Turkey,39,0.4,,4.6,Hotel,2017,11,0
4661,Istanbul,Turkey,53,0.4,3.0,,Hotel,2017,11,0
4662,Istanbul,Turkey,69,0.3,,4.4,Hotel,2017,11,0
4663,Istanbul,Turkey,83,0.3,4.0,4.3,Hotel,2017,11,0
4664,Istanbul,Turkey,52,0.4,3.0,3.5,Hotel,2017,11,0
4665,Istanbul,Turkey,62,0.3,4.0,3.7,Hotel,2017,11,0
4666,Istanbul,Turkey,48,0.4,3.0,3.2,Hotel,2017,11,0
4667,Istanbul,Turkey,104,0.3,,3.7,Hotel,2017,11,0
4668,Istanbul,Turkey,58,0.4,,3.5,Hotel,2017,11,0
4669,Istanbul,Turkey,40,0.5,4.0,3.7,Hotel,2017,11,0
4670,Istanbul,Turkey,39,1.3,,4.0,Bed and breakfast,2017,11,0
4671,Istanbul,Turkey,106,1.8,5.0,4.0,Hotel,2017,11,0
4672,Istanbul,Turkey,90,3.0,5.0,4.0,Hotel,2017,11,0
4673,Istanbul,Turkey,57,2.9,,,Hotel,2017,11,0
4674,Istanbul,Turkey,193,3.2,,1.0,Hotel,2017,11,0
4675,Istanbul,Turkey,84,3.1,4.5,4.0,Hotel,2017,11,0
4676,Istanbul,Turkey,62,3.1,,3.9,Hotel,2017,11,0
4677,Istanbul,Turkey,116,3.2,5.0,4.6,Hotel,2017,11,0
4678,Istanbul,Turkey,77,3.2,,3.5,Hotel,2017,11,0
4679,Istanbul,Turkey,123,3.2,,,Apartment,2017,11,0
4680,Istanbul,Turkey,52,3.0,,3.4,Hotel,2017,11,0
4681,Istanbul,Turkey,103,3.0,,1.0,Apart-hotel,2017,11,0
4682,Istanbul,Turkey,53,3.0,,,Apart-hotel,2017,11,0
4683,Istanbul,Turkey,52,2.9,,,Apart-hotel,2017,11,0
4684,Istanbul,Turkey,58,2.9,,,Guest House,2017,11,0
4685,Istanbul,Turkey,50,2.9,4.0,3.7,Hotel,2017,11,0
4686,Istanbul,Turkey,63,2.9,,2.2,Hotel,2017,11,0
4687,Istanbul,Turkey,58,3.9,4.0,3.0,Hotel,2017,11,0
4688,Istanbul,Turkey,73,3.0,,4.5,Hotel,2017,11,0
4689,Istanbul,Turkey,106,4.7,,4.4,Hotel,2017,11,0
4690,Istanbul,Turkey,52,1.0,,4.0,Hotel,2017,11,0
4691,Istanbul,Turkey,52,0.9,4.0,3.5,Hotel,2017,11,0
4692,Istanbul,Turkey,55,1.0,2.0,3.0,Hotel,2017,11,0
4693,Istanbul,Turkey,31,0.9,,3.2,Hotel,2017,11,0
4695,Istanbul,Turkey,39,0.9,,1.0,Hotel,2017,11,0
4696,Istanbul,Turkey,80,1.0,,3.2,Hotel,2017,11,0
4698,Istanbul,Turkey,54,1.3,,,Hotel,2017,11,0
4699,Istanbul,Turkey,78,0.9,3.0,2.9,Hotel,2017,11,0
4700,Istanbul,Turkey,36,0.8,,1.0,Hotel,2017,11,0
4701,Istanbul,Turkey,44,1.2,4.0,3.2,Hotel,2017,11,0
4702,Istanbul,Turkey,66,0.9,,3.0,Hotel,2017,11,0
4703,Istanbul,Turkey,71,1.2,,4.8,Hotel,2017,11,0
4704,Istanbul,Turkey,61,1.2,4.0,4.0,Hotel,2017,11,0
4705,Istanbul,Turkey,52,0.9,3.5,3.7,Hotel,2017,11,0
4706,Istanbul,Turkey,43,1.2,3.0,4.1,Hotel,2017,11,0
4707,Istanbul,Turkey,72,1.0,4.0,4.1,Hotel,2017,11,0
4708,Istanbul,Turkey,46,1.0,,,Apart-hotel,2017,11,0
4709,Istanbul,Turkey,96,1.4,,4.8,Hotel,2017,11,0
4711,Istanbul,Turkey,108,1.0,,1.0,Hotel,2017,11,0
4712,Istanbul,Turkey,41,0.9,,4.0,Hotel,2017,11,0
4713,Istanbul,Turkey,52,0.9,,3.4,Guest House,2017,11,0
4714,Istanbul,Turkey,24,1.0,,3.4,Hotel,2017,11,0
4715,Istanbul,Turkey,81,1.3,,,Apartment,2017,11,0
4716,Istanbul,Turkey,20,1.4,2.0,3.2,Hostel,2017,11,0
4717,Istanbul,Turkey,73,1.3,,3.4,Apart-hotel,2017,11,0
4719,Istanbul,Turkey,35,1.1,,3.5,Apartment,2017,11,0
4720,Istanbul,Turkey,26,1.1,,4.3,Hotel,2017,11,0
4721,Istanbul,Turkey,40,1.2,,2.0,Hotel,2017,11,0
4723,Istanbul,Turkey,49,1.1,,4.5,Hotel,2017,11,0
4724,Istanbul,Turkey,52,1.1,,4.0,Apart-hotel,2017,11,0
4725,Istanbul,Turkey,80,1.1,5.0,4.0,Hotel,2017,11,0
4726,Istanbul,Turkey,61,1.2,,4.5,Hotel,2017,11,0
4727,Istanbul,Turkey,172,1.3,3.5,4.1,Hotel,2017,11,0
4728,Istanbul,Turkey,61,1.2,,5.0,Apartment,2017,11,0
4729,Istanbul,Turkey,38,1.2,,4.5,Inn,2017,11,0
4730,Istanbul,Turkey,52,1.6,4.0,3.7,Hotel,2017,11,0
4731,Istanbul,Turkey,73,1.2,4.0,4.5,Hotel,2017,11,0
4732,Istanbul,Turkey,100,1.1,4.0,4.8,Apartment,2017,11,0
4733,Istanbul,Turkey,44,1.1,,3.7,Hotel,2017,11,0
4734,Istanbul,Turkey,38,1.2,3.5,4.4,Inn,2017,11,0
4735,Istanbul,Turkey,44,1.1,,4.0,Bed and breakfast,2017,11,0
4736,Istanbul,Turkey,97,1.0,4.0,3.2,Apartment,2017,11,0
4737,Istanbul,Turkey,86,1.1,,4.4,Hotel,2017,11,0
4739,Istanbul,Turkey,40,1.3,,4.3,Hotel,2017,11,0
4740,Istanbul,Turkey,51,1.0,,3.2,Hotel,2017,11,0
4742,Istanbul,Turkey,78,1.2,,5.0,Hotel,2017,11,0
4743,Istanbul,Turkey,33,1.5,,4.1,Apartment,2017,11,0
4744,Istanbul,Turkey,66,2.9,,,Hotel,2017,11,0
4745,Istanbul,Turkey,51,3.2,4.0,4.0,Hotel,2017,11,0
4746,Istanbul,Turkey,54,3.3,,3.7,Hotel,2017,11,0
4747,Istanbul,Turkey,100,3.3,5.0,4.3,Hotel,2017,11,0
4748,Istanbul,Turkey,69,2.9,,5.0,Hotel,2017,11,0
4749,Istanbul,Turkey,58,2.9,4.0,3.9,Hotel,2017,11,0
4750,Istanbul,Turkey,87,2.9,5.0,4.1,Hotel,2017,11,0
4751,Istanbul,Turkey,28,0.5,,2.7,Hotel,2017,11,0
4752,Istanbul,Turkey,27,0.5,,2.7,Hotel,2017,11,0
4753,Istanbul,Turkey,23,0.5,,3.9,Hotel,2017,11,0
4754,Istanbul,Turkey,22,1.0,,3.7,Hotel,2017,11,0
4755,Istanbul,Turkey,32,0.6,,2.7,Hotel,2017,11,0
4756,Istanbul,Turkey,38,0.5,,4.0,Hotel,2017,11,0
4757,Istanbul,Turkey,69,0.3,,,Hotel,2017,11,0
4758,Istanbul,Turkey,62,0.4,,3.9,Hotel,2017,11,0
4759,Istanbul,Turkey,35,0.5,,2.7,Hotel,2017,11,0
4760,Istanbul,Turkey,72,0.6,,2.0,Hotel,2017,11,0
4761,Istanbul,Turkey,64,0.4,,4.5,Hotel,2017,11,0
4762,Istanbul,Turkey,49,0.6,,2.0,Hotel,2017,11,0
4763,Istanbul,Turkey,29,0.5,,2.7,Bed and breakfast,2017,11,0
4764,Istanbul,Turkey,34,0.5,,2.2,Hotel,2017,11,0
4765,Istanbul,Turkey,44,0.4,4.0,3.7,Hotel,2017,11,0
4766,Istanbul,Turkey,28,0.5,,3.9,Apart-hotel,2017,11,0
4767,Istanbul,Turkey,40,0.4,,,Hotel,2017,11,0
4768,Istanbul,Turkey,66,0.4,,4.0,Hotel,2017,11,0
4769,Istanbul,Turkey,104,0.4,3.5,3.0,Hotel,2017,11,0
4770,Istanbul,Turkey,69,0.3,4.0,3.2,Hotel,2017,11,0
4771,Istanbul,Turkey,68,0.3,,3.7,Hotel,2017,11,0
4772,Istanbul,Turkey,62,0.3,,4.1,Hotel,2017,11,0
4773,Istanbul,Turkey,58,0.5,,3.0,Hotel,2017,11,0
4774,Istanbul,Turkey,104,0.4,4.0,3.2,Hotel,2017,11,0
4775,Istanbul,Turkey,61,0.4,,,Hotel,2017,11,0
4776,Istanbul,Turkey,57,0.4,2.0,,Hotel,2017,11,0
4777,Istanbul,Turkey,41,0.5,4.0,3.4,Hotel,2017,11,0
4778,Istanbul,Turkey,67,0.4,2.0,3.9,Hotel,2017,11,0
4779,Istanbul,Turkey,59,0.4,,4.3,Hotel,2017,11,0
4780,Istanbul,Turkey,75,0.3,5.0,4.4,Hotel,2017,11,0
4781,Istanbul,Turkey,70,0.4,4.0,4.5,Hotel,2017,11,0
4782,Istanbul,Turkey,49,0.3,3.5,3.4,Hotel,2017,11,0
4785,Istanbul,Turkey,31,0.5,,4.0,Apartment,2017,11,0
4786,Istanbul,Turkey,36,0.5,4.0,4.3,Hotel,2017,11,0
4787,Istanbul,Turkey,66,0.4,,4.0,Hotel,2017,11,0
4788,Istanbul,Turkey,77,0.4,4.0,4.3,Hotel,2017,11,0
4789,Istanbul,Turkey,30,0.5,,2.2,Hotel,2017,11,0
4790,Istanbul,Turkey,36,0.5,3.0,1.6,Hotel,2017,11,0
4791,Istanbul,Turkey,53,4.5,5.0,2.7,Hotel,2017,11,0
4792,Istanbul,Turkey,45,4.5,,1.7,Hotel,2017,11,0
4793,Istanbul,Turkey,43,4.3,,3.5,Hotel,2017,11,0
4794,Istanbul,Turkey,54,0.8,3.0,3.5,Hotel,2017,11,0
4795,Istanbul,Turkey,42,0.7,,,Hotel,2017,11,0
4796,Istanbul,Turkey,35,0.7,3.0,2.7,Hotel,2017,11,0
4797,Istanbul,Turkey,59,1.1,,3.9,Hotel,2017,11,0
4798,Istanbul,Turkey,56,1.1,4.0,3.7,Hotel,2017,11,0
4799,Istanbul,Turkey,506,0.9,,,Apart-hotel,2017,11,0
4800,Istanbul,Turkey,21,1.1,,3.2,Hotel,2017,11,0
4801,Istanbul,Turkey,1043,1.1,,,Hotel,2017,11,0
4802,Istanbul,Turkey,56,0.7,,,Hotel,2017,11,0
4803,Istanbul,Turkey,52,7.8,,,Hotel,2017,11,0
4804,Istanbul,Turkey,73,7.7,,4.1,Hotel,2017,11,0
4805,Istanbul,Turkey,50,7.7,4.0,3.2,Apartment,2017,11,0
4806,Istanbul,Turkey,70,8.1,,,Apartment,2017,11,0
4807,Istanbul,Turkey,51,8.1,,4.3,Hotel,2017,11,0
4808,Istanbul,Turkey,58,8.2,4.0,4.0,Hotel,2017,11,0
4809,Istanbul,Turkey,91,7.8,5.0,4.5,Hotel,2017,11,0
4810,Istanbul,Turkey,52,8.9,,3.7,Hotel,2017,11,0
4811,Istanbul,Turkey,68,8.9,4.0,4.1,Hotel,2017,11,0
4812,Istanbul,Turkey,57,0.7,2.0,1.0,Hotel,2017,11,0
4813,Istanbul,Turkey,17,4.4,,,Hostel,2017,11,0
4814,Istanbul,Turkey,30,4.1,,2.7,Apart-hotel,2017,11,0
4815,Istanbul,Turkey,80,8.4,5.0,3.9,Hotel,2017,11,0
4816,Istanbul,Turkey,69,5.6,,4.0,Apart-hotel,2017,11,0
4817,Istanbul,Turkey,66,5.6,,4.1,Hotel,2017,11,0
4818,Istanbul,Turkey,62,5.6,4.0,3.7,Hotel,2017,11,0
4819,Istanbul,Turkey,68,5.6,,3.7,Hotel,2017,11,0
4820,Istanbul,Turkey,69,5.7,4.0,3.7,Hotel,2017,11,0
4821,Istanbul,Turkey,124,5.5,5.0,4.5,Hotel,2017,11,0
4822,Istanbul,Turkey,64,5.6,,4.4,Hotel,2017,11,0
4823,Istanbul,Turkey,55,7.7,5.0,4.0,Hotel,2017,11,0
4824,Istanbul,Turkey,35,7.1,,3.7,Hotel,2017,11,0
4825,Istanbul,Turkey,35,8.0,,4.0,Hotel,2017,11,0
4826,Istanbul,Turkey,37,7.8,,3.2,Hotel,2017,11,0
4827,Istanbul,Turkey,67,9.1,5.0,4.3,Hotel,2017,11,0
4828,Istanbul,Turkey,27,8.9,,3.2,Hotel,2017,11,0
4829,Istanbul,Turkey,51,3.8,3.5,4.5,Hotel,2017,11,0
4830,Istanbul,Turkey,55,8.3,5.0,4.0,Hotel,2017,11,0
4831,Istanbul,Turkey,38,8.3,3.0,4.1,Hotel,2017,11,0
4832,Istanbul,Turkey,55,8.5,,3.9,Hotel,2017,11,0
4833,Istanbul,Turkey,109,0.7,3.0,3.5,Hotel,2017,11,0
4834,Istanbul,Turkey,111,4.8,,,Apartment,2017,11,0
4835,Istanbul,Turkey,41,1.8,,3.0,Hotel,2017,11,0
4836,Istanbul,Turkey,57,8.7,,4.0,Hotel,2017,11,0
4837,Istanbul,Turkey,29,8.3,,4.0,Hotel,2017,11,0
4838,Istanbul,Turkey,52,9.4,4.0,2.5,Hotel,2017,11,0
4840,Istanbul,Turkey,41,5.0,,,Hotel,2017,11,0
4842,Istanbul,Turkey,46,0.8,3.0,3.7,Hotel,2017,11,0
4843,Istanbul,Turkey,61,2.9,,,Hotel,2017,11,0
4844,Istanbul,Turkey,49,0.7,3.0,,Hotel,2017,11,0
4845,Istanbul,Turkey,73,5.6,,4.0,Hotel,2017,11,0
4846,Istanbul,Turkey,63,3.4,4.0,4.3,Hotel,2017,11,0
4847,Istanbul,Turkey,46,1.2,2.0,1.0,Hotel,2017,11,0
4848,Istanbul,Turkey,81,4.8,,,Hotel,2017,11,0
4849,Istanbul,Turkey,45,5.7,3.0,4.1,Hotel,2017,11,0
4850,Istanbul,Turkey,70,5.1,3.0,3.9,Hotel,2017,11,0
4851,Istanbul,Turkey,58,8.7,,4.1,Hotel,2017,11,0
4852,Istanbul,Turkey,32,8.3,4.0,3.2,Hotel,2017,11,0
4853,Istanbul,Turkey,51,2.0,5.0,3.5,Hotel,2017,11,0
4854,Istanbul,Turkey,97,1.2,5.0,4.5,Hotel,2017,11,0
4855,Istanbul,Turkey,55,7.7,,4.0,Hotel,2017,11,0
4856,Istanbul,Turkey,34,2.9,,,Hostel,2017,11,0
4857,Istanbul,Turkey,14,8.5,,3.7,Hotel,2017,11,0
4858,Istanbul,Turkey,45,3.6,,4.3,Hotel,2017,11,0
4859,Istanbul,Turkey,23,3.6,2.0,3.5,Hostel,2017,11,0
4860,Istanbul,Turkey,42,3.8,,3.4,Hotel,2017,11,0
4861,Istanbul,Turkey,112,3.5,5.0,4.5,Hotel,2017,11,0
4862,Istanbul,Turkey,30,4.2,,4.4,Hotel,2017,11,0
4863,Istanbul,Turkey,52,4.1,3.5,4.3,Hotel,2017,11,0
4864,Istanbul,Turkey,52,4.4,,4.6,Hotel,2017,11,0
4865,Istanbul,Turkey,118,4.8,5.0,4.5,Hotel,2017,11,0
4866,Istanbul,Turkey,34,3.7,,,Hotel,2017,11,0
4867,Istanbul,Turkey,76,3.6,4.0,4.1,Hotel,2017,11,0
4868,Istanbul,Turkey,46,3.6,3.0,3.0,Hotel,2017,11,0
4870,Istanbul,Turkey,62,3.6,3.5,3.9,Hotel,2017,11,0
4871,Istanbul,Turkey,46,3.9,,5.0,Apartment,2017,11,0
4872,Istanbul,Turkey,41,3.6,,2.0,Hotel,2017,11,0
4874,Istanbul,Turkey,61,3.5,3.0,5.0,Hotel,2017,11,0
4875,Istanbul,Turkey,50,3.6,,3.0,Hotel,2017,11,0
4876,Istanbul,Turkey,58,3.6,,2.7,Hotel,2017,11,0
4877,Istanbul,Turkey,39,3.6,,3.5,Hotel,2017,11,0
4878,Istanbul,Turkey,74,3.5,,3.5,Hotel,2017,11,0
4879,Istanbul,Turkey,41,3.6,,3.7,Hotel,2017,11,0
4880,Istanbul,Turkey,33,3.6,,3.9,Hotel,2017,11,0
4881,Istanbul,Turkey,23,3.5,,4.4,Hostel,2017,11,0
4882,Istanbul,Turkey,37,3.6,,3.0,Hotel,2017,11,0
4883,Istanbul,Turkey,46,3.5,,3.0,Apart-hotel,2017,11,0
4884,Istanbul,Turkey,62,3.7,,,Hotel,2017,11,0
4885,Istanbul,Turkey,51,3.6,,3.2,Hotel,2017,11,0
4886,Istanbul,Turkey,62,3.5,3.0,4.4,Hotel,2017,11,0
4887,Istanbul,Turkey,58,3.5,3.0,4.0,Hotel,2017,11,0
4888,Istanbul,Turkey,34,3.6,2.0,3.7,Hotel,2017,11,0
4889,Istanbul,Turkey,55,3.6,,4.5,Hotel,2017,11,0
4890,Istanbul,Turkey,24,3.6,,,Hostel,2017,11,0
4891,Istanbul,Turkey,32,0.9,,4.0,Hotel,2017,11,0
4892,Istanbul,Turkey,80,0.9,,4.6,Hotel,2017,11,0
4893,Istanbul,Turkey,60,0.8,,,Hotel,2017,11,0
4894,Istanbul,Turkey,39,0.9,,4.0,Hotel,2017,11,0
4895,Istanbul,Turkey,41,0.9,,3.7,Hotel,2017,11,0
4896,Istanbul,Turkey,78,1.0,,4.9,Hotel,2017,11,0
4897,Istanbul,Turkey,50,0.9,4.0,4.0,Hotel,2017,11,0
4899,Istanbul,Turkey,73,0.9,,4.5,Hotel,2017,11,0
4900,Istanbul,Turkey,112,1.0,,,Apart-hotel,2017,11,0
4901,Istanbul,Turkey,49,0.9,,3.7,Hotel,2017,11,0
4902,Istanbul,Turkey,111,1.0,,4.6,Hotel,2017,11,0
4903,Istanbul,Turkey,82,0.9,5.0,4.6,Hotel,2017,11,0
4904,Istanbul,Turkey,37,0.9,,,Hotel,2017,11,0
4905,Istanbul,Turkey,66,1.0,,4.8,Hotel,2017,11,0
4906,Istanbul,Turkey,57,0.9,,4.5,Hotel,2017,11,0
4907,Istanbul,Turkey,45,0.9,,3.4,Hotel,2017,11,0
4908,Istanbul,Turkey,100,1.0,4.0,4.5,Hotel,2017,11,0
4909,Istanbul,Turkey,97,1.0,5.0,4.5,Hotel,2017,11,0
4910,Istanbul,Turkey,43,1.1,3.0,4.3,Bed and breakfast,2017,11,0
4911,Istanbul,Turkey,69,1.0,4.0,3.9,Hotel,2017,11,0
4912,Istanbul,Turkey,40,0.9,4.0,3.9,Hotel,2017,11,0
4913,Istanbul,Turkey,55,0.8,4.0,4.0,Hotel,2017,11,0
4914,Istanbul,Turkey,50,1.0,,3.9,Hotel,2017,11,0
4915,Istanbul,Turkey,30,0.7,,,Apart-hotel,2017,11,0
4917,Istanbul,Turkey,73,0.6,,,Apartment,2017,11,0
4918,Istanbul,Turkey,33,0.6,2.0,3.7,Apartment,2017,11,0
4919,Istanbul,Turkey,41,0.6,3.0,3.9,Hotel,2017,11,0
4920,Istanbul,Turkey,56,0.6,,3.5,Hotel,2017,11,0
4921,Istanbul,Turkey,23,0.6,,2.2,Apart-hotel,2017,11,0
4922,Istanbul,Turkey,37,0.6,,4.0,Hotel,2017,11,0
4923,Istanbul,Turkey,21,0.6,,2.5,Hotel,2017,11,0
4924,Istanbul,Turkey,61,0.6,,4.0,Apart-hotel,2017,11,0
4925,Istanbul,Turkey,32,0.6,,3.4,Hotel,2017,11,0
4926,Istanbul,Turkey,46,0.6,4.0,3.5,Hotel,2017,11,0
4929,Istanbul,Turkey,142,0.6,,2.7,Hotel,2017,11,0
4931,Istanbul,Turkey,41,0.6,,4.1,Hotel,2017,11,0
4932,Istanbul,Turkey,23,0.6,,2.5,Hotel,2017,11,0
4934,Istanbul,Turkey,24,0.7,,2.0,Apart-hotel,2017,11,0
4935,Istanbul,Turkey,27,0.7,,2.7,Hotel,2017,11,0
4936,Istanbul,Turkey,348,0.7,,3.0,Apart-hotel,2017,11,0
4938,Istanbul,Turkey,40,0.7,,,Hotel,2017,11,0
4939,Istanbul,Turkey,29,0.7,2.5,4.0,Hotel,2017,11,0
4940,Istanbul,Turkey,34,0.6,3.0,2.9,Hotel,2017,11,0
4941,Istanbul,Turkey,34,0.6,3.0,3.0,Hotel,2017,11,0
4942,Istanbul,Turkey,29,0.6,2.0,3.0,Hotel,2017,11,0
4943,Istanbul,Turkey,38,0.7,,,Hotel,2017,11,0
4944,Istanbul,Turkey,58,0.6,,,Hotel,2017,11,0
4945,Istanbul,Turkey,59,0.6,4.0,2.5,Hotel,2017,11,0
4946,Istanbul,Turkey,36,0.6,,3.5,Hotel,2017,11,0
4947,Istanbul,Turkey,61,0.5,3.0,4.0,Hotel,2017,11,0
4948,Istanbul,Turkey,73,0.6,4.0,4.0,Hotel,2017,11,0
4949,Istanbul,Turkey,86,0.6,4.0,3.2,Hotel,2017,11,0
4950,Istanbul,Turkey,42,0.3,,4.0,Hotel,2017,11,0
4951,Istanbul,Turkey,88,0.4,5.0,3.9,Hotel,2017,11,0
4952,Istanbul,Turkey,51,0.4,2.0,,Hotel,2017,11,0
4953,Istanbul,Turkey,60,0.4,3.0,3.5,Hotel,2017,11,0
4954,Istanbul,Turkey,157,0.4,,3.9,Hotel,2017,11,0
4956,Istanbul,Turkey,63,0.3,,3.7,Hotel,2017,11,0
4957,Istanbul,Turkey,56,0.3,,,Hotel,2017,11,0
4958,Istanbul,Turkey,48,0.3,,3.2,Hotel,2017,11,0
4959,Istanbul,Turkey,56,0.3,4.0,4.0,Hotel,2017,11,0
4960,Istanbul,Turkey,39,0.4,3.0,5.0,Hotel,2017,11,0
4961,Istanbul,Turkey,48,0.4,3.0,3.7,Hotel,2017,11,0
4962,Istanbul,Turkey,43,0.3,4.0,2.9,Hotel,2017,11,0
4963,Istanbul,Turkey,62,0.4,4.0,4.0,Hotel,2017,11,0
4964,Istanbul,Turkey,76,0.5,,2.0,Hotel,2017,11,0
4965,Istanbul,Turkey,46,0.4,4.0,3.9,Hotel,2017,11,0
4966,Istanbul,Turkey,92,0.4,,4.0,Hotel,2017,11,0
4967,Istanbul,Turkey,76,0.5,4.5,4.1,Hotel,2017,11,0
4968,Istanbul,Turkey,28,0.4,3.0,2.7,Hotel,2017,11,0
4969,Istanbul,Turkey,91,0.4,3.0,3.9,Hotel,2017,11,0
4970,Istanbul,Turkey,67,0.5,4.0,3.7,Hotel,2017,11,0
4971,Istanbul,Turkey,84,0.4,,5.0,Hotel,2017,11,0
4972,Istanbul,Turkey,58,0.5,2.0,3.5,Hotel,2017,11,0
4973,Istanbul,Turkey,62,0.4,4.0,2.7,Hotel,2017,11,0
4974,Istanbul,Turkey,69,0.5,2.0,,Hotel,2017,11,0
4975,Istanbul,Turkey,64,0.5,,1.0,Hotel,2017,11,0
4976,Istanbul,Turkey,54,0.5,3.0,4.0,Hotel,2017,11,0
4977,Istanbul,Turkey,35,0.6,,1.7,Hotel,2017,11,0
4978,Istanbul,Turkey,57,0.3,4.0,3.7,Hotel,2017,11,0
4979,Istanbul,Turkey,49,0.3,4.0,3.2,Hotel,2017,11,0
4980,Istanbul,Turkey,55,0.6,,1.0,Hotel,2017,11,0
4981,Istanbul,Turkey,33,0.7,,3.2,Hotel,2017,11,0
4982,Istanbul,Turkey,56,0.6,,1.0,Hotel,2017,11,0
4983,Istanbul,Turkey,51,0.5,,3.5,Hotel,2017,11,0
4984,Istanbul,Turkey,39,0.5,,3.7,Hotel,2017,11,0
4985,Istanbul,Turkey,55,0.6,,2.0,Hotel,2017,11,0
4986,Istanbul,Turkey,56,0.5,,,Hotel,2017,11,0
4987,Istanbul,Turkey,39,0.5,,3.5,Hotel,2017,11,0
4988,Istanbul,Turkey,63,0.6,4.0,3.7,Hotel,2017,11,0
4989,Istanbul,Turkey,42,0.5,2.0,4.0,Hotel,2017,11,0
4990,Istanbul,Turkey,60,0.5,4.0,3.7,Hotel,2017,11,0
4991,Istanbul,Turkey,94,0.5,2.0,3.0,Hotel,2017,11,0
4992,Istanbul,Turkey,87,0.3,,4.0,Hotel,2017,11,0
4993,Istanbul,Turkey,204,0.5,,1.0,Bed and breakfast,2017,11,0
4994,Istanbul,Turkey,36,0.4,,3.2,Hotel,2017,11,0
4995,Istanbul,Turkey,46,0.4,3.0,3.9,Hotel,2017,11,0
4996,Istanbul,Turkey,69,0.6,3.0,4.0,Hotel,2017,11,0
4997,Istanbul,Turkey,50,0.6,3.0,,Hotel,2017,11,0
4998,Istanbul,Turkey,42,0.5,4.0,3.9,Hotel,2017,11,0
4999,Istanbul,Turkey,40,0.4,3.0,3.2,Hotel,2017,11,0
5000,Istanbul,Turkey,47,0.7,,2.7,Hotel,2017,11,0
5001,Istanbul,Turkey,26,0.7,,1.0,Apart-hotel,2017,11,0
5002,Istanbul,Turkey,33,0.6,,,Hotel,2017,11,0
5003,Istanbul,Turkey,75,0.6,3.0,3.0,Hotel,2017,11,0
5004,Istanbul,Turkey,59,0.6,,4.0,Hotel,2017,11,0
5005,Istanbul,Turkey,46,0.6,3.0,2.2,Hotel,2017,11,0
5006,Istanbul,Turkey,49,0.5,,3.4,Hotel,2017,11,0
5007,Istanbul,Turkey,55,0.5,4.0,3.0,Hotel,2017,11,0
5008,Istanbul,Turkey,93,0.6,4.0,4.0,Hotel,2017,11,0
5009,Istanbul,Turkey,150,0.5,,,Hotel,2017,11,0
5010,Istanbul,Turkey,72,0.5,,,Hotel,2017,11,0
5011,Istanbul,Turkey,58,0.5,,2.0,Hotel,2017,11,0
5012,Istanbul,Turkey,166,0.3,,,Hotel,2017,11,0
5013,Istanbul,Turkey,32,0.3,,3.5,Hotel,2017,11,0
5014,Istanbul,Turkey,76,0.6,4.0,3.2,Hotel,2017,11,0
5015,Istanbul,Turkey,62,0.5,4.0,3.5,Hotel,2017,11,0
5016,Istanbul,Turkey,112,0.5,4.0,3.9,Hotel,2017,11,0
5017,Istanbul,Turkey,44,0.5,,3.5,Hotel,2017,11,0
5018,Istanbul,Turkey,51,0.5,,5.0,Hotel,2017,11,0
5019,Istanbul,Turkey,53,0.6,,3.2,Hotel,2017,11,0
5020,Istanbul,Turkey,87,0.3,4.0,4.0,Hotel,2017,11,0
5021,Istanbul,Turkey,48,0.4,3.0,3.5,Hotel,2017,11,0
5022,Istanbul,Turkey,78,0.3,4.5,3.5,Hotel,2017,11,0
5023,Istanbul,Turkey,71,0.3,4.0,3.0,Hotel,2017,11,0
5024,Istanbul,Turkey,156,5.1,5.0,4.5,Hotel,2017,11,0
5025,Istanbul,Turkey,73,3.6,,2.0,Apart-hotel,2017,11,0
5026,Istanbul,Turkey,50,4.0,,3.5,Hotel,2017,11,0
5027,Istanbul,Turkey,92,3.9,,5.0,Hotel,2017,11,0
5028,Istanbul,Turkey,83,3.9,5.0,3.9,Hotel,2017,11,0
5029,Istanbul,Turkey,54,3.7,4.0,4.1,Hotel,2017,11,0
5030,Istanbul,Turkey,69,4.2,5.0,3.4,Hotel,2017,11,0
5032,Istanbul,Turkey,56,2.9,,3.4,Apartment,2017,11,0
5033,Istanbul,Turkey,64,2.9,,4.0,Hotel,2017,11,0
5034,Istanbul,Turkey,67,3.0,,4.0,Hotel,2017,11,0
5035,Istanbul,Turkey,257,2.8,5.0,4.9,Hotel,2017,11,0
5036,Istanbul,Turkey,146,2.8,4.0,4.4,Hotel,2017,11,0
5037,Istanbul,Turkey,121,3.0,,,Hotel,2017,11,0
5038,Istanbul,Turkey,106,3.0,5.0,4.1,Hotel,2017,11,0
5039,Istanbul,Turkey,107,2.9,4.0,4.5,Hotel,2017,11,0
5040,Istanbul,Turkey,876,3.0,4.5,4.5,Apart-hotel,2017,11,0
5042,Istanbul,Turkey,47,0.7,,4.5,Hotel,2017,11,0
5043,Istanbul,Turkey,109,0.8,4.0,4.6,Hotel,2017,11,0
5044,Istanbul,Turkey,59,0.8,3.0,3.7,Apartment,2017,11,0
5045,Istanbul,Turkey,37,0.8,,3.9,Hotel,2017,11,0
5046,Istanbul,Turkey,48,0.8,,3.2,Hotel,2017,11,0
5047,Istanbul,Turkey,79,0.7,4.0,4.5,Hotel,2017,11,0
5049,Istanbul,Turkey,34,0.7,,2.0,Hostel,2017,11,0
5050,Istanbul,Turkey,103,0.7,4.0,4.6,Hotel,2017,11,0
5051,Istanbul,Turkey,85,0.7,4.5,4.3,Hotel,2017,11,0
5052,Istanbul,Turkey,42,0.8,3.0,4.1,Hotel,2017,11,0
5053,Istanbul,Turkey,38,0.7,3.5,3.5,Hotel,2017,11,0
5054,Istanbul,Turkey,53,0.7,,4.5,Hotel,2017,11,0
5055,Istanbul,Turkey,31,0.7,,3.9,Hotel,2017,11,0
5056,Istanbul,Turkey,81,0.7,3.0,2.2,Apart-hotel,2017,11,0
5057,Istanbul,Turkey,91,0.8,,4.5,Hotel,2017,11,0
5058,Istanbul,Turkey,19,0.7,,3.2,Hotel,2017,11,0
5059,Istanbul,Turkey,55,0.8,,4.4,Hotel,2017,11,0
5060,Istanbul,Turkey,34,0.8,,4.0,Hotel,2017,11,0
5061,Istanbul,Turkey,43,0.7,,4.1,Hotel,2017,11,0
5062,Istanbul,Turkey,47,0.8,,4.5,Hotel,2017,11,0
5063,Istanbul,Turkey,61,0.6,,4.8,Hotel,2017,11,0
5064,Istanbul,Turkey,68,0.7,,4.5,Hotel,2017,11,0
5065,Istanbul,Turkey,40,0.8,,4.0,Hotel,2017,11,0
5066,Istanbul,Turkey,100,0.7,4.5,4.5,Hotel,2017,11,0
5067,Istanbul,Turkey,51,0.6,,3.9,Hotel,2017,11,0
5068,Istanbul,Turkey,55,0.7,3.5,3.5,Hotel,2017,11,0
5069,Istanbul,Turkey,78,0.9,4.0,4.1,Hotel,2017,11,0
5070,Istanbul,Turkey,65,0.7,4.0,4.3,Hotel,2017,11,0
5071,Istanbul,Turkey,52,0.8,3.5,4.3,Hotel,2017,11,0
5072,Istanbul,Turkey,56,0.7,4.0,4.1,Hotel,2017,11,0
5073,Istanbul,Turkey,33,0.4,,3.7,Hotel,2017,11,0
5074,Istanbul,Turkey,38,0.3,2.5,2.4,Hotel,2017,11,0
5075,Istanbul,Turkey,49,0.7,,3.7,Hotel,2017,11,0
5076,Istanbul,Turkey,33,0.7,4.0,3.9,Hotel,2017,11,0
5077,Istanbul,Turkey,78,0.7,,4.0,Hotel,2017,11,0
5078,Istanbul,Turkey,94,0.7,4.0,4.5,Hotel,2017,11,0
5079,Istanbul,Turkey,22,0.7,2.0,5.0,Hostel,2017,11,0
5080,Istanbul,Turkey,46,0.7,,4.0,Hotel,2017,11,0
5081,Istanbul,Turkey,38,0.7,4.0,3.2,Hotel,2017,11,0
5082,Istanbul,Turkey,34,0.7,3.0,3.9,Hotel,2017,11,0
5083,Istanbul,Turkey,120,0.7,4.5,4.6,Hotel,2017,11,0
5084,Istanbul,Turkey,47,0.7,,4.4,Hotel,2017,11,0
5085,Istanbul,Turkey,43,0.7,,3.4,Hotel,2017,11,0
5086,Istanbul,Turkey,39,0.7,,3.0,Hotel,2017,11,0
5087,Istanbul,Turkey,59,0.8,,,Hotel,2017,11,0
5089,Istanbul,Turkey,29,0.6,,3.5,Hotel,2017,11,0
5090,Istanbul,Turkey,81,0.7,,,Apart-hotel,2017,11,0
5091,Istanbul,Turkey,31,0.7,,3.2,Hotel,2017,11,0
5092,Istanbul,Turkey,27,0.7,3.0,1.8,Hotel,2017,11,0
5093,Istanbul,Turkey,40,0.7,3.5,3.9,Hotel,2017,11,0
5094,Istanbul,Turkey,55,0.8,,4.0,Hotel,2017,11,0
5095,Istanbul,Turkey,41,0.7,,3.7,Hotel,2017,11,0
5096,Istanbul,Turkey,114,0.6,,2.7,Hotel,2017,11,0
5097,Istanbul,Turkey,54,0.7,4.0,3.9,Hotel,2017,11,0
5098,Istanbul,Turkey,66,0.7,,4.9,Hotel,2017,11,0
5099,Istanbul,Turkey,47,0.7,,3.7,Hotel,2017,11,0
5100,Istanbul,Turkey,197,0.7,,3.9,Hotel,2017,11,0
5101,Istanbul,Turkey,61,0.8,,4.1,Hotel,2017,11,0
5102,Istanbul,Turkey,27,0.8,,3.7,Hotel,2017,11,0
5103,Istanbul,Turkey,33,0.7,3.5,4.0,Hotel,2017,11,0
5104,Istanbul,Turkey,27,0.5,3.0,3.5,Hotel,2017,11,0
5105,Istanbul,Turkey,208,0.8,,3.7,Hotel,2017,11,0
5106,Istanbul,Turkey,49,0.8,,2.2,Hotel,2017,11,0
5107,Istanbul,Turkey,32,0.7,,3.2,Hotel,2017,11,0
5108,Istanbul,Turkey,66,0.7,,5.0,Hotel,2017,11,0
5109,Istanbul,Turkey,46,0.7,3.0,4.5,Hotel,2017,11,0
5110,Istanbul,Turkey,48,0.7,3.0,4.0,Hotel,2017,11,0
5111,Istanbul,Turkey,38,0.8,,3.7,Hotel,2017,11,0
5112,Istanbul,Turkey,63,0.8,3.0,3.9,Hotel,2017,11,0
5113,Istanbul,Turkey,113,0.8,,,Hotel,2017,11,0
5114,Istanbul,Turkey,539,0.8,,2.2,Hotel,2017,11,0
5115,Istanbul,Turkey,66,0.5,,2.9,Hotel,2017,11,0
5116,Istanbul,Turkey,126,0.6,,4.8,Hotel,2017,11,0
5117,Istanbul,Turkey,67,0.8,4.0,4.4,Hotel,2017,11,0
5118,Istanbul,Turkey,127,0.8,3.5,4.3,Apartment,2017,11,0
5119,Istanbul,Turkey,30,0.6,,3.7,Hotel,2017,11,0
5120,Istanbul,Turkey,38,0.7,4.0,3.0,Hotel,2017,11,0
5121,Istanbul,Turkey,34,0.7,,3.7,Hotel,2017,11,0
5122,Istanbul,Turkey,92,0.7,,4.5,Hotel,2017,11,0
5123,Istanbul,Turkey,47,0.7,3.5,3.2,Hotel,2017,11,0
5124,Istanbul,Turkey,97,0.8,4.5,4.8,Hotel,2017,11,0
5125,Istanbul,Turkey,22,0.5,,2.2,Hotel,2017,11,0
5126,Istanbul,Turkey,38,0.8,,4.0,Hotel,2017,11,0
5127,Istanbul,Turkey,52,0.8,,4.6,Hotel,2017,11,0
5128,Istanbul,Turkey,58,0.8,,4.5,Hotel,2017,11,0
5129,Istanbul,Turkey,61,0.7,4.0,4.4,Hotel,2017,11,0
5130,Istanbul,Turkey,69,0.8,4.0,4.3,Hotel,2017,11,0
5131,Istanbul,Turkey,51,0.8,3.0,4.5,Hotel,2017,11,0
5132,Istanbul,Turkey,51,0.8,,4.5,Hotel,2017,11,0
5133,Istanbul,Turkey,31,0.8,,4.8,Hostel,2017,11,0
5134,Istanbul,Turkey,41,0.7,,4.1,Hotel,2017,11,0
5135,Istanbul,Turkey,30,4.0,,3.9,Hotel,2017,11,0
5136,Istanbul,Turkey,23,4.0,,1.1,Hotel,2017,11,0
5137,Istanbul,Turkey,28,4.0,,1.7,Hotel,2017,11,0
5138,Istanbul,Turkey,32,4.1,,2.9,Hotel,2017,11,0
5139,Istanbul,Turkey,60,4.1,5.0,2.0,Hotel,2017,11,0
5140,Istanbul,Turkey,33,4.0,,,Apart-hotel,2017,11,0
5141,Istanbul,Turkey,37,4.0,,1.7,Apart-hotel,2017,11,0
5142,Istanbul,Turkey,37,4.0,,,Hotel,2017,11,0
5143,Istanbul,Turkey,58,4.0,,,Guest House,2017,11,0
5144,Istanbul,Turkey,27,4.0,,,Hotel,2017,11,0
5145,Istanbul,Turkey,41,4.1,,1.0,Hotel,2017,11,0
5146,Istanbul,Turkey,75,3.9,,4.0,Hotel,2017,11,0
5147,Istanbul,Turkey,32,4.0,,4.0,Hotel,2017,11,0
5148,Istanbul,Turkey,35,4.0,,4.1,Hotel,2017,11,0
5149,Istanbul,Turkey,32,4.0,,1.7,Apartment,2017,11,0
5150,Istanbul,Turkey,118,4.0,,4.6,Apart-hotel,2017,11,0
5151,Istanbul,Turkey,47,4.3,,3.0,Hotel,2017,11,0
5152,Istanbul,Turkey,41,4.1,,,Guest House,2017,11,0
5153,Istanbul,Turkey,78,4.3,,3.5,Hotel,2017,11,0
5154,Istanbul,Turkey,45,4.4,,1.0,Apart-hotel,2017,11,0
5155,Istanbul,Turkey,129,4.0,4.5,4.4,Hotel,2017,11,0
5156,Istanbul,Turkey,39,4.0,,1.0,Hotel,2017,11,0
5157,Istanbul,Turkey,69,3.3,,4.5,Apartment,2017,11,0
5158,Istanbul,Turkey,44,3.0,,3.2,Hotel,2017,11,0
5159,Istanbul,Turkey,61,2.8,,4.3,Hotel,2017,11,0
5160,Istanbul,Turkey,51,2.9,3.0,3.5,Apart-hotel,2017,11,0
5161,Istanbul,Turkey,63,3.1,,4.3,Hotel,2017,11,0
5162,Istanbul,Turkey,55,3.1,3.5,3.4,Hotel,2017,11,0
5163,Istanbul,Turkey,48,3.2,,,Hotel,2017,11,0
5164,Istanbul,Turkey,57,3.2,,3.0,Hotel,2017,11,0
5165,Istanbul,Turkey,57,3.2,,,Hotel,2017,11,0
5166,Istanbul,Turkey,92,3.0,,4.5,Hotel,2017,11,0
5167,Istanbul,Turkey,30,3.2,3.0,3.5,Hotel,2017,11,0
5168,Istanbul,Turkey,53,3.1,,,Hotel,2017,11,0
5169,Istanbul,Turkey,91,3.1,,5.0,Hotel,2017,11,0
5170,Istanbul,Turkey,67,2.9,3.5,3.4,Hotel,2017,11,0
5171,Istanbul,Turkey,58,3.2,,3.4,Apartment,2017,11,0
5172,Istanbul,Turkey,33,3.2,,1.2,Hotel,2017,11,0
5173,Istanbul,Turkey,47,3.3,,3.9,Hotel,2017,11,0
5174,Istanbul,Turkey,34,1.3,2.5,3.0,Hotel,2017,11,0
5175,Istanbul,Turkey,24,1.3,3.0,2.4,Hotel,2017,11,0
5176,Istanbul,Turkey,52,1.4,4.0,4.1,Hotel,2017,11,0
5177,Istanbul,Turkey,53,1.3,,3.7,Hotel,2017,11,0
5178,Istanbul,Turkey,49,1.3,3.0,4.3,Hotel,2017,11,0
5180,Istanbul,Turkey,116,1.2,4.0,4.3,Hotel,2017,11,0
5181,Istanbul,Turkey,38,1.4,,2.2,Hotel,2017,11,0
5182,Istanbul,Turkey,58,1.5,,4.0,Hotel,2017,11,0
5183,Istanbul,Turkey,57,1.3,4.5,4.0,Hotel,2017,11,0
5184,Istanbul,Turkey,121,1.3,,5.0,Apart-hotel,2017,11,0
5185,Istanbul,Turkey,40,1.3,3.0,,Hotel,2017,11,0
5186,Istanbul,Turkey,40,1.3,3.0,3.5,Hotel,2017,11,0
5187,Istanbul,Turkey,40,1.3,,,Hotel,2017,11,0
5188,Istanbul,Turkey,42,1.2,,4.1,Hotel,2017,11,0
5189,Istanbul,Turkey,52,1.5,,,Apart-hotel,2017,11,0
5190,Istanbul,Turkey,39,1.3,3.0,3.7,Hotel,2017,11,0
5191,Istanbul,Turkey,63,1.6,,5.0,Hotel,2017,11,0
5192,Istanbul,Turkey,45,1.6,,4.1,Hotel,2017,11,0
5194,Istanbul,Turkey,120,1.2,5.0,4.3,Hotel,2017,11,0
5195,Istanbul,Turkey,195,1.3,,4.3,Hotel,2017,11,0
5196,Istanbul,Turkey,55,1.2,,5.0,Apart-hotel,2017,11,0
5197,Istanbul,Turkey,73,1.2,4.0,4.3,Hotel,2017,11,0
5198,Istanbul,Turkey,44,1.6,,4.3,Hotel,2017,11,0
5199,Istanbul,Turkey,44,1.3,,2.5,Hotel,2017,11,0
5200,Istanbul,Turkey,90,1.5,,3.5,Apart-hotel,2017,11,0
5201,Istanbul,Turkey,77,1.3,4.0,4.4,Hotel,2017,11,0
5202,Istanbul,Turkey,44,1.3,,4.3,Hotel,2017,11,0
5203,Istanbul,Turkey,59,1.6,,4.0,Hotel,2017,11,0
5204,Istanbul,Turkey,23,1.6,,4.5,Hostel,2017,11,0
5205,Istanbul,Turkey,127,1.5,5.0,4.5,Hotel,2017,11,0
5206,Istanbul,Turkey,57,1.3,4.0,3.9,Hotel,2017,11,0
5207,Istanbul,Turkey,75,1.3,3.5,3.0,Hotel,2017,11,0
5208,Istanbul,Turkey,169,1.3,5.0,4.6,Hotel,2017,11,0
5209,Istanbul,Turkey,56,1.2,4.0,3.7,Hotel,2017,11,0
5210,Istanbul,Turkey,100,1.3,4.0,3.9,Hotel,2017,11,0
5211,Istanbul,Turkey,49,1.2,4.0,3.2,Hotel,2017,11,0
5212,Istanbul,Turkey,49,1.3,,3.7,Hotel,2017,11,0
5213,Istanbul,Turkey,58,1.2,4.0,3.7,Hotel,2017,11,0
5214,Istanbul,Turkey,58,1.3,4.0,3.7,Hotel,2017,11,0
5215,Istanbul,Turkey,64,1.4,,4.3,Hotel,2017,11,0
5216,Istanbul,Turkey,58,1.5,4.0,4.0,Hotel,2017,11,0
5217,Istanbul,Turkey,55,1.2,4.0,3.2,Hotel,2017,11,0
5218,Istanbul,Turkey,63,1.5,,4.1,Hotel,2017,11,0
5219,Istanbul,Turkey,48,1.6,,3.9,Hotel,2017,11,0
5220,Istanbul,Turkey,46,1.6,,3.9,Hotel,2017,11,0
5221,Istanbul,Turkey,70,1.3,,3.9,Hotel,2017,11,0
5222,Istanbul,Turkey,85,0.6,,4.0,Hotel,2017,11,0
5223,Istanbul,Turkey,88,0.8,,4.8,Hotel,2017,11,0
5224,Istanbul,Turkey,49,0.6,,3.7,Hotel,2017,11,0
5225,Istanbul,Turkey,66,0.6,,5.0,Hotel,2017,11,0
5226,Istanbul,Turkey,63,0.5,,4.3,Hotel,2017,11,0
5227,Istanbul,Turkey,87,0.6,,4.5,Hotel,2017,11,0
5228,Istanbul,Turkey,92,0.6,5.0,3.5,Hotel,2017,11,0
5229,Istanbul,Turkey,25,0.7,,2.2,Hotel,2017,11,0
5230,Istanbul,Turkey,30,0.7,,2.2,Hotel,2017,11,0
5231,Istanbul,Turkey,30,0.8,,3.5,Hotel,2017,11,0
5232,Istanbul,Turkey,56,0.8,4.0,3.7,Hotel,2017,11,0
5233,Istanbul,Turkey,49,0.7,,2.5,Hotel,2017,11,0
5234,Istanbul,Turkey,57,0.7,,4.3,Hotel,2017,11,0
5235,Istanbul,Turkey,59,0.8,,3.9,Hotel,2017,11,0
5236,Istanbul,Turkey,74,0.8,,3.5,Hotel,2017,11,0
5237,Istanbul,Turkey,33,0.7,3.5,2.7,Hotel,2017,11,0
5238,Istanbul,Turkey,38,0.8,,3.2,Hotel,2017,11,0
5239,Istanbul,Turkey,85,0.7,,4.6,Hotel,2017,11,0
5240,Istanbul,Turkey,41,0.8,,3.9,Hotel,2017,11,0
5241,Istanbul,Turkey,54,0.7,,4.0,Hotel,2017,11,0
5242,Istanbul,Turkey,65,0.8,3.0,3.2,Hotel,2017,11,0
5243,Istanbul,Turkey,39,0.1,,1.0,Hotel,2017,11,0
5244,Istanbul,Turkey,35,0.2,,4.0,Hotel,2017,11,0
5245,Istanbul,Turkey,56,0.8,4.0,4.4,Hotel,2017,11,0
5246,Istanbul,Turkey,38,0.7,,4.3,Hotel,2017,11,0
5247,Istanbul,Turkey,45,0.8,4.0,3.4,Hotel,2017,11,0
5248,Istanbul,Turkey,47,0.8,,2.5,Hotel,2017,11,0
5249,Istanbul,Turkey,35,0.7,3.0,3.5,Hotel,2017,11,0
5250,Istanbul,Turkey,34,0.8,2.0,3.5,Hotel,2017,11,0
5251,Istanbul,Turkey,41,0.7,,3.0,Hotel,2017,11,0
5252,Istanbul,Turkey,23,0.8,,4.0,Hotel,2017,11,0
5253,Istanbul,Turkey,51,0.7,3.0,4.3,Hotel,2017,11,0
5254,Istanbul,Turkey,76,0.8,,3.5,Hotel,2017,11,0
5255,Istanbul,Turkey,63,0.7,3.5,4.9,Hotel,2017,11,0
5256,Istanbul,Turkey,75,0.7,,4.4,Hotel,2017,11,0
5257,Istanbul,Turkey,60,0.7,,4.0,Hotel,2017,11,0
5258,Istanbul,Turkey,37,0.8,3.5,4.0,Hotel,2017,11,0
5259,Istanbul,Turkey,59,3.3,,,Apartment,2017,11,0
5260,Istanbul,Turkey,156,3.6,5.0,4.1,Hotel,2017,11,0
5261,Istanbul,Turkey,36,3.4,3.0,3.7,Hotel,2017,11,0
5262,Istanbul,Turkey,71,3.2,,4.3,Hotel,2017,11,0
5263,Istanbul,Turkey,100,3.3,,4.0,Hotel,2017,11,0
5264,Istanbul,Turkey,32,3.4,3.5,4.0,Hotel,2017,11,0
5265,Istanbul,Turkey,59,3.5,,3.9,Hotel,2017,11,0
5266,Istanbul,Turkey,47,3.6,,3.2,Hotel,2017,11,0
5267,Istanbul,Turkey,50,3.8,4.0,4.3,Apart-hotel,2017,11,0
5268,Istanbul,Turkey,51,3.4,,4.5,Hotel,2017,11,0
5269,Istanbul,Turkey,48,3.4,,3.7,Hotel,2017,11,0
5270,Istanbul,Turkey,122,3.7,5.0,4.3,Hotel,2017,11,0
5271,Istanbul,Turkey,58,3.6,,4.5,Hotel,2017,11,0
5272,Istanbul,Turkey,30,2.8,,5.0,Hotel,2017,11,0
5273,Istanbul,Turkey,47,2.8,,3.5,Hotel,2017,11,0
5274,Istanbul,Turkey,74,2.8,,4.3,Hotel,2017,11,0
5275,Istanbul,Turkey,40,2.4,,1.0,Hotel,2017,11,0
5276,Istanbul,Turkey,39,2.6,,,Hotel,2017,11,0
5277,Istanbul,Turkey,47,2.8,,4.0,Hotel,2017,11,0
5278,Istanbul,Turkey,55,2.8,,,Apartment,2017,11,0
5279,Istanbul,Turkey,72,4.2,4.0,3.7,Hotel,2017,11,0
5280,Istanbul,Turkey,103,4.9,,4.3,Hotel,2017,11,0
5281,Istanbul,Turkey,199,4.1,5.0,3.9,Hotel,2017,11,0
5282,Istanbul,Turkey,150,5.1,5.0,4.6,Hotel,2017,11,0
5283,Istanbul,Turkey,73,4.3,5.0,4.1,Hotel,2017,11,0
5284,Istanbul,Turkey,58,2.5,2.5,,Apartment,2017,11,0
5285,Istanbul,Turkey,66,2.5,,1.0,Apartment,2017,11,0
5286,Istanbul,Turkey,49,2.7,3.0,4.5,Apart-hotel,2017,11,0
5287,Istanbul,Turkey,32,2.7,,2.4,Hotel,2017,11,0
5288,Istanbul,Turkey,58,3.6,,,Apart-hotel,2017,11,0
5289,Istanbul,Turkey,50,2.5,,3.0,Hotel,2017,11,0
5290,Istanbul,Turkey,67,2.7,5.0,3.0,Hotel,2017,11,0
5291,Istanbul,Turkey,49,2.7,,,Hotel,2017,11,0
5292,Istanbul,Turkey,139,2.6,,1.0,Apart-hotel,2017,11,0
5293,Istanbul,Turkey,49,2.7,,4.5,Hotel,2017,11,0
5294,Istanbul,Turkey,51,2.8,,4.0,Hotel,2017,11,0
5295,Istanbul,Turkey,47,2.6,,4.0,Apartment,2017,11,0
5296,Istanbul,Turkey,73,2.8,,5.0,Apart-hotel,2017,11,0
5297,Istanbul,Turkey,52,2.6,,5.0,Hotel,2017,11,0
5298,Istanbul,Turkey,95,5.2,4.0,4.1,Hotel,2017,11,0
5299,Istanbul,Turkey,57,4.7,,3.9,Hotel,2017,11,0
5300,Istanbul,Turkey,52,4.5,4.0,4.1,Hotel,2017,11,0
5301,Istanbul,Turkey,52,4.0,,4.4,Hotel,2017,11,0
5302,Istanbul,Turkey,51,4.4,,4.0,Hotel,2017,11,0
5303,Istanbul,Turkey,40,4.4,,4.0,Hotel,2017,11,0
5304,Istanbul,Turkey,104,2.7,,4.3,Hotel,2017,11,0
5305,Istanbul,Turkey,103,3.4,5.0,4.0,Hotel,2017,11,0
5306,Istanbul,Turkey,99,2.9,5.0,4.1,Hotel,2017,11,0
5307,Istanbul,Turkey,60,3.5,,4.5,Hotel,2017,11,0
5308,Istanbul,Turkey,220,3.6,,,Apartment,2017,11,0
5309,Istanbul,Turkey,32,2.8,,2.7,Hotel,2017,11,0
5310,Istanbul,Turkey,71,2.7,,3.5,Hotel,2017,11,0
5311,Istanbul,Turkey,81,3.3,,3.7,Apartment,2017,11,0
5312,Istanbul,Turkey,52,2.8,,1.0,Vacation home Condo,2017,11,0
5313,Istanbul,Turkey,116,3.1,5.0,4.3,Hotel,2017,11,0
5314,Istanbul,Turkey,45,3.4,,3.0,Hotel,2017,11,0
5315,Istanbul,Turkey,71,3.6,5.0,3.9,Hotel,2017,11,0
5316,Istanbul,Turkey,63,3.1,4.0,3.0,Hotel,2017,11,0
5318,Istanbul,Turkey,49,4.1,,2.2,Hotel,2017,11,0
5319,Istanbul,Turkey,48,2.8,3.5,3.7,Apartment,2017,11,0
5320,Istanbul,Turkey,35,4.2,,4.0,Hotel,2017,11,0
5321,Istanbul,Turkey,65,3.9,,4.0,Hotel,2017,11,0
5322,Istanbul,Turkey,61,3.5,,4.0,Hotel,2017,11,0
5323,Istanbul,Turkey,49,3.3,,3.0,Hotel,2017,11,0
5324,Istanbul,Turkey,66,3.9,,3.2,Hotel,2017,11,0
5325,Istanbul,Turkey,38,3.5,3.0,3.0,Hotel,2017,11,0
5326,Istanbul,Turkey,74,3.4,3.0,2.7,Hotel,2017,11,0
5327,Istanbul,Turkey,69,3.4,,,Hotel,2017,11,0
5328,Istanbul,Turkey,93,3.2,,4.5,Hotel,2017,11,0
5329,Istanbul,Turkey,63,3.5,3.0,4.0,Hotel,2017,11,0
5330,Istanbul,Turkey,73,3.9,4.0,3.5,Hotel,2017,11,0
5331,Istanbul,Turkey,87,2.6,,4.0,Hotel,2017,11,0
5332,Istanbul,Turkey,75,4.1,5.0,3.5,Hotel,2017,11,0
5333,Istanbul,Turkey,63,3.3,,4.4,Hotel,2017,11,0
5334,Istanbul,Turkey,120,3.3,,,Hotel,2017,11,0
5335,Istanbul,Turkey,104,3.3,4.0,,Hotel,2017,11,0
5336,Istanbul,Turkey,197,2.8,5.0,4.5,Hotel,2017,11,0
5337,Istanbul,Turkey,60,3.3,,3.7,Hotel,2017,11,0
5338,Istanbul,Turkey,79,3.3,,4.8,Hotel,2017,11,0
5339,Istanbul,Turkey,90,4.3,5.0,4.4,Hotel,2017,11,0
5340,Istanbul,Turkey,40,3.2,,,Apartment,2017,11,0
5341,Istanbul,Turkey,30,1.1,3.0,4.5,Hotel,2017,11,0
5342,Istanbul,Turkey,59,1.2,4.0,4.4,Hotel,2017,11,0
5343,Istanbul,Turkey,119,1.0,5.0,4.5,Hotel,2017,11,0
5344,Istanbul,Turkey,33,1.0,3.0,3.7,Hotel,2017,11,0
5345,Istanbul,Turkey,29,1.0,3.0,4.4,Hotel,2017,11,0
5346,Istanbul,Turkey,41,1.1,4.0,3.5,Hotel,2017,11,0
5347,Istanbul,Turkey,40,1.1,2.0,4.5,Guest House,2017,11,0
5348,Istanbul,Turkey,41,1.1,3.5,4.5,Hotel,2017,11,0
5349,Istanbul,Turkey,49,1.0,,5.0,Hotel,2017,11,0
5350,Istanbul,Turkey,76,1.0,4.0,3.5,Hotel,2017,11,0
5351,Istanbul,Turkey,48,1.0,4.0,4.3,Hotel,2017,11,0
5352,Istanbul,Turkey,24,1.1,2.0,4.4,Guest House,2017,11,0
5353,Istanbul,Turkey,27,1.1,,,Hostel,2017,11,0
5354,Istanbul,Turkey,53,1.1,3.0,4.6,Hotel,2017,11,0
5355,Istanbul,Turkey,41,1.1,4.0,4.0,Hotel,2017,11,0
5357,Istanbul,Turkey,23,1.0,,3.0,Hostel,2017,11,0
5358,Istanbul,Turkey,47,1.0,,3.7,Hotel,2017,11,0
5359,Istanbul,Turkey,78,1.0,3.0,4.5,Hotel,2017,11,0
5360,Istanbul,Turkey,40,1.0,,4.5,Hotel,2017,11,0
5361,Istanbul,Turkey,36,1.1,3.0,4.5,Hotel,2017,11,0
5363,Istanbul,Turkey,29,1.1,3.0,3.5,Hotel,2017,11,0
5364,Istanbul,Turkey,39,1.1,,4.1,Hotel,2017,11,0
5365,Istanbul,Turkey,112,1.0,5.0,4.3,Hotel,2017,11,0
5366,Istanbul,Turkey,62,0.9,,4.6,Hotel,2017,11,0
5367,Istanbul,Turkey,35,1.0,3.5,4.3,Hotel,2017,11,0
5368,Istanbul,Turkey,36,1.1,,4.0,Hotel,2017,11,0
5369,Istanbul,Turkey,52,1.0,,4.5,Hotel,2017,11,0
5370,Istanbul,Turkey,63,1.1,1.0,,Hotel,2017,11,0
5371,Istanbul,Turkey,50,1.1,,4.5,Hotel,2017,11,0
5372,Istanbul,Turkey,104,0.9,,4.0,Hotel,2017,11,0
5373,Istanbul,Turkey,75,0.9,4.0,4.3,Hotel,2017,11,0
5374,Istanbul,Turkey,35,0.8,,3.2,Hotel,2017,11,0
5375,Istanbul,Turkey,53,0.7,,4.5,Hotel,2017,11,0
5376,Istanbul,Turkey,36,0.8,3.0,3.7,Hotel,2017,11,0
5377,Istanbul,Turkey,40,0.6,3.5,4.3,Hotel,2017,11,0
5378,Istanbul,Turkey,31,1.1,3.0,4.1,Hotel,2017,11,0
5379,Istanbul,Turkey,49,1.1,,4.0,Hotel,2017,11,0
5380,Istanbul,Turkey,80,0.8,3.0,4.0,Hotel,2017,11,0
5381,Istanbul,Turkey,45,0.8,4.0,4.0,Hotel,2017,11,0
5382,Istanbul,Turkey,55,0.6,,4.3,Hotel,2017,11,0
5383,Istanbul,Turkey,20,0.6,3.0,1.8,Hotel,2017,11,0
5384,Istanbul,Turkey,44,0.8,3.5,3.2,Hotel,2017,11,0
5385,Istanbul,Turkey,41,0.8,3.5,3.5,Hotel,2017,11,0
5386,Istanbul,Turkey,55,0.7,4.0,4.5,Hotel,2017,11,0
5387,Istanbul,Turkey,69,0.7,4.0,3.7,Hotel,2017,11,0
5388,Istanbul,Turkey,20,0.7,,3.5,Hotel,2017,11,0
5390,Istanbul,Turkey,43,0.8,,4.4,Hotel,2017,11,0
5391,Istanbul,Turkey,38,0.7,,4.0,Hotel,2017,11,0
5392,Istanbul,Turkey,29,0.7,3.5,3.5,Hotel,2017,11,0
5393,Istanbul,Turkey,46,0.7,4.0,3.9,Hotel,2017,11,0
5394,Istanbul,Turkey,73,0.7,3.0,4.1,Hotel,2017,11,0
5395,Istanbul,Turkey,45,0.8,3.0,1.0,Apartment,2017,11,0
5396,Istanbul,Turkey,74,0.6,,4.3,Hotel,2017,11,0
5397,Istanbul,Turkey,26,0.7,3.0,3.5,Hotel,2017,11,0
5398,Istanbul,Turkey,31,0.6,,2.9,Hotel,2017,11,0
5399,Istanbul,Turkey,51,0.7,3.0,4.6,Hotel,2017,11,0
5400,Istanbul,Turkey,39,0.6,,4.4,Hotel,2017,11,0
5401,Istanbul,Turkey,44,0.6,,3.5,Hotel,2017,11,0
5402,Istanbul,Turkey,83,0.6,,4.6,Hotel,2017,11,0
5403,Istanbul,Turkey,49,0.6,4.0,3.9,Hotel,2017,11,0
5404,Istanbul,Turkey,41,0.7,,3.5,Hotel,2017,11,0
5405,Istanbul,Turkey,52,0.8,4.0,3.9,Hotel,2017,11,0
5406,Istanbul,Turkey,39,0.8,3.0,3.9,Hotel,2017,11,0
5407,Istanbul,Turkey,51,0.7,3.0,4.1,Hotel,2017,11,0
5408,Istanbul,Turkey,56,1.0,,,Hotel,2017,11,0
5409,Istanbul,Turkey,54,1.0,,4.5,Hotel,2017,11,0
5410,Istanbul,Turkey,67,1.1,,4.5,Hotel,2017,11,0
5411,Istanbul,Turkey,55,1.1,,4.1,Hotel,2017,11,0
5412,Istanbul,Turkey,40,1.0,,4.0,Hotel,2017,11,0
5413,Istanbul,Turkey,33,1.0,3.0,3.9,Hotel,2017,11,0
5414,Istanbul,Turkey,51,1.0,4.0,3.9,Hotel,2017,11,0
5415,Istanbul,Turkey,67,1.0,,,Hotel,2017,11,0
5416,Istanbul,Turkey,48,1.1,,4.5,Hotel,2017,11,0
5417,Istanbul,Turkey,38,1.0,,4.5,Hotel,2017,11,0
5418,Istanbul,Turkey,48,1.1,,4.5,Hotel,2017,11,0
5419,Istanbul,Turkey,52,1.0,4.0,4.5,Hotel,2017,11,0
5420,Istanbul,Turkey,40,1.1,,3.9,Hotel,2017,11,0
5422,Istanbul,Turkey,44,1.0,3.5,4.0,Hotel,2017,11,0
5423,Istanbul,Turkey,39,1.0,4.0,3.4,Hotel,2017,11,0
5425,Istanbul,Turkey,29,1.1,,3.0,Hotel,2017,11,0
5426,Istanbul,Turkey,29,1.1,,3.4,Hotel,2017,11,0
5427,Istanbul,Turkey,29,1.0,,5.0,Hostel,2017,11,0
5428,Istanbul,Turkey,27,1.1,3.0,4.3,Hotel,2017,11,0
5429,Istanbul,Turkey,149,1.0,4.0,4.5,Hotel,2017,11,0
5430,Istanbul,Turkey,31,1.1,2.0,3.7,Bed and breakfast,2017,11,0
5431,Istanbul,Turkey,43,1.1,,4.3,Apartment,2017,11,0
5432,Istanbul,Turkey,15,1.0,,3.9,Hostel,2017,11,0
5433,Istanbul,Turkey,30,1.0,,2.4,Hotel,2017,11,0
5434,Istanbul,Turkey,34,1.0,4.0,2.5,Hotel,2017,11,0
5435,Istanbul,Turkey,34,0.9,,3.5,Hotel,2017,11,0
5436,Istanbul,Turkey,41,1.0,3.0,3.4,Hotel,2017,11,0
5437,Istanbul,Turkey,45,0.8,4.0,3.4,Guest House,2017,11,0
5438,Istanbul,Turkey,34,0.8,3.0,4.0,Apartment,2017,11,0
5439,Istanbul,Turkey,96,0.8,,5.0,Apartment,2017,11,0
5440,Istanbul,Turkey,72,0.6,4.0,3.7,Hotel,2017,11,0
5441,Istanbul,Turkey,41,0.7,,3.2,Hotel,2017,11,0
5442,Istanbul,Turkey,107,0.7,5.0,4.1,Hotel,2017,11,0
5443,Istanbul,Turkey,46,0.8,3.0,3.0,Hotel,2017,11,0
5444,Istanbul,Turkey,31,0.8,3.0,3.7,Hotel,2017,11,0
5445,Istanbul,Turkey,24,0.7,,1.7,Hotel,2017,11,0
5446,Istanbul,Turkey,38,0.8,3.0,4.0,Hotel,2017,11,0
5447,Istanbul,Turkey,109,0.7,5.0,4.1,Hotel,2017,11,0
5448,Istanbul,Turkey,30,0.7,,2.7,Hotel,2017,11,0
5449,Istanbul,Turkey,59,0.7,4.0,4.5,Hotel,2017,11,0
5450,Istanbul,Turkey,45,0.5,,3.5,Hotel,2017,11,0
5451,Istanbul,Turkey,55,0.6,,4.0,Hotel,2017,11,0
5452,Istanbul,Turkey,29,0.5,,,Apart-hotel,2017,11,0
5453,Istanbul,Turkey,50,0.6,,4.3,Guest House,2017,11,0
5454,Istanbul,Turkey,165,0.6,5.0,4.9,Hotel,2017,11,0
5455,Istanbul,Turkey,27,0.6,,4.1,Apartment,2017,11,0
5456,Istanbul,Turkey,25,0.6,,3.0,Hotel,2017,11,0
5457,Istanbul,Turkey,30,0.6,3.5,2.7,Hotel,2017,11,0
5458,Istanbul,Turkey,23,0.6,,2.7,Hotel,2017,11,0
5460,Istanbul,Turkey,27,0.6,3.5,3.4,Hotel,2017,11,0
5461,Istanbul,Turkey,33,0.6,,3.9,Apartment,2017,11,0
5462,Istanbul,Turkey,213,0.6,,3.0,Apartment,2017,11,0
5464,Istanbul,Turkey,31,0.6,,2.9,Guest House,2017,11,0
5465,Istanbul,Turkey,171,0.6,3.0,2.9,Hotel,2017,11,0
5466,Istanbul,Turkey,32,0.6,3.0,2.9,Hotel,2017,11,0
5467,Istanbul,Turkey,29,0.6,,3.4,Hotel,2017,11,0
5468,Istanbul,Turkey,61,1.1,3.5,3.9,Hotel,2017,11,0
5469,Istanbul,Turkey,46,1.1,3.5,4.5,Hotel,2017,11,0
5470,Istanbul,Turkey,40,0.7,4.0,3.7,Apartment,2017,11,0
5471,Istanbul,Turkey,26,0.7,,2.0,Apart-hotel,2017,11,0
5472,Istanbul,Turkey,34,0.7,4.0,3.5,Hotel,2017,11,0
5473,Istanbul,Turkey,44,0.8,3.5,2.7,Hotel,2017,11,0
5474,Istanbul,Turkey,72,0.7,,4.9,Hotel,2017,11,0
5475,Istanbul,Turkey,29,0.7,3.0,3.5,Hotel,2017,11,0
5476,Istanbul,Turkey,69,1.2,4.0,4.4,Hotel,2017,11,0
5477,Istanbul,Turkey,80,1.2,4.0,4.0,Hotel,2017,11,0
5478,Istanbul,Turkey,55,0.6,3.0,4.4,Hotel,2017,11,0
5479,Istanbul,Turkey,47,0.7,,2.9,Hotel,2017,11,0
5481,Istanbul,Turkey,54,1.0,4.0,4.0,Apartment,2017,11,0
5483,Istanbul,Turkey,26,0.9,,2.2,Hotel,2017,11,0
5484,Istanbul,Turkey,37,0.9,3.0,3.5,Hotel,2017,11,0
5485,Istanbul,Turkey,35,1.0,3.0,3.9,Hotel,2017,11,0
5486,Istanbul,Turkey,75,0.9,3.5,4.4,Hotel,2017,11,0
5487,Istanbul,Turkey,40,0.9,3.0,2.5,Hotel,2017,11,0
5488,Istanbul,Turkey,54,0.8,4.0,3.7,Hotel,2017,11,0
5489,Istanbul,Turkey,25,0.9,,2.2,Bed and breakfast,2017,11,0
5490,Istanbul,Turkey,25,0.8,,2.5,Hotel,2017,11,0
5491,Istanbul,Turkey,35,0.9,3.0,3.5,Hotel,2017,11,0
5492,Istanbul,Turkey,31,0.8,,4.0,Apartment,2017,11,0
5493,Istanbul,Turkey,38,0.8,,4.0,Hotel,2017,11,0
5495,Istanbul,Turkey,348,0.8,2.0,3.5,Hotel,2017,11,0
5496,Istanbul,Turkey,47,0.9,,,Guest House,2017,11,0
5498,Istanbul,Turkey,52,0.8,,4.4,Hotel,2017,11,0
5499,Istanbul,Turkey,40,0.9,,4.5,Hotel,2017,11,0
5500,Istanbul,Turkey,31,0.9,3.0,4.0,Hotel,2017,11,0
5501,Istanbul,Turkey,32,0.8,3.0,4.6,Hotel,2017,11,0
5502,Istanbul,Turkey,29,0.8,,2.7,Hotel,2017,11,0
5503,Istanbul,Turkey,30,0.8,3.0,3.7,Apart-hotel,2017,11,0
5504,Istanbul,Turkey,37,0.8,3.5,4.5,Hotel,2017,11,0
5505,Istanbul,Turkey,54,0.8,3.0,3.5,Hotel,2017,11,0
5506,Istanbul,Turkey,28,0.7,3.5,4.0,Hotel,2017,11,0
5507,Istanbul,Turkey,73,0.9,,4.8,Hotel,2017,11,0
5508,Istanbul,Turkey,22,0.9,,3.0,Hotel,2017,11,0
5509,Istanbul,Turkey,48,0.9,3.5,4.1,Hotel,2017,11,0
5510,Istanbul,Turkey,31,0.7,,4.5,Hotel,2017,11,0
5511,Istanbul,Turkey,29,0.8,,3.0,Hotel,2017,11,0
5512,Istanbul,Turkey,38,0.9,4.0,4.4,Hotel,2017,11,0
5513,Istanbul,Turkey,95,1.0,4.0,4.6,Hotel,2017,11,0
5514,Istanbul,Turkey,80,0.9,5.0,4.1,Hotel,2017,11,0
5515,Istanbul,Turkey,55,0.9,3.0,4.5,Hotel,2017,11,0
5517,Istanbul,Turkey,45,0.9,,2.5,Hotel,2017,11,0
5518,Istanbul,Turkey,32,1.0,3.0,4.1,Hotel,2017,11,0
5519,Istanbul,Turkey,32,0.9,,4.4,Hotel,2017,11,0
5520,Istanbul,Turkey,39,0.9,4.0,3.2,Hotel,2017,11,0
5521,Istanbul,Turkey,29,1.0,,1.5,Hotel,2017,11,0
5522,Istanbul,Turkey,84,0.7,,3.7,Hotel,2017,11,0
5523,Istanbul,Turkey,68,0.8,,4.0,Hotel,2017,11,0
5524,Istanbul,Turkey,34,0.9,,,Hotel,2017,11,0
5525,Istanbul,Turkey,81,0.8,,,Apartment,2017,11,0
5526,Istanbul,Turkey,43,0.8,,4.0,Hotel,2017,11,0
5527,Istanbul,Turkey,49,0.9,,4.0,Hotel,2017,11,0
5528,Istanbul,Turkey,53,0.8,,3.4,Hotel,2017,11,0
5529,Istanbul,Turkey,24,0.7,3.5,3.0,Hotel,2017,11,0
5530,Istanbul,Turkey,52,0.7,4.0,3.5,Apartment,2017,11,0
5531,Istanbul,Turkey,33,0.8,3.5,4.1,Hotel,2017,11,0
5532,Istanbul,Turkey,29,0.8,3.0,2.2,Hotel,2017,11,0
5533,Istanbul,Turkey,49,0.8,,4.4,Hotel,2017,11,0
5534,Istanbul,Turkey,33,0.8,,3.0,Apartment,2017,11,0
5535,Istanbul,Turkey,94,1.0,,4.6,Hotel,2017,11,0
5536,Istanbul,Turkey,52,1.0,,4.6,Hotel,2017,11,0
5537,Istanbul,Turkey,93,0.9,,4.3,Hotel,2017,11,0
5538,Istanbul,Turkey,29,1.0,2.0,3.5,Hotel,2017,11,0
5539,Istanbul,Turkey,18,1.0,2.0,4.0,Hostel,2017,11,0
5540,Istanbul,Turkey,49,0.8,,4.1,Hotel,2017,11,0
5541,Istanbul,Turkey,92,1.0,3.0,3.0,Hotel,2017,11,0
5542,Istanbul,Turkey,37,1.0,,4.0,Hotel,2017,11,0
5543,Istanbul,Turkey,55,0.8,,,Hotel,2017,11,0
5544,Istanbul,Turkey,23,0.9,3.0,3.0,Bed and breakfast,2017,11,0
5546,Istanbul,Turkey,36,0.9,3.5,3.7,Hotel,2017,11,0
5547,Istanbul,Turkey,23,1.0,2.0,3.7,Bed and breakfast,2017,11,0
5548,Istanbul,Turkey,40,0.9,,3.9,Hotel,2017,11,0
5549,Istanbul,Turkey,33,0.9,3.0,4.0,Hotel,2017,11,0
5550,Istanbul,Turkey,44,0.9,,2.5,Hotel,2017,11,0
5551,Istanbul,Turkey,33,0.8,2.0,3.5,Hotel,2017,11,0
5552,Istanbul,Turkey,79,0.8,,4.8,Hotel,2017,11,0
5553,Istanbul,Turkey,41,0.9,3.0,2.7,Hotel,2017,11,0
5554,Istanbul,Turkey,41,0.9,,4.0,Hostel,2017,11,0
5555,Istanbul,Turkey,34,0.8,3.5,3.5,Hotel,2017,11,0
5556,Istanbul,Turkey,232,0.8,,4.5,Hotel,2017,11,0
5558,Istanbul,Turkey,44,1.0,4.0,3.7,Hotel,2017,11,0
5559,Istanbul,Turkey,35,0.9,3.0,3.9,Hotel,2017,11,0
5560,Istanbul,Turkey,28,0.9,,3.7,Hotel,2017,11,0
5562,Istanbul,Turkey,46,1.0,3.0,4.6,Hotel,2017,11,0
5563,Istanbul,Turkey,31,0.9,3.0,2.2,Hotel,2017,11,0
5565,Istanbul,Turkey,56,1.1,3.5,3.5,Hotel,2017,11,0
5566,Istanbul,Turkey,61,1.1,4.0,4.4,Hotel,2017,11,0
5567,Istanbul,Turkey,82,1.0,,4.8,Hotel,2017,11,0
5568,Istanbul,Turkey,39,1.1,,3.5,Hotel,2017,11,0
5569,Istanbul,Turkey,43,1.1,,4.0,Hotel,2017,11,0
5570,Istanbul,Turkey,56,1.1,3.5,4.5,Hotel,2017,11,0
5571,Istanbul,Turkey,52,1.1,,3.9,Hotel,2017,11,0
5572,Istanbul,Turkey,47,1.1,,3.7,Hotel,2017,11,0
5573,Istanbul,Turkey,48,1.1,3.5,4.0,Hotel,2017,11,0
5574,Istanbul,Turkey,27,1.0,,4.0,Hostel,2017,11,0
5575,Istanbul,Turkey,56,1.1,,4.1,Hotel,2017,11,0
5576,Istanbul,Turkey,34,0.9,,4.0,Hotel,2017,11,0
5577,Istanbul,Turkey,25,1.1,3.0,4.0,Hotel,2017,11,0
5578,Istanbul,Turkey,126,1.1,,3.5,Hotel,2017,11,0
5579,Istanbul,Turkey,47,0.7,,2.0,Hotel,2017,11,0
5580,Istanbul,Turkey,75,0.7,3.5,4.8,Hotel,2017,11,0
5581,Istanbul,Turkey,29,0.6,,3.5,Hotel,2017,11,0
5582,Istanbul,Turkey,62,0.6,4.0,4.0,Hotel,2017,11,0
5583,Istanbul,Turkey,113,0.6,4.0,4.4,Hotel,2017,11,0
5584,Istanbul,Turkey,56,0.6,4.0,3.4,Hotel,2017,11,0
5585,Istanbul,Turkey,52,0.6,3.5,4.1,Hotel,2017,11,0
5586,Istanbul,Turkey,55,0.7,4.0,4.0,Hotel,2017,11,0
5587,Istanbul,Turkey,116,0.6,4.0,4.0,Hotel,2017,11,0
5588,Istanbul,Turkey,33,0.6,2.0,2.7,Hotel,2017,11,0
5589,Istanbul,Turkey,30,0.6,3.0,3.7,Hotel,2017,11,0
5590,Istanbul,Turkey,44,0.6,3.0,3.5,Hotel,2017,11,0
5591,Istanbul,Turkey,52,0.6,,4.0,Hotel,2017,11,0
5592,Istanbul,Turkey,28,0.8,,3.2,Hotel,2017,11,0
5593,Istanbul,Turkey,32,0.8,3.5,3.0,Apartment,2017,11,0
5594,Istanbul,Turkey,172,0.8,3.0,4.9,Hotel,2017,11,0
5595,Istanbul,Turkey,29,0.8,,3.5,Hotel,2017,11,0
5596,Istanbul,Turkey,58,0.7,,3.2,Hotel,2017,11,0
5597,Istanbul,Turkey,52,1.0,4.0,3.7,Hotel,2017,11,0
5598,Istanbul,Turkey,40,1.1,4.0,3.9,Hotel,2017,11,0
5599,Istanbul,Turkey,56,1.0,,3.2,Apart-hotel,2017,11,0
5600,Istanbul,Turkey,45,1.1,4.0,4.0,Hotel,2017,11,0
5601,Istanbul,Turkey,46,1.1,,3.5,Bed and breakfast,2017,11,0
5602,Istanbul,Turkey,108,1.1,,,Hotel,2017,11,0
5603,Istanbul,Turkey,42,1.0,,4.4,Hotel,2017,11,0
5604,Istanbul,Turkey,71,1.0,,4.8,Hotel,2017,11,0
5605,Istanbul,Turkey,32,1.1,,3.0,Apart-hotel,2017,11,0
5606,Istanbul,Turkey,50,0.9,,4.9,Hotel,2017,11,0
5607,Istanbul,Turkey,52,1.1,,,Apart-hotel,2017,11,0
5608,Istanbul,Turkey,16,1.1,,4.0,Hostel,2017,11,0
5609,Istanbul,Turkey,43,1.0,,4.3,Bed and breakfast,2017,11,0
5611,Istanbul,Turkey,65,1.0,4.0,4.1,Hotel,2017,11,0
5613,Istanbul,Turkey,29,0.6,3.0,2.7,Hotel,2017,11,0
5614,Istanbul,Turkey,121,0.9,,,Apartment,2017,11,0
5615,Istanbul,Turkey,292,0.9,,1.0,Hotel,2017,11,0
5616,Istanbul,Turkey,80,0.8,,4.6,Hotel,2017,11,0
5617,Istanbul,Turkey,41,1.0,,4.0,Hotel,2017,11,0
5618,Istanbul,Turkey,33,1.0,3.0,4.0,Guest House,2017,11,0
5619,Istanbul,Turkey,313,1.0,5.0,4.9,Hotel,2017,11,0
5620,Istanbul,Turkey,73,0.7,3.5,4.3,Hotel,2017,11,0
5621,Istanbul,Turkey,41,1.0,2.0,3.9,Hotel,2017,11,0
5622,Istanbul,Turkey,38,0.8,,4.4,Hotel,2017,11,0
5623,Istanbul,Turkey,53,1.0,4.0,3.5,Hotel,2017,11,0
5624,Istanbul,Turkey,61,1.0,4.0,4.3,Hotel,2017,11,0
5625,Istanbul,Turkey,51,1.1,,4.0,Hotel,2017,11,0
5626,Istanbul,Turkey,29,0.6,,4.3,Hotel,2017,11,0
5627,Istanbul,Turkey,26,1.0,,3.9,Apart-hotel,2017,11,0
5628,Istanbul,Turkey,25,0.7,,4.0,Bed and breakfast,2017,11,0
5629,Istanbul,Turkey,36,2.4,,3.2,Apartment,2017,11,0
5630,Istanbul,Turkey,75,2.1,4.0,4.0,Hotel,2017,11,0
5631,Istanbul,Turkey,43,2.2,4.0,3.7,Hotel,2017,11,0
5632,Istanbul,Turkey,32,1.8,,,Hotel,2017,11,0
5633,Istanbul,Turkey,69,1.6,3.0,3.2,Hotel,2017,11,0
5634,Istanbul,Turkey,40,1.8,,2.9,Apart-hotel,2017,11,0
5635,Istanbul,Turkey,112,2.2,5.0,4.5,Hotel,2017,11,0
5636,Istanbul,Turkey,135,2.2,5.0,4.4,Hotel,2017,11,0
5637,Istanbul,Turkey,58,1.8,3.0,4.0,Hotel,2017,11,0
5638,Istanbul,Turkey,35,1.8,,2.7,Hotel,2017,11,0
5639,Istanbul,Turkey,106,1.6,4.0,4.6,Bed and breakfast,2017,11,0
5640,Istanbul,Turkey,45,1.7,3.5,3.5,Hotel,2017,11,0
5641,Istanbul,Turkey,44,1.8,,,Hotel,2017,11,0
5642,Istanbul,Turkey,126,1.4,5.0,4.8,Hotel,2017,11,0
5643,Istanbul,Turkey,41,2.0,4.0,3.7,Guest House,2017,11,0
5644,Istanbul,Turkey,31,2.0,,2.2,Apart-hotel,2017,11,0
5645,Istanbul,Turkey,83,1.9,,3.0,Hotel,2017,11,0
5646,Istanbul,Turkey,32,1.9,,3.2,Apartment,2017,11,0
5649,Istanbul,Turkey,58,1.9,3.0,3.5,Hotel,2017,11,0
5650,Istanbul,Turkey,55,1.8,,4.3,Hotel,2017,11,0
5651,Istanbul,Turkey,56,1.9,,3.5,Hotel,2017,11,0
5652,Istanbul,Turkey,19,1.8,2.0,3.7,Hostel,2017,11,0
5653,Istanbul,Turkey,74,1.8,,,Apartment,2017,11,0
5654,Istanbul,Turkey,32,1.8,,2.4,Hotel,2017,11,0
5655,Istanbul,Turkey,98,1.5,,4.0,Apartment,2017,11,0
5656,Istanbul,Turkey,70,2.3,4.0,3.7,Hotel,2017,11,0
5657,Istanbul,Turkey,174,2.5,5.0,4.3,Hotel,2017,11,0
5658,Istanbul,Turkey,47,2.4,,2.5,Hotel,2017,11,0
5660,Istanbul,Turkey,91,2.2,,4.3,Apartment,2017,11,0
5662,Istanbul,Turkey,75,2.3,,3.5,Hotel,2017,11,0
5664,Istanbul,Turkey,40,2.3,,3.0,Apart-hotel,2017,11,0
5665,Istanbul,Turkey,92,2.3,,4.0,Apart-hotel,2017,11,0
5666,Istanbul,Turkey,29,1.5,,3.4,Hostel,2017,11,0
5667,Istanbul,Turkey,56,2.4,,3.2,Hotel,2017,11,0
5668,Istanbul,Turkey,39,2.3,,3.0,Apartment,2017,11,0
5669,Istanbul,Turkey,46,2.3,,4.0,Hotel,2017,11,0
5670,Istanbul,Turkey,52,2.3,4.0,3.5,Hotel,2017,11,0
5671,Istanbul,Turkey,52,2.1,,4.3,Hotel,2017,11,0
5672,Istanbul,Turkey,48,2.0,,3.5,Apart-hotel,2017,11,0
5673,Istanbul,Turkey,44,2.1,,4.4,Hotel,2017,11,0
5674,Istanbul,Turkey,78,1.8,4.0,3.5,Hotel,2017,11,0
5675,Istanbul,Turkey,66,1.5,,4.5,Apartment,2017,11,0
5676,Istanbul,Turkey,56,1.4,,,Hotel,2017,11,0
5677,Istanbul,Turkey,83,1.5,,4.4,Hotel,2017,11,0
5678,Istanbul,Turkey,66,1.5,,,Apart-hotel,2017,11,0
5679,Istanbul,Turkey,12,1.5,,3.4,Hostel,2017,11,0
5680,Istanbul,Turkey,106,1.5,,4.5,Hostel,2017,11,0
5681,Istanbul,Turkey,88,1.5,,5.0,Apart-hotel,2017,11,0
5682,Istanbul,Turkey,79,1.9,,4.5,Apartment,2017,11,0
5683,Istanbul,Turkey,92,1.9,,3.2,Hotel,2017,11,0
5684,Istanbul,Turkey,182,2.0,5.0,4.3,Hotel,2017,11,0
5685,Istanbul,Turkey,66,2.0,,3.7,Apartment,2017,11,0
5686,Istanbul,Turkey,102,1.7,,4.4,Hotel,2017,11,0
5687,Istanbul,Turkey,44,1.8,,1.0,Hotel,2017,11,0
5688,Istanbul,Turkey,141,2.3,5.0,4.5,Hotel,2017,11,0
5689,Istanbul,Turkey,84,1.5,,,Hotel,2017,11,0
5690,Istanbul,Turkey,27,1.7,3.0,2.9,Hotel,2017,11,0
5691,Istanbul,Turkey,30,1.7,4.0,2.2,Hotel,2017,11,0
5692,Istanbul,Turkey,41,1.7,3.0,4.1,Hotel,2017,11,0
5693,Istanbul,Turkey,26,1.8,,2.0,Hostel,2017,11,0
5694,Istanbul,Turkey,44,1.7,,3.0,Apart-hotel,2017,11,0
5695,Istanbul,Turkey,38,1.7,,3.0,Hotel,2017,11,0
5697,Istanbul,Turkey,27,1.7,,3.7,Hotel,2017,11,0
5698,Istanbul,Turkey,31,1.7,,1.0,Hotel,2017,11,0
5699,Istanbul,Turkey,39,1.7,3.0,2.9,Hotel,2017,11,0
5700,Istanbul,Turkey,47,1.7,,3.5,Hotel,2017,11,0
5701,Istanbul,Turkey,39,1.7,,4.0,Hotel,2017,11,0
5702,Istanbul,Turkey,29,1.7,,3.2,Apartment,2017,11,0
5703,Istanbul,Turkey,44,1.7,,2.7,Hotel,2017,11,0
5704,Istanbul,Turkey,284,1.7,3.5,1.0,Apart-hotel,2017,11,0
5705,Istanbul,Turkey,43,1.7,4.0,3.4,Bed and breakfast,2017,11,0
5706,Istanbul,Turkey,44,1.6,3.0,2.5,Hotel,2017,11,0
5707,Istanbul,Turkey,42,1.8,,,Hotel,2017,11,0
5710,Istanbul,Turkey,20,2.3,,4.0,Hostel,2017,11,0
5711,Istanbul,Turkey,35,2.3,,3.5,Hotel,2017,11,0
5713,Istanbul,Turkey,77,2.5,,3.5,Hotel,2017,11,0
5714,Istanbul,Turkey,64,2.3,,4.3,Hotel,2017,11,0
5715,Istanbul,Turkey,52,2.3,,3.0,Hotel,2017,11,0
5716,Istanbul,Turkey,49,2.5,,,Apart-hotel,2017,11,0
5717,Istanbul,Turkey,80,2.3,,4.0,Apart-hotel,2017,11,0
5718,Istanbul,Turkey,55,2.4,,,Apart-hotel,2017,11,0
5719,Istanbul,Turkey,33,1.8,2.0,2.7,Hotel,2017,11,0
5720,Istanbul,Turkey,62,1.8,,2.4,Hotel,2017,11,0
5721,Istanbul,Turkey,56,1.9,,3.2,Apartment,2017,11,0
5722,Istanbul,Turkey,36,1.8,,3.7,Hotel,2017,11,0
5723,Istanbul,Turkey,51,1.8,,3.7,Hotel,2017,11,0
5724,Istanbul,Turkey,37,1.9,,1.0,Hotel,2017,11,0
5725,Istanbul,Turkey,41,1.8,,4.5,Apart-hotel,2017,11,0
5726,Istanbul,Turkey,66,1.9,4.0,3.7,Hotel,2017,11,0
5728,Istanbul,Turkey,30,1.7,,2.2,Apart-hotel,2017,11,0
5729,Istanbul,Turkey,97,1.7,,4.0,Hotel,2017,11,0
5730,Istanbul,Turkey,38,1.6,,4.3,Hotel,2017,11,0
5731,Istanbul,Turkey,63,1.6,,5.0,Apartment,2017,11,0
5732,Istanbul,Turkey,67,1.6,3.0,4.8,Hotel,2017,11,0
5733,Istanbul,Turkey,29,1.7,,3.2,Hotel,2017,11,0
5734,Istanbul,Turkey,84,1.7,,,Hotel,2017,11,0
5735,Istanbul,Turkey,116,1.7,,5.0,Apart-hotel,2017,11,0
5736,Istanbul,Turkey,44,1.6,,,Hotel,2017,11,0
5737,Istanbul,Turkey,174,1.9,,2.2,Bed and breakfast,2017,11,0
5738,Istanbul,Turkey,42,1.8,,3.4,Hotel,2017,11,0
5739,Istanbul,Turkey,56,1.7,4.0,2.0,Hotel,2017,11,0
5740,Istanbul,Turkey,33,1.8,,2.2,Hotel,2017,11,0
5741,Istanbul,Turkey,24,1.8,,3.0,Hostel,2017,11,0
5742,Istanbul,Turkey,45,1.7,,1.0,Hotel,2017,11,0
5743,Istanbul,Turkey,49,1.7,,4.4,Hotel,2017,11,0
5744,Istanbul,Turkey,36,1.7,,2.9,Hotel,2017,11,0
5745,Istanbul,Turkey,54,1.7,,3.5,Hotel,2017,11,0
5746,Istanbul,Turkey,68,1.8,,3.5,Hotel,2017,11,0
5747,Istanbul,Turkey,43,1.8,,3.5,Hotel,2017,11,0
5748,Istanbul,Turkey,52,1.7,,4.6,Hotel,2017,11,0
5749,Istanbul,Turkey,72,1.8,,,Hotel,2017,11,0
5750,Istanbul,Turkey,39,1.8,,4.0,Hotel,2017,11,0
5751,Istanbul,Turkey,33,1.8,,3.5,Hotel,2017,11,0
5752,Istanbul,Turkey,522,1.7,,,Apartment,2017,11,0
5753,Istanbul,Turkey,43,2.1,,3.0,Apartment,2017,11,0
5754,Istanbul,Turkey,62,2.0,,4.0,Hotel,2017,11,0
5755,Istanbul,Turkey,52,2.1,,4.1,Apart-hotel,2017,11,0
5756,Istanbul,Turkey,83,1.8,,5.0,Hotel,2017,11,0
5757,Istanbul,Turkey,36,2.0,,2.7,Apart-hotel,2017,11,0
5759,Istanbul,Turkey,40,2.0,,3.2,Hotel,2017,11,0
5760,Istanbul,Turkey,41,2.1,4.0,4.6,Hotel,2017,11,0
5761,Istanbul,Turkey,21,2.0,,4.0,Bed and breakfast,2017,11,0
5762,Istanbul,Turkey,35,2.1,,4.5,Hotel,2017,11,0
5763,Istanbul,Turkey,60,2.0,,,Apart-hotel,2017,11,0
5764,Istanbul,Turkey,58,2.1,,4.4,Hotel,2017,11,0
5765,Istanbul,Turkey,34,2.1,,4.0,Hotel,2017,11,0
5766,Istanbul,Turkey,81,2.2,,3.5,Apart-hotel,2017,11,0
5767,Istanbul,Turkey,98,2.0,,3.5,Hotel,2017,11,0
5768,Istanbul,Turkey,31,2.0,,1.0,Apart-hotel,2017,11,0
5769,Istanbul,Turkey,46,2.1,,4.3,Apart-hotel,2017,11,0
5770,Istanbul,Turkey,61,2.1,3.0,,Apartment,2017,11,0
5771,Istanbul,Turkey,68,2.1,,3.7,Hotel,2017,11,0
5773,Istanbul,Turkey,46,1.5,,3.9,Apartment,2017,11,0
5774,Istanbul,Turkey,56,1.7,4.0,4.1,Hotel,2017,11,0
5775,Istanbul,Turkey,52,1.7,3.0,4.4,Hotel,2017,11,0
5776,Istanbul,Turkey,47,1.7,,4.4,Bed and breakfast,2017,11,0
5777,Istanbul,Turkey,77,1.6,,4.0,Hotel,2017,11,0
5778,Istanbul,Turkey,55,1.6,4.0,3.7,Hotel,2017,11,0
5779,Istanbul,Turkey,85,1.7,,4.6,Hotel,2017,11,0
5780,Istanbul,Turkey,45,1.7,,3.2,Hotel,2017,11,0
5781,Istanbul,Turkey,61,1.6,,,Apartment,2017,11,0
5782,Istanbul,Turkey,49,1.7,,1.5,Apart-hotel,2017,11,0
5783,Istanbul,Turkey,44,1.7,,4.3,Hotel,2017,11,0
5784,Istanbul,Turkey,77,1.6,,4.3,Hotel,2017,11,0
5785,Istanbul,Turkey,26,1.8,2.0,4.0,Hostel,2017,11,0
5787,Istanbul,Turkey,57,1.6,,4.0,Hotel,2017,11,0
5788,Istanbul,Turkey,88,1.1,5.0,3.7,Hotel,2017,11,0
5789,Istanbul,Turkey,110,2.2,5.0,4.4,Hotel,2017,11,0
5790,Istanbul,Turkey,114,2.2,4.0,4.1,Hotel,2017,11,0
5791,Istanbul,Turkey,43,1.8,,5.0,Hotel,2017,11,0
5792,Istanbul,Turkey,25,2.0,,3.0,Apartment,2017,11,0
5793,Istanbul,Turkey,69,2.2,4.0,4.4,Hotel,2017,11,0
5796,Istanbul,Turkey,58,2.0,4.0,4.0,Hotel,2017,11,0
5797,Istanbul,Turkey,25,2.4,2.0,4.1,Hostel,2017,11,0
5798,Istanbul,Turkey,87,2.2,4.0,3.7,Hotel,2017,11,0
5799,Istanbul,Turkey,33,1.7,,3.4,Vacation home Condo,2017,11,0
5800,Istanbul,Turkey,67,1.9,4.0,2.2,Hotel,2017,11,0
5801,Istanbul,Turkey,41,1.9,,3.2,Apart-hotel,2017,11,0
5802,Istanbul,Turkey,208,1.9,,,Vacation home Condo,2017,11,0
5803,Istanbul,Turkey,31,1.8,,2.4,Hotel,2017,11,0
5804,Istanbul,Turkey,24,1.9,3.0,2.0,Apart-hotel,2017,11,0
5805,Istanbul,Turkey,85,1.9,,3.9,Apartment,2017,11,0
5806,Istanbul,Turkey,41,1.9,3.0,4.0,Hotel,2017,11,0
5807,Istanbul,Turkey,43,2.0,,2.2,Hotel,2017,11,0
5808,Istanbul,Turkey,103,1.8,,4.4,Apartment,2017,11,0
5809,Istanbul,Turkey,45,1.9,3.5,3.9,Hotel,2017,11,0
5810,Istanbul,Turkey,35,1.9,,1.0,Apartment,2017,11,0
5811,Istanbul,Turkey,32,1.9,,1.0,Apart-hotel,2017,11,0
5813,Istanbul,Turkey,36,1.9,3.0,3.2,Apartment,2017,11,0
5814,Istanbul,Turkey,43,1.8,3.5,3.5,Apart-hotel,2017,11,0
5815,Istanbul,Turkey,31,1.9,,3.2,Hotel,2017,11,0
5816,Istanbul,Turkey,51,2.0,3.0,4.0,Hotel,2017,11,0
5817,Istanbul,Turkey,33,2.0,,3.0,Hotel,2017,11,0
5818,Istanbul,Turkey,37,1.8,,,Hotel,2017,11,0
5819,Istanbul,Turkey,34,2.0,,3.5,Hotel,2017,11,0
5820,Istanbul,Turkey,45,1.9,3.5,3.2,Apartment,2017,11,0
5821,Istanbul,Turkey,56,1.9,4.0,3.5,Hotel,2017,11,0
5822,Istanbul,Turkey,116,1.8,4.0,2.5,Hotel,2017,11,0
5823,Istanbul,Turkey,52,1.8,3.5,4.0,Hotel,2017,11,0
5824,Istanbul,Turkey,40,1.9,3.0,2.9,Hotel,2017,11,0
5825,Istanbul,Turkey,66,2.0,4.0,3.2,Hotel,2017,11,0
5826,Istanbul,Turkey,59,1.9,4.0,2.9,Hotel,2017,11,0
5827,Istanbul,Turkey,99,1.9,4.0,3.4,Hotel,2017,11,0
5828,Istanbul,Turkey,65,1.1,5.0,3.7,Apart-hotel,2017,11,0
5829,Istanbul,Turkey,36,1.8,,2.2,Hotel,2017,11,0
5830,Istanbul,Turkey,38,1.8,,2.0,Hotel,2017,11,0
5832,Istanbul,Turkey,235,2.4,5.0,4.5,Hotel,2017,11,0
5833,Istanbul,Turkey,47,1.8,,2.7,Hotel,2017,11,0
5834,Istanbul,Turkey,61,2.0,,3.4,Hotel,2017,11,0
5835,Istanbul,Turkey,60,2.1,4.0,3.7,Hotel,2017,11,0
5836,Istanbul,Turkey,40,2.0,,4.0,Hotel,2017,11,0
5837,Istanbul,Turkey,57,2.1,,,Hotel,2017,11,0
5838,Istanbul,Turkey,58,2.1,,4.1,Hotel,2017,11,0
5839,Istanbul,Turkey,56,2.1,,1.0,Apartment,2017,11,0
5840,Istanbul,Turkey,39,2.0,3.5,2.0,Apart-hotel,2017,11,0
5841,Istanbul,Turkey,43,1.9,,3.2,Hotel,2017,11,0
5842,Istanbul,Turkey,199,2.0,5.0,4.3,Hotel,2017,11,0
5843,Istanbul,Turkey,68,1.9,4.0,3.4,Hotel,2017,11,0
5844,Istanbul,Turkey,41,1.7,,2.0,Hotel,2017,11,0
5845,Istanbul,Turkey,33,1.5,,3.2,Apartment,2017,11,0
5847,Istanbul,Turkey,32,1.5,,3.2,Hotel,2017,11,0
5848,Istanbul,Turkey,29,1.9,,2.7,Apart-hotel,2017,11,0
5849,Istanbul,Turkey,68,2.0,,2.0,Apartment,2017,11,0
5850,Istanbul,Turkey,42,2.0,,4.0,Hotel,2017,11,0
5851,Istanbul,Turkey,33,1.9,,4.0,Apart-hotel,2017,11,0
5852,Istanbul,Turkey,26,2.0,,3.0,Apartment,2017,11,0
5853,Istanbul,Turkey,100,1.6,4.0,4.3,Hotel,2017,11,0
5854,Istanbul,Turkey,34,1.6,,2.5,Hotel,2017,11,0
5856,Istanbul,Turkey,60,1.5,,4.3,Hotel,2017,11,0
5857,Istanbul,Turkey,41,2.0,3.0,2.7,Hotel,2017,11,0
5858,Istanbul,Turkey,287,1.8,,5.0,Apart-hotel,2017,11,0
5859,Istanbul,Turkey,32,2.0,,2.0,Apart-hotel,2017,11,0
5860,Istanbul,Turkey,68,2.1,3.0,3.2,Hotel,2017,11,0
5861,Istanbul,Turkey,103,2.1,,5.0,Hotel,2017,11,0
5862,Istanbul,Turkey,68,2.1,,3.7,Hotel,2017,11,0
5863,Istanbul,Turkey,32,2.2,,2.7,Hotel,2017,11,0
5864,Istanbul,Turkey,28,1.9,,3.9,Hotel,2017,11,0
5865,Istanbul,Turkey,70,1.6,,4.5,Hotel,2017,11,0
5866,Istanbul,Turkey,37,1.7,3.0,3.5,Hotel,2017,11,0
5867,Istanbul,Turkey,62,1.9,,1.3,Hotel,2017,11,0
5868,Istanbul,Turkey,78,1.9,,,Apartment,2017,11,0
5869,Istanbul,Turkey,50,1.8,,3.0,Hotel,2017,11,0
5870,Istanbul,Turkey,34,1.9,3.0,1.7,Apart-hotel,2017,11,0
5871,Istanbul,Turkey,35,1.9,,1.7,Apartment,2017,11,0
5872,Istanbul,Turkey,47,1.8,,1.0,Hotel,2017,11,0
5873,Istanbul,Turkey,69,2.1,4.0,3.5,Hotel,2017,11,0
5874,Istanbul,Turkey,77,2.0,4.0,4.0,Hotel,2017,11,0
5875,Istanbul,Turkey,60,2.0,3.0,1.0,Hotel,2017,11,0
5876,Istanbul,Turkey,97,2.0,,3.7,Hotel,2017,11,0
5877,Istanbul,Turkey,59,2.1,4.0,4.0,Hotel,2017,11,0
5878,Istanbul,Turkey,119,2.0,,3.2,Hotel,2017,11,0
5879,Istanbul,Turkey,54,2.0,,3.2,Hotel,2017,11,0
5880,Istanbul,Turkey,52,2.0,4.0,4.0,Guest House,2017,11,0
5881,Istanbul,Turkey,40,2.0,,3.5,Hotel,2017,11,0
5882,Istanbul,Turkey,75,2.1,,4.0,Hotel,2017,11,0
5883,Istanbul,Turkey,78,2.1,,1.0,Hotel,2017,11,0
5884,Istanbul,Turkey,94,2.1,,3.5,Hotel,2017,11,0
5885,Istanbul,Turkey,81,2.0,5.0,4.1,Hotel,2017,11,0
5886,Istanbul,Turkey,70,2.1,3.0,4.5,Hotel,2017,11,0
5887,Istanbul,Turkey,66,2.1,3.0,3.0,Hotel,2017,11,0
5888,Istanbul,Turkey,162,2.1,,4.0,Hotel,2017,11,0
5889,Istanbul,Turkey,65,2.0,,4.3,Hotel,2017,11,0
5890,Istanbul,Turkey,88,2.1,4.0,4.0,Hotel,2017,11,0
5891,Istanbul,Turkey,63,2.1,4.0,,Hotel,2017,11,0
5892,Istanbul,Turkey,94,2.1,4.0,4.0,Hotel,2017,11,0
5893,Istanbul,Turkey,73,2.1,4.0,2.9,Hotel,2017,11,0
5894,Istanbul,Turkey,87,2.2,4.0,4.0,Hotel,2017,11,0
5895,Istanbul,Turkey,61,2.2,4.0,4.1,Hotel,2017,11,0
5896,Istanbul,Turkey,73,2.1,4.0,3.2,Hotel,2017,11,0
5897,Istanbul,Turkey,99,2.1,5.0,3.2,Hotel,2017,11,0
5898,Istanbul,Turkey,438,2.0,,5.0,Vacation home Condo,2017,11,0
5899,Istanbul,Turkey,67,2.1,4.0,3.2,Hotel,2017,11,0
5900,Istanbul,Turkey,65,2.1,4.0,3.7,Hotel,2017,11,0
5901,Istanbul,Turkey,70,2.1,4.0,3.5,Hotel,2017,11,0
5902,Istanbul,Turkey,98,2.2,5.0,4.1,Hotel,2017,11,0
5904,Istanbul,Turkey,74,2.2,4.0,4.0,Hotel,2017,11,0
5905,Istanbul,Turkey,73,2.1,3.5,3.9,Hotel,2017,11,0
5906,Istanbul,Turkey,68,2.2,4.0,2.7,Hotel,2017,11,0
5907,Istanbul,Turkey,104,2.1,4.5,4.0,Hotel,2017,11,0
5908,Istanbul,Turkey,63,2.1,,3.5,Hotel,2017,11,0
5909,Istanbul,Turkey,87,1.8,5.0,3.7,Hotel,2017,11,0
5910,Istanbul,Turkey,39,1.9,3.0,2.0,Hotel,2017,11,0
5911,Istanbul,Turkey,58,2.0,5.0,4.0,Hotel,2017,11,0
5912,Istanbul,Turkey,63,1.3,,,Hotel,2017,11,0
5913,Istanbul,Turkey,40,2.0,,3.5,Hotel,2017,11,0
5914,Istanbul,Turkey,334,1.9,2.0,4.1,Hotel,2017,11,0
5915,Istanbul,Turkey,57,1.9,,4.8,Hotel,2017,11,0
5916,Istanbul,Turkey,37,1.9,,3.9,Hotel,2017,11,0
5917,Istanbul,Turkey,49,1.9,4.0,3.7,Hotel,2017,11,0
5918,Istanbul,Turkey,27,1.9,,3.0,Hotel,2017,11,0
5919,Istanbul,Turkey,52,3.2,,4.1,Hotel,2017,11,0
5920,Istanbul,Turkey,41,4.0,3.0,3.5,Hotel,2017,11,0
5921,Istanbul,Turkey,85,4.1,5.0,4.1,Hotel,2017,11,0
5922,Istanbul,Turkey,61,4.0,4.0,3.7,Hotel,2017,11,0
5923,Istanbul,Turkey,71,2.9,5.0,4.0,Hotel,2017,11,0
5924,Istanbul,Turkey,57,2.4,5.0,4.0,Hotel,2017,11,0
5925,Istanbul,Turkey,46,2.7,,4.0,Hotel,2017,11,0
5926,Istanbul,Turkey,37,3.0,,2.2,Hotel,2017,11,0
5927,Istanbul,Turkey,48,3.5,,3.4,Hotel,2017,11,0
5928,Kiev,Ukraine,23,15.0,3.0,3.5,Hotel,2017,11,0
5929,Kiev,Ukraine,29,18.0,2.0,3.7,Hotel,2017,11,0
5930,Kiev,Ukraine,45,13.0,3.0,3.7,Hotel,2017,11,0
5931,Kiev,Ukraine,81,8.2,4.0,,Hotel,2017,11,0
5932,Kiev,Ukraine,43,7.3,2.0,4.5,Hotel,2017,11,0
5933,Kiev,Ukraine,18,5.4,3.0,,Hotel,2017,11,0
5934,Kiev,Ukraine,18,5.4,2.5,,Hotel,2017,11,0
5935,Kiev,Ukraine,39,3.8,3.0,4.0,Hotel,2017,11,0
5936,Kiev,Ukraine,21,4.0,2.5,2.2,Hotel,2017,11,0
5937,Kiev,Ukraine,33,14.0,3.5,,Bed and breakfast,2017,11,0
5938,Kiev,Ukraine,95,13.0,4.0,4.0,Hotel,2017,11,0
5939,Kiev,Ukraine,86,12.0,4.0,4.5,Hotel,2017,11,0
5940,Kiev,Ukraine,108,7.4,5.0,4.0,Hotel,2017,11,0
5941,Kiev,Ukraine,87,16.0,4.0,,Hotel,2017,11,0
5942,Kiev,Ukraine,2025,17.0,3.5,,Apart-hotel,2017,11,0
5943,Kiev,Ukraine,44,2.0,3.0,4.1,Hotel,2017,11,0
5944,Kiev,Ukraine,25,3.2,3.0,3.4,Hotel,2017,11,0
5945,Kiev,Ukraine,31,2.9,3.0,4.0,Apartment,2017,11,0
5947,Kiev,Ukraine,31,5.3,3.0,,Hotel,2017,11,0
5949,Kiev,Ukraine,33,3.2,2.5,,Hotel,2017,11,0
5951,Kiev,Ukraine,64,0.2,3.0,3.5,Hotel,2017,11,0
5952,Kiev,Ukraine,33,0.7,3.0,3.0,Apartment,2017,11,0
5953,Kiev,Ukraine,64,1.3,3.0,3.9,Hotel,2017,11,0
5954,Kiev,Ukraine,24,1.2,2.0,4.0,Hostel,2017,11,0
5955,Kiev,Ukraine,135,1.0,4.0,4.0,Hotel,2017,11,0
5957,Kiev,Ukraine,36,1.7,3.0,3.5,Hotel,2017,11,0
5958,Kiev,Ukraine,53,0.7,4.0,3.7,Apartment,2017,11,0
5960,Kiev,Ukraine,120,2.0,4.0,4.5,Hotel,2017,11,0
5961,Kiev,Ukraine,66,0.2,4.0,3.5,Hotel,2017,11,0
5962,Kiev,Ukraine,58,1.0,3.0,4.0,Hotel,2017,11,0
5963,Kiev,Ukraine,184,1.3,4.0,,Hotel,2017,11,0
5964,Kiev,Ukraine,133,1.5,4.0,4.4,Apartment,2017,11,0
5965,Kiev,Ukraine,73,0.7,4.5,3.4,Hotel,2017,11,0
5966,Kiev,Ukraine,104,2.5,4.0,4.5,Hotel,2017,11,0
5967,Kiev,Ukraine,28,2.6,3.0,,Hotel,2017,11,0
5968,Kiev,Ukraine,78,2.5,3.5,4.5,Apart-hotel,2017,11,0
5969,Kiev,Ukraine,53,1.0,4.0,3.4,Hotel,2017,11,0
5970,Kiev,Ukraine,27,0.2,3.0,3.0,Apartment,2017,11,0
5971,Kiev,Ukraine,106,0.1,3.5,,Apartment,2017,11,0
5972,Kiev,Ukraine,75,0.7,3.5,3.7,Apartment,2017,11,0
5973,Kiev,Ukraine,69,0.5,3.0,2.2,Apart-hotel,2017,11,0
5976,Kiev,Ukraine,60,1.2,3.0,4.5,Apart-hotel,2017,11,0
5977,Kiev,Ukraine,45,0.7,3.5,4.0,Guest House,2017,11,0
5978,Kiev,Ukraine,55,0.7,3.0,4.5,Apartment,2017,11,0
5979,Kiev,Ukraine,22,7.4,3.0,3.0,Hotel,2017,11,0
5980,Kiev,Ukraine,39,14.0,3.0,,Hotel,2017,11,0
5981,Kiev,Ukraine,42,2.0,3.0,4.1,Hotel,2017,11,0
5982,Kiev,Ukraine,24,5.9,3.0,3.5,Hotel,2017,11,0
5983,Kiev,Ukraine,13,1.8,2.0,,Hostel,2017,11,0
5984,Kiev,Ukraine,301,0.7,5.0,4.5,Hotel,2017,11,0
5985,Kiev,Ukraine,34,1.3,3.0,3.7,Hotel,2017,11,0
5986,Kiev,Ukraine,49,0.1,3.0,3.2,Hotel,2017,11,0
5987,Kiev,Ukraine,44,0.4,3.5,3.9,Apartment,2017,11,0
5988,Kiev,Ukraine,230,1.7,4.0,4.4,Hotel,2017,11,0
5989,Kiev,Ukraine,127,7.7,4.0,4.5,Hotel,2017,11,0
5990,Kiev,Ukraine,33,0.1,3.0,2.0,Apartment,2017,11,0
5991,Kiev,Ukraine,39,1.5,3.5,3.9,Hotel,2017,11,0
5992,Kiev,Ukraine,135,0.1,4.0,4.1,Hotel,2017,11,0
5993,Kiev,Ukraine,40,0.2,3.0,3.0,Apartment,2017,11,0
5994,Kiev,Ukraine,252,1.0,4.5,4.4,Hotel,2017,11,0
5995,Kiev,Ukraine,40,0.7,3.0,2.7,Apartment,2017,11,0
5996,Kiev,Ukraine,46,0.4,3.0,5.0,Apartment,2017,11,0
5997,Kiev,Ukraine,96,1.1,4.0,3.7,Hotel,2017,11,0
5998,Kiev,Ukraine,55,0.3,3.0,2.9,Apartment,2017,11,0
5999,Kiev,Ukraine,32,0.6,3.0,4.1,Apartment,2017,11,0
6000,Kiev,Ukraine,96,0.7,4.0,4.3,Hotel,2017,11,0
6002,Kiev,Ukraine,330,0.4,5.0,4.6,Hotel,2017,11,0
6003,Kiev,Ukraine,364,0.9,5.0,4.5,Hotel,2017,11,0
6004,Kiev,Ukraine,66,0.7,4.0,3.5,Hotel,2017,11,0
6005,Kiev,Ukraine,122,1.5,4.0,4.5,Hotel,2017,11,0
6006,Kiev,Ukraine,264,0.7,5.0,4.8,Hotel,2017,11,0
6007,Kiev,Ukraine,36,1.1,3.0,3.5,Hotel,2017,11,0
6012,Kiev,Ukraine,362,0.3,5.0,4.6,Hotel,2017,11,0
6013,Kiev,Ukraine,39,0.6,4.0,3.0,Hotel,2017,11,0
6014,Kiev,Ukraine,249,0.6,5.0,4.5,Hotel,2017,11,0
6015,Kiev,Ukraine,232,1.1,5.0,4.5,Hotel,2017,11,0
6016,Kiev,Ukraine,133,0.8,4.0,4.5,Apartment,2017,11,0
6017,Kiev,Ukraine,421,0.8,3.5,4.4,Hotel,2017,11,0
6018,Kiev,Ukraine,76,1.6,4.0,4.5,Apartment,2017,11,0
6019,Kiev,Ukraine,300,1.1,4.0,4.1,Hotel,2017,11,0
6020,Kiev,Ukraine,168,1.2,4.5,4.3,Apartment,2017,11,0
6022,Kiev,Ukraine,148,0.2,4.0,4.6,Apartment,2017,11,0
6023,Kiev,Ukraine,40,0.1,3.0,2.0,Apartment,2017,11,0
6024,Kiev,Ukraine,78,0.2,2.5,4.5,Hotel,2017,11,0
6025,Kiev,Ukraine,93,0.3,4.0,4.0,Hotel,2017,11,0
6026,Kiev,Ukraine,48,5.3,3.5,4.0,Hotel,2017,11,0
6028,Kiev,Ukraine,147,0.8,4.0,4.5,Hotel,2017,11,0
6029,Kiev,Ukraine,50,0.1,3.5,4.1,Apart-hotel,2017,11,0
6030,Kiev,Ukraine,68,1.2,3.5,3.4,Hotel,2017,11,0
6031,Kiev,Ukraine,90,4.0,4.0,,Hotel,2017,11,0
6032,Kiev,Ukraine,60,0.2,3.5,3.5,Apartment,2017,11,0
6033,Kiev,Ukraine,55,0.1,3.0,2.7,Apartment,2017,11,0
6034,Kiev,Ukraine,101,0.1,3.5,4.8,Hotel,2017,11,0
6035,Kiev,Ukraine,65,0.2,3.0,4.5,Bed and breakfast,2017,11,0
6036,Kiev,Ukraine,50,0.1,3.0,3.7,Apartment,2017,11,0
6037,Kiev,Ukraine,43,0.3,3.5,3.5,Apartment,2017,11,0
6038,Kiev,Ukraine,38,5.9,3.5,,Hotel,2017,11,0
6039,Kiev,Ukraine,35,0.4,3.0,4.1,Apartment,2017,11,0
6040,Kiev,Ukraine,70,0.3,3.5,,Apart-hotel,2017,11,0
6041,Kiev,Ukraine,47,1.1,3.5,3.5,Apartment,2017,11,0
6042,Kiev,Ukraine,120,0.3,4.0,4.3,Hotel,2017,11,0
6043,Kiev,Ukraine,73,1.2,3.0,4.1,Hotel,2017,11,0
6044,Kiev,Ukraine,27,0.3,1.0,,Hostel,2017,11,0
6045,Kiev,Ukraine,41,0.2,3.5,3.5,Apartment,2017,11,0
6046,Kiev,Ukraine,46,0.6,4.0,3.2,Guest House,2017,11,0
6048,Kiev,Ukraine,250,0.6,4.0,4.1,Hotel,2017,11,0
6049,Kiev,Ukraine,44,0.8,3.0,4.0,Apart-hotel,2017,11,0
6050,Kiev,Ukraine,23,1.3,3.0,,Hotel,2017,11,0
6051,Kiev,Ukraine,63,2.1,3.5,4.0,Hotel,2017,11,0
6052,Kiev,Ukraine,47,5.3,3.0,4.0,Hotel,2017,11,0
6053,Kiev,Ukraine,24,5.7,3.0,4.0,Hotel,2017,11,0
6054,Kiev,Ukraine,21,3.2,2.0,2.4,Hotel,2017,11,0
6055,Kiev,Ukraine,38,3.9,4.0,2.7,Hotel,2017,11,0
6056,Kiev,Ukraine,96,3.5,4.0,4.4,Hotel,2017,11,0
6057,Kiev,Ukraine,70,3.5,3.5,4.6,Hotel,2017,11,0
6058,Kiev,Ukraine,49,3.1,3.0,,Hotel,2017,11,0
6059,Kiev,Ukraine,75,3.1,3.0,,Hotel,2017,11,0
6060,Kiev,Ukraine,30,3.9,4.0,3.0,Hotel,2017,11,0
6061,Kiev,Ukraine,39,7.4,3.0,4.0,Apartment,2017,11,0
6062,Krakow,Poland,87,31.0,4.0,4.8,Hotel,2017,11,0
6063,Krakow,Poland,65,27.0,4.0,4.4,Hotel,2017,11,0
6064,Krakow,Poland,69,2.3,4.0,3.9,Hotel,2017,11,0
6066,Krakow,Poland,29,2.5,3.0,3.2,Hotel,2017,11,0
6067,Krakow,Poland,51,2.5,4.0,4.3,Hotel,2017,11,0
6068,Krakow,Poland,62,1.5,3.0,4.0,Bed and breakfast,2017,11,0
6069,Krakow,Poland,91,2.8,5.0,3.7,Hotel,2017,11,0
6070,Krakow,Poland,55,2.7,3.0,4.5,Hotel,2017,11,0
6071,Krakow,Poland,44,1.9,3.0,4.5,Hotel,2017,11,0
6072,Krakow,Poland,101,2.3,4.0,3.9,Hotel,2017,11,0
6073,Krakow,Poland,71,14.0,3.0,3.2,Hotel,2017,11,0
6075,Krakow,Poland,68,0.6,2.0,5.0,Hostel,2017,11,0
6076,Krakow,Poland,66,0.7,3.5,,Apart-hotel,2017,11,0
6077,Krakow,Poland,49,0.5,3.0,3.9,Apartment,2017,11,0
6078,Krakow,Poland,51,0.5,3.0,4.4,Apartment,2017,11,0
6079,Krakow,Poland,51,0.5,3.0,4.0,Bed and breakfast,2017,11,0
6080,Krakow,Poland,62,0.4,3.5,3.5,Apartment,2017,11,0
6081,Krakow,Poland,54,0.4,3.0,4.5,Apartment,2017,11,0
6082,Krakow,Poland,66,0.7,3.5,4.5,Apartment,2017,11,0
6083,Krakow,Poland,110,0.5,4.0,4.8,Hotel,2017,11,0
6084,Krakow,Poland,41,0.5,3.0,4.0,Apartment,2017,11,0
6085,Krakow,Poland,92,0.9,,5.0,Apartment,2017,11,0
6086,Krakow,Poland,55,0.3,3.0,3.7,Apartment,2017,11,0
6088,Krakow,Poland,69,0.5,3.0,4.5,Apartment,2017,11,0
6089,Krakow,Poland,30,0.6,2.5,2.9,Apartment,2017,11,0
6090,Krakow,Poland,82,0.4,4.0,4.4,Hotel,2017,11,0
6092,Krakow,Poland,66,0.5,3.0,4.4,Hotel,2017,11,0
6093,Krakow,Poland,41,0.4,3.0,4.0,Apart-hotel,2017,11,0
6094,Krakow,Poland,83,1.1,4.0,4.5,Hotel,2017,11,0
6095,Krakow,Poland,51,0.9,3.0,3.9,Hotel,2017,11,0
6097,Krakow,Poland,24,0.7,2.0,4.1,Hostel,2017,11,0
6098,Krakow,Poland,78,0.4,4.0,4.1,Hotel,2017,11,0
6099,Krakow,Poland,52,0.4,3.0,3.7,Hotel,2017,11,0
6100,Krakow,Poland,51,0.5,3.0,3.9,Hotel,2017,11,0
6101,Krakow,Poland,125,0.5,4.0,4.5,Hotel,2017,11,0
6102,Krakow,Poland,52,0.3,3.5,4.1,Apartment,2017,11,0
6103,Krakow,Poland,66,0.4,4.0,4.4,Apartment,2017,11,0
6104,Krakow,Poland,37,0.8,3.0,4.3,Apart-hotel,2017,11,0
6105,Krakow,Poland,38,0.8,3.5,4.0,Apartment,2017,11,0
6106,Krakow,Poland,90,1.0,4.0,4.6,Hotel,2017,11,0
6107,Krakow,Poland,45,0.4,3.0,3.5,Guest House,2017,11,0
6108,Krakow,Poland,67,0.3,4.0,3.5,Guest House,2017,11,0
6109,Krakow,Poland,26,0.4,3.5,2.7,Apartment,2017,11,0
6111,Krakow,Poland,62,0.6,3.5,,Apartment,2017,11,0
6112,Krakow,Poland,51,0.4,3.0,4.0,Bed and breakfast,2017,11,0
6114,Krakow,Poland,61,0.7,4.0,4.1,Apartment,2017,11,0
6115,Krakow,Poland,44,0.9,3.0,3.5,Hotel,2017,11,0
6116,Krakow,Poland,111,0.5,3.5,4.3,Guest House,2017,11,0
6118,Krakow,Poland,45,0.5,4.0,4.5,Apartment,2017,11,0
6120,Krakow,Poland,28,0.5,2.0,4.1,Hostel,2017,11,0
6121,Krakow,Poland,112,0.5,4.0,4.8,Hotel,2017,11,0
6122,Krakow,Poland,68,0.4,3.0,3.7,Guest House,2017,11,0
6123,Krakow,Poland,44,0.5,2.0,4.0,Hotel,2017,11,0
6124,Krakow,Poland,114,1.1,5.0,4.4,Hotel,2017,11,0
6125,Krakow,Poland,89,0.4,4.0,4.5,Hotel,2017,11,0
6126,Krakow,Poland,112,0.5,3.0,4.3,Hotel,2017,11,0
6128,Krakow,Poland,42,0.4,3.5,3.7,Apartment,2017,11,0
6129,Krakow,Poland,34,0.9,2.0,4.0,Hostel,2017,11,0
6130,Krakow,Poland,74,0.9,4.0,4.1,Hotel,2017,11,0
6131,Krakow,Poland,47,0.8,3.0,4.0,Hotel,2017,11,0
6132,Krakow,Poland,108,0.5,4.0,4.6,Hotel,2017,11,0
6133,Krakow,Poland,32,0.9,2.0,4.0,Hostel,2017,11,0
6134,Krakow,Poland,388,0.5,5.0,4.5,Hotel,2017,11,0
6135,Krakow,Poland,62,0.4,3.0,4.3,Hotel,2017,11,0
6136,Krakow,Poland,71,0.6,3.0,4.4,Hotel,2017,11,0
6137,Krakow,Poland,177,0.5,4.0,,Apartment,2017,11,0
6138,Krakow,Poland,52,0.4,3.5,4.3,Hotel,2017,11,0
6139,Krakow,Poland,47,0.6,3.0,4.1,Hotel,2017,11,0
6141,Krakow,Poland,67,0.8,3.0,4.3,Hotel,2017,11,0
6142,Krakow,Poland,76,0.4,3.0,4.0,Hotel,2017,11,0
6143,Krakow,Poland,29,0.3,2.0,3.5,Hostel,2017,11,0
6144,Krakow,Poland,47,0.5,3.5,4.0,Hotel,2017,11,0
6145,Krakow,Poland,89,1.0,4.0,4.5,Hotel,2017,11,0
6146,Krakow,Poland,52,0.5,3.0,3.7,Hotel,2017,11,0
6148,Krakow,Poland,40,0.6,3.5,3.0,Apartment,2017,11,0
6149,Krakow,Poland,46,0.4,3.5,4.0,Apartment,2017,11,0
6150,Krakow,Poland,37,0.5,3.5,4.5,Apartment,2017,11,0
6152,Krakow,Poland,69,0.7,4.0,4.3,Apartment,2017,11,0
6153,Krakow,Poland,78,0.6,3.0,4.6,Apartment,2017,11,0
6154,Krakow,Poland,104,0.3,5.0,4.4,Hotel,2017,11,0
6155,Krakow,Poland,50,0.4,3.5,4.5,Apartment,2017,11,0
6157,Krakow,Poland,34,0.4,2.0,3.7,Hostel,2017,11,0
6158,Krakow,Poland,59,0.6,3.0,,Apart-hotel,2017,11,0
6159,Krakow,Poland,101,0.6,3.5,5.0,Apartment,2017,11,0
6160,Krakow,Poland,34,0.3,3.5,3.9,Apartment,2017,11,0
6161,Krakow,Poland,64,0.4,3.0,4.4,Hotel,2017,11,0
6162,Krakow,Poland,54,0.9,3.0,,Apartment,2017,11,0
6163,Krakow,Poland,71,0.8,3.5,4.0,Apartment,2017,11,0
6164,Krakow,Poland,62,0.8,3.5,4.4,Apartment,2017,11,0
6165,Krakow,Poland,27,0.8,3.0,,Apartment,2017,11,0
6167,Krakow,Poland,41,0.4,3.5,4.5,Apartment,2017,11,0
6169,Krakow,Poland,51,0.5,3.0,4.1,Apartment,2017,11,0
6170,Krakow,Poland,54,0.5,3.5,4.6,Apartment,2017,11,0
6171,Krakow,Poland,114,0.6,4.0,4.8,Hotel,2017,11,0
6173,Krakow,Poland,87,0.4,3.5,,Apartment,2017,11,0
6174,Krakow,Poland,71,0.4,4.0,4.1,Apartment,2017,11,0
6175,Krakow,Poland,27,0.4,3.0,,Apartment,2017,11,0
6176,Krakow,Poland,25,0.7,2.0,3.5,Apart-hotel,2017,11,0
6177,Krakow,Poland,45,0.5,3.0,4.0,Hotel,2017,11,0
6178,Krakow,Poland,52,0.7,3.5,4.1,Hotel,2017,11,0
6179,Krakow,Poland,48,0.7,2.0,4.3,Apartment,2017,11,0
6180,Krakow,Poland,32,0.5,2.0,3.0,Hostel,2017,11,0
6181,Krakow,Poland,30,0.5,1.0,3.4,Hostel,2017,11,0
6182,Krakow,Poland,41,0.6,3.0,3.7,Guest House,2017,11,0
6183,Krakow,Poland,50,0.4,3.0,4.0,Hotel,2017,11,0
6184,Krakow,Poland,81,0.4,3.0,4.4,Hotel,2017,11,0
6185,Krakow,Poland,68,0.6,3.0,4.8,Bed and breakfast,2017,11,0
6186,Krakow,Poland,119,0.4,4.0,4.6,Hotel,2017,11,0
6187,Krakow,Poland,60,0.6,3.5,5.0,Apartment,2017,11,0
6188,Krakow,Poland,106,0.3,3.0,3.5,Apart-hotel,2017,11,0
6189,Krakow,Poland,65,0.5,3.0,4.5,Apartment,2017,11,0
6190,Krakow,Poland,91,0.4,3.5,4.5,Apart-hotel,2017,11,0
6191,Krakow,Poland,42,0.4,3.5,2.7,Apartment,2017,11,0
6192,Krakow,Poland,53,0.9,3.5,4.4,Apartment,2017,11,0
6193,Krakow,Poland,122,0.6,4.0,4.0,Apartment,2017,11,0
6194,Krakow,Poland,69,0.7,3.5,3.7,Apartment,2017,11,0
6195,Krakow,Poland,78,0.8,3.5,4.0,Apartment,2017,11,0
6196,Krakow,Poland,79,0.8,3.5,4.6,Hotel,2017,11,0
6197,Krakow,Poland,49,0.5,3.0,4.3,Apartment,2017,11,0
6198,Krakow,Poland,58,0.4,3.5,4.5,Apartment,2017,11,0
6199,Krakow,Poland,71,0.5,3.0,4.1,Hotel,2017,11,0
6200,Krakow,Poland,49,1.1,3.5,4.4,Apart-hotel,2017,11,0
6201,Krakow,Poland,29,0.5,3.0,1.7,Apartment,2017,11,0
6202,Krakow,Poland,68,0.6,3.5,4.4,Apartment,2017,11,0
6203,Krakow,Poland,91,0.4,3.0,,Apartment,2017,11,0
6204,Krakow,Poland,58,0.6,3.5,4.4,Apartment,2017,11,0
6206,Krakow,Poland,63,0.6,3.5,4.6,Apart-hotel,2017,11,0
6207,Krakow,Poland,51,0.4,3.5,4.8,Apartment,2017,11,0
6208,Krakow,Poland,41,0.7,3.5,4.4,Apartment,2017,11,0
6209,Krakow,Poland,48,0.4,3.0,4.1,Apart-hotel,2017,11,0
6210,Krakow,Poland,36,1.0,3.5,3.0,Apartment,2017,11,0
6211,Krakow,Poland,117,0.5,4.0,4.4,Apartment,2017,11,0
6212,Krakow,Poland,103,0.6,4.0,4.5,Hotel,2017,11,0
6214,Krakow,Poland,46,0.3,3.5,4.3,Apartment,2017,11,0
6215,Krakow,Poland,39,0.8,3.5,4.5,Apartment,2017,11,0
6216,Krakow,Poland,47,0.5,3.5,2.9,Apartment,2017,11,0
6217,Krakow,Poland,68,0.8,3.5,5.0,Apartment,2017,11,0
6218,Krakow,Poland,70,0.7,3.5,,Apartment,2017,11,0
6219,Krakow,Poland,62,0.7,3.0,4.5,Hotel,2017,11,0
6220,Krakow,Poland,75,0.4,3.5,4.5,Apartment,2017,11,0
6221,Krakow,Poland,21,0.8,2.0,3.9,Hostel,2017,11,0
6222,Krakow,Poland,38,0.6,3.5,,Apartment,2017,11,0
6223,Krakow,Poland,68,0.4,4.0,4.8,Apartment,2017,11,0
6224,Krakow,Poland,24,0.4,3.5,5.0,Apartment,2017,11,0
6225,Krakow,Poland,76,0.3,3.5,4.3,Hotel,2017,11,0
6227,Krakow,Poland,175,0.5,4.0,4.8,Apartment,2017,11,0
6228,Krakow,Poland,101,0.3,3.0,4.4,Hotel,2017,11,0
6229,Krakow,Poland,43,0.6,3.0,3.2,Apartment,2017,11,0
6230,Krakow,Poland,63,0.6,4.0,4.0,Apartment,2017,11,0
6231,Krakow,Poland,84,0.6,4.0,5.0,Apartment,2017,11,0
6232,Krakow,Poland,79,0.6,3.5,5.0,Apartment,2017,11,0
6233,Krakow,Poland,81,0.6,4.0,4.0,Apartment,2017,11,0
6234,Krakow,Poland,86,0.6,3.5,3.9,Apartment,2017,11,0
6235,Krakow,Poland,33,0.4,3.0,,Apartment,2017,11,0
6236,Krakow,Poland,68,0.8,3.0,5.0,Apartment,2017,11,0
6237,Krakow,Poland,73,0.8,3.5,,Apartment,2017,11,0
6238,Krakow,Poland,60,0.7,3.5,3.7,Apartment,2017,11,0
6239,Krakow,Poland,65,0.7,4.0,3.7,Apartment,2017,11,0
6240,Krakow,Poland,56,0.8,3.5,,Apartment,2017,11,0
6242,Krakow,Poland,105,0.7,3.5,4.5,Apartment,2017,11,0
6244,Krakow,Poland,88,0.7,3.5,4.3,Apartment,2017,11,0
6245,Krakow,Poland,480,0.4,3.5,4.1,Hotel,2017,11,0
6246,Krakow,Poland,22,0.8,2.0,4.0,Hostel,2017,11,0
6247,Krakow,Poland,73,0.7,4.0,4.4,Hotel,2017,11,0
6248,Krakow,Poland,109,0.9,3.5,4.8,Hotel,2017,11,0
6249,Krakow,Poland,71,0.8,3.5,,Apartment,2017,11,0
6250,Krakow,Poland,151,0.4,5.0,5.0,Apart-hotel,2017,11,0
6251,Krakow,Poland,41,0.4,3.5,,Apartment,2017,11,0
6252,Krakow,Poland,61,1.1,3.0,4.1,Apart-hotel,2017,11,0
6253,Krakow,Poland,53,0.6,3.0,2.5,Apartment,2017,11,0
6254,Krakow,Poland,35,0.5,3.5,5.0,Apartment,2017,11,0
6255,Krakow,Poland,76,0.5,3.5,4.5,Hotel,2017,11,0
6256,Krakow,Poland,54,0.7,3.5,4.6,Apartment,2017,11,0
6257,Krakow,Poland,145,0.4,3.5,3.2,Apartment,2017,11,0
6258,Krakow,Poland,63,0.4,4.0,4.1,Apartment,2017,11,0
6259,Krakow,Poland,59,0.5,,,Apart-hotel,2017,11,0
6260,Krakow,Poland,52,0.4,3.0,3.7,Hotel,2017,11,0
6261,Krakow,Poland,32,0.7,3.5,3.0,Apartment,2017,11,0
6262,Krakow,Poland,70,47.0,4.0,3.7,Hotel,2017,11,0
6263,Krakow,Poland,62,12.0,4.0,4.8,Hotel,2017,11,0
6264,Krakow,Poland,66,0.7,3.5,4.0,Apartment,2017,11,0
6266,Krakow,Poland,51,0.8,3.0,4.0,Apartment,2017,11,0
6268,Krakow,Poland,37,0.7,3.5,3.2,Apartment,2017,11,0
6269,Krakow,Poland,45,0.6,3.0,4.5,Apartment,2017,11,0
6270,Krakow,Poland,103,0.8,4.0,4.4,Hotel,2017,11,0
6271,Krakow,Poland,34,0.7,2.0,3.7,Hostel,2017,11,0
6272,Krakow,Poland,89,0.7,3.5,5.0,Apartment,2017,11,0
6273,Krakow,Poland,51,0.7,3.0,4.0,Hotel,2017,11,0
6274,Krakow,Poland,37,0.9,3.0,4.1,Guest House,2017,11,0
6276,Krakow,Poland,51,0.6,3.0,4.5,Hotel,2017,11,0
6277,Krakow,Poland,66,0.8,3.0,,Apartment,2017,11,0
6278,Krakow,Poland,34,0.9,2.0,4.4,Hostel,2017,11,0
6279,Krakow,Poland,55,0.7,3.0,4.0,Hotel,2017,11,0
6281,Krakow,Poland,81,0.7,4.0,4.4,Hotel,2017,11,0
6282,Krakow,Poland,81,0.8,4.0,4.3,Hotel,2017,11,0
6283,Krakow,Poland,35,0.8,3.5,4.0,Apartment,2017,11,0
6284,Krakow,Poland,59,0.7,2.5,3.9,Hotel,2017,11,0
6285,Krakow,Poland,54,0.7,3.0,4.5,Hotel,2017,11,0
6287,Krakow,Poland,58,0.7,3.0,4.0,Hotel,2017,11,0
6288,Krakow,Poland,83,0.8,3.0,3.5,Hotel,2017,11,0
6290,Krakow,Poland,88,0.6,3.5,4.0,Hotel,2017,11,0
6291,Krakow,Poland,43,0.6,2.5,4.0,Hotel,2017,11,0
6292,Krakow,Poland,89,0.9,4.0,4.8,Hotel,2017,11,0
6293,Krakow,Poland,49,0.8,3.0,3.9,Hotel,2017,11,0
6294,Krakow,Poland,115,0.7,3.5,,Apartment,2017,11,0
6295,Krakow,Poland,46,0.6,3.5,2.2,Apartment,2017,11,0
6296,Krakow,Poland,35,0.6,2.0,3.5,Hostel,2017,11,0
6297,Krakow,Poland,71,0.8,3.0,4.0,Hotel,2017,11,0
6298,Krakow,Poland,54,0.8,3.5,,Apartment,2017,11,0
6299,Krakow,Poland,48,0.6,3.5,5.0,Apartment,2017,11,0
6301,Krakow,Poland,30,0.9,2.0,3.5,Hostel,2017,11,0
6302,Krakow,Poland,88,1.0,4.0,4.4,Hotel,2017,11,0
6303,Krakow,Poland,24,0.8,2.0,4.1,Hostel,2017,11,0
6305,Krakow,Poland,67,0.8,3.5,4.0,Apartment,2017,11,0
6306,Krakow,Poland,76,0.8,3.5,,Apartment,2017,11,0
6307,Krakow,Poland,21,0.7,2.0,3.9,Guest House,2017,11,0
6309,Krakow,Poland,51,0.6,3.0,4.1,Hotel,2017,11,0
6310,Krakow,Poland,60,0.6,3.0,4.3,Hotel,2017,11,0
6311,Krakow,Poland,69,0.7,3.5,4.4,Apart-hotel,2017,11,0
6312,Krakow,Poland,27,0.7,3.0,,Apartment,2017,11,0
6313,Krakow,Poland,47,0.9,2.0,4.3,Apartment,2017,11,0
6314,Krakow,Poland,59,0.6,3.0,4.0,Apartment,2017,11,0
6315,Krakow,Poland,63,0.6,3.0,4.5,Hotel,2017,11,0
6316,Krakow,Poland,66,0.8,3.0,4.3,Hotel,2017,11,0
6317,Krakow,Poland,37,0.9,3.0,4.3,Apartment,2017,11,0
6318,Krakow,Poland,69,0.7,3.5,4.9,Apartment,2017,11,0
6319,Krakow,Poland,98,0.8,3.5,5.0,Apartment,2017,11,0
6320,Krakow,Poland,66,0.2,4.0,4.3,Guest House,2017,11,0
6321,Krakow,Poland,81,2.3,4.0,4.4,Hotel,2017,11,0
6322,Krakow,Poland,37,3.0,3.0,3.9,Hotel,2017,11,0
6323,Krakow,Poland,68,1.5,3.0,3.0,Apartment,2017,11,0
6324,Krakow,Poland,60,2.7,4.0,4.0,Hotel,2017,11,0
6325,Krakow,Poland,58,1.4,3.5,3.0,Apartment,2017,11,0
6326,Krakow,Poland,26,2.1,2.0,2.7,Hotel,2017,11,0
6327,Krakow,Poland,68,2.1,4.0,3.4,Hotel,2017,11,0
6328,Krakow,Poland,58,1.8,3.0,3.9,Hotel,2017,11,0
6329,Krakow,Poland,39,3.1,1.0,2.5,Hotel,2017,11,0
6330,Krakow,Poland,45,1.6,3.0,4.0,Hotel,2017,11,0
6331,Krakow,Poland,71,1.3,3.0,3.5,Hotel,2017,11,0
6332,Krakow,Poland,56,1.1,3.0,4.1,Hotel,2017,11,0
6333,Krakow,Poland,69,3.5,4.0,3.5,Hotel,2017,11,0
6334,Krakow,Poland,64,0.4,3.0,4.0,Guest House,2017,11,0
6335,Krakow,Poland,54,1.6,3.0,4.3,Hotel,2017,11,0
6336,Krakow,Poland,29,2.2,2.5,3.5,Hotel,2017,11,0
6337,Krakow,Poland,80,1.5,4.0,,Apartment,2017,11,0
6338,Krakow,Poland,34,3.9,2.5,4.0,Hotel,2017,11,0
6339,Krakow,Poland,43,2.8,2.0,3.0,Hostel,2017,11,0
6340,Krakow,Poland,31,1.4,3.0,3.5,Hotel,2017,11,0
6341,Krakow,Poland,71,3.3,4.0,4.3,Apart-hotel,2017,11,0
6342,Krakow,Poland,79,2.0,4.0,4.6,Hotel,2017,11,0
6343,Krakow,Poland,40,3.3,3.5,4.1,Apartment,2017,11,0
6344,Krakow,Poland,68,1.9,3.0,4.5,Hotel,2017,11,0
6345,Krakow,Poland,73,3.6,3.0,4.4,Hotel,2017,11,0
6346,Krakow,Poland,50,1.2,2.0,4.5,Hostel,2017,11,0
6347,Krakow,Poland,66,1.4,3.5,,Apartment,2017,11,0
6348,Krakow,Poland,65,2.6,3.5,,Apartment,2017,11,0
6349,Krakow,Poland,52,1.1,4.0,4.0,Apartment,2017,11,0
6350,Krakow,Poland,33,2.9,3.0,4.0,Hotel,2017,11,0
6351,Krakow,Poland,29,3.1,1.0,2.7,Hotel,2017,11,0
6352,Krakow,Poland,91,2.2,5.0,4.6,Hotel,2017,11,0
6353,Krakow,Poland,56,1.9,3.0,4.0,Hotel,2017,11,0
6354,Krakow,Poland,42,0.6,3.0,4.0,Apartment,2017,11,0
6355,Krakow,Poland,71,5.7,3.0,4.4,Hotel,2017,11,0
6356,Krakow,Poland,54,2.8,3.0,4.4,Hotel,2017,11,0
6357,Krakow,Poland,36,4.6,2.0,3.7,Hotel,2017,11,0
6358,Krakow,Poland,73,1.8,3.0,4.5,Hotel,2017,11,0
6359,Krakow,Poland,39,4.4,3.0,4.5,Hotel,2017,11,0
6361,Krakow,Poland,33,18.0,2.5,4.1,Guest House,2017,11,0
6363,Krakow,Poland,69,30.0,3.0,4.5,Hotel,2017,11,0
6364,Krakow,Poland,54,6.6,3.0,4.5,Hotel,2017,11,0
6365,Krakow,Poland,40,17.0,3.0,3.5,Hotel,2017,11,0
6366,Krakow,Poland,51,12.0,3.0,4.1,Hotel,2017,11,0
6367,Krakow,Poland,62,5.1,3.0,4.4,Hotel,2017,11,0
6368,Krakow,Poland,60,4.6,4.0,4.0,Hotel,2017,11,0
6369,Krakow,Poland,46,21.0,3.0,4.5,Hotel,2017,11,0
6370,Krakow,Poland,42,0.1,3.0,3.7,Apartment,2017,11,0
6371,Krakow,Poland,81,0.1,3.0,4.1,Apartment,2017,11,0
6372,Krakow,Poland,37,0.2,2.0,3.7,Hostel,2017,11,0
6373,Krakow,Poland,98,0.1,4.0,4.9,Apartment,2017,11,0
6374,Krakow,Poland,59,0.3,3.0,3.7,Apartment,2017,11,0
6375,Krakow,Poland,157,0.3,3.5,4.0,Apart-hotel,2017,11,0
6376,Krakow,Poland,97,0.3,3.0,3.9,Hotel,2017,11,0
6377,Krakow,Poland,39,0.2,3.0,4.0,Apartment,2017,11,0
6379,Krakow,Poland,84,0.1,3.0,4.0,Hotel,2017,11,0
6380,Krakow,Poland,172,0.3,5.0,4.5,Hotel,2017,11,0
6381,Krakow,Poland,90,0.2,4.0,4.4,Hotel,2017,11,0
6382,Krakow,Poland,122,0.2,5.0,4.6,Hotel,2017,11,0
6383,Krakow,Poland,58,0.2,3.0,4.0,Apartment,2017,11,0
6384,Krakow,Poland,51,0.2,2.5,4.0,Guest House,2017,11,0
6385,Krakow,Poland,117,0.2,3.5,4.5,Apartment,2017,11,0
6386,Krakow,Poland,81,0.0,4.0,4.5,Apartment,2017,11,0
6387,Krakow,Poland,122,0.0,4.0,4.5,Hotel,2017,11,0
6388,Krakow,Poland,196,0.1,5.0,4.5,Hotel,2017,11,0
6389,Krakow,Poland,49,0.0,2.5,3.5,Hostel,2017,11,0
6390,Krakow,Poland,52,0.2,3.5,3.9,Apartment,2017,11,0
6391,Krakow,Poland,43,0.2,3.5,,Bed and breakfast,2017,11,0
6392,Krakow,Poland,144,0.2,5.0,4.0,Hotel,2017,11,0
6393,Krakow,Poland,40,0.2,2.0,3.7,Hostel,2017,11,0
6394,Krakow,Poland,68,0.1,3.0,4.6,Apartment,2017,11,0
6395,Krakow,Poland,76,0.2,3.0,4.0,Hotel,2017,11,0
6396,Krakow,Poland,98,0.2,3.5,4.4,Apartment,2017,11,0
6398,Krakow,Poland,35,0.2,2.0,3.9,Hostel,2017,11,0
6399,Krakow,Poland,60,0.2,3.0,4.0,Apartment,2017,11,0
6400,Krakow,Poland,183,0.2,5.0,4.5,Hotel,2017,11,0
6402,Krakow,Poland,108,0.2,3.0,4.5,Hotel,2017,11,0
6403,Krakow,Poland,65,0.3,3.0,4.0,Hotel,2017,11,0
6404,Krakow,Poland,55,0.3,3.0,3.9,Hotel,2017,11,0
6405,Krakow,Poland,44,0.1,3.0,4.0,Hotel,2017,11,0
6406,Krakow,Poland,92,0.1,4.0,4.5,Hotel,2017,11,0
6407,Krakow,Poland,28,0.3,2.0,3.5,Hostel,2017,11,0
6408,Krakow,Poland,119,0.2,4.0,4.4,Hotel,2017,11,0
6409,Krakow,Poland,53,0.1,4.0,4.4,Apart-hotel,2017,11,0
6410,Krakow,Poland,116,0.2,4.0,4.5,Hotel,2017,11,0
6411,Krakow,Poland,106,0.2,3.5,4.4,Hotel,2017,11,0
6412,Krakow,Poland,93,0.2,3.0,4.5,Hotel,2017,11,0
6414,Krakow,Poland,68,0.2,3.0,3.9,Hotel,2017,11,0
6415,Krakow,Poland,65,0.2,3.0,4.0,Apartment,2017,11,0
6416,Krakow,Poland,51,0.3,3.0,4.1,Apartment,2017,11,0
6417,Krakow,Poland,44,0.2,3.5,4.4,Apartment,2017,11,0
6418,Krakow,Poland,63,0.2,3.0,4.3,Apartment,2017,11,0
6419,Krakow,Poland,29,0.1,2.5,3.2,Guest House,2017,11,0
6420,Krakow,Poland,75,0.2,3.5,4.8,Apartment,2017,11,0
6421,Krakow,Poland,43,0.4,2.0,3.7,Hostel,2017,11,0
6422,Krakow,Poland,41,0.1,2.0,3.5,Hostel,2017,11,0
6423,Krakow,Poland,22,0.3,1.5,4.1,Hostel,2017,11,0
6424,Krakow,Poland,46,0.2,3.5,3.5,Apartment,2017,11,0
6425,Krakow,Poland,72,0.2,3.0,4.1,Apartment,2017,11,0
6426,Krakow,Poland,127,0.3,5.0,4.5,Hotel,2017,11,0
6427,Krakow,Poland,41,0.2,3.5,4.3,Apartment,2017,11,0
6428,Krakow,Poland,54,0.3,3.0,3.9,Apartment,2017,11,0
6429,Krakow,Poland,32,0.1,2.0,,Hostel,2017,11,0
6430,Krakow,Poland,44,0.3,2.0,3.5,Hostel,2017,11,0
6431,Krakow,Poland,55,0.2,3.5,4.8,Apartment,2017,11,0
6432,Krakow,Poland,69,0.1,3.5,4.4,Hotel,2017,11,0
6433,Krakow,Poland,46,0.1,3.0,4.0,Hotel,2017,11,0
6434,Krakow,Poland,49,0.1,3.0,4.0,Hotel,2017,11,0
6435,Krakow,Poland,59,0.0,3.0,4.1,Apartment,2017,11,0
6436,Krakow,Poland,77,0.2,3.5,3.0,Apartment,2017,11,0
6437,Krakow,Poland,104,0.2,3.5,4.5,Apartment,2017,11,0
6438,Krakow,Poland,102,0.1,3.0,4.0,Hotel,2017,11,0
6439,Krakow,Poland,368,0.3,5.0,4.9,Hotel,2017,11,0
6440,Krakow,Poland,74,0.2,3.0,4.3,Hotel,2017,11,0
6441,Krakow,Poland,123,0.3,4.0,4.5,Hotel,2017,11,0
6442,Krakow,Poland,70,0.3,3.0,,Apartment,2017,11,0
6443,Krakow,Poland,116,0.1,4.0,4.5,Hotel,2017,11,0
6444,Krakow,Poland,53,0.2,3.5,4.5,Apartment,2017,11,0
6445,Krakow,Poland,62,0.1,3.5,4.5,Apartment,2017,11,0
6446,Krakow,Poland,119,0.3,4.0,4.8,Guest House,2017,11,0
6447,Krakow,Poland,69,0.3,3.5,4.6,Hotel,2017,11,0
6448,Krakow,Poland,87,0.3,4.0,4.5,Hotel,2017,11,0
6449,Krakow,Poland,41,0.2,3.5,3.7,Apartment,2017,11,0
6450,Krakow,Poland,51,0.3,3.0,3.7,Apart-hotel,2017,11,0
6451,Krakow,Poland,43,0.1,3.0,4.0,Hotel,2017,11,0
6452,Krakow,Poland,62,0.2,3.0,4.4,Guest House,2017,11,0
6453,Krakow,Poland,39,0.3,3.0,4.1,Hotel,2017,11,0
6454,Krakow,Poland,78,0.4,3.0,3.7,Hotel,2017,11,0
6455,Krakow,Poland,48,0.3,2.0,3.7,Guest House,2017,11,0
6456,Krakow,Poland,63,32.0,3.0,,Hotel,2017,11,0
6457,Krakow,Poland,50,33.0,3.0,4.3,Hotel,2017,11,0
6458,Krakow,Poland,51,1.3,2.0,4.3,Hostel,2017,11,0
6459,Krakow,Poland,41,1.2,3.0,4.0,Hotel,2017,11,0
6460,Krakow,Poland,196,2.1,3.0,,Apartment,2017,11,0
6461,Krakow,Poland,71,1.1,3.5,,Apartment,2017,11,0
6462,Krakow,Poland,53,1.5,3.0,,Apartment,2017,11,0
6463,Krakow,Poland,45,1.3,3.0,4.0,Apart-hotel,2017,11,0
6464,Krakow,Poland,26,1.2,3.0,3.7,Apartment,2017,11,0
6465,Krakow,Poland,58,1.3,4.0,4.6,Hotel,2017,11,0
6466,Krakow,Poland,47,1.1,3.5,,Apartment,2017,11,0
6468,Krakow,Poland,87,1.1,4.0,4.9,Apartment,2017,11,0
6469,Krakow,Poland,133,1.1,4.0,4.5,Hotel,2017,11,0
6470,Krakow,Poland,44,1.1,3.5,4.1,Apart-hotel,2017,11,0
6471,Krakow,Poland,44,4.2,3.0,4.3,Hotel,2017,11,0
6472,Krakow,Poland,59,2.3,3.0,4.5,Hotel,2017,11,0
6473,Krakow,Poland,52,23.0,4.0,4.4,Hotel,2017,11,0
6474,Krakow,Poland,49,27.0,3.0,4.5,Hotel,2017,11,0
6475,Krakow,Poland,60,47.0,3.0,5.0,Hotel,2017,11,0
6476,Krakow,Poland,58,44.0,3.0,4.0,Hotel,2017,11,0
6477,Krakow,Poland,80,43.0,3.0,4.5,Hotel,2017,11,0
6478,Krakow,Poland,75,43.0,4.0,,Guest House,2017,11,0
6479,Krakow,Poland,44,46.0,3.0,3.9,Hotel,2017,11,0
6480,Krakow,Poland,45,47.0,3.0,4.0,Hotel,2017,11,0
6481,Krakow,Poland,68,22.0,3.5,3.5,Hotel,2017,11,0
6482,Krakow,Poland,102,24.0,4.0,4.5,Hotel,2017,11,0
6483,Krakow,Poland,63,7.5,4.0,4.5,Hotel,2017,11,0
6484,Krakow,Poland,97,7.3,3.0,4.0,Hotel,2017,11,0
6485,Krakow,Poland,61,7.1,4.0,4.4,Hotel,2017,11,0
6486,Krakow,Poland,44,7.6,3.0,4.0,Hotel,2017,11,0
6487,Krakow,Poland,31,6.9,3.0,3.7,Hotel,2017,11,0
6488,Krakow,Poland,62,7.0,4.0,4.5,Hotel,2017,11,0
6489,Krakow,Poland,89,5.2,4.0,3.7,Hotel,2017,11,0
6490,Krakow,Poland,42,6.5,3.0,4.0,Hotel,2017,11,0
6491,Krakow,Poland,59,5.5,3.0,4.0,Hotel,2017,11,0
6492,Krakow,Poland,104,6.1,4.0,4.6,Hotel,2017,11,0
6494,Lisbon,Portugal,86,0.7,4.0,4.6,Apartment,2017,11,0
6495,Lisbon,Portugal,59,0.9,4.0,4.0,Apartment,2017,11,0
6498,Lisbon,Portugal,73,0.5,,4.6,Apartment,2017,11,0
6499,Lisbon,Portugal,120,0.3,3.0,4.3,Apartment,2017,11,0
6500,Lisbon,Portugal,58,0.3,3.0,3.2,Guest House,2017,11,0
6501,Lisbon,Portugal,163,0.6,4.0,3.7,Apartment,2017,11,0
6503,Lisbon,Portugal,56,0.5,3.0,3.7,Guest House,2017,11,0
6505,Lisbon,Portugal,86,0.4,4.0,,Apartment,2017,11,0
6507,Lisbon,Portugal,144,0.4,4.0,4.5,Hotel,2017,11,0
6508,Lisbon,Portugal,58,0.7,3.0,3.0,Guest House,2017,11,0
6512,Lisbon,Portugal,102,0.5,4.0,2.5,Apartment,2017,11,0
6516,Lisbon,Portugal,53,0.3,2.0,4.0,Hostel,2017,11,0
6518,Lisbon,Portugal,184,0.3,4.0,4.8,Hotel,2017,11,0
6519,Lisbon,Portugal,73,0.5,,3.5,Apartment,2017,11,0
6520,Lisbon,Portugal,203,0.4,5.0,4.8,Hotel,2017,11,0
6521,Lisbon,Portugal,80,0.4,3.0,4.1,Guest House,2017,11,0
6522,Lisbon,Portugal,80,0.4,4.0,4.0,Apartment,2017,11,0
6523,Lisbon,Portugal,56,0.9,,2.7,Hostel,2017,11,0
6524,Lisbon,Portugal,90,0.5,3.0,4.8,Hotel,2017,11,0
6525,Lisbon,Portugal,34,0.4,2.0,2.9,Pension,2017,11,0
6526,Lisbon,Portugal,78,0.4,3.0,4.6,Apart-hotel,2017,11,0
6528,Lisbon,Portugal,63,0.5,2.0,4.4,Guest House,2017,11,0
6530,Lisbon,Portugal,182,0.4,4.0,4.8,Hotel,2017,11,0
6533,Lisbon,Portugal,336,0.5,5.0,4.8,Guest House,2017,11,0
6535,Lisbon,Portugal,69,3.4,4.0,4.3,Hotel,2017,11,0
6538,Lisbon,Portugal,60,7.8,,4.6,Guest House,2017,11,0
6539,Lisbon,Portugal,33,6.1,2.0,2.7,Hotel,2017,11,0
6540,Lisbon,Portugal,58,0.8,3.0,4.1,Hotel,2017,11,0
6541,Lisbon,Portugal,58,1.3,3.0,4.0,Guest House,2017,11,0
6543,Lisbon,Portugal,84,1.2,4.0,3.9,Hotel,2017,11,0
6544,Lisbon,Portugal,78,1.0,3.0,4.0,Hotel,2017,11,0
6545,Lisbon,Portugal,59,0.9,3.0,3.7,Hotel,2017,11,0
6546,Lisbon,Portugal,100,1.8,3.0,4.0,Hotel,2017,11,0
6547,Lisbon,Portugal,67,1.0,2.0,4.1,Hotel,2017,11,0
6548,Lisbon,Portugal,84,1.4,3.0,4.3,Hotel,2017,11,0
6549,Lisbon,Portugal,62,0.9,3.0,4.4,Guest House,2017,11,0
6550,Lisbon,Portugal,63,1.2,2.0,4.0,Hotel,2017,11,0
6551,Lisbon,Portugal,91,1.3,3.0,4.5,Guest House,2017,11,0
6553,Lisbon,Portugal,226,1.3,2.0,3.9,Hotel,2017,11,0
6555,Lisbon,Portugal,52,0.9,2.0,3.7,Bed and breakfast,2017,11,0
6557,Lisbon,Portugal,44,0.9,3.0,3.4,Guest House,2017,11,0
6558,Lisbon,Portugal,70,0.8,2.0,3.5,Hotel,2017,11,0
6559,Lisbon,Portugal,189,0.8,5.0,4.3,Hotel,2017,11,0
6561,Lisbon,Portugal,54,0.8,2.0,4.4,Hostel,2017,11,0
6562,Lisbon,Portugal,104,0.8,4.0,4.1,Hotel,2017,11,0
6563,Lisbon,Portugal,125,0.7,4.0,4.0,Hotel,2017,11,0
6564,Lisbon,Portugal,163,0.7,4.0,4.8,Hotel,2017,11,0
6565,Lisbon,Portugal,167,0.8,4.0,4.5,Hotel,2017,11,0
6566,Lisbon,Portugal,86,0.8,4.0,3.0,Apartment,2017,11,0
6567,Lisbon,Portugal,82,1.4,3.0,4.5,Guest House,2017,11,0
6568,Lisbon,Portugal,58,1.5,3.0,4.0,Guest House,2017,11,0
6569,Lisbon,Portugal,110,2.0,4.0,4.0,Hotel,2017,11,0
6571,Lisbon,Portugal,164,1.7,4.0,4.3,Hotel,2017,11,0
6572,Lisbon,Portugal,121,1.7,3.0,4.3,Hotel,2017,11,0
6573,Lisbon,Portugal,75,1.7,3.0,4.1,Hotel,2017,11,0
6574,Lisbon,Portugal,150,1.5,5.0,4.4,Hotel,2017,11,0
6575,Lisbon,Portugal,81,1.6,4.0,4.0,Hotel,2017,11,0
6576,Lisbon,Portugal,95,1.8,4.0,4.0,Hotel,2017,11,0
6577,Lisbon,Portugal,71,1.4,3.0,3.7,Hotel,2017,11,0
6578,Lisbon,Portugal,131,1.6,4.0,4.1,Apartment,2017,11,0
6579,Lisbon,Portugal,181,1.5,4.0,4.5,Hotel,2017,11,0
6580,Lisbon,Portugal,76,1.9,4.0,4.3,Apartment,2017,11,0
6582,Lisbon,Portugal,84,1.6,4.0,4.3,Hotel,2017,11,0
6584,Lisbon,Portugal,63,0.1,2.0,3.5,Hotel,2017,11,0
6585,Lisbon,Portugal,106,0.2,4.0,4.3,Apartment,2017,11,0
6586,Lisbon,Portugal,69,0.3,3.0,4.3,Guest House,2017,11,0
6587,Lisbon,Portugal,148,0.2,4.0,3.7,Apartment,2017,11,0
6588,Lisbon,Portugal,120,0.2,4.0,4.8,Apartment,2017,11,0
6589,Lisbon,Portugal,56,0.2,2.0,3.2,Hostel,2017,11,0
6590,Lisbon,Portugal,166,0.4,3.0,,Apartment,2017,11,0
6592,Lisbon,Portugal,81,0.2,3.0,3.9,Guest House,2017,11,0
6593,Lisbon,Portugal,85,0.2,2.0,4.4,Hostel,2017,11,0
6594,Lisbon,Portugal,120,0.1,3.0,3.7,Hotel,2017,11,0
6595,Lisbon,Portugal,106,0.1,3.0,3.5,Hotel,2017,11,0
6596,Lisbon,Portugal,199,0.1,3.0,4.5,Hotel,2017,11,0
6597,Lisbon,Portugal,146,0.1,4.0,4.4,Hotel,2017,11,0
6598,Lisbon,Portugal,75,0.3,3.0,4.3,Apartment,2017,11,0
6599,Lisbon,Portugal,69,0.1,2.0,3.0,Pension,2017,11,0
6600,Lisbon,Portugal,232,0.3,5.0,4.6,Pousada,2017,11,0
6601,Lisbon,Portugal,243,0.2,5.0,4.8,Hotel,2017,11,0
6602,Lisbon,Portugal,111,0.1,2.0,3.2,Hotel,2017,11,0
6603,Lisbon,Portugal,111,0.1,,4.5,Guest House,2017,11,0
6604,Lisbon,Portugal,237,0.2,5.0,4.5,Hotel,2017,11,0
6605,Lisbon,Portugal,69,0.1,3.0,3.5,Guest House,2017,11,0
6607,Lisbon,Portugal,162,0.1,4.0,4.4,Apartment,2017,11,0
6608,Lisbon,Portugal,110,0.4,4.0,3.0,Apartment,2017,11,0
6609,Lisbon,Portugal,58,0.0,2.0,2.4,Guest House,2017,11,0
6610,Lisbon,Portugal,225,0.1,4.0,4.5,Hotel,2017,11,0
6612,Lisbon,Portugal,164,0.3,4.0,4.3,Hotel,2017,11,0
6613,Lisbon,Portugal,105,0.3,3.0,4.0,Hotel,2017,11,0
6614,Lisbon,Portugal,131,0.2,4.0,4.8,Guest House,2017,11,0
6615,Lisbon,Portugal,58,0.1,2.0,3.0,Hostel,2017,11,0
6617,Lisbon,Portugal,106,0.3,3.0,4.3,Hotel,2017,11,0
6618,Lisbon,Portugal,205,0.2,4.0,4.8,Hotel,2017,11,0
6619,Lisbon,Portugal,143,0.2,3.0,4.5,Apartment,2017,11,0
6620,Lisbon,Portugal,190,0.1,4.0,4.5,Hotel,2017,11,0
6621,Lisbon,Portugal,176,0.2,4.0,4.6,Hotel,2017,11,0
6622,Lisbon,Portugal,96,0.2,3.0,3.7,Hotel,2017,11,0
6623,Lisbon,Portugal,40,0.4,2.0,3.5,Pension,2017,11,0
6624,Lisbon,Portugal,139,0.3,4.0,5.0,Apartment,2017,11,0
6625,Lisbon,Portugal,129,0.1,4.0,4.1,Apartment,2017,11,0
6626,Lisbon,Portugal,243,0.0,4.0,4.5,Hotel,2017,11,0
6627,Lisbon,Portugal,83,0.0,1.0,3.5,Hotel,2017,11,0
6629,Lisbon,Portugal,83,0.2,2.0,3.5,Hostel,2017,11,0
6631,Lisbon,Portugal,156,0.2,4.0,4.5,Hotel,2017,11,0
6632,Lisbon,Portugal,52,0.2,3.0,3.5,Guest House,2017,11,0
6633,Lisbon,Portugal,97,0.1,3.0,4.4,Hotel,2017,11,0
6634,Lisbon,Portugal,141,0.1,3.0,4.3,Hotel,2017,11,0
6635,Lisbon,Portugal,91,0.1,2.0,3.0,Hotel,2017,11,0
6637,Lisbon,Portugal,116,0.1,4.0,4.1,Hotel,2017,11,0
6639,Lisbon,Portugal,91,0.2,2.0,2.9,Guest House,2017,11,0
6641,Lisbon,Portugal,147,0.3,4.0,5.0,Apartment,2017,11,0
6642,Lisbon,Portugal,197,0.2,4.0,4.6,Apartment,2017,11,0
6643,Lisbon,Portugal,99,0.2,4.0,4.5,Hotel,2017,11,0
6644,Lisbon,Portugal,180,0.3,4.0,4.3,Hotel,2017,11,0
6645,Lisbon,Portugal,95,0.2,3.0,4.3,Apartment,2017,11,0
6646,Lisbon,Portugal,122,0.3,4.0,4.5,Hotel,2017,11,0
6647,Lisbon,Portugal,129,0.0,3.0,3.9,Bed and breakfast,2017,11,0
6648,Lisbon,Portugal,121,0.3,4.0,4.6,Guest House,2017,11,0
6649,Lisbon,Portugal,136,0.1,4.0,4.5,Hotel,2017,11,0
6650,Lisbon,Portugal,129,0.0,4.0,4.6,Hotel,2017,11,0
6651,Lisbon,Portugal,52,0.1,2.0,4.4,Hostel,2017,11,0
6653,Lisbon,Portugal,140,0.1,4.0,4.1,Hotel,2017,11,0
6654,Lisbon,Portugal,22,0.1,2.0,3.5,Hotel,2017,11,0
6655,Lisbon,Portugal,103,0.2,,4.3,Apartment,2017,11,0
6656,Lisbon,Portugal,139,0.1,4.0,,Apartment,2017,11,0
6657,Lisbon,Portugal,154,0.2,5.0,4.3,Apartment,2017,11,0
6658,Lisbon,Portugal,74,0.1,2.0,5.0,Hostel,2017,11,0
6659,Lisbon,Portugal,103,0.0,4.0,4.5,Apartment,2017,11,0
6660,Lisbon,Portugal,103,0.1,3.0,4.5,Apartment,2017,11,0
6662,Lisbon,Portugal,129,0.1,4.0,4.3,Hotel,2017,11,0
6663,Lisbon,Portugal,127,0.1,3.0,4.4,Hotel,2017,11,0
6665,Lisbon,Portugal,154,0.2,3.0,4.4,Hotel,2017,11,0
6666,Lisbon,Portugal,208,0.1,3.0,4.5,Inn,2017,11,0
6669,Lisbon,Portugal,224,4.1,5.0,4.6,Hotel,2017,11,0
6670,Lisbon,Portugal,55,3.6,2.0,,Guest House,2017,11,0
6671,Lisbon,Portugal,110,4.3,,4.0,Guest House,2017,11,0
6672,Lisbon,Portugal,219,4.3,5.0,4.5,Hotel,2017,11,0
6674,Lisbon,Portugal,112,3.7,4.0,4.3,Hotel,2017,11,0
6675,Lisbon,Portugal,58,3.2,2.0,4.6,Hostel,2017,11,0
6676,Lisbon,Portugal,61,3.6,2.0,4.0,Pension,2017,11,0
6679,Lisbon,Portugal,34,3.7,2.0,4.3,Hostel,2017,11,0
6680,Lisbon,Portugal,50,14.0,3.0,3.9,Apart-hotel,2017,11,0
6681,Lisbon,Portugal,90,11.0,4.0,3.9,Hotel,2017,11,0
6683,Lisbon,Portugal,55,11.0,2.0,4.0,Hostel,2017,11,0
6685,Lisbon,Portugal,57,11.0,2.0,4.0,Hostel,2017,11,0
6686,Lisbon,Portugal,62,11.0,4.0,2.9,Hotel,2017,11,0
6687,Lisbon,Portugal,84,16.0,4.0,4.0,Apart-hotel,2017,11,0
6689,Lisbon,Portugal,100,16.0,5.0,4.8,Guest House,2017,11,0
6690,Lisbon,Portugal,46,18.0,3.0,3.0,Caravan Park,2017,11,0
6691,Lisbon,Portugal,168,18.0,5.0,4.3,Hotel,2017,11,0
6692,Lisbon,Portugal,163,17.0,5.0,4.5,Hotel,2017,11,0
6693,Lisbon,Portugal,68,18.0,4.0,3.2,Hotel,2017,11,0
6694,Lisbon,Portugal,114,17.0,5.0,4.3,Apart-hotel,2017,11,0
6695,Lisbon,Portugal,52,15.0,3.0,4.6,Guest House,2017,11,0
6696,Lisbon,Portugal,171,18.0,5.0,4.4,Hotel,2017,11,0
6697,Lisbon,Portugal,58,16.0,3.0,4.3,Guest House,2017,11,0
6698,Lisbon,Portugal,46,17.0,3.0,4.8,Guest House,2017,11,0
6699,Lisbon,Portugal,134,17.0,5.0,4.3,Hotel,2017,11,0
6702,Lisbon,Portugal,69,17.0,2.0,4.0,Cabin / Lodge,2017,11,0
6704,Lisbon,Portugal,83,17.0,4.0,4.4,Resort,2017,11,0
6705,Lisbon,Portugal,103,16.0,4.0,4.5,Hotel,2017,11,0
6706,Lisbon,Portugal,167,15.0,5.0,4.5,Hotel,2017,11,0
6707,Lisbon,Portugal,56,16.0,3.0,3.2,Hotel,2017,11,0
6708,Lisbon,Portugal,93,15.0,3.0,4.0,Hotel,2017,11,0
6709,Lisbon,Portugal,168,15.0,5.0,4.8,Hotel,2017,11,0
6711,Lisbon,Portugal,108,15.0,4.0,4.6,Bed and breakfast,2017,11,0
6712,Lisbon,Portugal,161,15.0,5.0,4.5,Pousada,2017,11,0
6713,Lisbon,Portugal,100,16.0,4.0,4.5,Guest House,2017,11,0
6714,Lisbon,Portugal,151,15.0,4.0,4.5,Guest House,2017,11,0
6715,Lisbon,Portugal,179,15.0,5.0,4.5,Hotel,2017,11,0
6716,Lisbon,Portugal,78,15.0,3.0,4.5,Bed and breakfast,2017,11,0
6717,Lisbon,Portugal,229,16.0,5.0,4.8,Hotel,2017,11,0
6718,Lisbon,Portugal,92,16.0,4.0,4.0,Apart-hotel,2017,11,0
6719,Lisbon,Portugal,52,16.0,2.0,4.0,Hostel,2017,11,0
6720,Lisbon,Portugal,78,15.0,3.0,3.7,Hotel,2017,11,0
6721,Lisbon,Portugal,140,0.3,3.0,4.8,Bed and breakfast,2017,11,0
6723,Lisbon,Portugal,75,0.4,3.0,4.3,Guest House,2017,11,0
6724,Lisbon,Portugal,188,0.4,5.0,4.5,Hotel,2017,11,0
6725,Lisbon,Portugal,183,0.3,4.0,4.6,Hotel,2017,11,0
6726,Lisbon,Portugal,58,0.2,2.0,3.2,Hostel,2017,11,0
6727,Lisbon,Portugal,255,0.2,4.0,4.8,Apart-hotel,2017,11,0
6728,Lisbon,Portugal,137,0.3,4.0,3.7,Apartment,2017,11,0
6729,Lisbon,Portugal,132,0.2,4.0,4.5,Bed and breakfast,2017,11,0
6731,Lisbon,Portugal,141,0.2,3.0,3.5,Hotel,2017,11,0
6732,Lisbon,Portugal,169,0.2,4.0,4.5,Guest House,2017,11,0
6733,Lisbon,Portugal,110,0.2,3.0,4.1,Hotel,2017,11,0
6734,Lisbon,Portugal,54,0.2,,3.5,Guest House,2017,11,0
6736,Lisbon,Portugal,104,0.4,3.0,3.7,Hotel,2017,11,0
6737,Lisbon,Portugal,169,0.3,4.0,,Apartment,2017,11,0
6739,Lisbon,Portugal,141,0.3,,4.8,Apartment,2017,11,0
6740,Lisbon,Portugal,88,0.2,3.0,5.0,Apartment,2017,11,0
6741,Lisbon,Portugal,81,0.3,4.0,3.9,Guest House,2017,11,0
6742,Lisbon,Portugal,146,0.4,4.0,4.5,Apart-hotel,2017,11,0
6743,Lisbon,Portugal,83,0.2,4.0,4.3,Guest House,2017,11,0
6745,Lisbon,Portugal,58,7.0,3.0,3.9,Hotel,2017,11,0
6746,Lisbon,Portugal,39,6.7,3.0,3.7,Caravan Park,2017,11,0
6747,Lisbon,Portugal,80,7.2,4.0,3.5,Hotel,2017,11,0
6748,Lisbon,Portugal,84,6.4,4.0,4.0,Apart-hotel,2017,11,0
6749,Lisbon,Portugal,30,7.1,2.0,2.9,Hotel,2017,11,0
6750,Lisbon,Portugal,40,6.7,2.0,4.0,Hostel,2017,11,0
6751,Lisbon,Portugal,46,7.1,2.0,3.7,Hotel,2017,11,0
6752,Lisbon,Portugal,46,7.1,,5.0,Guest House,2017,11,0
6753,Lisbon,Portugal,60,2.2,3.0,3.2,Hotel,2017,11,0
6754,Lisbon,Portugal,96,2.1,5.0,3.7,Hotel,2017,11,0
6755,Lisbon,Portugal,86,2.5,4.0,3.7,Hotel,2017,11,0
6756,Lisbon,Portugal,63,2.1,3.0,3.7,Hotel,2017,11,0
6757,Lisbon,Portugal,93,2.6,4.0,4.0,Hotel,2017,11,0
6759,Lisbon,Portugal,63,2.2,3.0,3.5,Hotel,2017,11,0
6760,Lisbon,Portugal,93,2.1,4.0,3.9,Hotel,2017,11,0
6761,Lisbon,Portugal,146,2.1,4.0,4.0,Hotel,2017,11,0
6762,Lisbon,Portugal,109,2.5,4.0,4.0,Hotel,2017,11,0
6763,Lisbon,Portugal,64,14.0,4.0,4.0,Apart-hotel,2017,11,0
6764,Lisbon,Portugal,90,15.0,4.0,3.9,Apart-hotel,2017,11,0
6766,Lisbon,Portugal,55,14.0,3.0,3.7,Hotel,2017,11,0
6768,Lisbon,Portugal,52,14.0,2.0,3.4,Hotel,2017,11,0
6769,Lisbon,Portugal,153,14.0,5.0,4.9,Hotel,2017,11,0
6770,Lisbon,Portugal,39,14.0,,4.8,Hostel,2017,11,0
6771,Lisbon,Portugal,87,14.0,4.0,4.0,Hotel,2017,11,0
6772,Lisbon,Portugal,49,14.0,3.0,4.4,Bed and breakfast,2017,11,0
6773,Lisbon,Portugal,52,15.0,3.0,3.9,Hotel,2017,11,0
6774,Lisbon,Portugal,90,14.0,4.0,4.6,Country House,2017,11,0
6775,Lisbon,Portugal,78,14.0,4.0,3.7,Hotel,2017,11,0
6776,Lisbon,Portugal,46,14.0,3.0,4.1,Hotel,2017,11,0
6777,Lisbon,Portugal,112,14.0,4.0,4.5,Bed and breakfast,2017,11,0
6778,Lisbon,Portugal,178,14.0,5.0,4.6,Hotel,2017,11,0
6779,Lisbon,Portugal,70,14.0,3.0,3.9,Hotel,2017,11,0
6780,Lisbon,Portugal,40,14.0,3.0,3.5,Hotel,2017,11,0
6781,Lisbon,Portugal,116,14.0,4.0,3.9,Hotel,2017,11,0
6782,Lisbon,Portugal,113,4.1,3.0,4.4,Hotel,2017,11,0
6783,Lisbon,Portugal,185,4.1,4.0,4.5,Hotel,2017,11,0
6784,Lisbon,Portugal,102,2.1,4.0,4.4,Hotel,2017,11,0
6786,Lisbon,Portugal,68,3.4,3.0,2.9,Hotel,2017,11,0
6787,Lisbon,Portugal,114,1.8,4.0,4.0,Hotel,2017,11,0
6788,Lisbon,Portugal,208,2.4,5.0,4.5,Hotel,2017,11,0
6789,Lisbon,Portugal,87,2.0,4.0,4.0,Hotel,2017,11,0
6790,Lisbon,Portugal,98,2.3,4.0,4.1,Hotel,2017,11,0
6791,Lisbon,Portugal,114,3.4,4.0,4.0,Hotel,2017,11,0
6793,Lisbon,Portugal,67,3.0,3.0,4.1,Guest House,2017,11,0
6794,Lisbon,Portugal,122,1.9,4.0,4.5,Hotel,2017,11,0
6795,Lisbon,Portugal,75,2.3,3.0,4.1,Hotel,2017,11,0
6796,Lisbon,Portugal,157,2.8,4.0,4.0,Hotel,2017,11,0
6797,Lisbon,Portugal,56,3.9,3.0,3.9,Hotel,2017,11,0
6798,Lisbon,Portugal,49,2.2,1.0,4.0,Hostel,2017,11,0
6799,Lisbon,Portugal,60,1.8,2.0,3.7,Hotel,2017,11,0
6802,Lisbon,Portugal,106,3.7,4.0,4.3,Apartment,2017,11,0
6804,Lisbon,Portugal,127,2.4,4.0,4.0,Hotel,2017,11,0
6810,Lisbon,Portugal,202,2.1,4.0,4.5,Hotel,2017,11,0
6812,Lisbon,Portugal,84,1.2,4.0,3.7,Apart-hotel,2017,11,0
6813,Lisbon,Portugal,60,2.1,2.0,4.1,Hotel,2017,11,0
6814,Lisbon,Portugal,88,2.1,4.0,4.1,Hotel,2017,11,0
6815,Lisbon,Portugal,94,1.6,4.0,3.9,Hotel,2017,11,0
6816,Lisbon,Portugal,147,0.6,4.0,4.5,Hotel,2017,11,0
6817,Lisbon,Portugal,176,0.6,5.0,4.5,Hotel,2017,11,0
6818,Lisbon,Portugal,199,0.6,5.0,4.5,Hotel,2017,11,0
6819,Lisbon,Portugal,300,0.6,5.0,4.8,Hotel,2017,11,0
6820,Lisbon,Portugal,312,0.6,,5.0,Apartment,2017,11,0
6821,Lisbon,Portugal,184,0.4,4.0,4.8,Hotel,2017,11,0
6822,Lisbon,Portugal,179,0.4,4.0,4.6,Hotel,2017,11,0
6823,Lisbon,Portugal,172,0.7,4.0,4.9,Guest House,2017,11,0
6826,Lisbon,Portugal,128,0.4,4.0,4.6,Apartment,2017,11,0
6827,Lisbon,Portugal,87,0.6,3.0,4.0,Apartment,2017,11,0
6828,Lisbon,Portugal,60,0.8,4.0,4.1,Apartment,2017,11,0
6829,Lisbon,Portugal,58,0.3,3.0,4.5,Guest House,2017,11,0
6830,Lisbon,Portugal,58,0.5,,2.9,Hostel,2017,11,0
6831,Lisbon,Portugal,181,0.5,4.0,4.8,Apartment,2017,11,0
6835,Lisbon,Portugal,101,0.5,4.0,4.0,Apartment,2017,11,0
6836,Lisbon,Portugal,139,0.4,5.0,3.7,Apartment,2017,11,0
6837,Lisbon,Portugal,163,0.6,4.0,4.8,Hotel,2017,11,0
6838,Lisbon,Portugal,107,0.5,4.0,3.7,Apartment,2017,11,0
6839,Lisbon,Portugal,182,0.3,4.0,4.4,Apart-hotel,2017,11,0
6840,Lisbon,Portugal,98,0.6,,4.1,Apartment,2017,11,0
6841,Lisbon,Portugal,69,0.3,2.0,3.4,Hostel,2017,11,0
6842,Lisbon,Portugal,120,0.2,4.0,4.1,Hotel,2017,11,0
6843,Lisbon,Portugal,84,0.5,,4.4,Apartment,2017,11,0
6845,Lisbon,Portugal,59,0.6,2.0,4.5,Hostel,2017,11,0
6847,Lisbon,Portugal,80,0.3,2.0,4.5,Hostel,2017,11,0
6848,Lisbon,Portugal,102,0.3,4.0,3.9,Apart-hotel,2017,11,0
6850,Lisbon,Portugal,146,0.8,4.0,5.0,Apartment,2017,11,0
6851,Lisbon,Portugal,580,0.4,4.0,4.5,Guest House,2017,11,0
6853,Lisbon,Portugal,92,0.7,3.0,4.0,Hotel,2017,11,0
6855,Lisbon,Portugal,48,1.0,2.0,4.0,Guest House,2017,11,0
6856,Lisbon,Portugal,92,0.8,3.0,4.8,Bed and breakfast,2017,11,0
6857,Lisbon,Portugal,95,0.6,4.0,4.0,Apartment,2017,11,0
6860,Lisbon,Portugal,150,0.4,4.0,4.6,Hotel,2017,11,0
6861,Lisbon,Portugal,32,0.3,2.0,3.7,Hotel,2017,11,0
6862,Lisbon,Portugal,88,0.3,4.0,,Apartment,2017,11,0
6866,Lisbon,Portugal,126,1.2,4.0,4.0,Hotel,2017,11,0
6868,Lisbon,Portugal,208,0.7,4.0,5.0,Apartment,2017,11,0
6869,Lisbon,Portugal,138,0.7,4.0,4.5,Apartment,2017,11,0
6871,Lisbon,Portugal,34,1.1,2.0,3.5,Hostel,2017,11,0
6872,Lisbon,Portugal,58,1.0,2.0,3.2,Hotel,2017,11,0
6874,Lisbon,Portugal,63,1.4,2.0,3.5,Hotel,2017,11,0
6875,Lisbon,Portugal,53,1.1,1.0,3.7,Hostel,2017,11,0
6876,Lisbon,Portugal,80,1.1,3.0,4.0,Hotel,2017,11,0
6877,Lisbon,Portugal,49,0.9,2.0,2.0,Guest House,2017,11,0
6878,Lisbon,Portugal,46,0.9,2.0,4.0,Hostel,2017,11,0
6880,Lisbon,Portugal,121,0.7,3.0,4.5,Guest House,2017,11,0
6882,Lisbon,Portugal,37,1.5,2.0,3.5,Guest House,2017,11,0
6883,Lisbon,Portugal,37,1.5,2.0,3.7,Hostel,2017,11,0
6884,Lisbon,Portugal,90,0.5,3.0,4.3,Apartment,2017,11,0
6885,Lisbon,Portugal,106,0.5,4.0,4.5,Bed and breakfast,2017,11,0
6886,Lisbon,Portugal,81,1.3,2.0,3.5,Hotel,2017,11,0
6887,Lisbon,Portugal,61,1.3,2.0,4.9,Guest House,2017,11,0
6888,Lisbon,Portugal,90,1.1,3.0,4.0,Hotel,2017,11,0
6889,Lisbon,Portugal,118,0.6,,3.2,Apartment,2017,11,0
6891,Lisbon,Portugal,90,0.3,3.0,4.0,Hotel,2017,11,0
6896,Lisbon,Portugal,109,1.2,4.0,4.1,Hotel,2017,11,0
6897,Lisbon,Portugal,127,0.6,3.0,5.0,Apartment,2017,11,0
6899,Lisbon,Portugal,126,0.2,,4.0,Guest House,2017,11,0
6900,Lisbon,Portugal,53,0.6,2.0,4.1,Pension,2017,11,0
6902,Lisbon,Portugal,134,0.5,4.0,4.3,Apartment,2017,11,0
6904,Lisbon,Portugal,66,0.7,2.0,4.5,Bed and breakfast,2017,11,0
6907,Lisbon,Portugal,165,0.5,4.0,,Apartment,2017,11,0
6908,Lisbon,Portugal,121,0.4,,4.8,Hostel,2017,11,0
6909,Lisbon,Portugal,100,0.4,4.0,3.9,Bed and breakfast,2017,11,0
6910,Lisbon,Portugal,102,0.4,3.0,3.7,Hotel,2017,11,0
6911,Lisbon,Portugal,88,0.4,2.0,2.7,Guest House,2017,11,0
6912,Lisbon,Portugal,92,0.4,4.0,4.6,Apartment,2017,11,0
6913,Lisbon,Portugal,46,0.4,2.0,3.2,Pension,2017,11,0
6914,Lisbon,Portugal,145,0.3,4.0,4.3,Hotel,2017,11,0
6915,Lisbon,Portugal,68,0.7,,,Bed and breakfast,2017,11,0
6917,Lisbon,Portugal,63,0.5,,4.1,Guest House,2017,11,0
6918,Lisbon,Portugal,60,0.3,3.0,4.3,Bed and breakfast,2017,11,0
6919,Lisbon,Portugal,62,0.3,3.0,3.5,Bed and breakfast,2017,11,0
6920,Lisbon,Portugal,225,0.4,5.0,5.0,Hotel,2017,11,0
6924,Lisbon,Portugal,136,0.7,4.0,4.5,Apartment,2017,11,0
6925,Lisbon,Portugal,365,0.5,5.0,,Hotel,2017,11,0
6926,Lisbon,Portugal,58,0.9,1.0,,Hostel,2017,11,0
6927,Lisbon,Portugal,157,0.8,4.0,4.3,Apartment,2017,11,0
6928,Lisbon,Portugal,105,0.4,4.0,4.4,Apartment,2017,11,0
6929,Lisbon,Portugal,118,0.8,4.0,,Hotel,2017,11,0
6930,Lisbon,Portugal,87,0.8,3.0,4.3,Hotel,2017,11,0
6932,Lisbon,Portugal,114,1.3,4.0,4.1,Bed and breakfast,2017,11,0
6933,Lisbon,Portugal,84,0.5,4.0,4.0,Apartment,2017,11,0
6934,Lisbon,Portugal,108,0.5,4.0,4.3,Vacation home Condo,2017,11,0
6935,Lisbon,Portugal,148,0.4,4.0,4.4,Apartment,2017,11,0
6936,Lisbon,Portugal,175,0.4,4.0,4.9,Apartment,2017,11,0
6937,Lisbon,Portugal,75,0.3,3.0,3.7,Apartment,2017,11,0
6938,Lisbon,Portugal,117,0.3,4.0,4.6,Guest House,2017,11,0
6939,Lisbon,Portugal,91,0.5,3.0,3.9,Apartment,2017,11,0
6940,Lisbon,Portugal,166,0.5,4.0,4.4,Hotel,2017,11,0
6943,Lisbon,Portugal,191,0.3,5.0,4.5,Apart-hotel,2017,11,0
6944,Lisbon,Portugal,69,0.3,2.0,,Hostel,2017,11,0
6945,Lisbon,Portugal,348,1.4,5.0,4.9,Hotel,2017,11,0
6946,Lisbon,Portugal,52,0.5,2.0,3.7,Hostel,2017,11,0
6951,Lisbon,Portugal,54,0.8,3.0,3.0,Hotel,2017,11,0
6954,Lisbon,Portugal,174,0.5,4.0,4.8,Guest House,2017,11,0
6955,Lisbon,Portugal,78,0.4,4.0,3.2,Guest House,2017,11,0
6957,Lisbon,Portugal,114,0.5,4.0,4.4,Guest House,2017,11,0
6958,Lisbon,Portugal,86,0.4,3.0,2.5,Apartment,2017,11,0
6959,Lisbon,Portugal,45,0.4,2.0,3.9,Hostel,2017,11,0
6960,Lisbon,Portugal,188,0.4,4.0,,Apartment,2017,11,0
6961,Lisbon,Portugal,111,0.3,4.0,4.1,Apartment,2017,11,0
6963,Lisbon,Portugal,65,0.6,,4.4,Guest House,2017,11,0
6965,Lisbon,Portugal,121,0.5,3.0,4.4,Bed and breakfast,2017,11,0
6967,Lisbon,Portugal,82,0.6,4.0,4.5,Bed and breakfast,2017,11,0
6968,Lisbon,Portugal,39,0.4,2.0,,Hostel,2017,11,0
6969,Lisbon,Portugal,121,0.6,4.0,4.4,Apartment,2017,11,0
6970,Lisbon,Portugal,75,1.1,3.0,4.5,Bed and breakfast,2017,11,0
6971,Lisbon,Portugal,136,0.6,4.0,4.4,Hotel,2017,11,0
6972,Lisbon,Portugal,80,0.3,4.0,4.0,Apartment,2017,11,0
6973,Lisbon,Portugal,81,0.3,2.0,3.5,Guest House,2017,11,0
6980,Lisbon,Portugal,76,9.2,4.0,3.9,Hotel,2017,11,0
6981,Lisbon,Portugal,40,9.1,2.0,5.0,Pension,2017,11,0
6982,Lisbon,Portugal,98,5.2,3.0,4.0,Hotel,2017,11,0
6983,Lisbon,Portugal,95,1.1,3.0,3.9,Hotel,2017,11,0
6984,Lisbon,Portugal,38,1.1,2.0,4.0,Bed and breakfast,2017,11,0
6985,Lisbon,Portugal,111,1.3,4.0,4.3,Hotel,2017,11,0
6986,Lisbon,Portugal,74,1.1,3.0,3.7,Hotel,2017,11,0
6987,Lisbon,Portugal,121,1.3,3.0,3.5,Hotel,2017,11,0
6988,Lisbon,Portugal,126,1.0,4.0,4.0,Hotel,2017,11,0
6990,Lisbon,Portugal,112,1.0,3.0,4.0,Hotel,2017,11,0
6991,Lisbon,Portugal,197,1.1,4.0,4.5,Hotel,2017,11,0
6992,Lisbon,Portugal,69,1.2,3.0,3.0,Hotel,2017,11,0
6993,Lisbon,Portugal,156,1.2,4.0,4.6,Hotel,2017,11,0
6994,Lisbon,Portugal,157,0.9,4.0,4.5,Hotel,2017,11,0
6995,Lisbon,Portugal,123,1.3,3.0,4.0,Hotel,2017,11,0
6996,Lisbon,Portugal,96,1.1,4.0,4.3,Hotel,2017,11,0
6997,Lisbon,Portugal,58,1.0,2.0,,Guest House,2017,11,0
6998,Lisbon,Portugal,105,0.9,3.0,4.0,Hotel,2017,11,0
6999,Lisbon,Portugal,50,0.9,2.0,3.5,Hostel,2017,11,0
7000,Lisbon,Portugal,114,1.1,3.0,4.0,Hotel,2017,11,0
7001,Lisbon,Portugal,172,1.1,5.0,4.1,Hotel,2017,11,0
7002,Lisbon,Portugal,69,1.2,3.0,4.4,Guest House,2017,11,0
7003,Lisbon,Portugal,86,1.1,4.0,3.7,Hotel,2017,11,0
7004,Lisbon,Portugal,162,1.4,5.0,4.5,Hotel,2017,11,0
7005,Lisbon,Portugal,62,1.2,,4.4,Guest House,2017,11,0
7006,Lisbon,Portugal,81,1.1,3.0,4.5,Bed and breakfast,2017,11,0
7007,Lisbon,Portugal,84,1.0,4.0,4.0,Hotel,2017,11,0
7009,Lisbon,Portugal,103,1.0,4.0,4.5,Hotel,2017,11,0
7010,Lisbon,Portugal,92,1.1,4.0,3.7,Apartment,2017,11,0
7011,Lisbon,Portugal,92,1.2,3.0,4.3,Hotel,2017,11,0
7012,Lisbon,Portugal,95,1.1,3.0,4.4,Hotel,2017,11,0
7013,Lisbon,Portugal,107,1.1,3.0,4.5,Hotel,2017,11,0
7014,Lisbon,Portugal,592,1.3,5.0,4.6,Hotel,2017,11,0
7015,Lisbon,Portugal,60,1.0,2.0,4.6,Hostel,2017,11,0
7016,Lisbon,Portugal,60,1.0,3.0,3.2,Hotel,2017,11,0
7019,Lisbon,Portugal,99,1.3,4.0,3.9,Hotel,2017,11,0
7020,Lisbon,Portugal,87,0.9,1.0,3.2,Hotel,2017,11,0
7021,Lisbon,Portugal,44,9.9,3.0,3.5,Hotel,2017,11,0
7022,Lisbon,Portugal,75,8.7,3.0,4.1,Hotel,2017,11,0
7023,Lisbon,Portugal,67,7.9,4.0,3.9,Hotel,2017,11,0
7024,Lisbon,Portugal,145,6.5,4.0,3.0,Hotel,2017,11,0
7025,Lisbon,Portugal,174,8.3,5.0,4.6,Hotel,2017,11,0
7026,Lisbon,Portugal,82,8.1,4.0,4.1,Hotel,2017,11,0
7028,Lisbon,Portugal,129,9.2,4.0,4.5,Hotel,2017,11,0
7030,Lisbon,Portugal,141,5.8,4.0,4.5,Apart-hotel,2017,11,0
7033,Lisbon,Portugal,98,4.4,3.0,4.0,Hotel,2017,11,0
7034,Lisbon,Portugal,120,4.3,4.0,4.0,Hotel,2017,11,0
7035,Lisbon,Portugal,226,4.5,4.0,4.1,Hotel,2017,11,0
7036,Lisbon,Portugal,87,4.7,4.0,3.7,Hotel,2017,11,0
7037,Lisbon,Portugal,105,4.8,4.0,4.5,Apartment,2017,11,0
7038,Lisbon,Portugal,135,4.2,4.0,4.4,Hotel,2017,11,0
7039,Lisbon,Portugal,274,5.0,5.0,4.8,Hotel,2017,11,0
7040,Lisbon,Portugal,62,4.5,3.0,4.4,Apartment,2017,11,0
7041,Lisbon,Portugal,184,4.4,4.0,,Apartment,2017,11,0
7043,Lisbon,Portugal,80,4.6,3.0,4.3,Hotel,2017,11,0
7044,Lisbon,Portugal,87,0.6,3.0,4.0,Guest House,2017,11,0
7045,Lisbon,Portugal,107,0.7,4.0,4.5,Bed and breakfast,2017,11,0
7046,Lisbon,Portugal,271,0.6,5.0,4.8,Hotel,2017,11,0
7047,Lisbon,Portugal,208,0.6,3.0,3.7,Hotel,2017,11,0
7049,Lisbon,Portugal,113,0.6,4.0,3.7,Hotel,2017,11,0
7050,Lisbon,Portugal,96,0.9,3.0,4.3,Apartment,2017,11,0
7052,Lisbon,Portugal,56,0.6,2.0,4.3,Hostel,2017,11,0
7057,Lisbon,Portugal,52,1.6,1.0,4.0,Hotel,2017,11,0
7058,Lisbon,Portugal,118,1.5,4.0,4.5,Hotel,2017,11,0
7060,Lisbon,Portugal,81,1.5,4.0,4.1,Hotel,2017,11,0
7061,Lisbon,Portugal,72,1.8,3.0,4.0,Hotel,2017,11,0
7062,Lisbon,Portugal,112,1.6,3.0,4.5,Hotel,2017,11,0
7064,Lisbon,Portugal,68,1.6,3.0,2.9,Hotel,2017,11,0
7065,Lisbon,Portugal,68,1.6,3.0,2.9,Guest House,2017,11,0
7066,Lisbon,Portugal,73,1.9,2.0,3.4,Hotel,2017,11,0
7067,Lisbon,Portugal,68,1.4,2.0,4.4,Hotel,2017,11,0
7068,Lisbon,Portugal,63,1.5,2.0,4.0,Guest House,2017,11,0
7069,Lisbon,Portugal,95,1.5,4.0,4.5,Hotel,2017,11,0
7070,Lisbon,Portugal,147,1.3,4.0,4.0,Hotel,2017,11,0
7071,Lisbon,Portugal,86,1.4,4.0,3.7,Hotel,2017,11,0
7072,Lisbon,Portugal,63,1.5,2.0,3.0,Guest House,2017,11,0
7073,Lisbon,Portugal,97,1.5,4.0,4.0,Hotel,2017,11,0
7074,Lisbon,Portugal,184,1.4,5.0,4.4,Hotel,2017,11,0
7075,Lisbon,Portugal,66,1.5,2.0,3.5,Hostel,2017,11,0
7077,Lisbon,Portugal,48,1.5,2.0,3.4,Pension,2017,11,0
7078,Lisbon,Portugal,95,1.4,3.0,4.0,Hotel,2017,11,0
7080,Lisbon,Portugal,192,1.4,5.0,4.6,Hotel,2017,11,0
7081,Lisbon,Portugal,45,1.1,3.0,3.4,Guest House,2017,11,0
7082,Lisbon,Portugal,45,1.1,3.0,3.5,Guest House,2017,11,0
7083,Lisbon,Portugal,118,0.9,3.0,4.3,Hotel,2017,11,0
7085,Lisbon,Portugal,33,0.8,2.0,3.4,Hostel,2017,11,0
7086,Lisbon,Portugal,160,0.9,4.0,4.5,Apartment,2017,11,0
7087,Lisbon,Portugal,137,0.8,5.0,4.5,Hotel,2017,11,0
7088,Lisbon,Portugal,204,0.9,5.0,4.3,Hotel,2017,11,0
7089,Lisbon,Portugal,66,1.1,3.0,3.2,Hotel,2017,11,0
7090,Lisbon,Portugal,44,1.1,3.0,2.5,Hotel,2017,11,0
7091,Lisbon,Portugal,74,1.1,4.0,3.7,Hotel,2017,11,0
7092,Lisbon,Portugal,63,1.2,2.0,3.0,Hotel,2017,11,0
7093,Lisbon,Portugal,58,1.1,2.0,4.1,Bed and breakfast,2017,11,0
7094,Lisbon,Portugal,117,1.0,4.0,4.5,Hotel,2017,11,0
7095,Lisbon,Portugal,102,1.0,4.0,4.3,Apartment,2017,11,0
7096,Lisbon,Portugal,49,1.0,3.0,4.3,Hotel,2017,11,0
7097,Lisbon,Portugal,186,0.9,5.0,4.3,Hotel,2017,11,0
7098,Lisbon,Portugal,128,0.9,4.0,4.5,Apart-hotel,2017,11,0
7099,Lisbon,Portugal,109,1.1,4.0,4.1,Apart-hotel,2017,11,0
7100,Lisbon,Portugal,148,0.9,4.0,4.5,Hotel,2017,11,0
7101,Lisbon,Portugal,159,0.9,5.0,4.6,Hotel,2017,11,0
7102,Lisbon,Portugal,53,1.0,2.0,4.8,Guest House,2017,11,0
7104,Lisbon,Portugal,164,0.8,4.0,,Apartment,2017,11,0
7105,Lisbon,Portugal,58,1.2,3.0,3.2,Hotel,2017,11,0
7106,Lisbon,Portugal,122,1.2,3.0,3.9,Guest House,2017,11,0
7107,Lisbon,Portugal,126,1.2,4.0,4.3,Hotel,2017,11,0
7110,Lisbon,Portugal,174,0.9,4.0,4.8,Guest House,2017,11,0
7112,Lisbon,Portugal,176,1.3,4.0,4.5,Guest House,2017,11,0
7113,Lisbon,Portugal,81,0.9,3.0,4.0,Apartment,2017,11,0
7114,Lisbon,Portugal,161,1.3,4.0,4.8,Hotel,2017,11,0
7115,Lisbon,Portugal,59,1.1,4.0,3.7,Apartment,2017,11,0
7118,Lisbon,Portugal,91,7.8,4.0,4.5,Hotel,2017,11,0
7119,Lisbon,Portugal,38,5.8,2.0,3.5,Guest House,2017,11,0
7120,Lisbon,Portugal,34,5.6,2.0,5.0,Guest House,2017,11,0
7121,Lisbon,Portugal,87,15.0,4.0,3.9,Country House,2017,11,0
7122,Lisbon,Portugal,52,18.0,3.0,3.9,Guest House,2017,11,0
7123,Lisbon,Portugal,70,15.0,3.0,4.1,Bed and breakfast,2017,11,0
7124,Lisbon,Portugal,65,20.0,3.0,4.3,Hotel,2017,11,0
7125,Lisbon,Portugal,52,15.0,3.0,4.6,Guest House,2017,11,0
7126,Lisbon,Portugal,179,15.0,4.0,4.0,Country House,2017,11,0
7128,Lisbon,Portugal,69,19.0,3.0,3.7,Apartment,2017,11,0
7129,Lisbon,Portugal,56,13.0,2.0,4.0,Hotel,2017,11,0
7130,Lisbon,Portugal,33,19.0,3.0,3.0,Hotel,2017,11,0
7131,Lisbon,Portugal,87,16.0,3.0,3.7,Guest House,2017,11,0
7132,Lisbon,Portugal,89,15.0,3.0,4.5,Guest House,2017,11,0
7133,Lisbon,Portugal,63,16.0,4.0,4.3,Country House,2017,11,0
7135,Lisbon,Portugal,178,14.0,5.0,4.8,Hotel,2017,11,0
7136,Lisbon,Portugal,156,15.0,4.0,5.0,Country House,2017,11,0
7137,Lisbon,Portugal,928,16.0,4.0,,Vacation home Condo,2017,11,0
7138,Lisbon,Portugal,63,13.0,3.0,,Bed and breakfast,2017,11,0
7140,Lisbon,Portugal,123,7.0,4.0,4.3,Pousada,2017,11,0
7141,Lisbon,Portugal,106,15.0,4.0,3.7,Hotel,2017,11,0
7142,Lisbon,Portugal,83,13.0,4.0,4.0,Hotel,2017,11,0
7144,Lisbon,Portugal,63,15.0,2.0,4.5,Hostel,2017,11,0
7145,Lisbon,Portugal,417,15.0,5.0,4.8,Hotel,2017,11,0
7146,Lisbon,Portugal,141,16.0,4.0,4.6,Country House,2017,11,0
7147,Lisbon,Portugal,170,15.0,5.0,4.3,Hotel,2017,11,0
7150,Lisbon,Portugal,68,15.0,3.0,4.8,Guest House,2017,11,0
7151,Lisbon,Portugal,104,11.0,4.0,4.5,Bed and breakfast,2017,11,0
7152,Lisbon,Portugal,76,14.0,3.0,4.0,Bed and breakfast,2017,11,0
7154,Lisbon,Portugal,63,15.0,,4.3,Hostel,2017,11,0
7155,Lisbon,Portugal,113,15.0,3.0,4.6,Hotel,2017,11,0
7156,Lisbon,Portugal,126,15.0,4.0,4.8,Hotel,2017,11,0
7157,Lisbon,Portugal,56,15.0,3.0,4.4,Apartment,2017,11,0
7158,Lisbon,Portugal,208,19.0,4.0,4.0,Guest House,2017,11,0
7159,Lisbon,Portugal,81,15.0,3.0,4.5,Guest House,2017,11,0
7160,Lisbon,Portugal,75,15.0,4.0,4.5,Apartment,2017,11,0
7161,Lisbon,Portugal,87,20.0,3.0,3.9,Apart-hotel,2017,11,0
7162,Lisbon,Portugal,139,19.0,3.0,4.1,Country House,2017,11,0
7164,London,United Kingdom,131,6.5,3.0,4.0,Hotel,2017,11,0
7165,London,United Kingdom,126,6.7,4.0,3.0,Guest House,2017,11,0
7167,London,United Kingdom,146,1.3,3.0,3.4,Bed and breakfast,2017,11,0
7169,London,United Kingdom,253,0.8,4.0,3.9,Hotel,2017,11,0
7170,London,United Kingdom,160,0.7,3.0,2.7,Hotel,2017,11,0
7171,London,United Kingdom,223,0.9,3.0,3.5,Hotel,2017,11,0
7172,London,United Kingdom,241,0.9,3.5,4.0,Hotel,2017,11,0
7173,London,United Kingdom,287,0.9,4.0,4.1,Hotel,2017,11,0
7174,London,United Kingdom,366,0.9,4.0,4.6,Hotel,2017,11,0
7175,London,United Kingdom,328,0.7,4.0,4.5,Hotel,2017,11,0
7176,London,United Kingdom,236,1.1,3.5,4.4,Inn,2017,11,0
7181,London,United Kingdom,108,1.2,2.0,3.5,Hotel,2017,11,0
7182,London,United Kingdom,222,0.9,4.0,3.7,Hotel,2017,11,0
7183,London,United Kingdom,267,1.3,4.0,4.0,Guest House,2017,11,0
7184,London,United Kingdom,185,0.7,3.5,4.0,Hotel,2017,11,0
7186,London,United Kingdom,748,0.8,5.0,4.8,Hotel,2017,11,0
7187,London,United Kingdom,185,1.4,3.0,4.1,Bed and breakfast,2017,11,0
7189,London,United Kingdom,107,1.2,2.5,2.7,Hotel,2017,11,0
7191,London,United Kingdom,93,1.3,2.0,3.7,Hostel,2017,11,0
7192,London,United Kingdom,107,1.2,2.5,2.2,Hotel,2017,11,0
7194,London,United Kingdom,119,1.3,2.0,2.4,Hotel,2017,11,0
7195,London,United Kingdom,199,0.9,3.0,3.7,Hotel,2017,11,0
7196,London,United Kingdom,163,1.3,3.5,3.5,Apartment,2017,11,0
7197,London,United Kingdom,137,1.2,4.0,3.0,Hotel,2017,11,0
7198,London,United Kingdom,193,1.3,3.0,3.2,Hotel,2017,11,0
7200,London,United Kingdom,212,1.3,3.0,3.9,Guest House,2017,11,0
7201,London,United Kingdom,153,1.3,3.0,3.5,Bed and breakfast,2017,11,0
7202,London,United Kingdom,159,1.3,3.0,3.2,Hotel,2017,11,0
7203,London,United Kingdom,172,1.3,3.0,3.5,Guest House,2017,11,0
7204,London,United Kingdom,119,1.3,2.0,1.8,Guest House,2017,11,0
7205,London,United Kingdom,126,1.0,2.0,4.0,Bed and breakfast,2017,11,0
7206,London,United Kingdom,120,1.0,2.5,4.0,Hotel,2017,11,0
7207,London,United Kingdom,156,1.0,2.0,3.0,Bed and breakfast,2017,11,0
7208,London,United Kingdom,166,1.0,3.0,3.9,Hotel,2017,11,0
7209,London,United Kingdom,33,1.1,2.0,3.0,Hostel,2017,11,0
7210,London,United Kingdom,201,1.0,3.0,4.3,Hotel,2017,11,0
7211,London,United Kingdom,303,0.7,4.0,4.3,Hotel,2017,11,0
7212,London,United Kingdom,300,0.9,4.0,4.0,Hotel,2017,11,0
7214,London,United Kingdom,320,0.7,4.0,4.0,Hotel,2017,11,0
7215,London,United Kingdom,317,0.7,4.0,4.1,Hotel,2017,11,0
7216,London,United Kingdom,283,1.2,3.5,4.0,Hotel,2017,11,0
7218,London,United Kingdom,283,1.1,4.0,4.3,Apartment,2017,11,0
7219,London,United Kingdom,299,0.7,3.5,3.5,Apartment,2017,11,0
7220,London,United Kingdom,95,2.5,3.0,3.2,Bed and breakfast,2017,11,0
7222,London,United Kingdom,75,2.8,3.0,3.5,Hotel,2017,11,0
7223,London,United Kingdom,92,2.8,3.0,3.2,Hotel,2017,11,0
7225,London,United Kingdom,248,2.4,4.0,4.4,Hotel,2017,11,0
7227,London,United Kingdom,157,2.1,3.5,3.0,Apartment,2017,11,0
7228,London,United Kingdom,115,2.0,2.0,3.7,Hostel,2017,11,0
7229,London,United Kingdom,43,2.1,2.0,3.0,Hostel,2017,11,0
7230,London,United Kingdom,202,2.7,2.0,3.9,Hotel,2017,11,0
7231,London,United Kingdom,236,2.2,3.5,4.3,Apartment,2017,11,0
7233,London,United Kingdom,162,4.4,2.5,3.9,Hotel,2017,11,0
7234,London,United Kingdom,313,4.6,5.0,4.6,Hotel,2017,11,0
7235,London,United Kingdom,305,4.6,5.0,4.5,Hotel,2017,11,0
7238,London,United Kingdom,294,4.5,4.0,4.6,Hotel,2017,11,0
7239,London,United Kingdom,456,4.3,5.0,4.5,Hotel,2017,11,0
7240,London,United Kingdom,216,4.4,4.0,3.2,Apartment,2017,11,0
7242,London,United Kingdom,245,4.8,4.0,1.2,Apartment,2017,11,0
7244,London,United Kingdom,170,4.5,4.5,3.0,Hotel,2017,11,0
7247,London,United Kingdom,251,4.7,4.0,4.5,Hotel,2017,11,0
7248,London,United Kingdom,303,0.7,5.0,3.7,Hotel,2017,11,0
7250,London,United Kingdom,313,1.6,5.0,4.6,Apartment,2017,11,0
7251,London,United Kingdom,391,1.7,5.0,4.5,Hotel,2017,11,0
7253,London,United Kingdom,455,1.9,5.0,4.8,Hotel,2017,11,0
7254,London,United Kingdom,206,1.4,3.0,3.7,Hotel,2017,11,0
7255,London,United Kingdom,475,1.7,5.0,4.5,Hotel,2017,11,0
7256,London,United Kingdom,359,1.8,5.0,4.5,Hotel,2017,11,0
7257,London,United Kingdom,241,2.1,4.0,3.7,Hotel,2017,11,0
7258,London,United Kingdom,257,1.6,4.0,4.0,Hotel,2017,11,0
7259,London,United Kingdom,261,2.2,5.0,4.3,Inn,2017,11,0
7261,London,United Kingdom,378,3.2,5.0,4.4,Hotel,2017,11,0
7264,London,United Kingdom,120,2.0,3.5,3.0,Apartment,2017,11,0
7265,London,United Kingdom,115,2.0,3.0,3.0,Apartment,2017,11,0
7269,London,United Kingdom,466,0.5,5.0,4.6,Hotel,2017,11,0
7270,London,United Kingdom,358,0.3,3.5,4.4,Hotel,2017,11,0
7271,London,United Kingdom,102,0.5,2.0,2.7,Hostel,2017,11,0
7272,London,United Kingdom,429,0.5,4.0,4.6,Hotel,2017,11,0
7274,London,United Kingdom,313,0.7,4.0,4.3,Hotel,2017,11,0
7275,London,United Kingdom,326,0.5,4.0,4.0,Hotel,2017,11,0
7277,London,United Kingdom,96,9.1,3.0,3.5,Hotel,2017,11,0
7278,London,United Kingdom,101,9.3,3.0,3.7,Hotel,2017,11,0
7279,London,United Kingdom,111,10.0,4.0,3.5,Hotel,2017,11,0
7280,London,United Kingdom,111,9.9,3.0,2.4,Bed and breakfast,2017,11,0
7281,London,United Kingdom,73,9.7,3.0,3.2,Apart-hotel,2017,11,0
7282,London,United Kingdom,138,9.1,3.5,4.1,Hotel,2017,11,0
7283,London,United Kingdom,100,10.0,4.0,3.5,Hotel,2017,11,0
7284,London,United Kingdom,128,9.4,4.0,3.7,Hotel,2017,11,0
7286,London,United Kingdom,131,9.2,3.0,4.0,Hotel,2017,11,0
7287,London,United Kingdom,55,2.9,2.0,2.2,Hostel,2017,11,0
7288,London,United Kingdom,131,2.8,3.0,3.0,Hotel,2017,11,0
7289,London,United Kingdom,195,3.1,4.0,4.3,Hotel,2017,11,0
7291,London,United Kingdom,106,3.0,2.5,3.2,Hotel,2017,11,0
7292,London,United Kingdom,197,2.7,3.5,3.9,Hotel,2017,11,0
7293,London,United Kingdom,267,2.6,4.0,3.7,Hotel,2017,11,0
7294,London,United Kingdom,113,3.1,3.0,3.7,Hotel,2017,11,0
7295,London,United Kingdom,128,3.0,3.5,3.2,Hotel,2017,11,0
7296,London,United Kingdom,200,2.7,4.0,4.4,Hotel,2017,11,0
7297,London,United Kingdom,205,2.7,4.0,4.0,Hotel,2017,11,0
7298,London,United Kingdom,53,3.0,2.0,2.2,Hotel,2017,11,0
7299,London,United Kingdom,68,2.7,3.0,2.7,Hotel,2017,11,0
7300,London,United Kingdom,96,2.9,3.0,3.2,Bed and breakfast,2017,11,0
7301,London,United Kingdom,111,3.0,2.0,1.3,Hotel,2017,11,0
7302,London,United Kingdom,317,2.8,4.0,4.0,Hotel,2017,11,0
7303,London,United Kingdom,169,3.2,3.0,3.4,Hotel,2017,11,0
7304,London,United Kingdom,133,3.0,3.0,3.7,Hotel,2017,11,0
7306,London,United Kingdom,100,2.8,3.0,3.0,Hotel,2017,11,0
7307,London,United Kingdom,81,3.1,3.0,2.5,Hotel,2017,11,0
7308,London,United Kingdom,244,2.8,4.5,4.4,Hotel,2017,11,0
7309,London,United Kingdom,116,3.1,3.0,3.2,Hotel,2017,11,0
7310,London,United Kingdom,152,2.9,3.0,3.7,Hotel,2017,11,0
7311,London,United Kingdom,172,2.8,4.0,4.1,Hotel,2017,11,0
7312,London,United Kingdom,153,3.1,4.0,3.7,Bed and breakfast,2017,11,0
7313,London,United Kingdom,126,3.0,3.0,4.3,Hotel,2017,11,0
7314,London,United Kingdom,183,2.8,4.0,3.5,Hotel,2017,11,0
7315,London,United Kingdom,90,2.9,3.0,4.0,Apartment,2017,11,0
7316,London,United Kingdom,89,2.9,2.0,3.5,Bed and breakfast,2017,11,0
7317,London,United Kingdom,146,3.1,4.0,4.0,Hotel,2017,11,0
7318,London,United Kingdom,53,3.0,2.0,2.2,Hotel,2017,11,0
7319,London,United Kingdom,253,3.0,3.5,4.5,Apartment,2017,11,0
7320,London,United Kingdom,116,2.8,2.5,2.7,Hotel,2017,11,0
7321,London,United Kingdom,102,3.1,2.5,3.0,Hotel,2017,11,0
7322,London,United Kingdom,115,2.8,2.0,2.4,Hotel,2017,11,0
7323,London,United Kingdom,140,2.9,4.0,4.5,Hotel,2017,11,0
7324,London,United Kingdom,147,2.8,4.0,4.4,Apartment,2017,11,0
7325,London,United Kingdom,122,3.1,4.0,3.5,Bed and breakfast,2017,11,0
7326,London,United Kingdom,293,2.6,5.0,4.4,Hotel,2017,11,0
7327,London,United Kingdom,81,3.3,3.0,2.2,Apartment,2017,11,0
7328,London,United Kingdom,136,3.1,3.5,3.9,Hotel,2017,11,0
7330,London,United Kingdom,98,3.2,2.5,3.5,Hotel,2017,11,0
7331,London,United Kingdom,186,2.9,4.0,4.0,Hotel,2017,11,0
7332,London,United Kingdom,95,2.8,2.5,2.5,Guest House,2017,11,0
7333,London,United Kingdom,86,2.9,2.5,2.5,Hotel,2017,11,0
7334,London,United Kingdom,128,3.1,3.0,3.5,Hotel,2017,11,0
7335,London,United Kingdom,114,3.2,2.0,3.4,Hotel,2017,11,0
7336,London,United Kingdom,198,2.9,4.0,4.0,Guest House,2017,11,0
7337,London,United Kingdom,220,2.9,4.0,4.5,Hotel,2017,11,0
7338,London,United Kingdom,52,2.9,4.0,3.7,Hostel,2017,11,0
7339,London,United Kingdom,92,2.7,2.0,3.2,Hotel,2017,11,0
7340,London,United Kingdom,123,2.9,3.0,2.9,Hotel,2017,11,0
7341,London,United Kingdom,101,2.7,3.5,3.4,Hotel,2017,11,0
7342,London,United Kingdom,64,3.1,2.0,2.5,Hotel,2017,11,0
7343,London,United Kingdom,119,2.9,3.0,3.7,Hotel,2017,11,0
7344,London,United Kingdom,108,3.3,2.0,3.4,Hotel,2017,11,0
7345,London,United Kingdom,91,2.7,2.0,3.2,Hostel,2017,11,0
7346,London,United Kingdom,68,3.1,3.0,3.2,Hotel,2017,11,0
7347,London,United Kingdom,171,2.9,4.0,4.0,Apartment,2017,11,0
7348,London,United Kingdom,81,3.2,3.0,2.5,Apartment,2017,11,0
7349,London,United Kingdom,113,3.0,3.5,3.5,Hotel,2017,11,0
7350,London,United Kingdom,108,3.2,2.5,3.7,Apartment,2017,11,0
7351,London,United Kingdom,127,2.8,3.5,4.0,Apartment,2017,11,0
7352,London,United Kingdom,472,2.9,4.0,,Apartment,2017,11,0
7353,London,United Kingdom,433,2.6,4.0,,Apartment,2017,11,0
7354,London,United Kingdom,221,2.9,3.5,4.5,Hotel,2017,11,0
7355,London,United Kingdom,286,2.8,4.0,3.7,Apartment,2017,11,0
7356,London,United Kingdom,85,3.0,2.0,3.4,Hotel,2017,11,0
7357,London,United Kingdom,178,2.6,4.0,4.0,Hotel,2017,11,0
7358,London,United Kingdom,459,2.6,5.0,4.9,Apartment,2017,11,0
7361,London,United Kingdom,277,1.2,4.0,4.0,Hotel,2017,11,0
7362,London,United Kingdom,213,1.3,3.0,3.5,Bed and breakfast,2017,11,0
7365,London,United Kingdom,116,1.2,3.0,2.2,Hotel,2017,11,0
7366,London,United Kingdom,238,1.4,4.0,3.7,Guest House,2017,11,0
7367,London,United Kingdom,242,1.7,4.0,,Apartment,2017,11,0
7369,London,United Kingdom,202,3.5,3.0,4.1,Bed and breakfast,2017,11,0
7370,London,United Kingdom,221,4.1,4.0,4.0,Hotel,2017,11,0
7371,London,United Kingdom,99,4.1,3.0,3.4,Hotel,2017,11,0
7373,London,United Kingdom,105,5.6,3.0,2.2,Bed and breakfast,2017,11,0
7374,London,United Kingdom,97,4.1,3.0,3.4,Hotel,2017,11,0
7376,London,United Kingdom,115,4.1,3.0,2.7,Hotel,2017,11,0
7377,London,United Kingdom,72,3.9,3.5,2.4,Apart-hotel,2017,11,0
7378,London,United Kingdom,113,4.1,3.0,2.9,Hotel,2017,11,0
7379,London,United Kingdom,207,4.6,3.0,4.3,Hotel,2017,11,0
7380,London,United Kingdom,216,4.0,4.0,4.5,Hotel,2017,11,0
7381,London,United Kingdom,172,3.5,3.0,4.5,Inn,2017,11,0
7383,London,United Kingdom,108,4.0,3.0,4.4,Inn,2017,11,0
7385,London,United Kingdom,152,4.3,2.0,3.2,Hostel,2017,11,0
7386,London,United Kingdom,44,4.2,2.0,3.4,Hostel,2017,11,0
7387,London,United Kingdom,166,4.4,3.0,4.3,Hotel,2017,11,0
7388,London,United Kingdom,168,4.0,3.0,4.1,Hotel,2017,11,0
7389,London,United Kingdom,106,4.1,2.5,2.7,Hotel,2017,11,0
7390,London,United Kingdom,101,4.1,3.0,3.2,Hotel,2017,11,0
7391,London,United Kingdom,124,4.4,4.0,3.0,Apart-hotel,2017,11,0
7392,London,United Kingdom,63,5.3,2.0,,Hotel,2017,11,0
7393,London,United Kingdom,121,5.1,3.5,3.7,Hotel,2017,11,0
7394,London,United Kingdom,107,4.4,2.0,4.5,Guest House,2017,11,0
7395,London,United Kingdom,113,3.3,3.0,3.0,Hotel,2017,11,0
7396,London,United Kingdom,128,4.4,3.0,4.0,Hotel,2017,11,0
7397,London,United Kingdom,91,5.7,2.0,3.7,Bed and breakfast,2017,11,0
7398,London,United Kingdom,101,4.1,3.0,3.4,Hotel,2017,11,0
7399,London,United Kingdom,105,4.1,3.0,3.0,Bed and breakfast,2017,11,0
7400,London,United Kingdom,137,3.7,4.0,,Apartment,2017,11,0
7401,London,United Kingdom,81,4.1,2.0,2.7,Guest House,2017,11,0
7402,London,United Kingdom,223,6.6,4.0,4.3,Hotel,2017,11,0
7403,London,United Kingdom,108,4.1,3.0,2.9,Hotel,2017,11,0
7404,London,United Kingdom,119,5.4,3.0,4.0,Hotel,2017,11,0
7405,London,United Kingdom,172,4.7,3.5,4.5,Inn,2017,11,0
7406,London,United Kingdom,102,4.1,3.0,3.0,Hotel,2017,11,0
7408,London,United Kingdom,199,4.5,4.0,3.7,Hotel,2017,11,0
7409,London,United Kingdom,105,4.1,3.0,3.4,Bed and breakfast,2017,11,0
7410,London,United Kingdom,93,4.8,,3.4,Hotel,2017,11,0
7411,London,United Kingdom,159,4.2,3.0,,Apartment,2017,11,0
7413,London,United Kingdom,253,4.5,4.0,3.5,Apartment,2017,11,0
7414,London,United Kingdom,206,3.3,4.0,4.3,Hotel,2017,11,0
7417,London,United Kingdom,248,3.9,4.0,4.0,Hotel,2017,11,0
7419,London,United Kingdom,156,4.1,3.0,4.3,Hotel,2017,11,0
7420,London,United Kingdom,167,3.2,4.0,4.0,Hotel,2017,11,0
7423,London,United Kingdom,170,4.2,3.0,4.0,Guest House,2017,11,0
7424,London,United Kingdom,265,3.0,4.5,4.1,Hotel,2017,11,0
7426,London,United Kingdom,178,3.6,3.0,4.0,Hotel,2017,11,0
7427,London,United Kingdom,156,3.2,3.5,3.7,Hotel,2017,11,0
7428,London,United Kingdom,89,4.0,2.0,3.9,Hotel,2017,11,0
7429,London,United Kingdom,107,4.0,2.0,3.5,Apartment,2017,11,0
7430,London,United Kingdom,103,3.4,2.5,3.5,Apartment,2017,11,0
7431,London,United Kingdom,163,3.7,4.0,3.7,Guest House,2017,11,0
7432,London,United Kingdom,110,3.4,3.0,3.5,Guest House,2017,11,0
7434,London,United Kingdom,108,4.1,2.5,4.0,Apartment,2017,11,0
7435,London,United Kingdom,107,4.1,3.0,3.5,Apartment,2017,11,0
7436,London,United Kingdom,91,3.4,2.5,3.7,Apartment,2017,11,0
7437,London,United Kingdom,156,3.2,3.0,4.0,Hotel,2017,11,0
7438,London,United Kingdom,46,3.3,2.0,4.0,Hostel,2017,11,0
7439,London,United Kingdom,108,3.3,2.5,3.7,Hotel,2017,11,0
7440,London,United Kingdom,177,3.7,3.0,4.1,Hotel,2017,11,0
7441,London,United Kingdom,114,3.6,3.0,3.4,Guest House,2017,11,0
7442,London,United Kingdom,129,3.9,3.5,2.5,Hotel,2017,11,0
7447,London,United Kingdom,129,3.0,3.0,2.7,Hotel,2017,11,0
7452,London,United Kingdom,81,13.0,3.0,3.7,Hotel,2017,11,0
7453,London,United Kingdom,106,13.0,3.0,3.7,Hotel,2017,11,0
7454,London,United Kingdom,220,14.0,4.0,4.0,Hotel,2017,11,0
7455,London,United Kingdom,72,14.0,2.5,3.2,Guest House,2017,11,0
7456,London,United Kingdom,77,12.0,3.5,3.5,Hotel,2017,11,0
7458,London,United Kingdom,66,13.0,3.0,3.2,Hotel,2017,11,0
7459,London,United Kingdom,166,14.0,4.0,4.0,Hotel,2017,11,0
7460,London,United Kingdom,203,13.0,4.0,4.0,Hotel,2017,11,0
7461,London,United Kingdom,86,13.0,4.0,4.0,Apartment,2017,11,0
7462,London,United Kingdom,95,13.0,3.0,3.5,Hotel,2017,11,0
7463,London,United Kingdom,175,14.0,4.0,4.3,Hotel,2017,11,0
7464,London,United Kingdom,147,13.0,4.0,4.3,Hotel,2017,11,0
7465,London,United Kingdom,217,14.0,4.0,4.4,Hotel,2017,11,0
7466,London,United Kingdom,63,9.3,2.5,3.2,Hotel,2017,11,0
7468,London,United Kingdom,59,9.2,3.0,3.4,Hotel,2017,11,0
7470,London,United Kingdom,184,4.7,3.0,4.0,Apartment,2017,11,0
7473,London,United Kingdom,191,4.7,3.5,,Apartment,2017,11,0
7477,London,United Kingdom,311,4.7,4.0,3.9,Apartment,2017,11,0
7480,London,United Kingdom,199,2.6,4.0,3.7,Apartment,2017,11,0
7482,London,United Kingdom,229,2.5,4.0,4.5,Hotel,2017,11,0
7483,London,United Kingdom,254,2.4,4.0,4.0,Hotel,2017,11,0
7484,London,United Kingdom,319,2.4,5.0,4.5,Hotel,2017,11,0
7486,London,United Kingdom,169,2.6,3.0,3.5,Guest House,2017,11,0
7487,London,United Kingdom,79,3.7,3.0,2.7,Hotel,2017,11,0
7489,London,United Kingdom,290,2.3,4.0,4.8,Apartment,2017,11,0
7491,London,United Kingdom,177,3.0,3.0,4.0,Hotel,2017,11,0
7492,London,United Kingdom,261,2.5,4.0,4.4,Hotel,2017,11,0
7494,London,United Kingdom,491,2.3,4.0,4.8,Hotel,2017,11,0
7495,London,United Kingdom,116,3.7,3.0,3.9,Hotel,2017,11,0
7497,London,United Kingdom,194,3.7,4.0,3.9,Hotel,2017,11,0
7498,London,United Kingdom,186,2.9,4.0,4.1,Hotel,2017,11,0
7499,London,United Kingdom,270,2.3,4.0,4.3,Hotel,2017,11,0
7500,London,United Kingdom,124,3.0,2.5,3.2,Hotel,2017,11,0
7501,London,United Kingdom,84,3.7,3.0,3.0,Apartment,2017,11,0
7503,London,United Kingdom,137,3.5,4.0,3.7,Guest House,2017,11,0
7504,London,United Kingdom,50,3.1,2.0,3.0,Hostel,2017,11,0
7505,London,United Kingdom,176,3.0,4.0,3.7,Hotel,2017,11,0
7507,London,United Kingdom,87,3.5,2.5,3.2,Hotel,2017,11,0
7508,London,United Kingdom,79,3.7,3.0,2.4,Apartment,2017,11,0
7509,London,United Kingdom,147,3.5,3.0,4.0,Hotel,2017,11,0
7510,London,United Kingdom,164,2.3,3.0,2.7,Hotel,2017,11,0
7511,London,United Kingdom,103,3.5,3.0,2.7,Hotel,2017,11,0
7512,London,United Kingdom,451,2.6,5.0,4.1,Hotel,2017,11,0
7513,London,United Kingdom,198,3.5,4.0,3.5,Hotel,2017,11,0
7514,London,United Kingdom,212,2.4,4.0,4.4,Apart-hotel,2017,11,0
7515,London,United Kingdom,197,2.6,4.0,3.9,Hotel,2017,11,0
7516,London,United Kingdom,199,2.4,4.0,3.9,Hotel,2017,11,0
7517,London,United Kingdom,78,3.5,2.5,3.7,Bed and breakfast,2017,11,0
7518,London,United Kingdom,94,3.2,3.0,2.2,Hotel,2017,11,0
7519,London,United Kingdom,118,3.4,3.0,3.7,Hotel,2017,11,0
7520,London,United Kingdom,86,3.5,2.5,2.4,Hotel,2017,11,0
7521,London,United Kingdom,203,2.5,4.5,4.0,Hotel,2017,11,0
7522,London,United Kingdom,159,2.5,3.0,3.9,Hotel,2017,11,0
7523,London,United Kingdom,129,2.4,3.0,3.7,Hotel,2017,11,0
7524,London,United Kingdom,255,2.5,4.0,4.0,Hotel,2017,11,0
7526,London,United Kingdom,137,3.7,3.5,3.5,Apartment,2017,11,0
7527,London,United Kingdom,177,3.5,3.5,4.5,Apartment,2017,11,0
7528,London,United Kingdom,156,3.6,3.0,3.9,Apartment,2017,11,0
7530,London,United Kingdom,139,3.6,3.0,4.1,Apartment,2017,11,0
7531,London,United Kingdom,307,2.4,4.5,4.5,Hotel,2017,11,0
7532,London,United Kingdom,143,3.2,2.5,3.2,Hotel,2017,11,0
7533,London,United Kingdom,113,3.2,4.0,4.0,Hostel,2017,11,0
7535,London,United Kingdom,156,2.8,4.0,3.9,Hotel,2017,11,0
7536,London,United Kingdom,95,3.6,3.5,2.7,Apartment,2017,11,0
7539,London,United Kingdom,177,2.8,4.0,3.5,Hotel,2017,11,0
7541,London,United Kingdom,156,1.5,3.0,3.2,Hotel,2017,11,0
7542,London,United Kingdom,256,1.3,4.0,3.7,Hotel,2017,11,0
7543,London,United Kingdom,267,1.3,4.0,3.5,Hotel,2017,11,0
7544,London,United Kingdom,161,1.5,3.0,1.6,Apartment,2017,11,0
7546,London,United Kingdom,204,1.7,3.5,1.5,Apartment,2017,11,0
7547,London,United Kingdom,195,1.6,3.0,,Apartment,2017,11,0
7548,London,United Kingdom,63,1.6,2.0,3.4,Hostel,2017,11,0
7549,London,United Kingdom,142,1.5,3.0,1.6,Apartment,2017,11,0
7552,London,United Kingdom,97,1.5,2.0,2.5,Hotel,2017,11,0
7553,London,United Kingdom,367,1.5,4.0,4.5,Hotel,2017,11,0
7554,London,United Kingdom,118,1.5,2.5,3.0,Hotel,2017,11,0
7555,London,United Kingdom,126,1.5,2.0,3.4,Hotel,2017,11,0
7556,London,United Kingdom,127,1.5,2.0,3.5,Hotel,2017,11,0
7557,London,United Kingdom,123,1.5,3.0,3.9,Hotel,2017,11,0
7558,London,United Kingdom,92,1.6,3.0,2.9,Hotel,2017,11,0
7559,London,United Kingdom,96,1.6,2.5,2.7,Bed and breakfast,2017,11,0
7560,London,United Kingdom,89,1.5,3.0,2.5,Hotel,2017,11,0
7562,London,United Kingdom,92,1.5,2.0,3.5,Hostel,2017,11,0
7563,London,United Kingdom,117,1.5,3.0,3.5,Hotel,2017,11,0
7564,London,United Kingdom,114,1.5,3.0,2.5,Hotel,2017,11,0
7565,London,United Kingdom,164,1.5,3.0,3.5,Hotel,2017,11,0
7566,London,United Kingdom,124,1.5,3.0,3.5,Hotel,2017,11,0
7567,London,United Kingdom,162,1.5,2.5,3.7,Hotel,2017,11,0
7568,London,United Kingdom,110,1.5,3.0,3.5,Hotel,2017,11,0
7569,London,United Kingdom,145,1.3,3.5,4.0,Apartment,2017,11,0
7570,London,United Kingdom,132,1.5,3.0,2.9,Hotel,2017,11,0
7571,London,United Kingdom,147,1.5,3.0,3.7,Hotel,2017,11,0
7572,London,United Kingdom,93,1.5,2.0,2.7,Hotel,2017,11,0
7573,London,United Kingdom,118,1.5,3.0,3.5,Bed and breakfast,2017,11,0
7574,London,United Kingdom,90,1.5,2.5,3.5,Hotel,2017,11,0
7575,London,United Kingdom,91,1.5,2.0,3.5,Hotel,2017,11,0
7576,London,United Kingdom,112,1.5,2.0,3.4,Hotel,2017,11,0
7577,London,United Kingdom,108,1.5,2.5,3.2,Hotel,2017,11,0
7578,London,United Kingdom,70,1.7,2.0,3.0,Hostel,2017,11,0
7579,London,United Kingdom,120,1.5,2.0,3.0,Hotel,2017,11,0
7580,London,United Kingdom,307,1.8,4.0,4.4,Hotel,2017,11,0
7581,London,United Kingdom,147,1.5,3.0,4.0,Hotel,2017,11,0
7583,London,United Kingdom,44,1.5,4.0,4.0,Hostel,2017,11,0
7584,London,United Kingdom,126,1.5,2.5,3.2,Hotel,2017,11,0
7585,London,United Kingdom,168,1.6,3.0,3.2,Hotel,2017,11,0
7586,London,United Kingdom,309,1.6,4.0,4.4,Hotel,2017,11,0
7587,London,United Kingdom,124,1.6,2.0,2.7,Hotel,2017,11,0
7588,London,United Kingdom,447,1.5,5.0,4.4,Hotel,2017,11,0
7589,London,United Kingdom,326,1.6,5.0,4.5,Hotel,2017,11,0
7590,London,United Kingdom,215,1.8,4.0,,Apartment,2017,11,0
7591,London,United Kingdom,201,1.7,4.0,2.2,Apartment,2017,11,0
7594,London,United Kingdom,409,1.4,5.0,4.0,Hotel,2017,11,0
7595,London,United Kingdom,623,1.2,5.0,4.5,Hotel,2017,11,0
7596,London,United Kingdom,251,2.0,4.0,4.3,Hotel,2017,11,0
7597,London,United Kingdom,341,1.5,3.0,5.0,Apartment,2017,11,0
7598,London,United Kingdom,508,1.8,5.0,4.5,Apartment,2017,11,0
7599,London,United Kingdom,164,1.5,3.0,2.4,Hotel,2017,11,0
7600,London,United Kingdom,305,1.5,4.0,3.7,Hotel,2017,11,0
7601,London,United Kingdom,972,1.6,5.0,4.5,Hotel,2017,11,0
7602,London,United Kingdom,400,1.4,5.0,4.3,Hotel,2017,11,0
7603,London,United Kingdom,398,1.5,5.0,4.5,Hotel,2017,11,0
7604,London,United Kingdom,362,1.9,5.0,4.6,Hotel,2017,11,0
7605,London,United Kingdom,380,1.5,4.0,4.5,Hotel,2017,11,0
7606,London,United Kingdom,256,1.5,3.5,4.0,Guest House,2017,11,0
7607,London,United Kingdom,246,1.7,4.0,4.4,Hotel,2017,11,0
7608,London,United Kingdom,513,1.2,5.0,4.8,Hotel,2017,11,0
7609,London,United Kingdom,710,1.4,5.0,4.0,Hotel,2017,11,0
7610,London,United Kingdom,788,1.1,5.0,5.0,Hotel,2017,11,0
7611,London,United Kingdom,534,1.5,5.0,4.4,Hotel,2017,11,0
7614,London,United Kingdom,748,1.3,5.0,4.5,Hotel,2017,11,0
7615,London,United Kingdom,66,1.3,2.5,2.0,Hotel,2017,11,0
7616,London,United Kingdom,248,1.3,3.0,3.7,Hotel,2017,11,0
7617,London,United Kingdom,164,1.3,3.0,3.9,Hotel,2017,11,0
7618,London,United Kingdom,87,1.3,2.0,2.5,Hotel,2017,11,0
7619,London,United Kingdom,155,1.3,3.0,3.0,Hotel,2017,11,0
7620,London,United Kingdom,164,1.3,3.0,3.7,Guest House,2017,11,0
7621,London,United Kingdom,171,1.3,3.0,4.4,Guest House,2017,11,0
7622,London,United Kingdom,165,1.3,3.0,3.5,Bed and breakfast,2017,11,0
7623,London,United Kingdom,135,1.3,3.0,3.2,Guest House,2017,11,0
7624,London,United Kingdom,202,1.3,3.0,3.2,Guest House,2017,11,0
7625,London,United Kingdom,189,1.3,3.0,3.7,Hotel,2017,11,0
7626,London,United Kingdom,152,1.3,3.0,3.9,Bed and breakfast,2017,11,0
7627,London,United Kingdom,201,1.3,3.5,4.4,Hotel,2017,11,0
7628,London,United Kingdom,177,1.3,3.0,3.7,Hotel,2017,11,0
7629,London,United Kingdom,111,1.2,3.5,2.7,Apartment,2017,11,0
7630,London,United Kingdom,113,1.3,3.0,2.7,Bed and breakfast,2017,11,0
7633,London,United Kingdom,301,7.0,4.0,4.4,Hotel,2017,11,0
7634,London,United Kingdom,274,1.5,4.0,4.0,Hotel,2017,11,0
7635,London,United Kingdom,166,6.0,3.0,3.7,Hotel,2017,11,0
7636,London,United Kingdom,70,2.8,2.0,3.4,Hostel,2017,11,0
7637,London,United Kingdom,155,7.1,4.0,4.4,Inn,2017,11,0
7639,London,United Kingdom,184,1.5,3.0,4.0,Hotel,2017,11,0
7640,London,United Kingdom,324,2.3,5.0,4.4,Hotel,2017,11,0
7641,London,United Kingdom,272,1.2,4.0,4.6,Apart-hotel,2017,11,0
7642,London,United Kingdom,137,7.3,3.5,4.5,Hotel,2017,11,0
7644,London,United Kingdom,211,7.4,3.0,4.0,Hotel,2017,11,0
7646,London,United Kingdom,83,2.4,3.0,3.9,Inn,2017,11,0
7647,London,United Kingdom,249,1.1,3.0,3.9,Hotel,2017,11,0
7648,London,United Kingdom,60,7.6,2.0,2.2,Hotel,2017,11,0
7649,London,United Kingdom,84,3.7,4.0,3.2,Apartment,2017,11,0
7651,London,United Kingdom,60,6.5,2.0,2.7,Hotel,2017,11,0
7652,London,United Kingdom,127,3.7,3.0,3.7,Hotel,2017,11,0
7653,London,United Kingdom,321,1.6,4.0,4.5,Apartment,2017,11,0
7654,London,United Kingdom,69,3.2,3.0,3.4,Hotel,2017,11,0
7655,London,United Kingdom,218,0.9,4.0,4.4,Apart-hotel,2017,11,0
7656,London,United Kingdom,201,1.1,3.0,5.0,Apartment,2017,11,0
7657,London,United Kingdom,233,1.0,4.0,4.1,Hotel,2017,11,0
7658,London,United Kingdom,72,3.7,1.5,2.0,Hotel,2017,11,0
7660,London,United Kingdom,105,3.7,2.5,2.5,Hotel,2017,11,0
7661,London,United Kingdom,162,0.9,2.5,3.5,Hotel,2017,11,0
7662,London,United Kingdom,379,2.3,5.0,4.8,Guest House,2017,11,0
7663,London,United Kingdom,392,1.4,4.0,4.5,Hotel,2017,11,0
7664,London,United Kingdom,401,2.6,4.0,4.0,Hotel,2017,11,0
7665,London,United Kingdom,102,1.6,2.0,3.0,Hostel,2017,11,0
7666,London,United Kingdom,50,6.7,3.0,2.7,Hotel,2017,11,0
7667,London,United Kingdom,287,4.0,3.0,2.5,Apartment,2017,11,0
7668,London,United Kingdom,172,2.2,5.0,4.1,Apartment,2017,11,0
7670,London,United Kingdom,256,1.3,4.0,3.9,Hotel,2017,11,0
7671,London,United Kingdom,92,8.3,2.5,,Hotel,2017,11,0
7672,London,United Kingdom,230,1.3,4.0,4.5,Inn,2017,11,0
7673,London,United Kingdom,111,7.0,2.5,,Guest House,2017,11,0
7674,London,United Kingdom,116,4.0,4.0,4.3,Apartment,2017,11,0
7675,London,United Kingdom,175,2.3,2.5,3.7,Hotel,2017,11,0
7677,London,United Kingdom,73,2.4,2.0,3.5,Inn,2017,11,0
7678,London,United Kingdom,49,5.5,2.5,3.5,Guest House,2017,11,0
7680,London,United Kingdom,103,7.6,2.0,3.7,Guest House,2017,11,0
7681,London,United Kingdom,136,2.6,4.0,3.7,Apart-hotel,2017,11,0
7682,London,United Kingdom,140,5.0,4.0,4.0,Hotel,2017,11,0
7683,London,United Kingdom,82,2.9,3.5,3.5,Apartment,2017,11,0
7685,London,United Kingdom,136,1.7,2.0,4.0,Hostel,2017,11,0
7686,London,United Kingdom,86,3.8,3.0,2.5,Hotel,2017,11,0
7687,London,United Kingdom,83,8.8,3.0,3.2,Hotel,2017,11,0
7688,London,United Kingdom,137,4.4,3.5,4.4,Hotel,2017,11,0
7690,London,United Kingdom,269,2.5,4.0,4.6,Apartment,2017,11,0
7691,London,United Kingdom,165,2.2,3.0,3.7,Apartment,2017,11,0
7692,London,United Kingdom,315,2.2,5.0,4.5,Hotel,2017,11,0
7693,London,United Kingdom,153,1.9,3.5,4.0,Hotel,2017,11,0
7694,London,United Kingdom,121,5.9,3.0,3.2,Hotel,2017,11,0
7695,London,United Kingdom,223,0.9,3.0,4.5,Hotel,2017,11,0
7696,London,United Kingdom,74,2.4,3.0,3.2,Hotel,2017,11,0
7697,London,United Kingdom,63,6.2,2.5,3.0,Hotel,2017,11,0
7698,London,United Kingdom,90,4.9,2.0,3.5,Hotel,2017,11,0
7699,London,United Kingdom,98,6.1,3.0,4.0,Bed and breakfast,2017,11,0
7700,London,United Kingdom,71,4.2,2.5,2.7,Hotel,2017,11,0
7702,London,United Kingdom,30,1.8,2.0,3.2,Hostel,2017,11,0
7703,London,United Kingdom,196,5.3,4.0,4.3,Hotel,2017,11,0
7704,London,United Kingdom,210,1.1,4.0,4.0,Hotel,2017,11,0
7705,London,United Kingdom,277,1.1,5.0,4.1,Hotel,2017,11,0
7706,London,United Kingdom,183,6.6,4.0,,Apartment,2017,11,0
7707,London,United Kingdom,106,1.8,3.0,3.4,Hotel,2017,11,0
7708,London,United Kingdom,149,5.0,3.0,4.1,Apartment,2017,11,0
7709,London,United Kingdom,326,1.5,4.0,4.4,Hotel,2017,11,0
7710,London,United Kingdom,101,3.4,3.5,3.5,Apartment,2017,11,0
7711,London,United Kingdom,74,5.4,2.0,3.2,Hostel,2017,11,0
7712,London,United Kingdom,188,2.1,4.0,5.0,Apart-hotel,2017,11,0
7713,London,United Kingdom,115,2.4,3.0,3.5,Hotel,2017,11,0
7714,London,United Kingdom,190,1.0,2.5,4.0,Hotel,2017,11,0
7715,London,United Kingdom,65,7.5,2.5,3.0,Hotel,2017,11,0
7717,London,United Kingdom,105,8.3,2.5,3.4,Inn,2017,11,0
7718,London,United Kingdom,102,3.6,3.0,3.7,Hotel,2017,11,0
7719,London,United Kingdom,154,4.1,4.0,4.3,Inn,2017,11,0
7720,London,United Kingdom,137,8.3,4.0,4.4,Hotel,2017,11,0
7722,London,United Kingdom,422,1.2,5.0,4.8,Hotel,2017,11,0
7723,London,United Kingdom,166,7.0,4.0,4.1,Hotel,2017,11,0
7725,London,United Kingdom,270,1.3,4.0,4.5,Hotel,2017,11,0
7726,London,United Kingdom,41,3.5,2.0,3.7,Hostel,2017,11,0
7727,London,United Kingdom,235,1.5,3.0,3.9,Hotel,2017,11,0
7728,London,United Kingdom,165,6.6,3.0,3.7,Hotel,2017,11,0
7729,London,United Kingdom,392,2.0,3.5,4.5,Hotel,2017,11,0
7731,London,United Kingdom,113,6.0,3.0,4.4,Hotel,2017,11,0
7733,London,United Kingdom,49,6.2,3.0,3.5,Hotel,2017,11,0
7735,London,United Kingdom,336,2.1,5.0,4.6,Hotel,2017,11,0
7736,London,United Kingdom,111,3.6,2.5,2.9,Apartment,2017,11,0
7737,London,United Kingdom,129,3.4,2.5,3.7,Hotel,2017,11,0
7738,London,United Kingdom,35,4.8,2.0,3.7,Hostel,2017,11,0
7739,London,United Kingdom,212,3.2,4.0,3.5,Apartment,2017,11,0
7741,London,United Kingdom,145,6.7,3.0,3.9,Hotel,2017,11,0
7742,London,United Kingdom,256,3.1,5.0,3.5,Apartment,2017,11,0
7743,London,United Kingdom,170,3.0,,,Hotel,2017,11,0
7744,London,United Kingdom,172,7.7,4.0,4.4,Hotel,2017,11,0
7745,London,United Kingdom,45,8.0,2.0,2.2,Hostel,2017,11,0
7746,London,United Kingdom,216,4.0,4.0,4.0,Hotel,2017,11,0
7747,London,United Kingdom,65,7.2,3.0,,Guest House,2017,11,0
7748,London,United Kingdom,95,7.7,3.0,2.7,Guest House,2017,11,0
7749,London,United Kingdom,208,6.7,3.0,3.5,Hotel,2017,11,0
7750,London,United Kingdom,100,4.0,3.0,3.5,Inn,2017,11,0
7752,London,United Kingdom,205,1.1,4.0,4.1,Hotel,2017,11,0
7753,London,United Kingdom,90,3.4,3.0,2.2,Bed and breakfast,2017,11,0
7754,London,United Kingdom,115,2.8,3.0,4.1,Hotel,2017,11,0
7755,London,United Kingdom,223,1.0,3.0,4.3,Hotel,2017,11,0
7756,London,United Kingdom,170,1.5,2.5,3.7,Hotel,2017,11,0
7757,London,United Kingdom,119,1.3,3.0,3.2,Hotel,2017,11,0
7760,London,United Kingdom,37,5.7,2.0,3.7,Hostel,2017,11,0
7761,London,United Kingdom,126,5.5,3.0,4.0,Hotel,2017,11,0
7762,London,United Kingdom,95,6.6,3.0,3.5,Bed and breakfast,2017,11,0
7763,London,United Kingdom,88,6.1,2.5,,Guest House,2017,11,0
7764,London,United Kingdom,641,1.8,5.0,4.8,Hotel,2017,11,0
7765,London,United Kingdom,143,4.7,2.5,3.9,Hotel,2017,11,0
7767,London,United Kingdom,40,4.5,2.0,3.5,Hostel,2017,11,0
7768,London,United Kingdom,124,4.2,3.0,3.7,Hotel,2017,11,0
7769,London,United Kingdom,80,4.2,3.0,3.2,Bed and breakfast,2017,11,0
7770,London,United Kingdom,177,3.3,5.0,3.7,Hotel,2017,11,0
7771,London,United Kingdom,320,1.6,4.5,3.2,Apartment,2017,11,0
7772,London,United Kingdom,45,7.5,2.5,2.7,Hotel,2017,11,0
7773,London,United Kingdom,76,7.3,2.5,3.0,Hotel,2017,11,0
7774,London,United Kingdom,90,1.6,3.0,2.7,Hotel,2017,11,0
7776,London,United Kingdom,257,1.3,3.5,4.0,Apartment,2017,11,0
7777,London,United Kingdom,185,2.0,4.0,4.4,Hotel,2017,11,0
7779,London,United Kingdom,165,6.9,3.0,3.7,Hotel,2017,11,0
7780,London,United Kingdom,66,7.2,2.5,2.4,Hotel,2017,11,0
7781,London,United Kingdom,127,3.1,3.0,3.0,Hotel,2017,11,0
7782,London,United Kingdom,91,4.8,3.5,3.4,Apart-hotel,2017,11,0
7783,London,United Kingdom,200,2.2,4.0,4.0,Apartment,2017,11,0
7784,London,United Kingdom,124,2.5,3.0,3.7,Guest House,2017,11,0
7785,London,United Kingdom,112,4.4,3.0,3.9,Guest House,2017,11,0
7786,London,United Kingdom,102,3.2,2.0,3.4,Inn,2017,11,0
7787,London,United Kingdom,182,2.4,2.0,2.7,Apartment,2017,11,0
7788,London,United Kingdom,171,5.9,4.0,4.0,Hotel,2017,11,0
7789,London,United Kingdom,212,4.2,3.0,4.5,Apartment,2017,11,0
7791,London,United Kingdom,85,8.9,3.0,,Apartment,2017,11,0
7792,London,United Kingdom,258,2.2,4.0,4.5,Hotel,2017,11,0
7793,London,United Kingdom,182,3.3,4.0,3.7,Hotel,2017,11,0
7794,London,United Kingdom,220,2.7,3.5,4.3,Hotel,2017,11,0
7795,London,United Kingdom,127,2.7,3.0,3.0,Hotel,2017,11,0
7796,London,United Kingdom,72,7.0,2.0,3.4,Hotel,2017,11,0
7797,London,United Kingdom,111,7.0,3.0,4.0,Hotel,2017,11,0
7799,London,United Kingdom,99,7.7,2.5,3.0,Bed and breakfast,2017,11,0
7801,London,United Kingdom,317,2.5,4.5,4.5,Hotel,2017,11,0
7802,London,United Kingdom,263,1.0,4.0,4.4,Hotel,2017,11,0
7803,London,United Kingdom,224,1.0,3.0,4.1,Hotel,2017,11,0
7804,London,United Kingdom,361,1.5,4.0,4.5,Hotel,2017,11,0
7805,London,United Kingdom,194,2.9,3.5,3.7,Hotel,2017,11,0
7806,London,United Kingdom,208,4.1,4.0,4.5,Inn,2017,11,0
7807,London,United Kingdom,237,3.1,4.0,4.3,Hotel,2017,11,0
7808,London,United Kingdom,204,3.4,3.0,,Apartment,2017,11,0
7810,London,United Kingdom,97,8.4,4.0,4.0,Apartment,2017,11,0
7811,London,United Kingdom,90,7.3,2.5,2.7,Bed and breakfast,2017,11,0
7812,London,United Kingdom,75,2.9,2.5,2.7,Guest House,2017,11,0
7813,London,United Kingdom,95,2.9,2.5,2.9,Hotel,2017,11,0
7814,London,United Kingdom,83,6.2,3.0,3.2,Hotel,2017,11,0
7816,London,United Kingdom,164,4.8,4.0,3.9,Hotel,2017,11,0
7817,London,United Kingdom,65,4.5,1.5,2.4,Hotel,2017,11,0
7819,London,United Kingdom,315,1.4,4.0,4.4,Hotel,2017,11,0
7820,London,United Kingdom,143,1.0,3.0,3.7,Hotel,2017,11,0
7821,London,United Kingdom,75,6.1,2.5,3.7,Guest House,2017,11,0
7822,London,United Kingdom,148,7.1,3.5,4.3,Hotel,2017,11,0
7823,London,United Kingdom,105,7.5,3.0,3.9,Bed and breakfast,2017,11,0
7824,London,United Kingdom,74,4.8,3.0,3.2,Guest House,2017,11,0
7825,London,United Kingdom,170,3.7,4.0,3.5,Apartment,2017,11,0
7826,London,United Kingdom,179,2.7,4.0,3.5,Apartment,2017,11,0
7827,London,United Kingdom,182,1.8,2.5,4.0,Hotel,2017,11,0
7828,London,United Kingdom,109,3.3,2.0,3.2,Guest House,2017,11,0
7829,London,United Kingdom,100,3.6,3.0,3.4,Apart-hotel,2017,11,0
7830,London,United Kingdom,240,0.9,4.0,4.5,Hotel,2017,11,0
7831,London,United Kingdom,166,6.8,4.0,4.5,Hotel,2017,11,0
7832,London,United Kingdom,92,3.9,2.0,3.2,Hostel,2017,11,0
7833,London,United Kingdom,87,3.3,2.5,2.5,Bed and breakfast,2017,11,0
7834,London,United Kingdom,54,4.5,2.0,2.0,Hostel,2017,11,0
7835,London,United Kingdom,76,7.5,2.5,2.2,Guest House,2017,11,0
7836,London,United Kingdom,87,5.1,4.0,3.9,Hotel,2017,11,0
7837,London,United Kingdom,205,5.2,3.0,4.3,Apartment,2017,11,0
7838,London,United Kingdom,141,8.5,3.0,4.5,Hotel,2017,11,0
7839,London,United Kingdom,210,6.0,3.5,4.4,Inn,2017,11,0
7840,London,United Kingdom,90,2.8,3.0,3.4,Guest House,2017,11,0
7841,London,United Kingdom,177,6.8,3.0,3.0,Apartment,2017,11,0
7842,London,United Kingdom,280,3.0,3.0,3.5,Apartment,2017,11,0
7844,London,United Kingdom,101,4.1,2.0,4.1,Hotel,2017,11,0
7846,London,United Kingdom,274,1.2,4.0,4.1,Hotel,2017,11,0
7847,London,United Kingdom,141,3.7,2.5,4.5,Inn,2017,11,0
7848,London,United Kingdom,44,1.1,2.0,3.0,Hostel,2017,11,0
7849,London,United Kingdom,185,2.6,3.5,3.0,Apartment,2017,11,0
7850,London,United Kingdom,162,5.9,3.5,,Hotel,2017,11,0
7851,London,United Kingdom,175,2.1,3.5,3.9,Hotel,2017,11,0
7852,London,United Kingdom,68,3.7,3.0,2.9,Hotel,2017,11,0
7853,London,United Kingdom,223,0.8,3.0,3.7,Hotel,2017,11,0
7855,London,United Kingdom,216,6.1,3.5,4.1,Hotel,2017,11,0
7856,London,United Kingdom,27,4.9,2.0,3.2,Hostel,2017,11,0
7857,London,United Kingdom,304,1.5,4.0,4.5,Hotel,2017,11,0
7858,London,United Kingdom,224,1.9,3.5,4.1,Hotel,2017,11,0
7860,London,United Kingdom,76,7.0,2.5,3.5,Hotel,2017,11,0
7862,London,United Kingdom,215,6.5,3.0,4.0,Hotel,2017,11,0
7863,London,United Kingdom,113,2.0,3.0,3.5,Hotel,2017,11,0
7864,London,United Kingdom,59,3.7,3.0,2.5,Hotel,2017,11,0
7867,London,United Kingdom,41,3.7,2.0,3.5,Hostel,2017,11,0
7868,London,United Kingdom,63,3.4,2.5,3.5,Guest House,2017,11,0
7869,London,United Kingdom,114,6.0,3.0,3.7,Inn,2017,11,0
7871,London,United Kingdom,258,2.1,4.0,4.0,Hotel,2017,11,0
7872,London,United Kingdom,93,5.1,3.0,3.0,Hotel,2017,11,0
7874,London,United Kingdom,244,5.2,4.0,4.4,Hotel,2017,11,0
7875,London,United Kingdom,231,1.9,3.0,3.5,Hotel,2017,11,0
7879,London,United Kingdom,88,4.7,2.5,3.5,Hotel,2017,11,0
7881,London,United Kingdom,160,3.2,3.0,2.0,Apartment,2017,11,0
7883,London,United Kingdom,153,3.4,3.5,,Apartment,2017,11,0
7886,London,United Kingdom,137,7.4,3.0,4.1,Hotel,2017,11,0
7887,London,United Kingdom,86,7.3,3.0,3.7,Hotel,2017,11,0
7889,London,United Kingdom,176,5.5,4.0,4.0,Hotel,2017,11,0
7890,London,United Kingdom,214,3.4,4.0,4.5,Hotel,2017,11,0
7891,London,United Kingdom,98,9.1,3.0,4.5,Inn,2017,11,0
7892,London,United Kingdom,195,7.2,3.0,4.1,Hotel,2017,11,0
7893,London,United Kingdom,94,7.0,3.0,,Hotel,2017,11,0
7894,London,United Kingdom,268,3.5,5.0,4.5,Hotel,2017,11,0
7895,London,United Kingdom,124,3.8,4.0,3.5,Apart-hotel,2017,11,0
7897,London,United Kingdom,191,3.7,3.0,,Apartment,2017,11,0
7898,London,United Kingdom,207,6.3,4.0,4.0,Hotel,2017,11,0
7899,London,United Kingdom,178,6.6,4.0,4.5,Hotel,2017,11,0
7913,London,United Kingdom,72,3.1,3.5,,Apartment,2017,11,0
7926,London,United Kingdom,157,5.8,3.0,4.1,Hotel,2017,11,0
7930,London,United Kingdom,336,5.5,5.0,4.6,Hotel,2017,11,0
7931,London,United Kingdom,97,2.4,3.5,3.2,Guest House,2017,11,0
7932,London,United Kingdom,175,7.2,4.0,4.0,Hotel,2017,11,0
7933,London,United Kingdom,166,7.3,4.0,4.1,Hotel,2017,11,0
7934,London,United Kingdom,266,6.4,4.0,4.3,Hotel,2017,11,0
7935,London,United Kingdom,98,8.9,3.0,3.5,Inn,2017,11,0
7936,London,United Kingdom,169,13.0,3.5,3.7,Hotel,2017,11,0
7938,London,United Kingdom,101,12.0,4.0,3.5,Guest House,2017,11,0
7939,London,United Kingdom,95,9.2,2.0,3.5,Guest House,2017,11,0
7941,London,United Kingdom,102,11.0,3.0,3.4,Hotel,2017,11,0
7942,London,United Kingdom,57,11.0,3.0,3.5,Hotel,2017,11,0
7943,London,United Kingdom,85,12.0,3.0,4.0,Hotel,2017,11,0
7944,London,United Kingdom,75,11.0,3.5,4.5,Bed and breakfast,2017,11,0
7945,London,United Kingdom,77,11.0,3.0,3.9,Bed and breakfast,2017,11,0
7946,London,United Kingdom,115,11.0,4.0,3.5,Hotel,2017,11,0
7947,London,United Kingdom,99,11.0,3.0,3.5,Bed and breakfast,2017,11,0
7948,London,United Kingdom,141,11.0,4.0,4.1,Hotel,2017,11,0
7949,London,United Kingdom,77,9.2,2.5,3.0,Inn,2017,11,0
7950,London,United Kingdom,94,11.0,3.0,3.2,Bed and breakfast,2017,11,0
7951,London,United Kingdom,127,11.0,4.0,3.7,Guest House,2017,11,0
7952,London,United Kingdom,84,9.6,2.5,4.0,Inn,2017,11,0
7953,London,United Kingdom,118,12.0,4.0,4.0,Hotel,2017,11,0
7954,London,United Kingdom,44,12.0,2.0,2.4,Inn,2017,11,0
7955,London,United Kingdom,67,9.1,3.0,3.0,Hotel,2017,11,0
7956,London,United Kingdom,72,11.0,3.0,3.7,Hotel,2017,11,0
7957,London,United Kingdom,79,11.0,2.0,2.2,Bed and breakfast,2017,11,0
7959,London,United Kingdom,183,8.1,4.0,4.4,Hotel,2017,11,0
7960,London,United Kingdom,182,7.6,4.0,4.5,Hotel,2017,11,0
7961,London,United Kingdom,240,7.7,4.0,4.5,Apart-hotel,2017,11,0
7962,London,United Kingdom,82,13.0,3.0,3.2,Hotel,2017,11,0
7963,London,United Kingdom,202,8.3,4.0,4.4,Hotel,2017,11,0
7964,London,United Kingdom,88,11.0,4.5,3.9,Hotel,2017,11,0
7965,London,United Kingdom,76,11.0,2.5,3.0,Hotel,2017,11,0
7966,London,United Kingdom,120,3.2,3.0,3.7,Hotel,2017,11,0
7967,London,United Kingdom,206,2.3,4.0,4.0,Hotel,2017,11,0
7968,London,United Kingdom,287,2.7,4.0,4.5,Apartment,2017,11,0
7969,London,United Kingdom,215,2.7,4.0,4.3,Inn,2017,11,0
7972,London,United Kingdom,313,1.4,4.0,4.3,Hotel,2017,11,0
7973,London,United Kingdom,239,1.4,3.0,4.0,Apart-hotel,2017,11,0
7974,London,United Kingdom,44,1.1,4.0,4.0,Hostel,2017,11,0
7975,London,United Kingdom,300,1.6,4.0,4.0,Hotel,2017,11,0
7976,London,United Kingdom,397,1.7,4.0,4.0,Hotel,2017,11,0
7977,London,United Kingdom,161,1.8,3.0,3.7,Apartment,2017,11,0
7978,London,United Kingdom,256,1.4,4.0,4.0,Hotel,2017,11,0
7979,London,United Kingdom,262,1.8,4.0,2.7,Apartment,2017,11,0
7980,London,United Kingdom,223,1.5,3.5,3.7,Hotel,2017,11,0
7981,London,United Kingdom,161,1.8,3.0,3.2,Hotel,2017,11,0
7982,London,United Kingdom,217,1.8,3.5,3.9,Hotel,2017,11,0
7983,London,United Kingdom,160,1.9,4.0,4.0,Apartment,2017,11,0
7984,London,United Kingdom,194,1.4,3.0,3.4,Hotel,2017,11,0
7985,London,United Kingdom,379,1.3,3.5,3.9,Hotel,2017,11,0
7986,London,United Kingdom,567,1.0,5.0,4.6,Hotel,2017,11,0
7987,London,United Kingdom,326,1.5,5.0,4.5,Hotel,2017,11,0
7988,London,United Kingdom,299,1.5,4.0,4.5,Hotel,2017,11,0
7989,London,United Kingdom,218,1.1,3.0,3.7,Hotel,2017,11,0
7991,London,United Kingdom,340,1.4,4.0,4.0,Hotel,2017,11,0
7992,London,United Kingdom,480,1.8,5.0,4.5,Hotel,2017,11,0
7993,London,United Kingdom,165,1.5,3.0,3.2,Guest House,2017,11,0
7994,London,United Kingdom,194,1.5,3.0,4.0,Hotel,2017,11,0
7995,London,United Kingdom,106,1.5,2.0,2.5,Hotel,2017,11,0
7996,London,United Kingdom,280,1.3,4.0,4.0,Hotel,2017,11,0
7997,London,United Kingdom,446,1.4,4.0,4.8,Hotel,2017,11,0
7998,London,United Kingdom,335,1.4,5.0,4.5,Hotel,2017,11,0
7999,London,United Kingdom,312,1.5,5.0,3.7,Hotel,2017,11,0
8001,London,United Kingdom,160,1.5,3.0,2.5,Hotel,2017,11,0
8002,London,United Kingdom,344,1.0,4.0,4.0,Hotel,2017,11,0
8003,London,United Kingdom,196,1.5,3.5,3.7,Hotel,2017,11,0
8004,London,United Kingdom,383,1.7,4.0,4.5,Hotel,2017,11,0
8006,London,United Kingdom,235,1.5,3.0,3.2,Hotel,2017,11,0
8008,London,United Kingdom,172,1.5,4.0,2.0,Guest House,2017,11,0
8009,London,United Kingdom,368,1.2,4.0,4.5,Hotel,2017,11,0
8010,London,United Kingdom,162,1.5,3.5,3.5,Guest House,2017,11,0
8011,London,United Kingdom,109,1.5,2.0,3.0,Guest House,2017,11,0
8012,London,United Kingdom,491,1.5,5.0,4.8,Hotel,2017,11,0
8013,London,United Kingdom,232,1.1,3.5,1.6,Apartment,2017,11,0
8014,London,United Kingdom,257,1.5,4.0,4.3,Bed and breakfast,2017,11,0
8015,London,United Kingdom,278,1.1,3.5,3.7,Hotel,2017,11,0
8016,London,United Kingdom,113,1.9,2.0,2.9,Hostel,2017,11,0
8017,London,United Kingdom,93,1.8,3.0,2.2,Hotel,2017,11,0
8018,London,United Kingdom,261,1.5,3.0,4.0,Hotel,2017,11,0
8020,London,United Kingdom,184,1.6,2.0,2.4,Hotel,2017,11,0
8021,London,United Kingdom,303,1.4,4.0,4.0,Hotel,2017,11,0
8023,London,United Kingdom,384,1.3,4.0,4.4,Hotel,2017,11,0
8024,London,United Kingdom,303,1.2,4.0,4.0,Hotel,2017,11,0
8025,London,United Kingdom,170,1.9,2.5,3.9,Hotel,2017,11,0
8026,London,United Kingdom,233,1.0,4.0,3.5,Hotel,2017,11,0
8027,London,United Kingdom,352,1.2,4.0,4.1,Hotel,2017,11,0
8028,London,United Kingdom,182,1.8,3.0,1.2,Apartment,2017,11,0
8032,London,United Kingdom,359,1.0,5.0,4.5,Hotel,2017,11,0
8033,London,United Kingdom,351,0.8,3.0,,Apartment,2017,11,0
8034,London,United Kingdom,510,0.9,5.0,4.0,Hotel,2017,11,0
8035,London,United Kingdom,479,1.4,5.0,4.4,Hotel,2017,11,0
8036,London,United Kingdom,605,0.6,5.0,4.5,Hotel,2017,11,0
8037,London,United Kingdom,516,0.6,5.0,4.6,Hotel,2017,11,0
8038,London,United Kingdom,159,0.8,2.5,1.0,Apartment,2017,11,0
8039,London,United Kingdom,468,1.0,5.0,4.5,Hotel,2017,11,0
8040,London,United Kingdom,288,0.9,4.0,3.4,Hotel,2017,11,0
8041,London,United Kingdom,378,1.0,5.0,3.9,Hotel,2017,11,0
8044,London,United Kingdom,343,0.6,4.0,4.0,Hotel,2017,11,0
8045,London,United Kingdom,682,0.6,5.0,4.9,Hotel,2017,11,0
8046,London,United Kingdom,409,0.8,4.0,4.5,Hotel,2017,11,0
8047,London,United Kingdom,457,0.5,5.0,4.4,Hotel,2017,11,0
8048,London,United Kingdom,380,0.7,5.0,3.9,Hotel,2017,11,0
8049,London,United Kingdom,292,0.8,4.0,4.3,Apartment,2017,11,0
8052,London,United Kingdom,481,1.2,4.0,4.8,Apart-hotel,2017,11,0
8053,London,United Kingdom,303,0.8,4.0,3.7,Hotel,2017,11,0
8054,London,United Kingdom,1030,1.1,5.0,4.5,Hotel,2017,11,0
8055,London,United Kingdom,432,0.8,4.0,4.1,Hotel,2017,11,0
8056,London,United Kingdom,435,0.5,5.0,4.3,Hotel,2017,11,0
8057,London,United Kingdom,649,1.1,5.0,4.9,Hotel,2017,11,0
8058,London,United Kingdom,338,0.5,4.0,4.4,Hotel,2017,11,0
8059,London,United Kingdom,467,1.2,5.0,4.3,Hotel,2017,11,0
8060,London,United Kingdom,945,0.9,5.0,4.6,Hotel,2017,11,0
8061,London,United Kingdom,1142,0.9,5.0,4.8,Hotel,2017,11,0
8062,London,United Kingdom,333,1.1,5.0,4.0,Hotel,2017,11,0
8063,London,United Kingdom,288,0.8,4.0,3.5,Hotel,2017,11,0
8064,London,United Kingdom,892,1.0,5.0,4.9,Hotel,2017,11,0
8065,London,United Kingdom,328,0.8,5.0,4.3,Hotel,2017,11,0
8066,London,United Kingdom,396,0.7,5.0,4.3,Hotel,2017,11,0
8072,London,United Kingdom,102,3.4,4.0,3.2,Hotel,2017,11,0
8073,London,United Kingdom,200,3.3,4.0,4.0,Hotel,2017,11,0
8076,London,United Kingdom,88,3.0,2.0,2.9,Hotel,2017,11,0
8077,London,United Kingdom,362,3.3,3.5,4.3,Hotel,2017,11,0
8078,London,United Kingdom,183,3.7,4.0,4.1,Guest House,2017,11,0
8079,London,United Kingdom,191,3.0,3.0,4.3,Guest House,2017,11,0
8080,London,United Kingdom,84,2.8,2.5,2.7,Hotel,2017,11,0
8081,London,United Kingdom,158,2.8,4.0,3.2,Hotel,2017,11,0
8082,London,United Kingdom,69,2.8,3.0,2.9,Hotel,2017,11,0
8083,London,United Kingdom,112,2.9,4.0,3.5,Guest House,2017,11,0
8084,London,United Kingdom,69,2.8,2.0,2.5,Hotel,2017,11,0
8091,London,United Kingdom,212,2.3,4.0,3.5,Guest House,2017,11,0
8092,London,United Kingdom,85,2.2,2.0,2.9,Hostel,2017,11,0
8093,London,United Kingdom,100,2.1,3.0,3.2,Hotel,2017,11,0
8094,London,United Kingdom,143,2.7,3.0,4.0,Hotel,2017,11,0
8095,London,United Kingdom,212,2.5,4.0,3.5,Inn,2017,11,0
8096,London,United Kingdom,130,1.7,3.0,3.2,Guest House,2017,11,0
8097,London,United Kingdom,105,2.2,3.0,2.7,Hotel,2017,11,0
8098,London,United Kingdom,236,2.1,3.0,3.0,Hotel,2017,11,0
8099,London,United Kingdom,83,2.0,3.0,3.0,Hotel,2017,11,0
8100,London,United Kingdom,307,2.4,4.0,4.0,Hotel,2017,11,0
8101,London,United Kingdom,153,2.0,3.0,3.0,Hotel,2017,11,0
8102,London,United Kingdom,123,2.6,3.0,3.7,Bed and breakfast,2017,11,0
8103,London,United Kingdom,85,2.0,2.0,2.5,Hotel,2017,11,0
8104,London,United Kingdom,94,2.0,3.0,2.7,Hotel,2017,11,0
8105,London,United Kingdom,114,2.0,2.0,3.4,Hotel,2017,11,0
8106,London,United Kingdom,134,2.2,2.5,2.5,Hotel,2017,11,0
8107,London,United Kingdom,85,2.6,3.0,2.7,Apartment,2017,11,0
8108,London,United Kingdom,138,2.0,3.0,3.7,Hotel,2017,11,0
8109,London,United Kingdom,162,2.0,3.0,4.0,Hotel,2017,11,0
8110,London,United Kingdom,88,2.0,2.0,3.2,Hotel,2017,11,0
8111,London,United Kingdom,142,2.0,3.0,3.2,Bed and breakfast,2017,11,0
8112,London,United Kingdom,242,2.2,4.0,3.9,Hotel,2017,11,0
8113,London,United Kingdom,74,2.1,2.5,2.0,Guest House,2017,11,0
8114,London,United Kingdom,109,2.0,3.0,3.4,Bed and breakfast,2017,11,0
8115,London,United Kingdom,84,1.9,2.0,2.2,Hotel,2017,11,0
8116,London,United Kingdom,103,2.0,2.0,3.2,Hotel,2017,11,0
8117,London,United Kingdom,135,2.0,3.0,3.2,Hotel,2017,11,0
8118,London,United Kingdom,253,2.6,4.0,4.0,Hotel,2017,11,0
8119,London,United Kingdom,129,2.0,3.0,3.7,Hotel,2017,11,0
8120,London,United Kingdom,95,2.2,3.0,2.9,Hotel,2017,11,0
8121,London,United Kingdom,120,2.0,3.0,3.0,Hotel,2017,11,0
8122,London,United Kingdom,235,2.0,3.0,4.3,Hotel,2017,11,0
8123,London,United Kingdom,102,2.0,3.0,3.2,Guest House,2017,11,0
8124,London,United Kingdom,164,2.0,3.0,3.7,Hotel,2017,11,0
8126,London,United Kingdom,132,2.0,3.0,2.7,Guest House,2017,11,0
8127,London,United Kingdom,81,2.3,3.5,2.2,Apartment,2017,11,0
8128,London,United Kingdom,132,2.0,3.0,3.4,Hotel,2017,11,0
8129,London,United Kingdom,255,2.3,5.0,4.3,Guest House,2017,11,0
8130,London,United Kingdom,161,2.0,3.0,3.5,Hotel,2017,11,0
8131,London,United Kingdom,126,2.0,3.0,3.0,Bed and breakfast,2017,11,0
8132,London,United Kingdom,288,2.1,4.0,3.5,Hotel,2017,11,0
8134,London,United Kingdom,128,2.0,3.0,3.0,Hotel,2017,11,0
8135,London,United Kingdom,198,2.0,3.0,3.7,Hotel,2017,11,0
8136,London,United Kingdom,258,2.7,4.0,4.3,Hotel,2017,11,0
8137,London,United Kingdom,85,2.0,2.5,2.5,Hotel,2017,11,0
8138,London,United Kingdom,119,2.0,2.5,2.5,Hotel,2017,11,0
8139,London,United Kingdom,128,2.0,2.0,3.2,Guest House,2017,11,0
8140,London,United Kingdom,105,2.0,2.5,3.7,Hotel,2017,11,0
8141,London,United Kingdom,98,2.0,2.0,3.0,Hotel,2017,11,0
8142,London,United Kingdom,38,2.4,2.0,3.0,Hostel,2017,11,0
8143,London,United Kingdom,319,2.1,4.0,4.3,Hotel,2017,11,0
8144,London,United Kingdom,112,2.1,2.0,3.0,Hostel,2017,11,0
8145,London,United Kingdom,78,2.1,3.0,3.0,Apartment,2017,11,0
8146,London,United Kingdom,110,2.0,3.0,3.5,Hotel,2017,11,0
8147,London,United Kingdom,108,2.0,3.0,2.9,Hotel,2017,11,0
8148,London,United Kingdom,122,2.0,3.0,3.0,Hotel,2017,11,0
8149,London,United Kingdom,122,2.0,3.0,3.2,Hotel,2017,11,0
8150,London,United Kingdom,128,2.0,3.5,3.5,Apart-hotel,2017,11,0
8151,London,United Kingdom,129,2.1,3.0,3.5,Hotel,2017,11,0
8153,London,United Kingdom,158,2.1,2.0,4.0,Guest House,2017,11,0
8154,London,United Kingdom,131,2.1,3.0,3.5,Guest House,2017,11,0
8155,London,United Kingdom,143,2.3,3.5,1.3,Apartment,2017,11,0
8156,London,United Kingdom,182,2.7,4.0,3.7,Hotel,2017,11,0
8157,London,United Kingdom,139,2.4,3.0,3.2,Hotel,2017,11,0
8158,London,United Kingdom,110,2.8,2.0,2.7,Hotel,2017,11,0
8159,London,United Kingdom,113,2.1,2.5,3.0,Hotel,2017,11,0
8161,London,United Kingdom,84,2.2,2.0,3.2,Hotel,2017,11,0
8162,London,United Kingdom,117,2.1,2.0,3.5,Hotel,2017,11,0
8163,London,United Kingdom,255,2.0,4.0,3.7,Hotel,2017,11,0
8164,London,United Kingdom,102,2.5,2.0,3.0,Hostel,2017,11,0
8165,London,United Kingdom,129,2.4,3.5,3.5,Hotel,2017,11,0
8166,London,United Kingdom,108,2.8,2.5,3.5,Hotel,2017,11,0
8167,London,United Kingdom,108,2.7,4.0,3.5,Inn,2017,11,0
8168,London,United Kingdom,105,2.4,2.0,3.7,Hotel,2017,11,0
8169,London,United Kingdom,128,2.2,3.0,3.5,Hotel,2017,11,0
8170,London,United Kingdom,129,2.2,3.0,3.7,Bed and breakfast,2017,11,0
8171,London,United Kingdom,142,1.9,2.5,3.9,Hotel,2017,11,0
8172,London,United Kingdom,85,1.9,2.5,2.4,Hotel,2017,11,0
8173,London,United Kingdom,113,2.2,3.0,3.2,Hotel,2017,11,0
8174,London,United Kingdom,193,2.4,4.0,4.0,Hotel,2017,11,0
8175,London,United Kingdom,198,2.3,4.0,3.7,Hotel,2017,11,0
8176,London,United Kingdom,110,2.2,2.0,3.2,Hotel,2017,11,0
8178,London,United Kingdom,97,2.0,3.0,3.0,Hotel,2017,11,0
8179,London,United Kingdom,227,2.3,4.0,3.7,Hotel,2017,11,0
8180,London,United Kingdom,326,2.5,4.0,4.4,Hotel,2017,11,0
8181,London,United Kingdom,284,2.1,4.0,4.3,Hotel,2017,11,0
8182,London,United Kingdom,109,2.5,3.0,3.2,Apartment,2017,11,0
8183,London,United Kingdom,110,2.0,2.0,2.5,Hotel,2017,11,0
8184,London,United Kingdom,150,2.7,3.5,4.3,Apart-hotel,2017,11,0
8185,London,United Kingdom,196,2.4,4.0,4.1,Hotel,2017,11,0
8186,London,United Kingdom,95,2.7,3.0,3.2,Hotel,2017,11,0
8187,London,United Kingdom,74,2.5,3.5,2.7,Apartment,2017,11,0
8188,London,United Kingdom,114,1.9,2.5,2.7,Hotel,2017,11,0
8189,London,United Kingdom,120,2.0,3.0,3.0,Hotel,2017,11,0
8190,London,United Kingdom,167,2.0,4.0,3.7,Hotel,2017,11,0
8191,London,United Kingdom,123,1.9,2.5,2.9,Hotel,2017,11,0
8192,London,United Kingdom,134,2.1,4.0,2.7,Hotel,2017,11,0
8193,London,United Kingdom,116,2.5,3.0,3.0,Hotel,2017,11,0
8194,London,United Kingdom,117,2.5,3.0,3.0,Hotel,2017,11,0
8195,London,United Kingdom,401,2.3,4.0,4.1,Hotel,2017,11,0
8197,London,United Kingdom,126,2.5,3.0,3.4,Hotel,2017,11,0
8198,London,United Kingdom,151,2.5,3.0,3.5,Apartment,2017,11,0
8199,London,United Kingdom,176,2.4,3.0,4.0,Hotel,2017,11,0
8200,London,United Kingdom,153,1.6,3.0,3.7,Bed and breakfast,2017,11,0
8201,London,United Kingdom,76,2.0,3.0,3.0,Hotel,2017,11,0
8202,London,United Kingdom,71,2.4,2.0,2.7,Hotel,2017,11,0
8203,London,United Kingdom,251,2.6,4.0,4.0,Hotel,2017,11,0
8204,London,United Kingdom,162,2.0,2.5,3.9,Hotel,2017,11,0
8205,London,United Kingdom,159,2.7,4.0,3.7,Apartment,2017,11,0
8206,London,United Kingdom,113,2.2,3.0,3.4,Hotel,2017,11,0
8207,London,United Kingdom,166,2.5,3.0,3.7,Hotel,2017,11,0
8208,London,United Kingdom,188,2.3,3.0,3.4,Hotel,2017,11,0
8209,London,United Kingdom,89,2.0,2.0,2.5,Hotel,2017,11,0
8210,London,United Kingdom,137,2.5,3.0,2.9,Hotel,2017,11,0
8211,London,United Kingdom,33,2.5,2.0,3.0,Hostel,2017,11,0
8212,London,United Kingdom,124,2.5,3.0,3.2,Hotel,2017,11,0
8213,London,United Kingdom,122,2.0,4.0,3.5,Apartment,2017,11,0
8214,London,United Kingdom,154,2.1,3.0,3.2,Bed and breakfast,2017,11,0
8215,London,United Kingdom,161,2.3,4.0,3.2,Hotel,2017,11,0
8216,London,United Kingdom,131,2.8,3.0,3.5,Hotel,2017,11,0
8217,London,United Kingdom,246,2.2,4.0,4.5,Hotel,2017,11,0
8218,London,United Kingdom,98,2.0,2.5,3.2,Hotel,2017,11,0
8219,London,United Kingdom,184,2.5,4.0,3.7,Guest House,2017,11,0
8220,London,United Kingdom,212,2.5,3.0,5.0,Apartment,2017,11,0
8221,London,United Kingdom,119,2.6,3.0,2.9,Apartment,2017,11,0
8222,London,United Kingdom,198,2.2,4.0,3.4,Hotel,2017,11,0
8223,London,United Kingdom,92,2.0,3.0,2.5,Hotel,2017,11,0
8224,London,United Kingdom,105,1.9,2.0,3.2,Hotel,2017,11,0
8225,London,United Kingdom,235,2.5,3.5,,Hotel,2017,11,0
8227,London,United Kingdom,74,2.6,2.0,2.4,Hotel,2017,11,0
8228,London,United Kingdom,142,2.3,3.0,3.9,Hotel,2017,11,0
8229,London,United Kingdom,116,2.5,3.0,3.7,Hotel,2017,11,0
8230,London,United Kingdom,81,2.2,2.0,2.4,Hotel,2017,11,0
8231,London,United Kingdom,113,2.6,3.0,2.5,Apartment,2017,11,0
8232,London,United Kingdom,198,2.3,4.0,3.5,Hotel,2017,11,0
8233,London,United Kingdom,191,1.9,4.0,3.4,Hotel,2017,11,0
8234,London,United Kingdom,137,2.2,3.0,3.2,Hotel,2017,11,0
8235,London,United Kingdom,74,2.3,2.5,2.5,Hotel,2017,11,0
8236,London,United Kingdom,313,2.1,4.0,4.1,Hotel,2017,11,0
8237,London,United Kingdom,112,2.8,3.0,2.7,Hotel,2017,11,0
8238,London,United Kingdom,138,2.5,3.0,3.0,Apartment,2017,11,0
8239,London,United Kingdom,157,2.7,3.0,4.0,Hotel,2017,11,0
8240,London,United Kingdom,142,2.6,4.0,3.7,Apartment,2017,11,0
8242,London,United Kingdom,126,2.7,2.5,4.0,Hotel,2017,11,0
8243,London,United Kingdom,217,2.3,4.0,3.7,Hotel,2017,11,0
8244,London,United Kingdom,137,2.0,2.5,3.2,Hotel,2017,11,0
8245,London,United Kingdom,159,2.3,2.5,3.5,Hotel,2017,11,0
8246,London,United Kingdom,108,2.0,2.5,2.7,Hotel,2017,11,0
8247,London,United Kingdom,135,2.2,3.0,2.2,Hotel,2017,11,0
8249,London,United Kingdom,159,2.5,3.0,3.5,Hotel,2017,11,0
8250,London,United Kingdom,173,2.2,4.0,3.7,Hotel,2017,11,0
8251,London,United Kingdom,218,2.1,4.0,3.2,Hotel,2017,11,0
8252,London,United Kingdom,258,2.1,5.0,4.1,Hotel,2017,11,0
8254,London,United Kingdom,242,2.7,4.5,,Apartment,2017,11,0
8258,London,United Kingdom,194,5.2,2.0,4.0,Hotel,2017,11,0
8261,London,United Kingdom,133,5.0,3.5,3.5,Hotel,2017,11,0
8262,London,United Kingdom,266,5.3,4.0,4.5,Hotel,2017,11,0
8263,London,United Kingdom,138,5.2,3.0,,Apartment,2017,11,0
8266,London,United Kingdom,151,8.3,4.0,4.0,Hotel,2017,11,0
8267,London,United Kingdom,105,8.3,4.0,3.5,Hotel,2017,11,0
8268,London,United Kingdom,95,7.2,3.5,3.0,Bed and breakfast,2017,11,0
8269,London,United Kingdom,187,7.2,3.5,4.3,Hotel,2017,11,0
8270,London,United Kingdom,273,8.4,3.0,4.1,Hotel,2017,11,0
8271,London,United Kingdom,190,7.0,3.5,4.5,Inn,2017,11,0
8272,London,United Kingdom,179,8.4,4.0,4.4,Hotel,2017,11,0
8273,London,United Kingdom,443,2.6,5.0,4.8,Hotel,2017,11,0
8274,London,United Kingdom,283,2.3,5.0,4.5,Hotel,2017,11,0
8275,London,United Kingdom,144,2.9,3.0,3.2,Hotel,2017,11,0
8276,London,United Kingdom,273,2.2,5.0,4.4,Hotel,2017,11,0
8277,London,United Kingdom,294,2.6,5.0,4.5,Hotel,2017,11,0
8278,London,United Kingdom,187,3.0,3.5,4.0,Hotel,2017,11,0
8279,London,United Kingdom,78,3.3,2.0,3.0,Bed and breakfast,2017,11,0
8280,London,United Kingdom,187,2.3,4.0,4.0,Hotel,2017,11,0
8281,London,United Kingdom,187,2.5,3.0,4.4,Apart-hotel,2017,11,0
8282,London,United Kingdom,124,2.5,3.0,1.0,Apartment,2017,11,0
8283,London,United Kingdom,241,2.3,4.0,,Apartment,2017,11,0
8284,London,United Kingdom,208,2.3,4.0,4.0,Hotel,2017,11,0
8285,London,United Kingdom,485,2.5,5.0,4.5,Hotel,2017,11,0
8286,London,United Kingdom,97,2.8,3.0,3.0,Hotel,2017,11,0
8287,London,United Kingdom,146,2.3,4.0,2.9,Inn,2017,11,0
8288,London,United Kingdom,106,4.2,3.0,3.2,Inn,2017,11,0
8289,London,United Kingdom,340,3.0,4.5,4.5,Hotel,2017,11,0
8290,London,United Kingdom,251,2.3,5.0,4.1,Hotel,2017,11,0
8291,London,United Kingdom,163,2.6,4.0,3.0,Hotel,2017,11,0
8292,London,United Kingdom,134,3.5,3.0,3.9,Hotel,2017,11,0
8294,London,United Kingdom,448,2.5,5.0,4.6,Apartment,2017,11,0
8295,London,United Kingdom,126,2.8,3.5,4.0,Apartment,2017,11,0
8298,London,United Kingdom,156,2.6,3.0,3.9,Hotel,2017,11,0
8301,London,United Kingdom,129,2.7,3.0,3.7,Apartment,2017,11,0
8302,London,United Kingdom,293,2.5,5.0,4.4,Hotel,2017,11,0
8304,London,United Kingdom,323,2.5,5.0,4.0,Hotel,2017,11,0
8305,London,United Kingdom,262,2.3,3.0,3.9,Hotel,2017,11,0
8306,London,United Kingdom,117,2.3,4.0,3.2,Apartment,2017,11,0
8307,London,United Kingdom,367,2.5,4.5,4.5,Hotel,2017,11,0
8308,London,United Kingdom,270,2.4,4.0,4.5,Hotel,2017,11,0
8309,London,United Kingdom,287,2.6,3.5,3.7,Apartment,2017,11,0
8311,London,United Kingdom,70,18.0,3.0,,Bed and breakfast,2017,11,0
8312,London,United Kingdom,75,18.0,3.0,2.7,Guest House,2017,11,0
8313,London,United Kingdom,57,17.0,2.5,3.2,Guest House,2017,11,0
8314,London,United Kingdom,73,17.0,3.0,3.4,Hotel,2017,11,0
8315,London,United Kingdom,182,18.0,4.0,4.1,Hotel,2017,11,0
8316,London,United Kingdom,114,17.0,4.0,4.4,Inn,2017,11,0
8317,London,United Kingdom,105,18.0,3.0,3.7,Hotel,2017,11,0
8318,London,United Kingdom,111,17.0,4.0,4.4,Hotel,2017,11,0
8319,London,United Kingdom,239,17.0,4.0,4.1,Hotel,2017,11,0
8320,London,United Kingdom,341,0.6,4.0,4.5,Hotel,2017,11,0
8321,London,United Kingdom,598,0.5,5.0,4.9,Hotel,2017,11,0
8322,London,United Kingdom,269,0.5,3.5,4.1,Hotel,2017,11,0
8324,London,United Kingdom,355,0.5,4.0,4.4,Hotel,2017,11,0
8325,London,United Kingdom,319,0.4,4.0,4.0,Hotel,2017,11,0
8331,London,United Kingdom,317,0.7,4.0,4.3,Hotel,2017,11,0
8332,London,United Kingdom,347,2.1,5.0,4.8,Hotel,2017,11,0
8333,London,United Kingdom,304,0.9,5.0,4.6,Hotel,2017,11,0
8334,London,United Kingdom,277,0.6,4.0,4.4,Hotel,2017,11,0
8335,London,United Kingdom,379,2.0,4.0,4.5,Hotel,2017,11,0
8337,London,United Kingdom,340,0.6,5.0,4.4,Hotel,2017,11,0
8338,London,United Kingdom,91,11.0,3.0,3.2,Hotel,2017,11,0
8339,London,United Kingdom,200,3.6,3.0,4.0,Hotel,2017,11,0
8340,London,United Kingdom,292,2.5,3.0,5.0,Apartment,2017,11,0
8341,London,United Kingdom,249,2.3,4.0,4.3,Hotel,2017,11,0
8342,London,United Kingdom,136,16.0,4.0,4.3,Hotel,2017,11,0
8344,London,United Kingdom,166,18.0,4.0,4.0,Hotel,2017,11,0
8345,London,United Kingdom,164,17.0,3.0,3.5,Hotel,2017,11,0
8346,London,United Kingdom,148,18.0,3.0,4.1,Hotel,2017,11,0
8348,London,United Kingdom,50,7.1,2.0,3.5,Hotel,2017,11,0
8350,London,United Kingdom,71,6.1,1.5,2.5,Hotel,2017,11,0
8352,London,United Kingdom,89,6.6,3.0,3.2,Hotel,2017,11,0
8353,London,United Kingdom,131,5.7,3.0,4.1,Hotel,2017,11,0
8354,London,United Kingdom,128,6.2,3.0,3.7,Hotel,2017,11,0
8355,London,United Kingdom,162,6.1,4.0,3.5,Apartment,2017,11,0
8356,London,United Kingdom,100,6.2,3.0,3.7,Hotel,2017,11,0
8357,London,United Kingdom,196,5.2,3.0,,Apartment,2017,11,0
8358,London,United Kingdom,65,5.8,2.5,5.0,Guest House,2017,11,0
8359,London,United Kingdom,118,5.8,4.0,4.4,Hotel,2017,11,0
8360,London,United Kingdom,82,6.3,3.0,2.0,Guest House,2017,11,0
8361,London,United Kingdom,78,6.6,3.0,3.4,Hotel,2017,11,0
8362,London,United Kingdom,95,5.5,3.0,4.0,Apartment,2017,11,0
8363,London,United Kingdom,63,6.7,3.0,3.5,Guest House,2017,11,0
8364,London,United Kingdom,129,6.0,2.5,,Hotel,2017,11,0
8366,London,United Kingdom,95,5.7,2.0,3.5,Apartment,2017,11,0
8367,London,United Kingdom,63,6.2,2.5,2.0,Guest House,2017,11,0
8368,London,United Kingdom,286,0.9,4.0,4.1,Apartment,2017,11,0
8369,London,United Kingdom,190,2.4,2.5,4.5,Hotel,2017,11,0
8370,London,United Kingdom,329,2.1,4.0,4.5,Hotel,2017,11,0
8371,London,United Kingdom,447,0.9,4.0,4.6,Hotel,2017,11,0
8372,London,United Kingdom,351,1.3,5.0,4.3,Hotel,2017,11,0
8373,London,United Kingdom,387,2.2,4.0,4.4,Hotel,2017,11,0
8374,London,United Kingdom,689,2.2,5.0,4.5,Hotel,2017,11,0
8375,London,United Kingdom,295,2.3,4.0,4.4,Hotel,2017,11,0
8377,London,United Kingdom,359,2.3,4.0,4.5,Hotel,2017,11,0
8378,London,United Kingdom,459,2.1,3.0,1.2,Guest House,2017,11,0
8379,London,United Kingdom,357,1.0,4.0,4.4,Hotel,2017,11,0
8380,London,United Kingdom,235,2.2,4.0,4.3,Apart-hotel,2017,11,0
8382,London,United Kingdom,280,1.2,4.0,4.1,Hotel,2017,11,0
8384,London,United Kingdom,252,2.2,4.0,3.5,Hotel,2017,11,0
8385,London,United Kingdom,364,1.9,5.0,4.6,Hotel,2017,11,0
8387,London,United Kingdom,321,2.1,4.0,4.1,Inn,2017,11,0
8388,London,United Kingdom,307,2.2,5.0,4.6,Hotel,2017,11,0
8389,London,United Kingdom,353,2.1,5.0,4.5,Hotel,2017,11,0
8390,London,United Kingdom,569,2.0,5.0,4.9,Apartment,2017,11,0
8391,London,United Kingdom,340,1.8,4.5,4.4,Hotel,2017,11,0
8392,London,United Kingdom,354,1.5,4.0,4.4,Apartment,2017,11,0
8393,London,United Kingdom,372,1.9,5.0,4.4,Hotel,2017,11,0
8394,London,United Kingdom,156,2.3,3.0,3.7,Apartment,2017,11,0
8395,London,United Kingdom,368,1.8,5.0,4.4,Hotel,2017,11,0
8398,London,United Kingdom,297,1.9,4.0,4.0,Hotel,2017,11,0
8399,London,United Kingdom,379,2.1,4.0,4.4,Hotel,2017,11,0
8400,London,United Kingdom,490,1.8,4.0,4.6,Hotel,2017,11,0
8403,London,United Kingdom,306,2.3,4.0,4.5,Hotel,2017,11,0
8405,London,United Kingdom,266,2.3,4.0,4.0,Apartment,2017,11,0
8410,London,United Kingdom,51,1.2,3.0,3.7,Hostel,2017,11,0
8411,London,United Kingdom,91,9.8,3.0,3.0,Guest House,2017,11,0
8412,London,United Kingdom,156,9.9,3.5,4.5,Hotel,2017,11,0
8413,London,United Kingdom,187,9.8,4.0,4.3,Hotel,2017,11,0
8414,London,United Kingdom,235,0.9,4.0,4.5,Hotel,2017,11,0
8415,London,United Kingdom,245,1.1,4.0,4.1,Hotel,2017,11,0
8416,London,United Kingdom,111,1.4,2.0,3.2,Guest House,2017,11,0
8418,London,United Kingdom,183,1.4,3.0,3.4,Hotel,2017,11,0
8419,London,United Kingdom,131,1.3,3.0,3.7,Bed and breakfast,2017,11,0
8420,London,United Kingdom,236,1.1,4.0,4.1,Apartment,2017,11,0
8421,London,United Kingdom,134,1.4,3.0,3.2,Bed and breakfast,2017,11,0
8422,London,United Kingdom,102,1.4,2.0,1.8,Bed and breakfast,2017,11,0
8423,London,United Kingdom,85,1.4,2.5,2.7,Hotel,2017,11,0
8424,London,United Kingdom,224,1.4,4.0,4.4,Guest House,2017,11,0
8425,London,United Kingdom,198,1.2,3.0,3.4,Guest House,2017,11,0
8426,London,United Kingdom,95,1.2,1.0,3.0,Hotel,2017,11,0
8427,London,United Kingdom,313,1.1,4.0,4.3,Hotel,2017,11,0
8428,London,United Kingdom,342,1.4,5.0,4.5,Hotel,2017,11,0
8429,London,United Kingdom,91,1.3,2.0,2.5,Hotel,2017,11,0
8430,London,United Kingdom,381,0.6,5.0,4.6,Hotel,2017,11,0
8431,London,United Kingdom,266,1.1,4.0,4.3,Hotel,2017,11,0
8432,London,United Kingdom,223,1.2,4.0,2.9,Hotel,2017,11,0
8434,London,United Kingdom,122,1.3,4.0,3.2,Apartment,2017,11,0
8435,London,United Kingdom,133,1.2,2.0,3.2,Hotel,2017,11,0
8436,London,United Kingdom,129,1.1,2.5,2.9,Hotel,2017,11,0
8437,London,United Kingdom,63,1.2,2.5,3.4,Hotel,2017,11,0
8439,London,United Kingdom,264,1.0,4.0,4.3,Hotel,2017,11,0
8441,London,United Kingdom,113,1.3,3.0,2.9,Bed and breakfast,2017,11,0
8442,London,United Kingdom,122,1.5,3.5,2.5,Apartment,2017,11,0
8443,London,United Kingdom,253,0.6,3.5,4.3,Hotel,2017,11,0
8444,London,United Kingdom,211,1.3,5.0,4.3,Guest House,2017,11,0
8446,London,United Kingdom,248,1.3,4.5,4.4,Hotel,2017,11,0
8447,London,United Kingdom,268,0.9,4.0,4.4,Hotel,2017,11,0
8449,London,United Kingdom,523,0.9,5.0,4.9,Hotel,2017,11,0
8450,London,United Kingdom,120,1.2,2.0,3.4,Guest House,2017,11,0
8451,London,United Kingdom,205,1.2,3.0,2.2,Hotel,2017,11,0
8452,London,United Kingdom,367,0.7,5.0,4.9,Hotel,2017,11,0
8453,London,United Kingdom,350,1.4,4.0,4.8,Hotel,2017,11,0
8454,London,United Kingdom,413,0.7,4.0,4.4,Hotel,2017,11,0
8455,London,United Kingdom,180,1.2,3.0,3.7,Hotel,2017,11,0
8457,London,United Kingdom,334,1.0,4.0,4.3,Inn,2017,11,0
8458,London,United Kingdom,137,1.3,3.0,3.4,Hotel,2017,11,0
8459,London,United Kingdom,95,1.3,2.5,1.7,Hotel,2017,11,0
8460,London,United Kingdom,72,1.3,2.0,2.0,Hotel,2017,11,0
8461,London,United Kingdom,164,1.3,3.0,3.9,Bed and breakfast,2017,11,0
8462,London,United Kingdom,94,1.3,2.0,3.0,Hotel,2017,11,0
8463,London,United Kingdom,106,1.3,2.5,2.5,Hotel,2017,11,0
8465,London,United Kingdom,530,1.0,5.0,4.9,Hotel,2017,11,0
8467,London,United Kingdom,410,0.7,4.0,4.5,Hotel,2017,11,0
8468,London,United Kingdom,266,1.4,4.0,4.0,Apart-hotel,2017,11,0
8477,London,United Kingdom,64,7.9,3.0,2.5,Hotel,2017,11,0
8478,London,United Kingdom,67,7.7,3.0,2.7,Guest House,2017,11,0
8479,London,United Kingdom,95,7.5,3.5,3.7,Hotel,2017,11,0
8480,London,United Kingdom,59,8.0,3.0,3.0,Guest House,2017,11,0
8481,London,United Kingdom,65,7.7,2.0,2.7,Inn,2017,11,0
8483,London,United Kingdom,66,7.7,3.0,4.1,Hotel,2017,11,0
8484,London,United Kingdom,112,7.6,4.0,4.5,Hotel,2017,11,0
8485,London,United Kingdom,137,7.5,4.0,4.5,Hotel,2017,11,0
8486,London,United Kingdom,74,8.4,2.5,2.5,Inn,2017,11,0
8487,London,United Kingdom,76,8.0,3.0,2.9,Guest House,2017,11,0
8489,London,United Kingdom,62,7.8,3.0,3.0,Hotel,2017,11,0
8490,London,United Kingdom,141,7.6,4.0,4.0,Hotel,2017,11,0
8491,London,United Kingdom,91,7.6,3.0,3.5,Hotel,2017,11,0
8492,London,United Kingdom,147,7.5,4.0,4.5,Hotel,2017,11,0
8493,London,United Kingdom,77,7.5,3.0,3.7,Hotel,2017,11,0
8494,London,United Kingdom,84,15.0,2.5,3.7,Bed and breakfast,2017,11,0
8495,London,United Kingdom,52,15.0,3.0,4.0,Guest House,2017,11,0
8496,London,United Kingdom,84,15.0,3.0,3.4,Bed and breakfast,2017,11,0
8497,London,United Kingdom,105,14.0,3.0,4.1,Hotel,2017,11,0
8498,London,United Kingdom,88,15.0,3.5,,Bed and breakfast,2017,11,0
8499,London,United Kingdom,40,16.0,2.0,2.5,Hotel,2017,11,0
8500,London,United Kingdom,99,14.0,4.0,3.9,Hotel,2017,11,0
8501,London,United Kingdom,106,14.0,4.0,3.9,Hotel,2017,11,0
8502,London,United Kingdom,105,16.0,3.5,3.5,Hotel,2017,11,0
8503,London,United Kingdom,129,14.0,4.0,4.0,Hotel,2017,11,0
8504,London,United Kingdom,122,15.0,4.0,3.9,Hotel,2017,11,0
8505,London,United Kingdom,129,14.0,4.0,4.0,Hotel,2017,11,0
8506,London,United Kingdom,141,14.0,4.0,4.0,Hotel,2017,11,0
8507,London,United Kingdom,111,15.0,3.0,4.3,Guest House,2017,11,0
8508,London,United Kingdom,251,16.0,5.0,4.5,Hotel,2017,11,0
8509,London,United Kingdom,132,15.0,4.0,4.1,Hotel,2017,11,0
8510,London,United Kingdom,682,0.4,5.0,4.9,Hotel,2017,11,0
8512,London,United Kingdom,630,0.1,5.0,4.9,Hotel,2017,11,0
8513,London,United Kingdom,565,0.7,5.0,4.8,Hotel,2017,11,0
8514,London,United Kingdom,590,0.5,5.0,4.9,Hotel,2017,11,0
8515,London,United Kingdom,493,0.3,5.0,4.0,Hotel,2017,11,0
8516,London,United Kingdom,313,0.2,4.0,4.0,Guest House,2017,11,0
8517,London,United Kingdom,527,0.8,4.5,4.5,Hotel,2017,11,0
8520,London,United Kingdom,248,0.1,3.0,4.1,Apart-hotel,2017,11,0
8521,London,United Kingdom,353,0.1,4.0,4.3,Hotel,2017,11,0
8522,London,United Kingdom,372,0.2,5.0,4.5,Hotel,2017,11,0
8523,London,United Kingdom,333,0.5,4.0,4.4,Hotel,2017,11,0
8524,London,United Kingdom,245,0.5,4.5,4.0,Hotel,2017,11,0
8525,London,United Kingdom,527,0.8,5.0,5.0,Hotel,2017,11,0
8526,London,United Kingdom,353,0.4,5.0,3.7,Hotel,2017,11,0
8527,London,United Kingdom,425,1.0,4.0,4.6,Apartment,2017,11,0
8529,London,United Kingdom,275,0.8,4.0,4.1,Hotel,2017,11,0
8530,London,United Kingdom,339,0.2,5.0,4.3,Hotel,2017,11,0
8531,London,United Kingdom,376,0.5,5.0,4.5,Hotel,2017,11,0
8532,London,United Kingdom,287,0.5,3.0,5.0,Apartment,2017,11,0
8533,London,United Kingdom,288,0.4,4.0,3.9,Hotel,2017,11,0
8535,London,United Kingdom,325,0.2,5.0,4.5,Hotel,2017,11,0
8536,London,United Kingdom,408,0.7,4.5,4.5,Apartment,2017,11,0
8538,London,United Kingdom,438,0.8,5.0,4.5,Hotel,2017,11,0
8539,London,United Kingdom,446,0.2,5.0,4.6,Hotel,2017,11,0
8540,London,United Kingdom,282,0.7,4.0,4.5,Hotel,2017,11,0
8541,London,United Kingdom,661,0.4,5.0,4.6,Hotel,2017,11,0
8542,London,United Kingdom,280,0.1,4.0,4.1,Hotel,2017,11,0
8543,London,United Kingdom,282,0.1,4.0,4.1,Hotel,2017,11,0
8544,London,United Kingdom,388,0.4,4.0,4.5,Apartment,2017,11,0
8545,London,United Kingdom,164,0.7,3.0,3.5,Hotel,2017,11,0
8546,London,United Kingdom,295,0.2,4.0,4.1,Hotel,2017,11,0
8547,London,United Kingdom,367,1.4,4.5,3.7,Hotel,2017,11,0
8550,London,United Kingdom,764,0.4,5.0,4.8,Hotel,2017,11,0
8551,London,United Kingdom,401,0.1,4.0,4.6,Hotel,2017,11,0
8553,London,United Kingdom,299,0.2,4.0,4.1,Hotel,2017,11,0
8554,London,United Kingdom,858,0.2,5.0,4.8,Hotel,2017,11,0
8555,London,United Kingdom,146,4.2,3.5,3.9,Hotel,2017,11,0
8556,London,United Kingdom,83,3.9,2.0,3.0,Hostel,2017,11,0
8557,London,United Kingdom,184,4.3,4.0,5.0,Apartment,2017,11,0
8558,London,United Kingdom,82,5.0,2.0,3.0,Hotel,2017,11,0
8559,London,United Kingdom,120,4.1,3.0,3.4,Hotel,2017,11,0
8560,London,United Kingdom,164,3.9,4.0,4.1,Guest House,2017,11,0
8561,London,United Kingdom,63,5.1,3.0,3.0,Guest House,2017,11,0
8562,London,United Kingdom,205,4.2,4.0,4.4,Hotel,2017,11,0
8564,London,United Kingdom,92,8.9,3.0,3.7,Hotel,2017,11,0
8567,Lyon,France,45,8.5,1.0,3.0,Hotel,2017,11,0
8572,Lyon,France,121,12.0,2.0,3.7,Hotel,2017,11,0
8574,Lyon,France,114,13.0,3.0,3.5,Hotel,2017,11,0
8575,Lyon,France,127,13.0,,3.2,Hotel,2017,11,0
8576,Lyon,France,56,13.0,,2.5,Hotel,2017,11,0
8577,Lyon,France,149,15.0,2.0,4.1,Hotel,2017,11,0
8578,Lyon,France,83,8.6,,4.0,Hotel,2017,11,0
8582,Lyon,France,103,2.2,3.0,4.0,Hotel,2017,11,0
8586,Lyon,France,198,3.0,3.0,3.7,Vacation home Condo,2017,11,0
8588,Lyon,France,365,5.7,4.0,4.5,Hotel,2017,11,0
8601,Lyon,France,313,7.9,4.0,3.7,Hotel,2017,11,0
8603,Lyon,France,190,3.2,4.0,4.0,Vacation home Condo,2017,11,0
8605,Lyon,France,140,3.6,,3.7,Hotel,2017,11,0
8606,Lyon,France,243,7.8,2.0,2.4,Hotel,2017,11,0
8609,Lyon,France,201,7.5,3.0,4.4,Hotel,2017,11,0
8614,Lyon,France,167,1.0,4.0,4.6,Hotel,2017,11,0
8615,Lyon,France,219,0.9,,3.9,Guest House,2017,11,0
8616,Lyon,France,506,0.8,5.0,,Hotel,2017,11,0
8618,Lyon,France,123,2.1,3.0,3.2,Vacation home Condo,2017,11,0
8622,Lyon,France,135,1.9,,3.5,Apart-hotel,2017,11,0
8624,Lyon,France,167,2.0,4.0,4.0,Vacation home Condo,2017,11,0
8626,Lyon,France,127,13.0,3.0,3.9,Hotel,2017,11,0
8628,Lyon,France,232,7.4,3.0,4.3,Hotel,2017,11,0
8631,Lyon,France,113,3.9,2.0,3.2,Hotel,2017,11,0
8632,Lyon,France,185,7.4,2.0,3.5,Hotel,2017,11,0
8633,Lyon,France,77,7.7,,3.2,Caravan Park,2017,11,0
8634,Lyon,France,98,4.0,2.0,4.0,Hotel,2017,11,0
8635,Lyon,France,98,4.1,2.0,3.7,Hotel,2017,11,0
8636,Lyon,France,111,5.1,3.0,4.1,Vacation home Condo,2017,11,0
8637,Lyon,France,152,5.7,4.0,4.5,Hotel,2017,11,0
8638,Lyon,France,64,5.0,2.0,3.5,Hotel,2017,11,0
8639,Lyon,France,100,6.3,4.0,3.9,Hotel,2017,11,0
8640,Lyon,France,107,1.8,3.0,4.5,Hotel,2017,11,0
8641,Lyon,France,92,5.7,2.0,4.4,Hotel,2017,11,0
8642,Lyon,France,134,3.8,4.0,4.1,Hotel,2017,11,0
8643,Lyon,France,121,6.8,,3.9,Apartment,2017,11,0
8644,Lyon,France,97,5.1,3.0,3.2,Hotel,2017,11,0
8645,Lyon,France,149,5.1,4.0,4.1,Hotel,2017,11,0
8647,Lyon,France,115,5.1,3.0,3.7,Hotel,2017,11,0
8648,Lyon,France,45,3.6,1.0,3.2,Hotel,2017,11,0
8649,Lyon,France,78,5.0,3.0,4.0,Hotel,2017,11,0
8652,Lyon,France,49,5.4,2.0,3.7,Hotel,2017,11,0
8653,Lyon,France,93,6.6,3.0,3.5,Hotel,2017,11,0
8654,Lyon,France,161,3.6,3.0,4.0,Hotel,2017,11,0
8656,Lyon,France,88,8.9,3.0,3.9,Hotel,2017,11,0
8657,Lyon,France,162,6.6,3.0,3.7,Hotel,2017,11,0
8658,Lyon,France,75,8.9,3.0,3.5,Hotel,2017,11,0
8659,Lyon,France,38,9.0,,2.9,Hotel,2017,11,0
8660,Lyon,France,127,3.7,,4.5,Guest House,2017,11,0
8661,Lyon,France,93,4.9,3.0,3.9,Hotel,2017,11,0
8662,Lyon,France,137,1.1,,,Apartment,2017,11,0
8663,Lyon,France,113,5.2,4.0,3.7,Hotel,2017,11,0
8664,Lyon,France,222,5.1,5.0,4.8,Hotel,2017,11,0
8665,Lyon,France,126,3.5,,4.3,Apart-hotel,2017,11,0
8667,Lyon,France,143,3.6,3.0,3.5,Hotel,2017,11,0
8668,Lyon,France,139,3.4,,4.4,Guest House,2017,11,0
8669,Lyon,France,87,2.1,,5.0,Bed and breakfast,2017,11,0
8671,Lyon,France,138,4.2,4.0,4.0,Hotel,2017,11,0
8672,Lyon,France,120,6.2,,3.4,Vacation home Condo,2017,11,0
8679,Lyon,France,133,0.9,3.0,3.5,Hotel,2017,11,0
8682,Lyon,France,143,1.6,4.0,4.5,Hotel,2017,11,0
8684,Lyon,France,146,1.2,2.0,3.9,Hotel,2017,11,0
8686,Lyon,France,93,0.3,2.0,3.9,Hotel,2017,11,0
8687,Lyon,France,264,0.1,4.0,4.3,Hotel,2017,11,0
8688,Lyon,France,137,0.1,3.0,3.4,Hotel,2017,11,0
8689,Lyon,France,176,1.3,3.0,3.7,Hotel,2017,11,0
8692,Lyon,France,146,0.6,3.0,3.4,Hotel,2017,11,0
8695,Lyon,France,320,0.3,4.0,4.5,Hotel,2017,11,0
8697,Lyon,France,237,0.8,5.0,4.4,Hotel,2017,11,0
8698,Lyon,France,241,0.9,5.0,4.4,Hotel,2017,11,0
8699,Lyon,France,90,1.2,,4.5,Apartment,2017,11,0
8700,Lyon,France,162,0.6,4.0,3.9,Hotel,2017,11,0
8701,Lyon,France,231,0.8,3.0,3.7,Hotel,2017,11,0
8703,Lyon,France,383,0.6,,,Apartment,2017,11,0
8704,Lyon,France,212,0.4,,3.7,Apartment,2017,11,0
8706,Lyon,France,278,0.5,4.0,4.6,Hotel,2017,11,0
8709,Lyon,France,173,1.0,4.0,4.0,Hotel,2017,11,0
8711,Lyon,France,174,0.6,,3.2,Apartment,2017,11,0
8712,Lyon,France,122,0.9,,,Apartment,2017,11,0
8717,Lyon,France,122,0.2,,,Apartment,2017,11,0
8721,Lyon,France,106,0.3,2.0,3.5,Hotel,2017,11,0
8723,Lyon,France,134,0.1,,,Apartment,2017,11,0
8724,Lyon,France,134,0.1,,2.0,Apartment,2017,11,0
8728,Lyon,France,134,0.8,,,Apartment,2017,11,0
8730,Lyon,France,123,1.6,4.0,3.0,Vacation home Condo,2017,11,0
8734,Lyon,France,157,1.5,3.0,3.5,Hotel,2017,11,0
8735,Lyon,France,152,1.6,3.0,3.9,Hotel,2017,11,0
8736,Lyon,France,381,1.0,4.0,4.4,Hotel,2017,11,0
8739,Lyon,France,185,0.0,,,Apartment,2017,11,0
8742,Lyon,France,157,1.1,3.0,3.7,Hotel,2017,11,0
8749,Lyon,France,138,2.1,,4.1,Apart-hotel,2017,11,0
8751,Lyon,France,122,0.9,,,Apartment,2017,11,0
8752,Lyon,France,121,0.3,,4.1,Apartment,2017,11,0
8753,Lyon,France,78,0.2,,4.3,Hostel,2017,11,0
8754,Lyon,France,174,1.6,4.0,4.0,Hotel,2017,11,0
8756,Lyon,France,110,1.7,2.0,3.9,Hotel,2017,11,0
8757,Lyon,France,122,1.3,,,Apartment,2017,11,0
8763,Lyon,France,149,1.4,2.0,3.5,Hotel,2017,11,0
8764,Lyon,France,146,1.4,2.0,3.4,Hotel,2017,11,0
8766,Lyon,France,119,1.6,,3.7,Apart-hotel,2017,11,0
8773,Lyon,France,138,1.7,3.0,4.4,Vacation home Condo,2017,11,0
8775,Lyon,France,97,1.1,2.0,2.9,Hotel,2017,11,0
8776,Lyon,France,141,1.7,3.0,4.1,Vacation home Condo,2017,11,0
8779,Lyon,France,112,1.4,,3.0,Apartment,2017,11,0
8780,Lyon,France,107,1.4,2.0,3.7,Vacation home Condo,2017,11,0
8782,Lyon,France,129,1.3,3.0,3.2,Hotel,2017,11,0
8785,Lyon,France,135,1.6,4.0,4.4,Vacation home Condo,2017,11,0
8786,Lyon,France,98,1.7,3.0,4.4,Hotel,2017,11,0
8788,Lyon,France,99,1.6,2.0,2.9,Vacation home Condo,2017,11,0
8791,Lyon,France,122,2.4,,5.0,Hotel,2017,11,0
8792,Lyon,France,208,0.7,4.0,4.0,Hotel,2017,11,0
8793,Lyon,France,112,1.6,3.0,3.2,Vacation home Condo,2017,11,0
8797,Lyon,France,152,1.4,,5.0,Apartment,2017,11,0
8800,Lyon,France,239,1.7,,4.0,Vacation home Condo,2017,11,0
8801,Lyon,France,122,1.4,,,Apartment,2017,11,0
8802,Lyon,France,106,1.4,2.0,3.5,Hotel,2017,11,0
8804,Lyon,France,122,0.7,,,Apartment,2017,11,0
8806,Lyon,France,150,1.4,3.0,3.5,Vacation home Condo,2017,11,0
8807,Lyon,France,181,2.2,4.0,4.1,Vacation home Condo,2017,11,0
8813,Lyon,France,315,12.0,4.0,4.3,Hotel,2017,11,0
8814,Lyon,France,71,9.4,,3.5,Hotel,2017,11,0
8817,Lyon,France,80,13.0,2.0,4.1,Hotel,2017,11,0
8818,Lyon,France,226,12.0,,,Guest House,2017,11,0
8820,Lyon,France,290,0.5,5.0,4.4,Hotel,2017,11,0
8821,Lyon,France,138,0.3,,4.5,Apartment,2017,11,0
8823,Lyon,France,156,0.3,4.0,3.9,Hotel,2017,11,0
8824,Lyon,France,122,0.3,,3.4,Hotel,2017,11,0
8825,Lyon,France,326,0.4,5.0,4.5,Hotel,2017,11,0
8826,Lyon,France,167,0.3,3.0,4.0,Hotel,2017,11,0
8827,Lyon,France,66,11.0,3.0,3.5,Hotel,2017,11,0
8830,Lyon,France,98,5.4,,3.0,Hotel,2017,11,0
8831,Lyon,France,106,12.0,,4.9,Bed and breakfast,2017,11,0
8832,Lyon,France,103,18.0,,4.5,Bed and breakfast,2017,11,0
8834,Lyon,France,103,12.0,1.0,3.2,Hotel,2017,11,0
8836,Lyon,France,42,11.0,,3.2,Hotel,2017,11,0
8837,Lyon,France,107,11.0,,,Guest House,2017,11,0
8839,Lyon,France,39,15.0,,3.7,Hotel,2017,11,0
8840,Lyon,France,77,2.1,2.0,4.0,Hotel,2017,11,0
8841,Lyon,France,97,2.1,3.0,3.5,Vacation home Condo,2017,11,0
8842,Lyon,France,159,2.1,3.0,4.0,Hotel,2017,11,0
8843,Lyon,France,67,2.1,1.0,3.2,Hotel,2017,11,0
8844,Lyon,France,150,2.1,4.0,3.7,Hotel,2017,11,0
8845,Lyon,France,125,0.5,,3.9,Hotel,2017,11,0
8846,Lyon,France,89,2.0,3.0,4.1,Hotel,2017,11,0
8847,Lyon,France,52,2.0,2.0,3.4,Hotel,2017,11,0
8848,Lyon,France,157,2.0,3.0,3.7,Vacation home Condo,2017,11,0
8851,Lyon,France,177,1.7,4.0,4.5,Hotel,2017,11,0
8852,Lyon,France,161,0.8,4.0,4.3,Vacation home Condo,2017,11,0
8854,Lyon,France,190,1.6,,4.0,Apart-hotel,2017,11,0
8856,Lyon,France,172,0.7,4.0,3.9,Hotel,2017,11,0
8857,Lyon,France,132,0.5,4.0,3.9,Hotel,2017,11,0
8858,Lyon,France,254,1.5,4.0,4.0,Hotel,2017,11,0
8859,Lyon,France,191,1.4,4.0,4.4,Hotel,2017,11,0
8860,Lyon,France,161,1.9,3.0,4.0,Hotel,2017,11,0
8862,Lyon,France,170,1.4,3.0,4.0,Hotel,2017,11,0
8863,Lyon,France,189,1.5,3.0,3.5,Vacation home Condo,2017,11,0
8866,Lyon,France,50,3.6,,3.0,Hotel,2017,11,0
8869,Lyon,France,104,3.7,2.0,3.7,Hotel,2017,11,0
8872,Lyon,France,137,2.1,3.0,3.0,Hotel,2017,11,0
8874,Lyon,France,68,2.9,,3.5,Hotel,2017,11,0
8875,Lyon,France,101,3.0,3.0,3.0,Vacation home Condo,2017,11,0
8877,Madrid,Spain,140,2.2,3.0,4.1,Hotel,2017,11,0
8878,Madrid,Spain,114,1.9,4.0,4.5,Hotel,2017,11,0
8879,Madrid,Spain,62,17.0,3.0,4.0,Hotel,2017,11,0
8880,Madrid,Spain,65,18.0,3.5,4.8,Hotel,2017,11,0
8881,Madrid,Spain,49,18.0,3.0,3.7,Hotel,2017,11,0
8882,Madrid,Spain,76,19.0,3.0,4.1,Hotel,2017,11,0
8883,Madrid,Spain,55,19.0,2.0,3.7,Hotel,2017,11,0
8885,Madrid,Spain,56,17.0,3.0,3.9,Hotel,2017,11,0
8886,Madrid,Spain,97,18.0,2.0,4.1,Hostel,2017,11,0
8887,Madrid,Spain,96,19.0,4.0,4.0,Hotel,2017,11,0
8888,Madrid,Spain,82,18.0,4.0,4.0,Hotel,2017,11,0
8891,Madrid,Spain,117,17.0,4.0,4.0,Hotel,2017,11,0
8892,Madrid,Spain,39,19.0,1.0,4.0,Hostel,2017,11,0
8893,Madrid,Spain,75,19.0,2.0,4.1,Hostel,2017,11,0
8894,Madrid,Spain,154,8.8,4.0,3.9,Hotel,2017,11,0
8895,Madrid,Spain,160,9.2,4.0,4.3,Hotel,2017,11,0
8897,Madrid,Spain,128,9.1,3.5,4.4,Hotel,2017,11,0
8898,Madrid,Spain,80,8.3,2.0,4.0,Hotel,2017,11,0
8899,Madrid,Spain,52,9.6,2.0,3.0,Hostel,2017,11,0
8900,Madrid,Spain,161,8.4,4.0,3.7,Hotel,2017,11,0
8901,Madrid,Spain,68,14.0,3.0,4.1,Hotel,2017,11,0
8902,Madrid,Spain,77,15.0,4.0,4.1,Hotel,2017,11,0
8903,Madrid,Spain,80,13.0,4.0,4.1,Resort,2017,11,0
8904,Madrid,Spain,62,2.0,3.0,3.0,Hotel,2017,11,0
8905,Madrid,Spain,64,0.5,2.5,3.9,Apart-hotel,2017,11,0
8906,Madrid,Spain,50,0.9,2.5,,Hostel,2017,11,0
8907,Madrid,Spain,75,1.6,4.0,3.7,Hotel,2017,11,0
8908,Madrid,Spain,120,0.6,3.0,2.5,Apartment,2017,11,0
8909,Madrid,Spain,69,1.5,3.0,,Apartment,2017,11,0
8911,Madrid,Spain,146,0.9,3.0,,Apartment,2017,11,0
8915,Madrid,Spain,119,0.7,2.0,4.5,Hotel,2017,11,0
8916,Madrid,Spain,175,1.1,4.0,4.0,Hotel,2017,11,0
8919,Madrid,Spain,88,0.9,3.0,4.0,Hotel,2017,11,0
8920,Madrid,Spain,167,0.6,4.0,4.0,Apartment,2017,11,0
8923,Madrid,Spain,132,1.0,4.0,4.1,Hotel,2017,11,0
8924,Madrid,Spain,91,1.1,3.0,4.0,Hotel,2017,11,0
8925,Madrid,Spain,45,1.8,1.0,3.0,Hostel,2017,11,0
8926,Madrid,Spain,78,0.8,2.0,3.9,Hotel,2017,11,0
8928,Madrid,Spain,103,1.0,4.0,4.5,Apartment,2017,11,0
8929,Madrid,Spain,121,0.3,4.0,4.1,Hotel,2017,11,0
8930,Madrid,Spain,106,0.5,3.0,4.0,Hotel,2017,11,0
8931,Madrid,Spain,80,0.3,2.0,4.1,Hostel,2017,11,0
8932,Madrid,Spain,45,0.7,2.0,4.4,Hostel,2017,11,0
8933,Madrid,Spain,174,0.3,3.5,,Apartment,2017,11,0
8934,Madrid,Spain,100,0.6,3.5,4.4,Apartment,2017,11,0
8935,Madrid,Spain,81,0.3,2.0,3.7,Apartment,2017,11,0
8936,Madrid,Spain,90,0.3,1.0,4.3,Hostel,2017,11,0
8937,Madrid,Spain,70,0.5,2.0,3.7,Hostel,2017,11,0
8938,Madrid,Spain,96,0.3,3.5,4.3,Apartment,2017,11,0
8940,Madrid,Spain,75,0.3,3.5,3.7,Apartment,2017,11,0
8941,Madrid,Spain,68,0.3,1.0,4.5,Hostel,2017,11,0
8942,Madrid,Spain,150,0.6,3.0,4.1,Hotel,2017,11,0
8943,Madrid,Spain,162,0.6,3.0,4.5,Apart-hotel,2017,11,0
8944,Madrid,Spain,86,0.6,3.0,4.0,Apartment,2017,11,0
8945,Madrid,Spain,41,0.3,2.0,3.9,Hostel,2017,11,0
8946,Madrid,Spain,131,0.3,3.5,4.8,Apartment,2017,11,0
8947,Madrid,Spain,96,0.4,3.0,4.4,Hostel,2017,11,0
8948,Madrid,Spain,125,2.2,4.0,4.3,Hotel,2017,11,0
8949,Madrid,Spain,121,2.4,5.0,4.0,Hotel,2017,11,0
8950,Madrid,Spain,114,2.5,3.0,3.7,Hotel,2017,11,0
8951,Madrid,Spain,114,2.8,4.0,4.1,Hotel,2017,11,0
8952,Madrid,Spain,114,7.4,4.0,4.1,Hotel,2017,11,0
8953,Madrid,Spain,84,7.5,3.0,4.0,Hotel,2017,11,0
8954,Madrid,Spain,51,7.6,3.0,3.9,Hotel,2017,11,0
8957,Madrid,Spain,176,6.6,5.0,4.3,Hotel,2017,11,0
8958,Madrid,Spain,121,7.4,4.0,4.1,Hotel,2017,11,0
8959,Madrid,Spain,62,7.7,1.0,3.9,Hotel,2017,11,0
8961,Madrid,Spain,95,7.3,4.0,4.3,Hotel,2017,11,0
8962,Madrid,Spain,90,6.2,3.0,4.0,Hotel,2017,11,0
8963,Madrid,Spain,69,7.8,2.0,3.7,Hostel,2017,11,0
8964,Madrid,Spain,63,8.4,3.0,3.0,Hotel,2017,11,0
8965,Madrid,Spain,76,7.5,1.0,2.9,Hostel,2017,11,0
8966,Madrid,Spain,111,7.0,4.0,3.5,Hotel,2017,11,0
8967,Madrid,Spain,117,6.3,4.0,4.5,Hotel,2017,11,0
8968,Madrid,Spain,161,7.7,3.5,4.0,Hotel,2017,11,0
8969,Madrid,Spain,172,0.7,4.0,4.3,Hotel,2017,11,0
8970,Madrid,Spain,111,0.3,4.0,4.4,Hotel,2017,11,0
8971,Madrid,Spain,156,0.5,4.0,4.0,Hotel,2017,11,0
8972,Madrid,Spain,84,0.4,2.0,3.9,Hostel,2017,11,0
8973,Madrid,Spain,66,0.3,1.0,3.7,Hostel,2017,11,0
8974,Madrid,Spain,63,0.3,1.0,4.0,Hostel,2017,11,0
8975,Madrid,Spain,84,0.6,2.0,4.0,Hostel,2017,11,0
8976,Madrid,Spain,170,0.3,4.0,4.4,Hotel,2017,11,0
8977,Madrid,Spain,67,0.2,1.0,4.1,Hostel,2017,11,0
8978,Madrid,Spain,88,0.3,2.0,4.0,Hostel,2017,11,0
8979,Madrid,Spain,63,0.6,1.0,2.5,Pension,2017,11,0
8980,Madrid,Spain,185,0.3,4.0,4.6,Hotel,2017,11,0
8982,Madrid,Spain,138,0.5,4.0,4.3,Hotel,2017,11,0
8983,Madrid,Spain,72,0.7,1.0,3.9,Hotel,2017,11,0
8984,Madrid,Spain,60,0.7,1.0,3.5,Pension,2017,11,0
8985,Madrid,Spain,145,0.3,4.0,4.5,Hotel,2017,11,0
8986,Madrid,Spain,60,0.3,2.0,4.4,Hostel,2017,11,0
8987,Madrid,Spain,78,0.2,2.0,4.0,Hotel,2017,11,0
8988,Madrid,Spain,57,0.2,1.0,4.1,Hostel,2017,11,0
8989,Madrid,Spain,134,0.3,3.0,4.3,Hotel,2017,11,0
8990,Madrid,Spain,73,0.2,2.5,4.0,Hostel,2017,11,0
8991,Madrid,Spain,62,0.2,2.0,3.7,Hostel,2017,11,0
8992,Madrid,Spain,207,0.4,4.0,4.6,Hotel,2017,11,0
8993,Madrid,Spain,148,0.5,4.0,4.1,Apartment,2017,11,0
8994,Madrid,Spain,67,0.3,2.5,3.5,Hostel,2017,11,0
8995,Madrid,Spain,75,0.3,2.0,3.5,Hostel,2017,11,0
8996,Madrid,Spain,68,0.3,2.0,3.9,Hostel,2017,11,0
8997,Madrid,Spain,52,0.5,2.0,3.7,Hostel,2017,11,0
8998,Madrid,Spain,174,0.6,4.0,4.3,Hotel,2017,11,0
8999,Madrid,Spain,68,0.1,2.0,4.5,Guest House,2017,11,0
9000,Madrid,Spain,103,0.3,3.0,4.5,Hotel,2017,11,0
9001,Madrid,Spain,287,0.3,5.0,4.5,Hotel,2017,11,0
9002,Madrid,Spain,80,0.4,2.0,4.0,Hostel,2017,11,0
9003,Madrid,Spain,63,0.2,2.0,3.4,Hostel,2017,11,0
9005,Madrid,Spain,132,0.5,4.0,4.1,Hotel,2017,11,0
9006,Madrid,Spain,128,0.3,4.0,4.0,Hotel,2017,11,0
9007,Madrid,Spain,99,0.7,2.0,4.0,Hotel,2017,11,0
9008,Madrid,Spain,161,0.8,4.0,4.1,Hotel,2017,11,0
9009,Madrid,Spain,182,0.5,5.0,4.3,Hotel,2017,11,0
9010,Madrid,Spain,186,0.3,4.0,4.1,Apartment,2017,11,0
9011,Madrid,Spain,207,0.2,4.5,4.4,Hotel,2017,11,0
9012,Madrid,Spain,203,0.4,5.0,4.5,Hotel,2017,11,0
9013,Madrid,Spain,312,0.4,5.0,4.5,Hotel,2017,11,0
9014,Madrid,Spain,139,0.8,3.5,4.5,Apartment,2017,11,0
9015,Madrid,Spain,87,0.3,3.0,4.3,Hotel,2017,11,0
9016,Madrid,Spain,68,0.2,3.5,3.2,Apartment,2017,11,0
9017,Madrid,Spain,106,0.3,3.0,4.0,Hostel,2017,11,0
9018,Madrid,Spain,55,0.4,2.0,3.9,Pension,2017,11,0
9019,Madrid,Spain,117,1.6,4.0,4.1,Hotel,2017,11,0
9020,Madrid,Spain,226,1.6,5.0,4.8,Hotel,2017,11,0
9021,Madrid,Spain,133,1.3,4.0,4.0,Hotel,2017,11,0
9022,Madrid,Spain,121,1.7,3.0,3.9,Hotel,2017,11,0
9023,Madrid,Spain,164,1.8,4.0,4.3,Hotel,2017,11,0
9024,Madrid,Spain,142,1.9,4.0,4.4,Hotel,2017,11,0
9025,Madrid,Spain,100,1.6,2.0,2.7,Apart-hotel,2017,11,0
9026,Madrid,Spain,133,1.6,4.0,4.1,Hotel,2017,11,0
9027,Madrid,Spain,472,1.2,5.0,4.6,Hotel,2017,11,0
9029,Madrid,Spain,195,0.1,4.0,3.7,Hotel,2017,11,0
9030,Madrid,Spain,162,0.2,3.0,4.1,Hotel,2017,11,0
9031,Madrid,Spain,67,0.2,3.0,3.9,Apartment,2017,11,0
9032,Madrid,Spain,197,0.7,3.5,,Apartment,2017,11,0
9033,Madrid,Spain,63,0.0,2.0,3.7,Hostel,2017,11,0
9034,Madrid,Spain,87,0.1,2.0,4.0,Hostel,2017,11,0
9035,Madrid,Spain,69,0.6,2.0,4.3,Hostel,2017,11,0
9036,Madrid,Spain,71,0.2,2.0,3.9,Hotel,2017,11,0
9037,Madrid,Spain,63,0.3,2.0,4.1,Hostel,2017,11,0
9038,Madrid,Spain,98,0.6,3.0,3.2,Apart-hotel,2017,11,0
9039,Madrid,Spain,116,0.3,3.0,4.0,Hostel,2017,11,0
9040,Madrid,Spain,66,0.5,2.0,4.3,Hostel,2017,11,0
9042,Madrid,Spain,61,0.3,3.0,4.4,Hostel,2017,11,0
9044,Madrid,Spain,104,0.1,3.0,4.1,Hotel,2017,11,0
9045,Madrid,Spain,63,0.3,2.0,4.0,Hostel,2017,11,0
9047,Madrid,Spain,82,0.2,2.0,4.4,Hotel,2017,11,0
9048,Madrid,Spain,79,0.3,2.5,3.9,Hostel,2017,11,0
9050,Madrid,Spain,90,0.8,2.0,4.0,Hostel,2017,11,0
9051,Madrid,Spain,59,0.6,2.0,4.0,Hostel,2017,11,0
9052,Madrid,Spain,62,0.4,2.0,3.5,Hostel,2017,11,0
9056,Madrid,Spain,179,0.2,3.5,4.4,Apartment,2017,11,0
9057,Madrid,Spain,116,0.1,3.0,3.7,Apartment,2017,11,0
9060,Madrid,Spain,76,0.1,2.0,3.9,Hotel,2017,11,0
9061,Madrid,Spain,88,0.7,2.0,3.7,Hostel,2017,11,0
9063,Madrid,Spain,67,0.8,3.0,4.0,Hotel,2017,11,0
9064,Madrid,Spain,156,0.6,4.0,4.8,Apartment,2017,11,0
9065,Madrid,Spain,69,0.6,3.0,4.1,Hostel,2017,11,0
9066,Madrid,Spain,174,0.7,3.0,,Apartment,2017,11,0
9067,Madrid,Spain,127,0.2,3.0,,Apartment,2017,11,0
9068,Madrid,Spain,149,0.2,4.0,4.1,Hotel,2017,11,0
9069,Madrid,Spain,63,0.2,2.0,3.5,Hostel,2017,11,0
9070,Madrid,Spain,58,0.3,2.0,3.5,Hostel,2017,11,0
9071,Madrid,Spain,60,0.3,2.0,3.2,Hostel,2017,11,0
9072,Madrid,Spain,82,0.3,2.0,4.4,Hotel,2017,11,0
9073,Madrid,Spain,109,0.3,4.0,4.0,Hotel,2017,11,0
9074,Madrid,Spain,152,0.3,4.0,4.3,Hotel,2017,11,0
9075,Madrid,Spain,68,0.2,2.0,3.9,Hostel,2017,11,0
9076,Madrid,Spain,63,0.1,3.0,4.1,Hostel,2017,11,0
9077,Madrid,Spain,101,0.8,2.0,4.3,Hotel,2017,11,0
9078,Madrid,Spain,121,0.1,4.0,4.4,Hotel,2017,11,0
9079,Madrid,Spain,73,0.3,2.0,3.7,Guest House,2017,11,0
9082,Madrid,Spain,58,0.1,2.0,3.5,Hostel,2017,11,0
9083,Madrid,Spain,94,0.2,3.0,4.0,Hotel,2017,11,0
9084,Madrid,Spain,113,0.1,3.0,4.0,Hotel,2017,11,0
9085,Madrid,Spain,111,0.1,2.0,4.5,Hostel,2017,11,0
9087,Madrid,Spain,69,0.3,1.0,4.1,Hostel,2017,11,0
9089,Madrid,Spain,71,0.3,3.0,4.0,Hotel,2017,11,0
9090,Madrid,Spain,132,0.4,4.0,4.0,Hotel,2017,11,0
9091,Madrid,Spain,359,0.4,5.0,4.8,Hotel,2017,11,0
9092,Madrid,Spain,104,0.5,4.0,3.7,Hotel,2017,11,0
9093,Madrid,Spain,80,0.7,2.0,4.1,Hostel,2017,11,0
9094,Madrid,Spain,63,0.7,3.0,3.5,Hostel,2017,11,0
9095,Madrid,Spain,113,0.1,3.0,4.0,Hotel,2017,11,0
9096,Madrid,Spain,87,0.5,3.0,3.7,Hostel,2017,11,0
9097,Madrid,Spain,135,0.5,3.0,4.0,Hotel,2017,11,0
9098,Madrid,Spain,205,0.4,5.0,4.5,Hotel,2017,11,0
9099,Madrid,Spain,224,0.7,5.0,4.6,Hotel,2017,11,0
9100,Madrid,Spain,78,0.0,3.0,2.9,Apartment,2017,11,0
9102,Madrid,Spain,120,0.1,2.0,4.3,Hostel,2017,11,0
9104,Madrid,Spain,101,0.1,1.0,3.7,Hostel,2017,11,0
9107,Madrid,Spain,134,0.8,2.0,3.4,Hostel,2017,11,0
9108,Madrid,Spain,53,0.2,2.0,3.9,Hostel,2017,11,0
9109,Madrid,Spain,138,0.8,4.0,4.5,Hotel,2017,11,0
9111,Madrid,Spain,227,0.1,4.0,4.0,Hotel,2017,11,0
9112,Madrid,Spain,107,0.2,4.0,4.1,Hotel,2017,11,0
9113,Madrid,Spain,255,0.3,4.0,4.5,Hotel,2017,11,0
9114,Madrid,Spain,123,1.1,4.0,3.5,Hotel,2017,11,0
9115,Madrid,Spain,140,0.7,3.5,4.5,Apartment,2017,11,0
9116,Madrid,Spain,32,0.6,2.0,3.4,Hostel,2017,11,0
9117,Madrid,Spain,107,0.2,4.0,4.0,Hotel,2017,11,0
9118,Madrid,Spain,88,0.2,3.0,4.5,Hotel,2017,11,0
9119,Madrid,Spain,81,0.1,3.0,3.2,Hotel,2017,11,0
9123,Madrid,Spain,75,0.3,2.0,3.7,Hostel,2017,11,0
9125,Madrid,Spain,58,11.0,4.0,3.7,Hotel,2017,11,0
9126,Madrid,Spain,73,11.0,4.0,4.3,Hotel,2017,11,0
9127,Madrid,Spain,95,3.9,4.0,3.9,Hotel,2017,11,0
9128,Madrid,Spain,58,3.8,3.0,2.7,Hotel,2017,11,0
9129,Madrid,Spain,134,3.9,4.0,4.0,Hotel,2017,11,0
9130,Madrid,Spain,162,3.5,4.0,4.3,Hotel,2017,11,0
9131,Madrid,Spain,148,2.0,3.0,,Apartment,2017,11,0
9132,Madrid,Spain,62,2.9,3.0,3.9,Hostel,2017,11,0
9133,Madrid,Spain,101,3.9,3.0,4.0,Hotel,2017,11,0
9134,Madrid,Spain,121,2.9,4.0,3.7,Hotel,2017,11,0
9135,Madrid,Spain,141,2.1,4.0,4.4,Hotel,2017,11,0
9136,Madrid,Spain,89,0.9,3.0,3.2,Apart-hotel,2017,11,0
9137,Madrid,Spain,74,0.8,2.0,4.3,Hostel,2017,11,0
9138,Madrid,Spain,107,1.2,3.0,3.9,Hotel,2017,11,0
9144,Madrid,Spain,98,0.9,3.0,4.0,Hotel,2017,11,0
9145,Madrid,Spain,106,1.6,3.0,4.5,Hotel,2017,11,0
9146,Madrid,Spain,103,1.5,3.0,4.0,Hotel,2017,11,0
9147,Madrid,Spain,151,1.6,5.0,3.5,Hotel,2017,11,0
9148,Madrid,Spain,397,0.9,5.0,4.8,Hotel,2017,11,0
9149,Madrid,Spain,179,0.9,3.0,4.0,Hotel,2017,11,0
9150,Madrid,Spain,293,1.1,5.0,4.9,Hotel,2017,11,0
9151,Madrid,Spain,122,1.6,4.0,4.1,Hotel,2017,11,0
9153,Madrid,Spain,105,0.9,4.0,4.1,Hotel,2017,11,0
9154,Madrid,Spain,80,1.1,4.0,4.0,Hotel,2017,11,0
9155,Madrid,Spain,104,0.9,4.0,4.3,Hotel,2017,11,0
9156,Madrid,Spain,253,1.6,5.0,4.5,Hotel,2017,11,0
9157,Madrid,Spain,284,1.5,5.0,4.4,Hotel,2017,11,0
9158,Madrid,Spain,120,1.0,4.0,4.1,Hotel,2017,11,0
9159,Madrid,Spain,30,0.8,2.0,3.7,Hostel,2017,11,0
9160,Madrid,Spain,156,0.5,4.0,4.5,Apartment,2017,11,0
9161,Madrid,Spain,94,0.4,2.0,3.7,Hostel,2017,11,0
9162,Madrid,Spain,76,0.4,2.0,4.0,Hostel,2017,11,0
9163,Madrid,Spain,120,0.4,3.5,3.7,Apartment,2017,11,0
9167,Madrid,Spain,203,0.6,4.0,4.8,Hotel,2017,11,0
9168,Madrid,Spain,69,0.3,3.0,3.4,Hostel,2017,11,0
9169,Madrid,Spain,62,0.4,2.0,4.3,Hostel,2017,11,0
9170,Madrid,Spain,63,0.4,2.0,3.7,Hostel,2017,11,0
9171,Madrid,Spain,52,0.4,3.0,4.0,Guest House,2017,11,0
9172,Madrid,Spain,103,0.6,3.0,4.3,Hostel,2017,11,0
9174,Madrid,Spain,65,0.3,3.0,,Hotel,2017,11,0
9175,Madrid,Spain,75,0.3,2.0,3.7,Hostel,2017,11,0
9177,Madrid,Spain,74,0.4,3.5,4.0,Apartment,2017,11,0
9179,Madrid,Spain,60,0.4,2.5,3.9,Hostel,2017,11,0
9180,Madrid,Spain,90,0.4,3.5,4.0,Apartment,2017,11,0
9182,Madrid,Spain,127,0.4,4.0,4.0,Apartment,2017,11,0
9183,Madrid,Spain,75,0.3,2.0,4.0,Hostel,2017,11,0
9184,Madrid,Spain,61,0.4,2.0,3.7,Hostel,2017,11,0
9186,Madrid,Spain,145,0.7,4.0,4.5,Apartment,2017,11,0
9187,Madrid,Spain,114,0.5,3.5,4.9,Apartment,2017,11,0
9188,Madrid,Spain,53,0.4,2.5,4.0,Pension,2017,11,0
9189,Madrid,Spain,65,0.5,2.0,4.0,Hostel,2017,11,0
9190,Madrid,Spain,80,0.3,2.0,4.0,Hostel,2017,11,0
9191,Madrid,Spain,59,0.3,2.0,4.0,Hostel,2017,11,0
9192,Madrid,Spain,53,0.4,2.0,,Hostel,2017,11,0
9194,Madrid,Spain,120,0.3,3.0,4.4,Hotel,2017,11,0
9195,Madrid,Spain,74,0.4,2.5,4.0,Hostel,2017,11,0
9197,Madrid,Spain,115,3.4,4.0,4.8,Hotel,2017,11,0
9198,Madrid,Spain,149,3.6,4.0,4.6,Hotel,2017,11,0
9199,Madrid,Spain,81,2.7,4.0,3.9,Hotel,2017,11,0
9200,Madrid,Spain,90,7.6,3.0,4.0,Hotel,2017,11,0
9201,Madrid,Spain,118,4.1,4.0,4.1,Hotel,2017,11,0
9202,Madrid,Spain,107,4.9,4.0,3.9,Hotel,2017,11,0
9203,Madrid,Spain,50,10.0,3.0,3.7,Hotel,2017,11,0
9204,Madrid,Spain,53,9.8,3.0,3.7,Hotel,2017,11,0
9205,Madrid,Spain,96,1.8,4.0,4.3,Hotel,2017,11,0
9206,Madrid,Spain,143,6.0,4.0,4.0,Hotel,2017,11,0
9207,Madrid,Spain,75,9.1,3.0,4.3,Hotel,2017,11,0
9208,Madrid,Spain,129,7.0,4.0,3.5,Hotel,2017,11,0
9209,Madrid,Spain,87,4.5,4.0,4.4,Hotel,2017,11,0
9210,Madrid,Spain,145,6.8,4.0,4.0,Hotel,2017,11,0
9211,Madrid,Spain,161,4.8,5.0,4.1,Hotel,2017,11,0
9212,Madrid,Spain,574,4.2,5.0,4.3,Hotel,2017,11,0
9213,Madrid,Spain,129,5.1,4.0,3.7,Hotel,2017,11,0
9214,Madrid,Spain,45,10.0,2.0,4.0,Hotel,2017,11,0
9215,Madrid,Spain,48,10.0,2.0,3.9,Hotel,2017,11,0
9216,Madrid,Spain,50,8.8,4.0,3.2,Hotel,2017,11,0
9217,Madrid,Spain,73,10.0,3.0,4.1,Hotel,2017,11,0
9218,Madrid,Spain,56,7.2,2.0,3.7,Hotel,2017,11,0
9220,Madrid,Spain,80,7.2,4.0,4.0,Hotel,2017,11,0
9221,Madrid,Spain,67,7.1,4.0,4.0,Hotel,2017,11,0
9222,Madrid,Spain,45,7.1,3.0,3.2,Hotel,2017,11,0
9223,Madrid,Spain,62,8.4,4.0,3.7,Hotel,2017,11,0
9224,Madrid,Spain,55,7.7,3.0,3.9,Hostel,2017,11,0
9225,Madrid,Spain,75,0.4,2.0,4.1,Hostel,2017,11,0
9226,Madrid,Spain,52,0.4,1.0,4.0,Pension,2017,11,0
9227,Madrid,Spain,124,0.2,3.0,4.1,Hotel,2017,11,0
9228,Madrid,Spain,87,0.4,2.0,3.5,Hostel,2017,11,0
9229,Madrid,Spain,75,0.2,3.0,3.5,Hostel,2017,11,0
9230,Madrid,Spain,150,0.3,4.0,3.9,Hotel,2017,11,0
9231,Madrid,Spain,87,0.5,3.0,3.9,Hostel,2017,11,0
9232,Madrid,Spain,67,0.2,3.0,3.7,Hostel,2017,11,0
9233,Madrid,Spain,52,0.4,3.0,3.7,Hostel,2017,11,0
9234,Madrid,Spain,86,0.2,3.0,3.4,Hotel,2017,11,0
9235,Madrid,Spain,90,0.2,3.0,4.0,Hotel,2017,11,0
9236,Madrid,Spain,91,0.2,4.0,3.5,Apartment,2017,11,0
9237,Madrid,Spain,66,0.3,2.0,4.0,Hostel,2017,11,0
9238,Madrid,Spain,75,0.3,2.0,3.5,Hostel,2017,11,0
9239,Madrid,Spain,156,0.2,3.5,4.8,Apartment,2017,11,0
9242,Madrid,Spain,68,0.4,2.0,3.7,Hostel,2017,11,0
9244,Madrid,Spain,42,0.4,2.0,3.7,Hostel,2017,11,0
9245,Madrid,Spain,52,0.3,3.0,2.5,Apartment,2017,11,0
9246,Madrid,Spain,88,0.5,3.0,3.9,Hostel,2017,11,0
9247,Madrid,Spain,69,0.3,2.0,4.1,Hostel,2017,11,0
9248,Madrid,Spain,69,0.3,3.0,3.7,Hostel,2017,11,0
9249,Madrid,Spain,34,0.3,2.0,3.4,Hostel,2017,11,0
9250,Madrid,Spain,66,0.3,2.0,4.1,Hostel,2017,11,0
9251,Madrid,Spain,71,0.2,3.0,3.9,Hostel,2017,11,0
9252,Madrid,Spain,73,0.3,3.0,4.3,Hostel,2017,11,0
9253,Madrid,Spain,52,0.5,2.0,4.1,Pension,2017,11,0
9254,Madrid,Spain,69,0.3,2.0,3.5,Pension,2017,11,0
9256,Madrid,Spain,55,0.3,1.0,3.4,Apartment,2017,11,0
9260,Madrid,Spain,114,0.4,4.0,3.0,Apartment,2017,11,0
9261,Madrid,Spain,58,0.2,2.0,,Hostel,2017,11,0
9263,Madrid,Spain,69,0.2,3.0,4.0,Hostel,2017,11,0
9264,Madrid,Spain,63,0.2,2.0,4.0,Hostel,2017,11,0
9265,Madrid,Spain,121,0.5,4.0,3.5,Hotel,2017,11,0
9266,Madrid,Spain,80,0.4,2.0,3.7,Hotel,2017,11,0
9267,Madrid,Spain,57,0.4,1.0,3.7,Hostel,2017,11,0
9268,Madrid,Spain,73,0.4,2.0,4.0,Hostel,2017,11,0
9269,Madrid,Spain,100,0.5,3.0,3.7,Hotel,2017,11,0
9270,Madrid,Spain,63,0.6,2.0,3.7,Hostel,2017,11,0
9271,Madrid,Spain,166,0.3,4.0,4.4,Hotel,2017,11,0
9272,Madrid,Spain,129,0.3,4.0,4.4,Hotel,2017,11,0
9273,Madrid,Spain,69,0.2,2.0,3.7,Hostel,2017,11,0
9274,Madrid,Spain,82,0.2,3.0,3.5,Hotel,2017,11,0
9275,Madrid,Spain,106,0.4,3.5,,Apartment,2017,11,0
9276,Madrid,Spain,103,0.3,3.0,3.7,Hotel,2017,11,0
9277,Madrid,Spain,142,0.2,4.0,4.1,Hotel,2017,11,0
9278,Madrid,Spain,76,0.2,1.0,4.1,Hostel,2017,11,0
9279,Madrid,Spain,58,0.6,3.0,4.0,Hostel,2017,11,0
9280,Madrid,Spain,68,0.3,2.0,3.7,Hostel,2017,11,0
9281,Madrid,Spain,286,0.4,3.5,4.3,Apartment,2017,11,0
9282,Madrid,Spain,75,0.3,3.0,4.3,Hostel,2017,11,0
9283,Madrid,Spain,76,0.4,2.0,3.2,Hostel,2017,11,0
9284,Madrid,Spain,117,0.3,3.5,4.5,Hotel,2017,11,0
9286,Madrid,Spain,145,0.5,4.0,4.0,Apart-hotel,2017,11,0
9287,Madrid,Spain,73,0.3,1.0,4.4,Hostel,2017,11,0
9288,Madrid,Spain,42,0.4,1.0,4.1,Hostel,2017,11,0
9289,Madrid,Spain,188,0.3,4.0,4.5,Hotel,2017,11,0
9290,Madrid,Spain,182,0.3,4.0,4.5,Hotel,2017,11,0
9291,Madrid,Spain,75,0.3,2.0,4.3,Hostel,2017,11,0
9292,Madrid,Spain,69,0.3,2.0,4.0,Hostel,2017,11,0
9294,Madrid,Spain,161,0.3,4.0,4.1,Hotel,2017,11,0
9295,Madrid,Spain,217,0.3,4.0,4.8,Hotel,2017,11,0
9296,Madrid,Spain,114,0.2,3.0,4.0,Hotel,2017,11,0
9298,Madrid,Spain,73,0.2,2.0,4.0,Hostel,2017,11,0
9299,Madrid,Spain,220,0.2,4.0,4.5,Hotel,2017,11,0
9300,Madrid,Spain,152,0.3,4.0,4.0,Hotel,2017,11,0
9302,Madrid,Spain,133,0.3,4.0,4.5,Apartment,2017,11,0
9303,Madrid,Spain,141,0.4,4.0,4.0,Hotel,2017,11,0
9304,Madrid,Spain,152,0.5,4.0,4.1,Hotel,2017,11,0
9305,Madrid,Spain,142,0.5,3.0,3.7,Hotel,2017,11,0
9306,Madrid,Spain,136,0.5,4.0,3.7,Hotel,2017,11,0
9307,Madrid,Spain,160,0.6,4.0,4.4,Hotel,2017,11,0
9308,Madrid,Spain,41,0.2,2.0,2.7,Hostel,2017,11,0
9309,Madrid,Spain,55,0.2,2.0,3.5,Hostel,2017,11,0
9310,Madrid,Spain,99,0.5,3.0,4.0,Hostel,2017,11,0
9311,Madrid,Spain,94,0.3,3.0,3.5,Hostel,2017,11,0
9312,Madrid,Spain,64,0.3,2.0,3.7,Hostel,2017,11,0
9313,Madrid,Spain,67,0.3,2.5,3.5,Hostel,2017,11,0
9314,Madrid,Spain,99,0.5,3.0,4.0,Apartment,2017,11,0
9315,Madrid,Spain,110,0.2,3.0,3.2,Pension,2017,11,0
9316,Madrid,Spain,94,0.4,3.0,3.7,Hotel,2017,11,0
9317,Madrid,Spain,238,0.4,5.0,4.6,Hotel,2017,11,0
9319,Madrid,Spain,86,0.2,3.0,3.7,Hotel,2017,11,0
9320,Madrid,Spain,79,0.2,3.0,4.1,Hostel,2017,11,0
9321,Madrid,Spain,128,0.4,4.0,3.7,Hotel,2017,11,0
9322,Madrid,Spain,94,0.4,4.0,4.0,Hotel,2017,11,0
9323,Madrid,Spain,56,0.5,2.0,4.1,Hostel,2017,11,0
9324,Madrid,Spain,45,0.6,2.5,3.2,Hostel,2017,11,0
9326,Madrid,Spain,142,0.3,4.0,4.5,Apart-hotel,2017,11,0
9329,Madrid,Spain,168,5.6,4.0,4.5,Hotel,2017,11,0
9330,Madrid,Spain,154,5.6,4.0,4.0,Hotel,2017,11,0
9332,Madrid,Spain,151,0.8,4.0,4.5,Hotel,2017,11,0
9334,Madrid,Spain,255,0.8,5.0,4.5,Hotel,2017,11,0
9335,Madrid,Spain,147,0.7,4.0,4.5,Hotel,2017,11,0
9336,Madrid,Spain,156,1.1,4.0,4.6,Hotel,2017,11,0
9337,Madrid,Spain,172,1.0,3.0,4.0,Hotel,2017,11,0
9338,Madrid,Spain,357,0.6,5.0,4.5,Hotel,2017,11,0
9340,Madrid,Spain,55,14.0,4.0,3.7,Hotel,2017,11,0
9341,Madrid,Spain,55,12.0,3.0,3.9,Hotel,2017,11,0
9342,Madrid,Spain,59,13.0,3.0,4.3,Hotel,2017,11,0
9343,Madrid,Spain,77,14.0,4.0,4.0,Hotel,2017,11,0
9344,Madrid,Spain,123,0.7,3.5,4.0,Apartment,2017,11,0
9345,Madrid,Spain,861,0.4,4.0,4.4,Hotel,2017,11,0
9346,Madrid,Spain,51,0.7,1.0,4.0,Hostel,2017,11,0
9347,Madrid,Spain,51,0.6,3.0,3.5,Guest House,2017,11,0
9348,Madrid,Spain,79,0.6,3.0,4.3,Apartment,2017,11,0
9349,Madrid,Spain,80,0.4,4.0,4.3,Hotel,2017,11,0
9350,Madrid,Spain,92,0.7,3.0,4.3,Hotel,2017,11,0
9352,Madrid,Spain,74,0.7,3.0,3.7,Hotel,2017,11,0
9354,Madrid,Spain,249,0.6,3.5,5.0,Apartment,2017,11,0
9356,Madrid,Spain,110,0.7,3.0,4.1,Apartment,2017,11,0
9357,Madrid,Spain,88,0.7,3.5,4.0,Apartment,2017,11,0
9358,Madrid,Spain,61,6.8,3.0,3.7,Hotel,2017,11,0
9359,Madrid,Spain,110,5.8,4.0,4.0,Hotel,2017,11,0
9360,Madrid,Spain,68,8.6,3.0,4.1,Hotel,2017,11,0
9361,Madrid,Spain,55,6.9,4.0,3.5,Hotel,2017,11,0
9362,Madrid,Spain,68,6.6,3.0,3.5,Hotel,2017,11,0
9364,Madrid,Spain,90,7.0,4.0,4.3,Hotel,2017,11,0
9365,Madrid,Spain,185,7.9,4.0,4.3,Hotel,2017,11,0
9367,Madrid,Spain,135,5.2,4.0,4.3,Hotel,2017,11,0
9368,Madrid,Spain,61,8.7,3.0,3.7,Hotel,2017,11,0
9369,Madrid,Spain,57,1.1,3.0,3.7,Hostel,2017,11,0
9370,Madrid,Spain,70,6.8,3.0,3.7,Apart-hotel,2017,11,0
9371,Madrid,Spain,82,5.3,4.0,4.5,Hotel,2017,11,0
9372,Madrid,Spain,78,6.7,4.0,4.3,Hotel,2017,11,0
9373,Madrid,Spain,61,4.4,4.0,3.9,Hotel,2017,11,0
9374,Madrid,Spain,54,1.7,3.5,3.9,Apartment,2017,11,0
9375,Madrid,Spain,156,4.5,4.0,4.0,Hotel,2017,11,0
9376,Madrid,Spain,39,2.5,1.0,3.7,Hostel,2017,11,0
9377,Madrid,Spain,67,5.9,1.0,4.0,Hostel,2017,11,0
9378,Madrid,Spain,92,8.7,3.0,3.7,Hotel,2017,11,0
9379,Madrid,Spain,100,5.4,4.0,4.0,Hotel,2017,11,0
9380,Madrid,Spain,44,2.9,2.0,3.7,Hostel,2017,11,0
9381,Madrid,Spain,86,4.0,4.0,3.9,Hotel,2017,11,0
9382,Madrid,Spain,61,4.1,3.0,3.7,Hotel,2017,11,0
9383,Madrid,Spain,83,6.7,4.0,4.4,Hotel,2017,11,0
9384,Madrid,Spain,185,4.1,4.0,4.1,Hotel,2017,11,0
9385,Madrid,Spain,104,4.0,4.0,4.1,Hotel,2017,11,0
9386,Madrid,Spain,92,8.7,4.0,4.3,Hotel,2017,11,0
9387,Madrid,Spain,98,4.6,4.0,4.3,Hotel,2017,11,0
9388,Madrid,Spain,62,4.4,1.0,4.0,Hotel,2017,11,0
9389,Madrid,Spain,189,5.4,4.0,4.4,Hotel,2017,11,0
9390,Madrid,Spain,103,4.0,4.0,4.1,Hotel,2017,11,0
9391,Madrid,Spain,120,5.5,4.0,4.3,Hotel,2017,11,0
9392,Madrid,Spain,92,5.4,4.0,3.7,Hotel,2017,11,0
9393,Madrid,Spain,86,8.8,4.0,3.9,Hotel,2017,11,0
9394,Madrid,Spain,55,6.3,2.0,3.5,Hotel,2017,11,0
9395,Madrid,Spain,89,5.3,3.0,4.0,Hotel,2017,11,0
9396,Madrid,Spain,140,4.1,4.0,4.4,Hotel,2017,11,0
9397,Madrid,Spain,81,3.9,3.0,4.0,Hotel,2017,11,0
9398,Madrid,Spain,114,2.2,3.0,3.9,Hotel,2017,11,0
9399,Madrid,Spain,94,5.3,4.0,3.2,Hotel,2017,11,0
9400,Madrid,Spain,94,4.1,4.0,3.7,Hotel,2017,11,0
9401,Madrid,Spain,115,1.2,4.0,4.3,Hotel,2017,11,0
9402,Madrid,Spain,255,0.9,5.0,4.3,Hotel,2017,11,0
9403,Madrid,Spain,75,1.1,3.0,4.4,Pension,2017,11,0
9404,Madrid,Spain,71,3.7,3.0,3.7,Hotel,2017,11,0
9406,Madrid,Spain,43,11.0,2.0,3.5,Hostel,2017,11,0
9408,Madrid,Spain,146,1.2,4.0,4.4,Hotel,2017,11,0
9409,Madrid,Spain,156,1.3,4.0,,Hotel,2017,11,0
9410,Madrid,Spain,125,1.5,2.0,4.5,Apart-hotel,2017,11,0
9412,Madrid,Spain,150,1.4,4.0,4.0,Hotel,2017,11,0
9413,Madrid,Spain,224,1.2,4.0,4.1,Hotel,2017,11,0
9414,Madrid,Spain,174,1.0,4.0,4.5,Hotel,2017,11,0
9415,Madrid,Spain,97,1.2,3.0,3.5,Hostel,2017,11,0
9416,Madrid,Spain,147,1.1,4.0,4.1,Hotel,2017,11,0
9417,Madrid,Spain,147,1.1,4.0,4.4,Hotel,2017,11,0
9418,Madrid,Spain,129,1.2,4.0,4.0,Hotel,2017,11,0
9419,Madrid,Spain,268,1.2,5.0,4.6,Hotel,2017,11,0
9420,Madrid,Spain,63,1.4,3.0,2.7,Apartment,2017,11,0
9421,Madrid,Spain,139,1.3,4.0,4.0,Hotel,2017,11,0
9422,Madrid,Spain,397,1.0,5.0,4.5,Hotel,2017,11,0
9423,Madrid,Spain,211,1.2,4.0,4.5,Hotel,2017,11,0
9424,Madrid,Spain,185,1.1,5.0,4.5,Hotel,2017,11,0
9425,Madrid,Spain,87,1.1,3.0,4.1,Apartment,2017,11,0
9426,Madrid,Spain,143,0.8,4.0,4.0,Hotel,2017,11,0
9428,Madrid,Spain,104,1.2,3.0,4.0,Hotel,2017,11,0
9429,Madrid,Spain,100,0.8,3.0,4.5,Apartment,2017,11,0
9430,Madrid,Spain,154,1.0,3.0,4.1,Hotel,2017,11,0
9431,Madrid,Spain,243,0.7,5.0,4.6,Hotel,2017,11,0
9432,Madrid,Spain,82,11.0,4.0,4.0,Hotel,2017,11,0
9433,Madrid,Spain,56,7.5,2.0,3.9,Hotel,2017,11,0
9434,Madrid,Spain,70,7.9,3.0,3.9,Hotel,2017,11,0
9435,Madrid,Spain,95,1.3,4.0,4.0,Hotel,2017,11,0
9436,Madrid,Spain,80,1.3,3.0,3.5,Bed and breakfast,2017,11,0
9437,Madrid,Spain,61,10.0,3.0,4.1,Hostel,2017,11,0
9438,Madrid,Spain,52,12.0,3.0,4.3,Hotel,2017,11,0
9439,Madrid,Spain,40,12.0,1.0,4.5,Pension,2017,11,0
9441,Madrid,Spain,50,11.0,2.0,3.7,Hotel,2017,11,0
9442,Madrid,Spain,65,10.0,4.0,4.1,Hotel,2017,11,0
9443,Madrid,Spain,46,12.0,3.0,3.7,Hostel,2017,11,0
9445,Madrid,Spain,81,3.4,2.0,4.1,Hotel,2017,11,0
9446,Madrid,Spain,81,3.4,1.0,3.5,Hotel,2017,11,0
9447,Madrid,Spain,73,3.2,3.0,3.5,Hotel,2017,11,0
9448,Madrid,Spain,167,3.6,4.0,4.1,Hotel,2017,11,0
9449,Madrid,Spain,103,6.2,4.0,3.9,Hotel,2017,11,0
9450,Madrid,Spain,99,4.6,3.0,4.1,Hotel,2017,11,0
9452,Madrid,Spain,153,5.3,4.0,4.4,Hotel,2017,11,0
9453,Madrid,Spain,95,4.1,3.0,4.3,Hotel,2017,11,0
9454,Madrid,Spain,123,0.2,4.0,4.1,Apartment,2017,11,0
9455,Madrid,Spain,139,0.2,4.0,4.5,Hotel,2017,11,0
9456,Madrid,Spain,89,0.2,2.0,3.7,Hotel,2017,11,0
9457,Madrid,Spain,95,0.1,3.0,3.9,Apart-hotel,2017,11,0
9458,Madrid,Spain,66,0.3,2.0,3.2,Hostel,2017,11,0
9459,Madrid,Spain,61,0.4,2.0,4.0,Hotel,2017,11,0
9460,Madrid,Spain,81,0.1,2.0,4.0,Hostel,2017,11,0
9461,Madrid,Spain,75,0.1,3.0,2.7,Hostel,2017,11,0
9462,Madrid,Spain,56,0.1,2.0,4.0,Hostel,2017,11,0
9463,Madrid,Spain,55,0.4,2.0,3.5,Hostel,2017,11,0
9467,Madrid,Spain,81,0.1,2.0,2.5,Hostel,2017,11,0
9468,Madrid,Spain,98,0.2,3.5,3.2,Apartment,2017,11,0
9470,Madrid,Spain,51,0.2,1.0,3.7,Guest House,2017,11,0
9471,Madrid,Spain,75,0.2,2.0,4.1,Hotel,2017,11,0
9472,Madrid,Spain,63,0.3,1.0,4.3,Hostel,2017,11,0
9473,Madrid,Spain,77,0.1,2.0,3.7,Hostel,2017,11,0
9474,Madrid,Spain,71,0.1,2.0,4.0,Hotel,2017,11,0
9476,Madrid,Spain,62,0.1,3.0,3.5,Hostel,2017,11,0
9477,Madrid,Spain,105,0.1,3.0,4.0,Hostel,2017,11,0
9478,Madrid,Spain,52,0.1,1.0,3.7,Hostel,2017,11,0
9479,Madrid,Spain,60,0.6,2.0,4.1,Hostel,2017,11,0
9480,Madrid,Spain,71,0.4,1.0,4.5,Hostel,2017,11,0
9481,Madrid,Spain,86,0.2,2.0,4.0,Hostel,2017,11,0
9482,Madrid,Spain,39,0.3,1.0,2.7,Hostel,2017,11,0
9483,Madrid,Spain,69,0.1,2.0,3.7,Hostel,2017,11,0
9484,Madrid,Spain,77,0.2,2.0,3.7,Hostel,2017,11,0
9485,Madrid,Spain,74,0.1,3.0,3.2,Hostel,2017,11,0
9488,Madrid,Spain,62,0.1,2.0,3.7,Hostel,2017,11,0
9489,Madrid,Spain,72,0.1,2.0,4.0,Hostel,2017,11,0
9490,Madrid,Spain,104,0.1,3.0,4.0,Hotel,2017,11,0
9491,Madrid,Spain,100,0.2,3.0,2.5,Apartment,2017,11,0
9492,Madrid,Spain,34,0.3,1.0,3.0,Hostel,2017,11,0
9493,Madrid,Spain,46,0.1,1.0,4.0,Hostel,2017,11,0
9494,Madrid,Spain,87,0.1,2.0,3.7,Hostel,2017,11,0
9495,Madrid,Spain,78,0.1,2.5,3.5,Hostel,2017,11,0
9496,Madrid,Spain,213,0.2,5.0,4.5,Hotel,2017,11,0
9499,Madrid,Spain,62,0.2,3.0,2.7,Hostel,2017,11,0
9500,Madrid,Spain,45,0.2,2.5,3.2,Hostel,2017,11,0
9501,Madrid,Spain,36,0.2,2.5,3.0,Hostel,2017,11,0
9502,Madrid,Spain,131,0.2,3.0,4.4,Apartment,2017,11,0
9503,Madrid,Spain,88,0.3,1.0,3.5,Hostel,2017,11,0
9504,Madrid,Spain,76,0.1,2.0,3.7,Hostel,2017,11,0
9505,Madrid,Spain,52,0.1,2.0,4.4,Hostel,2017,11,0
9506,Madrid,Spain,40,0.1,2.0,3.2,Hostel,2017,11,0
9507,Madrid,Spain,68,0.1,2.0,3.5,Hostel,2017,11,0
9508,Madrid,Spain,87,0.1,2.0,3.7,Hostel,2017,11,0
9509,Madrid,Spain,70,0.1,2.0,3.9,Hostel,2017,11,0
9510,Madrid,Spain,67,0.1,3.0,3.7,Hostel,2017,11,0
9511,Madrid,Spain,68,0.1,2.0,4.1,Hostel,2017,11,0
9514,Madrid,Spain,81,0.2,2.0,3.5,Hostel,2017,11,0
9515,Madrid,Spain,121,0.2,3.0,3.7,Hotel,2017,11,0
9516,Madrid,Spain,52,0.4,2.0,3.7,Hostel,2017,11,0
9518,Madrid,Spain,39,0.2,2.0,3.0,Hostel,2017,11,0
9519,Madrid,Spain,71,0.2,2.0,3.9,Hostel,2017,11,0
9520,Madrid,Spain,63,0.3,2.0,4.0,Hostel,2017,11,0
9521,Madrid,Spain,48,0.2,1.0,3.0,Hostel,2017,11,0
9523,Madrid,Spain,52,0.2,1.0,4.5,Hostel,2017,11,0
9524,Madrid,Spain,58,0.4,2.5,5.0,Hostel,2017,11,0
9525,Madrid,Spain,60,3.7,4.0,3.9,Hotel,2017,11,0
9526,Madrid,Spain,82,11.0,3.0,4.0,Hotel,2017,11,0
9527,Madrid,Spain,80,9.3,3.0,3.5,Hotel,2017,11,0
9528,Madrid,Spain,152,0.7,4.0,4.5,Apartment,2017,11,0
9529,Madrid,Spain,124,1.9,3.5,4.6,Apart-hotel,2017,11,0
9530,Madrid,Spain,196,0.8,4.0,4.5,Hotel,2017,11,0
9531,Madrid,Spain,40,1.9,2.0,3.5,Hostel,2017,11,0
9533,Madrid,Spain,68,2.3,2.0,4.3,Hotel,2017,11,0
9534,Madrid,Spain,127,0.7,4.0,4.4,Hotel,2017,11,0
9536,Madrid,Spain,98,1.9,4.0,4.3,Hotel,2017,11,0
9537,Madrid,Spain,75,2.0,3.0,4.0,Apart-hotel,2017,11,0
9538,Madrid,Spain,119,2.4,4.0,4.3,Hotel,2017,11,0
9539,Madrid,Spain,206,0.8,4.0,4.4,Hotel,2017,11,0
9540,Madrid,Spain,98,0.8,3.0,4.0,Apart-hotel,2017,11,0
9542,Madrid,Spain,126,2.2,3.0,4.1,Hotel,2017,11,0
9543,Madrid,Spain,78,1.9,2.0,3.7,Hotel,2017,11,0
9544,Madrid,Spain,114,1.7,4.0,4.4,Hotel,2017,11,0
9545,Madrid,Spain,255,1.8,4.0,,Apartment,2017,11,0
9547,Madrid,Spain,256,0.8,5.0,4.4,Hotel,2017,11,0
9552,Madrid,Spain,101,3.3,4.0,4.1,Hotel,2017,11,0
9553,Madrid,Spain,106,3.0,4.0,4.0,Hotel,2017,11,0
9554,Madrid,Spain,85,3.2,3.0,3.9,Hotel,2017,11,0
9555,Madrid,Spain,104,11.0,2.5,3.7,Hotel,2017,11,0
9556,Madrid,Spain,89,11.0,3.0,4.0,Hotel,2017,11,0
9557,Madrid,Spain,178,10.0,4.0,4.1,Hotel,2017,11,0
9558,Madrid,Spain,92,9.7,4.0,4.0,Hotel,2017,11,0
9559,Madrid,Spain,72,11.0,3.0,3.9,Hotel,2017,11,0
9560,Madrid,Spain,46,9.6,2.0,3.5,Hostel,2017,11,0
9562,Madrid,Spain,83,2.8,2.0,3.7,Hotel,2017,11,0
9564,Madrid,Spain,76,2.9,3.0,4.0,Apart-hotel,2017,11,0
9565,Madrid,Spain,93,2.9,3.0,2.5,Apart-hotel,2017,11,0
9566,Madrid,Spain,389,3.0,4.0,4.5,Hotel,2017,11,0
9567,Madrid,Spain,224,3.1,4.0,4.5,Hotel,2017,11,0
9568,Madrid,Spain,89,2.3,3.0,3.9,Apartment,2017,11,0
9569,Madrid,Spain,161,3.0,4.0,4.1,Hotel,2017,11,0
9570,Madrid,Spain,212,2.8,4.0,4.4,Hotel,2017,11,0
9571,Madrid,Spain,104,2.7,4.0,4.0,Hotel,2017,11,0
9572,Madrid,Spain,166,2.4,4.0,3.9,Hotel,2017,11,0
9573,Madrid,Spain,77,8.8,4.0,4.3,Hotel,2017,11,0
9574,Madrid,Spain,74,9.9,4.0,3.0,Hotel,2017,11,0
9575,Madrid,Spain,60,12.0,2.0,4.0,Hotel,2017,11,0
9576,Madrid,Spain,90,12.0,4.0,3.7,Hotel,2017,11,0
9577,Madrid,Spain,65,13.0,4.0,3.4,Hotel,2017,11,0
9578,Madrid,Spain,77,12.0,4.0,4.0,Hotel,2017,11,0
9579,Madrid,Spain,78,12.0,4.0,4.0,Hotel,2017,11,0
9580,Madrid,Spain,88,14.0,3.5,4.5,Hotel,2017,11,0
9581,Madrid,Spain,111,12.0,4.0,3.5,Hotel,2017,11,0
9582,Madrid,Spain,31,12.0,2.0,3.2,Hostel,2017,11,0
9583,Madrid,Spain,77,16.0,3.0,4.0,Hotel,2017,11,0
9584,Madrid,Spain,40,12.0,2.0,2.5,Hostel,2017,11,0
9585,Marseille,France,76,6.3,3.0,3.9,Hotel,2017,11,0
9586,Marseille,France,84,5.4,3.0,4.4,Hotel,2017,11,0
9587,Marseille,France,55,5.5,1.0,3.4,Hotel,2017,11,0
9589,Marseille,France,78,9.8,3.0,3.7,Hotel,2017,11,0
9590,Marseille,France,76,11.0,3.0,3.7,Hotel,2017,11,0
9591,Marseille,France,69,11.0,3.0,3.7,Hotel,2017,11,0
9592,Marseille,France,80,22.0,2.0,4.0,Hotel,2017,11,0
9594,Marseille,France,75,22.0,2.0,3.7,Hotel,2017,11,0
9596,Marseille,France,113,22.0,3.0,3.9,Hotel,2017,11,0
9597,Marseille,France,1159,22.0,,,House boat,2017,11,0
9598,Marseille,France,190,22.0,5.0,4.4,Hotel,2017,11,0
9599,Marseille,France,80,1.3,,4.0,Hotel,2017,11,0
9600,Marseille,France,75,3.1,,3.9,Vacation home Condo,2017,11,0
9601,Marseille,France,126,3.3,,4.6,Bed and breakfast,2017,11,0
9602,Marseille,France,137,2.8,4.0,4.1,Hotel,2017,11,0
9603,Marseille,France,103,9.1,3.0,4.0,Hotel,2017,11,0
9604,Marseille,France,80,9.1,,5.0,Hotel,2017,11,0
9605,Marseille,France,101,9.7,3.0,3.9,Hotel,2017,11,0
9607,Marseille,France,130,10.0,3.0,4.3,Hotel,2017,11,0
9609,Marseille,France,91,10.0,2.0,3.7,Hotel,2017,11,0
9610,Marseille,France,65,8.9,,4.0,Hotel,2017,11,0
9613,Marseille,France,128,2.1,4.0,4.5,Hotel,2017,11,0
9614,Marseille,France,71,2.1,,4.1,Hotel,2017,11,0
9615,Marseille,France,58,1.4,3.0,3.2,Vacation home Condo,2017,11,0
9616,Marseille,France,55,1.4,,3.7,Apart-hotel,2017,11,0
9617,Marseille,France,97,1.0,3.0,4.1,Hotel,2017,11,0
9620,Marseille,France,63,1.1,2.0,3.7,Hotel,2017,11,0
9621,Marseille,France,130,1.0,4.0,4.4,Hotel,2017,11,0
9622,Marseille,France,60,2.1,2.0,3.7,Hotel,2017,11,0
9623,Marseille,France,77,12.0,3.0,3.9,Hotel,2017,11,0
9624,Marseille,France,74,12.0,3.0,3.7,Hotel,2017,11,0
9625,Marseille,France,56,12.0,2.0,3.7,Hotel,2017,11,0
9627,Marseille,France,162,20.0,,2.0,Guest House,2017,11,0
9628,Marseille,France,114,20.0,4.0,3.9,Hotel,2017,11,0
9629,Marseille,France,81,1.0,2.0,3.7,Hotel,2017,11,0
9630,Marseille,France,114,1.0,3.0,4.0,Hotel,2017,11,0
9632,Marseille,France,74,14.0,2.0,4.3,Hotel,2017,11,0
9633,Marseille,France,127,14.0,3.0,4.4,Hotel,2017,11,0
9634,Marseille,France,86,15.0,,3.7,Hotel,2017,11,0
9635,Marseille,France,114,15.0,3.0,3.9,Hotel,2017,11,0
9636,Marseille,France,98,15.0,3.0,4.0,Hotel,2017,11,0
9637,Marseille,France,83,14.0,2.0,3.7,Hotel,2017,11,0
9638,Marseille,France,92,13.0,3.0,4.1,Hotel,2017,11,0
9639,Marseille,France,93,14.0,3.0,3.5,Vacation home Condo,2017,11,0
9640,Marseille,France,97,16.0,3.0,3.7,Vacation home Condo,2017,11,0
9642,Marseille,France,98,14.0,3.0,3.9,Vacation home Condo,2017,11,0
9643,Marseille,France,87,17.0,3.0,,Hotel,2017,11,0
9644,Marseille,France,93,0.7,3.0,4.0,Hotel,2017,11,0
9645,Marseille,France,120,0.9,4.0,4.1,Hotel,2017,11,0
9646,Marseille,France,123,0.7,4.0,4.0,Hotel,2017,11,0
9647,Marseille,France,76,0.7,2.0,3.5,Hotel,2017,11,0
9648,Marseille,France,57,7.2,,,Hotel,2017,11,0
9649,Marseille,France,80,7.3,3.0,3.7,Hotel,2017,11,0
9650,Marseille,France,111,7.1,3.0,4.9,Apart-hotel,2017,11,0
9651,Marseille,France,37,5.3,1.0,3.0,Hotel,2017,11,0
9652,Marseille,France,87,20.0,,2.5,Hotel,2017,11,0
9653,Marseille,France,68,9.3,,4.5,Hotel,2017,11,0
9654,Marseille,France,95,9.6,3.0,4.3,Hotel,2017,11,0
9655,Marseille,France,92,8.5,3.0,4.3,Hotel,2017,11,0
9656,Marseille,France,28,8.2,1.0,2.5,Hotel,2017,11,0
9657,Marseille,France,91,13.0,3.0,3.9,Hotel,2017,11,0
9658,Marseille,France,130,0.2,4.0,4.1,Hotel,2017,11,0
9659,Marseille,France,109,1.5,3.0,4.1,Hotel,2017,11,0
9660,Marseille,France,78,1.4,3.0,3.7,Hotel,2017,11,0
9661,Marseille,France,77,0.5,3.0,3.9,Hotel,2017,11,0
9662,Marseille,France,56,0.4,,2.5,Hotel,2017,11,0
9663,Marseille,France,58,0.5,2.0,3.5,Hotel,2017,11,0
9664,Marseille,France,51,0.5,2.0,3.5,Hotel,2017,11,0
9665,Marseille,France,56,5.1,,3.7,Hotel,2017,11,0
9666,Marseille,France,134,0.5,,4.1,Hotel,2017,11,0
9667,Marseille,France,107,0.2,3.0,3.7,Hotel,2017,11,0
9668,Marseille,France,82,0.3,,1.7,Apartment,2017,11,0
9669,Marseille,France,128,6.9,4.0,3.7,Hotel,2017,11,0
9670,Marseille,France,83,1.4,,1.0,Apartment,2017,11,0
9671,Marseille,France,98,0.2,3.0,4.0,Hotel,2017,11,0
9672,Marseille,France,75,0.2,3.0,3.4,Hotel,2017,11,0
9673,Marseille,France,121,1.3,4.0,4.0,Hotel,2017,11,0
9674,Marseille,France,78,1.5,3.0,3.9,Vacation home Condo,2017,11,0
9675,Marseille,France,76,1.1,,3.5,Apartment,2017,11,0
9677,Marseille,France,56,0.4,,2.5,Hotel,2017,11,0
9678,Marseille,France,67,0.7,,3.5,Hotel,2017,11,0
9679,Marseille,France,71,1.9,,4.3,Apart-hotel,2017,11,0
9680,Marseille,France,103,2.9,2.0,3.9,Hotel,2017,11,0
9681,Marseille,France,66,0.4,3.0,3.0,Hotel,2017,11,0
9682,Marseille,France,105,1.5,,2.5,Apartment,2017,11,0
9683,Marseille,France,174,4.9,,4.0,Bed and breakfast,2017,11,0
9684,Marseille,France,61,0.4,2.0,3.4,Hotel,2017,11,0
9685,Marseille,France,95,0.6,3.0,3.5,Hotel,2017,11,0
9687,Marseille,France,94,0.3,3.0,4.5,Hotel,2017,11,0
9688,Marseille,France,55,0.5,,3.2,Hotel,2017,11,0
9689,Marseille,France,75,1.4,,,Apartment,2017,11,0
9690,Marseille,France,127,3.8,,,Apartment,2017,11,0
9693,Marseille,France,73,0.4,3.0,3.4,Hotel,2017,11,0
9694,Marseille,France,84,0.3,3.0,4.4,Apart-hotel,2017,11,0
9696,Marseille,France,56,6.7,2.0,3.5,Hotel,2017,11,0
9697,Marseille,France,224,0.4,5.0,4.8,Hotel,2017,11,0
9698,Marseille,France,48,2.2,,2.2,Apart-hotel,2017,11,0
9699,Marseille,France,73,0.3,,3.9,Apartment,2017,11,0
9700,Marseille,France,80,5.9,3.0,3.7,Hotel,2017,11,0
9701,Marseille,France,79,0.5,,4.1,Hotel,2017,11,0
9702,Marseille,France,63,1.1,3.0,4.1,Vacation home Condo,2017,11,0
9703,Marseille,France,50,0.5,1.0,2.5,Hotel,2017,11,0
9704,Marseille,France,114,0.8,2.0,4.5,Vacation home Condo,2017,11,0
9705,Marseille,France,91,0.5,,3.7,Bed and breakfast,2017,11,0
9706,Marseille,France,88,0.3,,,Apart-hotel,2017,11,0
9708,Marseille,France,67,0.8,,3.0,Apartment,2017,11,0
9709,Marseille,France,64,3.4,3.0,3.7,Hotel,2017,11,0
9710,Marseille,France,51,0.5,,2.9,Hotel,2017,11,0
9711,Marseille,France,71,0.5,,3.9,Vacation home Condo,2017,11,0
9712,Marseille,France,126,4.2,3.0,4.8,Hotel,2017,11,0
9713,Marseille,France,319,1.5,5.0,4.4,Hotel,2017,11,0
9714,Marseille,France,88,3.4,3.0,3.7,Hotel,2017,11,0
9715,Marseille,France,85,6.1,3.0,3.7,Hotel,2017,11,0
9716,Marseille,France,30,6.8,,2.5,Hotel,2017,11,0
9717,Marseille,France,73,5.1,,4.0,Hotel,2017,11,0
9718,Marseille,France,89,0.5,,1.0,Apartment,2017,11,0
9719,Marseille,France,61,4.9,,3.4,Hotel,2017,11,0
9720,Marseille,France,104,5.6,3.0,3.4,Hotel,2017,11,0
9721,Marseille,France,98,1.9,4.0,3.7,Hotel,2017,11,0
9722,Marseille,France,78,2.1,,3.7,Vacation home Condo,2017,11,0
9723,Marseille,France,68,2.0,,2.7,Hotel,2017,11,0
9724,Marseille,France,144,1.7,,4.6,Guest House,2017,11,0
9725,Marseille,France,73,0.5,3.0,3.5,Hotel,2017,11,0
9726,Marseille,France,81,0.5,3.0,4.1,Vacation home Condo,2017,11,0
9727,Marseille,France,86,0.5,3.0,4.4,Hotel,2017,11,0
9728,Marseille,France,98,0.6,3.0,4.0,Hotel,2017,11,0
9729,Marseille,France,89,0.7,3.0,3.7,Vacation home Condo,2017,11,0
9731,Marseille,France,61,0.6,3.0,3.5,Hotel,2017,11,0
9733,Marseille,France,79,0.7,3.0,4.0,Hotel,2017,11,0
9734,Marseille,France,96,18.0,3.0,3.7,Hotel,2017,11,0
9735,Marseille,France,88,18.0,,3.2,Hotel,2017,11,0
9736,Marseille,France,116,17.0,,,Apartment,2017,11,0
9737,Marseille,France,63,18.0,2.0,3.5,Hotel,2017,11,0
9738,Marseille,France,137,20.0,4.0,4.0,Hotel,2017,11,0
9739,Marseille,France,145,18.0,,,Apartment,2017,11,0
9740,Marseille,France,78,11.0,2.0,4.3,Hotel,2017,11,0
9741,Marseille,France,35,7.4,,1.8,Hotel,2017,11,0
9742,Marseille,France,73,1.3,3.0,4.0,Vacation home Condo,2017,11,0
9743,Marseille,France,110,1.2,4.0,4.1,Hotel,2017,11,0
9744,Marseille,France,68,1.3,,4.0,Apart-hotel,2017,11,0
9745,Marseille,France,68,1.3,,4.0,Apart-hotel,2017,11,0
9746,Marseille,France,68,1.6,3.0,4.0,Hotel,2017,11,0
9747,Marseille,France,86,1.8,2.0,3.7,Hotel,2017,11,0
9748,Marseille,France,58,1.7,2.0,3.5,Hotel,2017,11,0
9749,Marseille,France,73,1.3,3.0,3.9,Hotel,2017,11,0
9750,Marseille,France,62,1.6,3.0,3.9,Vacation home Condo,2017,11,0
9751,Marseille,France,68,1.2,3.0,3.5,Vacation home Condo,2017,11,0
9752,Marseille,France,226,0.3,5.0,4.6,Hotel,2017,11,0
9753,Marseille,France,220,0.1,,,Apartment,2017,11,0
9756,Marseille,France,65,1.0,,2.5,Apart-hotel,2017,11,0
9757,Marseille,France,123,0.4,,2.7,Apartment,2017,11,0
9758,Marseille,France,75,0.1,2.0,3.7,Hotel,2017,11,0
9759,Marseille,France,168,0.4,,,Apartment,2017,11,0
9761,Marseille,France,145,0.1,4.0,4.5,Hotel,2017,11,0
9762,Marseille,France,72,0.1,2.0,3.4,Hotel,2017,11,0
9763,Marseille,France,110,0.2,2.0,4.0,Hotel,2017,11,0
9764,Marseille,France,105,0.2,,3.0,Apartment,2017,11,0
9766,Marseille,France,104,0.4,,5.0,Apartment,2017,11,0
9767,Marseille,France,95,0.1,3.0,3.7,Hotel,2017,11,0
9768,Marseille,France,105,0.4,4.0,3.9,Vacation home Condo,2017,11,0
9769,Marseille,France,126,0.1,,3.5,Hotel,2017,11,0
9770,Marseille,France,87,0.1,3.0,3.2,Hotel,2017,11,0
9771,Marseille,France,73,0.1,,4.1,Apartment,2017,11,0
9772,Marseille,France,150,0.7,4.0,4.0,Hotel,2017,11,0
9773,Marseille,France,222,0.7,5.0,4.5,Hotel,2017,11,0
9774,Marseille,France,147,0.4,4.0,4.3,Hotel,2017,11,0
9775,Marseille,France,149,0.0,4.0,4.4,Hotel,2017,11,0
9776,Marseille,France,82,0.1,,3.4,Apart-hotel,2017,11,0
9777,Marseille,France,69,0.1,,3.4,Hotel,2017,11,0
9778,Marseille,France,101,0.1,4.0,3.4,Hotel,2017,11,0
9779,Marseille,France,130,0.0,3.0,4.3,Hotel,2017,11,0
9780,Marseille,France,60,0.9,2.0,3.0,Hotel,2017,11,0
9781,Marseille,France,97,0.0,3.0,3.9,Hotel,2017,11,0
9782,Marseille,France,97,0.3,3.0,3.7,Hotel,2017,11,0
9783,Marseille,France,135,0.8,4.0,4.1,Hotel,2017,11,0
9784,Marseille,France,55,13.0,2.0,2.7,Vacation home Condo,2017,11,0
9785,Marseille,France,73,11.0,2.0,3.4,Hotel,2017,11,0
9786,Marseille,France,117,11.0,3.0,4.0,Hotel,2017,11,0
9787,Marseille,France,69,11.0,3.0,3.5,Hotel,2017,11,0
9788,Marseille,France,87,13.0,3.0,4.1,Hotel,2017,11,0
9789,Marseille,France,45,10.0,2.0,3.5,Hotel,2017,11,0
9790,Marseille,France,172,13.0,4.0,4.0,Hotel,2017,11,0
9791,Marseille,France,143,13.0,3.0,4.1,Hotel,2017,11,0
9792,Marseille,France,117,13.0,4.0,3.7,Hotel,2017,11,0
9793,Marseille,France,59,13.0,3.0,3.7,Hotel,2017,11,0
9794,Marseille,France,75,12.0,3.0,4.1,Hotel,2017,11,0
9795,Marseille,France,36,11.0,1.0,2.7,Hotel,2017,11,0
9796,Marseille,France,68,11.0,3.0,3.0,Hotel,2017,11,0
9797,Milan,Italy,66,14.0,,4.1,Inn,2017,11,0
9798,Milan,Italy,103,10.0,4.0,4.1,Hotel,2017,11,0
9799,Milan,Italy,75,12.0,3.0,4.3,Hotel,2017,11,0
9800,Milan,Italy,90,13.0,3.0,3.5,Hotel,2017,11,0
9801,Milan,Italy,101,13.0,4.0,4.6,Hotel,2017,11,0
9802,Milan,Italy,67,27.0,,4.5,Bed and breakfast,2017,11,0
9803,Milan,Italy,138,5.2,4.0,4.3,Hotel,2017,11,0
9804,Milan,Italy,118,5.8,4.0,3.5,Hotel,2017,11,0
9805,Milan,Italy,166,5.3,4.0,4.4,Hotel,2017,11,0
9806,Milan,Italy,189,4.7,4.0,4.4,Hotel,2017,11,0
9807,Milan,Italy,130,7.9,4.0,3.9,Hotel,2017,11,0
9808,Milan,Italy,53,17.0,,4.8,Bed and breakfast,2017,11,0
9809,Milan,Italy,132,11.0,4.0,3.7,Hotel,2017,11,0
9810,Milan,Italy,75,10.0,3.0,3.9,Hotel,2017,11,0
9811,Milan,Italy,84,10.0,4.0,4.0,Hotel,2017,11,0
9812,Milan,Italy,92,17.0,,4.6,Bed and breakfast,2017,11,0
9813,Milan,Italy,75,17.0,,5.0,Bed and breakfast,2017,11,0
9814,Milan,Italy,136,2.3,,,Apartment,2017,11,0
9815,Milan,Italy,255,1.8,,,Apartment,2017,11,0
9816,Milan,Italy,80,2.1,4.0,3.7,Hotel,2017,11,0
9819,Milan,Italy,136,2.3,,,Apartment,2017,11,0
9820,Milan,Italy,100,1.7,3.0,3.7,Hotel,2017,11,0
9821,Milan,Italy,65,1.9,4.0,3.9,Hotel,2017,11,0
9822,Milan,Italy,93,2.4,3.0,3.2,Hotel,2017,11,0
9823,Milan,Italy,104,2.8,4.0,4.1,Hotel,2017,11,0
9824,Milan,Italy,46,2.2,,2.4,Guest House,2017,11,0
9825,Milan,Italy,80,2.2,,,Apartment,2017,11,0
9826,Milan,Italy,31,2.8,,1.6,Inn,2017,11,0
9828,Milan,Italy,168,1.7,,3.9,Apartment,2017,11,0
9830,Milan,Italy,111,8.1,3.0,4.3,Hotel,2017,11,0
9831,Milan,Italy,95,13.0,4.0,4.3,Hotel,2017,11,0
9832,Milan,Italy,39,19.0,,4.0,Guest House,2017,11,0
9833,Milan,Italy,55,19.0,,3.9,Guest House,2017,11,0
9834,Milan,Italy,128,19.0,4.0,4.3,Hotel,2017,11,0
9835,Milan,Italy,66,20.0,4.0,3.9,Hotel,2017,11,0
9836,Milan,Italy,90,19.0,3.0,4.0,Hotel,2017,11,0
9837,Milan,Italy,76,19.0,,5.0,Bed and breakfast,2017,11,0
9838,Milan,Italy,95,13.0,4.0,3.7,Hotel,2017,11,0
9839,Milan,Italy,94,11.0,4.0,3.2,Hotel,2017,11,0
9840,Milan,Italy,91,13.0,3.0,4.1,Hotel,2017,11,0
9841,Milan,Italy,92,24.0,4.0,4.0,Hotel,2017,11,0
9842,Milan,Italy,98,24.0,4.0,4.0,Hotel,2017,11,0
9843,Milan,Italy,67,23.0,,3.9,Bed and breakfast,2017,11,0
9844,Milan,Italy,72,24.0,4.0,4.1,Hotel,2017,11,0
9845,Milan,Italy,55,24.0,3.0,4.0,Hotel,2017,11,0
9846,Milan,Italy,110,24.0,3.0,4.5,Hotel,2017,11,0
9847,Milan,Italy,68,24.0,,4.4,Guest House,2017,11,0
9848,Milan,Italy,87,9.7,3.0,4.5,Hotel,2017,11,0
9849,Milan,Italy,101,9.4,,4.1,Inn,2017,11,0
9851,Milan,Italy,96,11.0,4.0,3.7,Hotel,2017,11,0
9852,Milan,Italy,73,26.0,3.0,4.0,Hotel,2017,11,0
9854,Milan,Italy,96,26.0,4.0,4.6,Hotel,2017,11,0
9855,Milan,Italy,121,17.0,4.0,4.4,Hotel,2017,11,0
9856,Milan,Italy,126,16.0,4.0,4.0,Hotel,2017,11,0
9857,Milan,Italy,101,16.0,3.0,3.7,Hotel,2017,11,0
9858,Milan,Italy,137,13.0,4.0,4.5,Hotel,2017,11,0
9859,Milan,Italy,224,8.0,4.0,4.3,Hotel,2017,11,0
9860,Milan,Italy,73,15.0,4.0,4.3,Hotel,2017,11,0
9861,Milan,Italy,68,5.0,,4.0,Inn,2017,11,0
9862,Milan,Italy,280,4.8,4.0,3.0,Hotel,2017,11,0
9863,Milan,Italy,135,11.0,4.0,4.1,Hotel,2017,11,0
9864,Milan,Italy,82,12.0,3.0,4.0,Hotel,2017,11,0
9865,Milan,Italy,104,0.8,,,Apartment,2017,11,0
9866,Milan,Italy,129,0.7,,3.0,Apartment,2017,11,0
9867,Milan,Italy,263,0.9,5.0,4.5,Hotel,2017,11,0
9869,Milan,Italy,103,0.9,4.0,4.0,Hotel,2017,11,0
9872,Milan,Italy,161,0.8,,,Apartment,2017,11,0
9873,Milan,Italy,129,0.9,,,Apartment,2017,11,0
9874,Milan,Italy,124,1.8,4.0,3.9,Hotel,2017,11,0
9875,Milan,Italy,73,1.9,3.0,3.9,Hotel,2017,11,0
9876,Milan,Italy,75,1.9,3.0,3.7,Hotel,2017,11,0
9877,Milan,Italy,77,1.9,1.0,1.5,Hotel,2017,11,0
9878,Milan,Italy,101,1.4,,5.0,Bed and breakfast,2017,11,0
9879,Milan,Italy,76,2.0,3.0,4.0,Inn,2017,11,0
9880,Milan,Italy,136,1.9,,4.8,Bed and breakfast,2017,11,0
9881,Milan,Italy,52,2.5,3.0,3.2,Hotel,2017,11,0
9882,Milan,Italy,77,1.9,2.0,3.7,Hotel,2017,11,0
9883,Milan,Italy,87,1.8,,2.0,Hostel,2017,11,0
9884,Milan,Italy,61,1.7,,2.9,Guest House,2017,11,0
9885,Milan,Italy,118,2.6,3.0,3.5,Hotel,2017,11,0
9886,Milan,Italy,48,2.2,2.0,3.0,Hotel,2017,11,0
9887,Milan,Italy,48,2.2,2.0,2.9,Inn,2017,11,0
9888,Milan,Italy,140,1.7,4.0,3.7,Vacation home Condo,2017,11,0
9889,Milan,Italy,92,1.4,,,Apartment,2017,11,0
9890,Milan,Italy,158,2.9,4.0,4.4,Hotel,2017,11,0
9891,Milan,Italy,62,1.9,2.0,2.9,Hotel,2017,11,0
9892,Milan,Italy,91,1.8,,,Apartment,2017,11,0
9893,Milan,Italy,55,2.4,1.0,1.8,Hotel,2017,11,0
9894,Milan,Italy,90,2.0,1.0,2.2,Hotel,2017,11,0
9895,Milan,Italy,163,1.8,3.0,3.5,Hotel,2017,11,0
9898,Milan,Italy,146,1.7,,4.6,Guest House,2017,11,0
9899,Milan,Italy,72,1.9,2.0,3.2,Hotel,2017,11,0
9900,Milan,Italy,69,1.9,1.0,3.2,Hotel,2017,11,0
9901,Milan,Italy,78,1.8,3.0,3.2,Hotel,2017,11,0
9902,Milan,Italy,232,1.9,1.0,2.7,Hotel,2017,11,0
9903,Milan,Italy,67,1.9,,3.2,Hostel,2017,11,0
9904,Milan,Italy,87,2.3,3.0,3.7,Vacation home Condo,2017,11,0
9905,Milan,Italy,67,1.9,3.0,3.2,Hotel,2017,11,0
9906,Milan,Italy,58,1.9,2.0,3.0,Hotel,2017,11,0
9907,Milan,Italy,75,2.4,1.0,2.7,Hotel,2017,11,0
9908,Milan,Italy,56,2.6,2.0,3.0,Hotel,2017,11,0
9909,Milan,Italy,74,2.1,1.0,3.0,Hotel,2017,11,0
9910,Milan,Italy,71,2.4,,3.7,Hostel,2017,11,0
9912,Milan,Italy,71,1.9,2.0,3.2,Hotel,2017,11,0
9913,Milan,Italy,88,2.0,3.0,3.2,Hotel,2017,11,0
9914,Milan,Italy,156,1.9,,4.5,Inn,2017,11,0
9916,Milan,Italy,75,1.5,1.0,3.4,Hotel,2017,11,0
9917,Milan,Italy,89,2.0,3.0,3.7,Hotel,2017,11,0
9918,Milan,Italy,98,2.0,3.0,4.0,Hotel,2017,11,0
9919,Milan,Italy,127,2.1,4.0,3.9,Hotel,2017,11,0
9920,Milan,Italy,106,1.5,3.0,4.0,Hotel,2017,11,0
9921,Milan,Italy,78,1.8,,2.5,Guest House,2017,11,0
9922,Milan,Italy,82,2.6,,4.5,Bed and breakfast,2017,11,0
9923,Milan,Italy,80,1.8,,5.0,Apartment,2017,11,0
9924,Milan,Italy,110,5.5,3.0,4.1,Hotel,2017,11,0
9925,Milan,Italy,124,5.1,4.0,4.3,Hotel,2017,11,0
9926,Milan,Italy,128,12.0,,4.1,,2017,11,0
9927,Milan,Italy,81,11.0,4.0,4.0,Hotel,2017,11,0
9928,Milan,Italy,78,4.7,3.0,3.9,Hotel,2017,11,0
9929,Milan,Italy,112,1.5,,3.0,Apartment,2017,11,0
9930,Milan,Italy,69,1.7,,,Guest House,2017,11,0
9931,Milan,Italy,55,1.7,,2.5,Hostel,2017,11,0
9932,Milan,Italy,85,1.1,1.0,4.0,Hotel,2017,11,0
9933,Milan,Italy,130,1.0,3.0,3.7,Hotel,2017,11,0
9934,Milan,Italy,108,1.2,3.0,3.5,Hotel,2017,11,0
9935,Milan,Italy,115,1.3,4.0,3.5,Hotel,2017,11,0
9936,Milan,Italy,158,1.3,4.0,4.0,Hotel,2017,11,0
9938,Milan,Italy,199,1.0,4.0,4.0,Hotel,2017,11,0
9940,Milan,Italy,91,1.6,,2.0,Apartment,2017,11,0
9941,Milan,Italy,163,1.4,4.0,4.4,Hotel,2017,11,0
9943,Milan,Italy,292,1.3,,3.2,Apartment,2017,11,0
9944,Milan,Italy,56,1.2,1.0,3.5,Hotel,2017,11,0
9945,Milan,Italy,57,1.5,1.0,3.5,Hotel,2017,11,0
9946,Milan,Italy,103,1.7,,3.7,Apartment,2017,11,0
9947,Milan,Italy,103,1.0,,,Apartment,2017,11,0
9948,Milan,Italy,103,1.1,,,Apartment,2017,11,0
9949,Milan,Italy,67,1.6,,3.7,Guest House,2017,11,0
9950,Milan,Italy,146,1.4,4.0,4.1,Hotel,2017,11,0
9951,Milan,Italy,91,1.7,3.0,3.9,Hotel,2017,11,0
9952,Milan,Italy,84,1.3,3.0,3.0,Hotel,2017,11,0
9953,Milan,Italy,55,1.4,1.0,2.7,Hotel,2017,11,0
9954,Milan,Italy,113,1.2,3.0,3.7,Hotel,2017,11,0
9955,Milan,Italy,157,1.2,4.0,4.0,Hotel,2017,11,0
9956,Milan,Italy,106,1.2,3.0,4.4,Hotel,2017,11,0
9957,Milan,Italy,55,1.7,,2.2,Hostel,2017,11,0
9958,Milan,Italy,69,1.7,,2.5,Guest House,2017,11,0
9959,Milan,Italy,59,1.7,,3.5,Guest House,2017,11,0
9961,Milan,Italy,160,1.0,4.0,4.0,Hotel,2017,11,0
9962,Milan,Italy,90,1.0,1.0,2.0,Hotel,2017,11,0
9964,Milan,Italy,147,1.7,4.0,4.1,Hotel,2017,11,0
9966,Milan,Italy,103,7.2,4.0,3.9,Hotel,2017,11,0
9967,Milan,Italy,151,7.7,4.0,4.8,Hotel,2017,11,0
9968,Milan,Italy,62,21.0,,4.5,Bed and breakfast,2017,11,0
9969,Milan,Italy,110,19.0,,4.4,,2017,11,0
9970,Milan,Italy,149,25.0,4.0,4.1,Hotel,2017,11,0
9971,Milan,Italy,67,23.0,,4.5,Bed and breakfast,2017,11,0
9972,Milan,Italy,69,23.0,,4.6,Bed and breakfast,2017,11,0
9973,Milan,Italy,133,13.0,,4.9,Bed and breakfast,2017,11,0
9974,Milan,Italy,111,7.9,3.0,4.0,Hotel,2017,11,0
9975,Milan,Italy,69,7.8,3.0,3.7,Hotel,2017,11,0
9976,Milan,Italy,105,14.0,3.0,4.3,Hotel,2017,11,0
9977,Milan,Italy,78,7.1,3.0,3.2,Hotel,2017,11,0
9978,Milan,Italy,86,13.0,4.0,3.2,Hotel,2017,11,0
9979,Milan,Italy,80,8.8,4.0,4.5,Hotel,2017,11,0
9980,Milan,Italy,75,13.0,,3.0,Apartment,2017,11,0
9981,Milan,Italy,74,10.0,4.0,3.5,Hotel,2017,11,0
9982,Milan,Italy,56,13.0,3.0,4.3,Hotel,2017,11,0
9983,Milan,Italy,61,9.3,2.0,3.5,Hotel,2017,11,0
9984,Milan,Italy,72,8.0,4.0,4.0,Hotel,2017,11,0
9985,Milan,Italy,106,8.3,,,Apartment,2017,11,0
9986,Milan,Italy,87,3.3,3.0,3.4,Hotel,2017,11,0
9988,Milan,Italy,61,7.8,,3.9,Guest House,2017,11,0
9990,Milan,Italy,110,12.0,4.0,3.2,Hotel,2017,11,0
9991,Milan,Italy,106,5.3,4.0,4.5,Hotel,2017,11,0
9992,Milan,Italy,85,5.9,4.0,4.0,Hotel,2017,11,0
9993,Milan,Italy,86,4.8,3.0,4.4,Hotel,2017,11,0
9994,Milan,Italy,111,7.9,,,Apartment,2017,11,0
9995,Milan,Italy,52,15.0,4.0,3.5,Hotel,2017,11,0
9997,Milan,Italy,116,5.2,4.0,4.1,Hotel,2017,11,0
9998,Milan,Italy,192,13.0,,,Apartment,2017,11,0
9999,Milan,Italy,78,13.0,4.0,3.9,Hotel,2017,11,0
10000,Milan,Italy,75,8.4,,4.0,Vacation home Condo,2017,11,0
10003,Milan,Italy,93,8.1,4.0,3.9,Hotel,2017,11,0
10005,Milan,Italy,94,9.3,4.0,4.5,Hotel,2017,11,0
10006,Milan,Italy,82,13.0,4.0,3.7,Hotel,2017,11,0
10007,Milan,Italy,111,8.5,,,Apartment,2017,11,0
10008,Milan,Italy,74,9.9,4.0,4.4,Hotel,2017,11,0
10009,Milan,Italy,72,8.2,,4.5,Guest House,2017,11,0
10010,Milan,Italy,105,4.4,4.0,3.9,Hotel,2017,11,0
10011,Milan,Italy,138,7.6,4.0,4.3,Hotel,2017,11,0
10012,Milan,Italy,133,5.8,4.0,4.1,Hotel,2017,11,0
10013,Milan,Italy,115,9.9,4.0,4.5,Hotel,2017,11,0
10014,Milan,Italy,67,12.0,,,Bed and breakfast,2017,11,0
10015,Milan,Italy,90,13.0,4.0,4.0,Hotel,2017,11,0
10016,Milan,Italy,56,9.1,3.0,3.5,Hotel,2017,11,0
10018,Milan,Italy,89,9.9,,5.0,Bed and breakfast,2017,11,0
10019,Milan,Italy,78,14.0,4.0,4.5,Hotel,2017,11,0
10020,Milan,Italy,89,4.2,4.0,4.0,Hotel,2017,11,0
10021,Milan,Italy,58,4.1,4.0,4.0,Hotel,2017,11,0
10022,Milan,Italy,76,13.0,4.0,3.7,Hotel,2017,11,0
10023,Milan,Italy,66,14.0,3.0,4.1,Hotel,2017,11,0
10024,Milan,Italy,55,4.5,2.0,2.7,Hotel,2017,11,0
10025,Milan,Italy,81,14.0,3.0,3.9,Hotel,2017,11,0
10026,Milan,Italy,70,7.2,3.0,4.3,Hotel,2017,11,0
10027,Milan,Italy,111,13.0,4.0,4.5,Hotel,2017,11,0
10028,Milan,Italy,117,4.5,4.0,4.0,Hotel,2017,11,0
10029,Milan,Italy,91,8.1,,,Apartment,2017,11,0
10030,Milan,Italy,175,7.6,,4.0,Apartment,2017,11,0
10031,Milan,Italy,70,8.0,4.0,4.1,Hotel,2017,11,0
10032,Milan,Italy,88,6.2,4.0,4.0,Hotel,2017,11,0
10033,Milan,Italy,60,7.6,,3.9,Apartment,2017,11,0
10034,Milan,Italy,73,11.0,1.0,3.0,Hotel,2017,11,0
10035,Milan,Italy,91,23.0,3.0,3.5,Hotel,2017,11,0
10036,Milan,Italy,81,23.0,3.0,3.7,Hotel,2017,11,0
10037,Milan,Italy,79,22.0,4.0,3.4,Hotel,2017,11,0
10039,Milan,Italy,139,11.0,2.0,3.0,Hotel,2017,11,0
10040,Milan,Italy,180,11.0,4.0,3.9,Hotel,2017,11,0
10041,Milan,Italy,70,15.0,3.0,4.0,Hotel,2017,11,0
10042,Milan,Italy,123,17.0,3.0,2.7,Hotel,2017,11,0
10043,Milan,Italy,85,15.0,4.0,4.0,Hotel,2017,11,0
10044,Milan,Italy,78,16.0,,4.8,Bed and breakfast,2017,11,0
10045,Milan,Italy,112,16.0,4.0,4.3,Hotel,2017,11,0
10046,Milan,Italy,63,17.0,3.0,3.2,Hotel,2017,11,0
10047,Milan,Italy,57,18.0,4.0,4.0,Hotel,2017,11,0
10048,Milan,Italy,52,24.0,4.0,3.7,Hotel,2017,11,0
10049,Milan,Italy,75,24.0,4.0,3.9,Hotel,2017,11,0
10051,Milan,Italy,116,9.4,4.0,4.3,Hotel,2017,11,0
10052,Milan,Italy,95,11.0,3.0,3.9,Hotel,2017,11,0
10053,Milan,Italy,134,1.3,,,Apartment,2017,11,0
10054,Milan,Italy,202,2.2,,,Apartment,2017,11,0
10055,Milan,Italy,156,3.9,4.0,3.5,Hotel,2017,11,0
10056,Milan,Italy,92,1.5,,3.7,Guest House,2017,11,0
10057,Milan,Italy,304,0.8,5.0,4.8,Hotel,2017,11,0
10060,Milan,Italy,348,1.2,5.0,4.8,Hotel,2017,11,0
10061,Milan,Italy,170,1.2,4.0,4.1,Hotel,2017,11,0
10062,Milan,Italy,144,1.3,3.5,4.0,Hotel,2017,11,0
10063,Milan,Italy,134,1.3,,4.3,Inn,2017,11,0
10064,Milan,Italy,154,1.4,4.0,4.3,Hotel,2017,11,0
10065,Milan,Italy,157,1.3,4.0,4.1,Hotel,2017,11,0
10066,Milan,Italy,350,0.7,5.0,4.5,Hotel,2017,11,0
10067,Milan,Italy,109,0.6,3.0,3.7,Hotel,2017,11,0
10069,Milan,Italy,83,1.0,,5.0,Apartment,2017,11,0
10070,Milan,Italy,88,1.4,,3.0,Apartment,2017,11,0
10072,Milan,Italy,123,3.3,,3.0,Inn,2017,11,0
10073,Milan,Italy,209,1.0,,5.0,Apartment,2017,11,0
10074,Milan,Italy,145,1.0,,4.5,Guest House,2017,11,0
10075,Milan,Italy,78,2.0,,2.5,Guest House,2017,11,0
10076,Milan,Italy,91,1.2,2.0,4.1,Hotel,2017,11,0
10077,Milan,Italy,75,1.2,2.0,3.4,Hotel,2017,11,0
10078,Milan,Italy,73,1.3,2.0,3.5,Hotel,2017,11,0
10079,Milan,Italy,85,1.3,2.0,3.5,Hotel,2017,11,0
10080,Milan,Italy,78,1.1,3.0,3.4,Hotel,2017,11,0
10081,Milan,Italy,116,1.1,,3.2,Bed and breakfast,2017,11,0
10082,Milan,Italy,91,1.1,3.0,3.9,Hotel,2017,11,0
10084,Milan,Italy,131,3.6,,,Apartment,2017,11,0
10085,Milan,Italy,818,1.0,3.0,3.5,Hotel,2017,11,0
10086,Milan,Italy,179,1.1,4.0,4.0,Hotel,2017,11,0
10087,Milan,Italy,121,1.9,4.0,4.0,Hotel,2017,11,0
10088,Milan,Italy,103,1.0,,,Apartment,2017,11,0
10089,Milan,Italy,85,1.1,3.0,3.7,Hotel,2017,11,0
10090,Milan,Italy,123,0.8,4.0,3.5,Hotel,2017,11,0
10091,Milan,Italy,77,4.1,,,Apartment,2017,11,0
10092,Milan,Italy,77,1.5,3.0,3.5,Hotel,2017,11,0
10094,Milan,Italy,91,1.3,,4.0,Apartment,2017,11,0
10095,Milan,Italy,91,0.9,,,Apartment,2017,11,0
10096,Milan,Italy,207,1.8,,4.5,Apartment,2017,11,0
10097,Milan,Italy,90,1.6,2.0,2.7,Hotel,2017,11,0
10098,Milan,Italy,101,3.9,3.0,3.9,Hotel,2017,11,0
10099,Milan,Italy,144,1.3,4.0,4.0,Hotel,2017,11,0
10100,Milan,Italy,113,1.7,3.0,4.4,Hotel,2017,11,0
10101,Milan,Italy,103,0.9,,4.5,Apartment,2017,11,0
10102,Milan,Italy,156,1.1,4.0,4.4,Hotel,2017,11,0
10103,Milan,Italy,111,1.4,,4.5,Apartment,2017,11,0
10104,Milan,Italy,134,1.4,3.0,4.3,Hotel,2017,11,0
10105,Milan,Italy,131,0.9,4.0,4.0,Hotel,2017,11,0
10106,Milan,Italy,164,1.0,4.0,4.0,Hotel,2017,11,0
10107,Milan,Italy,73,0.8,3.5,3.9,Hotel,2017,11,0
10108,Milan,Italy,87,0.9,3.0,3.7,Hotel,2017,11,0
10109,Milan,Italy,80,3.6,,,Apartment,2017,11,0
10111,Milan,Italy,68,1.4,,4.0,Apartment,2017,11,0
10112,Milan,Italy,124,0.7,4.0,4.1,Hotel,2017,11,0
10113,Milan,Italy,167,1.7,4.0,3.7,Hotel,2017,11,0
10114,Milan,Italy,141,1.1,4.0,4.0,Hotel,2017,11,0
10115,Milan,Italy,50,1.0,,3.5,Guest House,2017,11,0
10116,Milan,Italy,73,1.3,1.0,2.5,Hotel,2017,11,0
10117,Milan,Italy,80,1.6,,,Apartment,2017,11,0
10119,Milan,Italy,95,2.1,3.0,3.7,Hotel,2017,11,0
10120,Milan,Italy,61,1.2,,3.5,Bed and breakfast,2017,11,0
10121,Milan,Italy,182,0.9,4.0,4.3,Hotel,2017,11,0
10122,Milan,Italy,130,0.9,4.0,4.1,Hotel,2017,11,0
10124,Milan,Italy,65,1.3,,4.5,Hostel,2017,11,0
10125,Milan,Italy,91,1.3,2.0,4.1,Hotel,2017,11,0
10126,Milan,Italy,187,1.2,4.0,4.1,Hotel,2017,11,0
10127,Milan,Italy,96,1.2,,4.0,Guest House,2017,11,0
10128,Milan,Italy,80,1.1,,4.6,Apartment,2017,11,0
10130,Milan,Italy,96,2.7,,4.8,Bed and breakfast,2017,11,0
10131,Milan,Italy,174,1.1,4.0,4.0,Hotel,2017,11,0
10132,Milan,Italy,113,1.6,4.0,4.4,Vacation home Condo,2017,11,0
10133,Milan,Italy,151,3.8,4.0,4.0,Hotel,2017,11,0
10134,Milan,Italy,190,3.4,4.0,4.5,Hotel,2017,11,0
10135,Milan,Italy,194,3.5,,4.5,Apartment,2017,11,0
10136,Milan,Italy,107,1.2,,2.0,Apartment,2017,11,0
10137,Milan,Italy,59,1.5,,3.4,Bed and breakfast,2017,11,0
10138,Milan,Italy,114,1.4,,3.4,Bed and breakfast,2017,11,0
10139,Milan,Italy,192,1.4,4.0,4.3,Hotel,2017,11,0
10140,Milan,Italy,59,1.5,,3.5,Bed and breakfast,2017,11,0
10142,Milan,Italy,83,1.9,4.0,3.7,Apart-hotel,2017,11,0
10143,Milan,Italy,150,1.1,3.0,3.5,Hotel,2017,11,0
10144,Milan,Italy,91,1.1,3.0,3.5,Hotel,2017,11,0
10145,Milan,Italy,87,1.1,3.0,3.5,Hotel,2017,11,0
10148,Milan,Italy,58,2.2,,3.5,Bed and breakfast,2017,11,0
10150,Milan,Italy,84,2.9,,4.3,Apartment,2017,11,0
10151,Milan,Italy,91,0.9,,2.0,Apartment,2017,11,0
10152,Milan,Italy,92,0.8,3.0,2.9,Hotel,2017,11,0
10153,Milan,Italy,66,1.6,3.0,3.5,Hotel,2017,11,0
10154,Milan,Italy,48,2.6,2.0,2.0,Hotel,2017,11,0
10155,Milan,Italy,133,1.4,4.0,4.0,Hotel,2017,11,0
10157,Milan,Italy,80,3.1,,4.5,Bed and breakfast,2017,11,0
10159,Milan,Italy,111,1.3,3.0,3.2,Hotel,2017,11,0
10160,Milan,Italy,141,1.3,4.0,3.7,Hotel,2017,11,0
10161,Milan,Italy,46,1.6,,1.5,Guest House,2017,11,0
10162,Milan,Italy,102,1.6,3.0,3.9,Hotel,2017,11,0
10163,Milan,Italy,60,1.6,,,Guest House,2017,11,0
10164,Milan,Italy,67,1.4,3.0,3.2,Hotel,2017,11,0
10165,Milan,Italy,93,1.4,3.0,3.7,Hotel,2017,11,0
10167,Milan,Italy,161,1.1,4.0,4.5,Hotel,2017,11,0
10168,Milan,Italy,100,1.1,3.0,3.7,Hotel,2017,11,0
10169,Milan,Italy,114,1.2,3.0,3.2,Hotel,2017,11,0
10170,Milan,Italy,90,2.0,,4.0,Apartment,2017,11,0
10171,Milan,Italy,73,2.0,1.0,3.7,Hotel,2017,11,0
10172,Milan,Italy,82,1.3,3.0,3.7,Hotel,2017,11,0
10174,Milan,Italy,81,1.3,2.0,3.7,Hotel,2017,11,0
10176,Milan,Italy,123,1.2,,4.3,Apartment,2017,11,0
10177,Milan,Italy,1064,1.2,,2.7,Inn,2017,11,0
10178,Milan,Italy,91,1.2,,,Apartment,2017,11,0
10179,Milan,Italy,74,2.8,3.0,4.0,Hotel,2017,11,0
10180,Milan,Italy,122,1.9,,3.2,Inn,2017,11,0
10181,Milan,Italy,155,2.1,,4.9,Guest House,2017,11,0
10182,Milan,Italy,67,2.1,4.0,3.4,Hotel,2017,11,0
10183,Milan,Italy,84,1.6,,3.7,Apartment,2017,11,0
10184,Milan,Italy,101,1.5,,,Apartment,2017,11,0
10185,Milan,Italy,67,1.7,,3.2,Guest House,2017,11,0
10186,Milan,Italy,130,1.5,4.0,4.0,Hotel,2017,11,0
10187,Milan,Italy,177,1.4,4.0,4.5,Hotel,2017,11,0
10188,Milan,Italy,119,2.4,4.0,4.0,Hotel,2017,11,0
10189,Milan,Italy,47,1.7,,2.5,Guest House,2017,11,0
10190,Milan,Italy,114,3.9,,3.7,Apartment,2017,11,0
10191,Milan,Italy,68,2.4,3.0,3.7,Hotel,2017,11,0
10192,Milan,Italy,58,1.2,,3.0,Guest House,2017,11,0
10193,Milan,Italy,56,2.0,,2.5,Inn,2017,11,0
10194,Milan,Italy,96,1.1,3.0,3.7,Hotel,2017,11,0
10195,Milan,Italy,286,1.0,4.0,4.4,Hotel,2017,11,0
10197,Milan,Italy,202,0.7,,,Apartment,2017,11,0
10198,Milan,Italy,696,0.8,,,Vacation home Condo,2017,11,0
10200,Milan,Italy,136,1.4,,,Apartment,2017,11,0
10201,Milan,Italy,73,0.6,,,Apartment,2017,11,0
10203,Milan,Italy,281,1.1,,,Apartment,2017,11,0
10205,Milan,Italy,255,1.1,5.0,4.6,Hotel,2017,11,0
10206,Milan,Italy,202,0.7,4.0,3.7,Hotel,2017,11,0
10207,Milan,Italy,174,0.1,,4.0,Apartment,2017,11,0
10208,Milan,Italy,114,0.2,,4.6,Apartment,2017,11,0
10209,Milan,Italy,167,0.9,3.0,4.0,Hotel,2017,11,0
10210,Milan,Italy,137,0.9,,4.8,Guest House,2017,11,0
10211,Milan,Italy,225,1.0,,,Apartment,2017,11,0
10212,Milan,Italy,149,1.0,,4.0,Guest House,2017,11,0
10213,Milan,Italy,146,0.6,4.0,3.5,Hotel,2017,11,0
10214,Milan,Italy,174,0.8,3.0,3.7,Hotel,2017,11,0
10215,Milan,Italy,143,0.8,,5.0,Apartment,2017,11,0
10216,Milan,Italy,188,0.5,,4.3,Apartment,2017,11,0
10217,Milan,Italy,150,0.9,3.0,4.3,Hotel,2017,11,0
10219,Milan,Italy,303,0.5,5.0,4.0,Hotel,2017,11,0
10221,Milan,Italy,126,0.8,,4.0,Apartment,2017,11,0
10223,Milan,Italy,563,0.3,5.0,4.6,Hotel,2017,11,0
10226,Milan,Italy,134,1.1,4.0,3.9,Hotel,2017,11,0
10227,Milan,Italy,111,1.0,,4.8,Guest House,2017,11,0
10228,Milan,Italy,167,1.4,4.0,3.5,Hotel,2017,11,0
10229,Milan,Italy,145,1.2,,5.0,Apartment,2017,11,0
10230,Milan,Italy,233,0.5,,4.8,Bed and breakfast,2017,11,0
10231,Milan,Italy,215,0.7,,4.0,Apartment,2017,11,0
10232,Milan,Italy,178,0.7,4.0,3.9,Hotel,2017,11,0
10233,Milan,Italy,289,0.8,5.0,4.4,Hotel,2017,11,0
10234,Milan,Italy,164,0.8,3.0,3.9,Hotel,2017,11,0
10235,Milan,Italy,224,0.7,4.0,4.4,Hotel,2017,11,0
10236,Milan,Italy,222,0.5,,4.5,Guest House,2017,11,0
10237,Milan,Italy,162,0.5,,5.0,Apartment,2017,11,0
10238,Milan,Italy,139,0.3,,4.0,Guest House,2017,11,0
10239,Milan,Italy,675,0.4,,,Apartment,2017,11,0
10241,Milan,Italy,104,1.2,3.0,3.5,Hotel,2017,11,0
10242,Milan,Italy,224,0.8,4.0,4.1,Hotel,2017,11,0
10243,Milan,Italy,185,1.0,4.0,4.3,Hotel,2017,11,0
10244,Milan,Italy,167,0.6,,4.0,Guest House,2017,11,0
10245,Milan,Italy,134,1.3,3.0,4.1,Hotel,2017,11,0
10247,Milan,Italy,282,0.6,4.0,4.8,Hotel,2017,11,0
10248,Milan,Italy,252,0.6,4.0,4.5,Hotel,2017,11,0
10249,Milan,Italy,204,0.4,,4.1,Apartment,2017,11,0
10250,Milan,Italy,141,0.3,,4.3,Apartment,2017,11,0
10251,Milan,Italy,129,0.1,,4.1,Apartment,2017,11,0
10252,Milan,Italy,134,0.4,,4.1,Apartment,2017,11,0
10253,Milan,Italy,143,0.6,,4.0,Apartment,2017,11,0
10255,Milan,Italy,215,0.4,,4.1,Apartment,2017,11,0
10256,Milan,Italy,224,0.6,,2.0,Apartment,2017,11,0
10257,Milan,Italy,191,0.4,,4.5,Apartment,2017,11,0
10258,Milan,Italy,126,0.8,,3.5,Apartment,2017,11,0
10263,Milan,Italy,168,0.6,,3.7,Apartment,2017,11,0
10266,Milan,Italy,255,0.6,,4.3,Guest House,2017,11,0
10267,Milan,Italy,246,0.8,4.0,4.6,Hotel,2017,11,0
10268,Milan,Italy,753,0.3,5.0,4.6,Hotel,2017,11,0
10270,Milan,Italy,131,0.7,,4.3,Apartment,2017,11,0
10271,Milan,Italy,186,0.7,,4.4,Guest House,2017,11,0
10272,Milan,Italy,184,0.4,,4.5,Apartment,2017,11,0
10273,Milan,Italy,184,0.4,,4.5,Apartment,2017,11,0
10275,Milan,Italy,95,0.6,3.0,3.0,Hotel,2017,11,0
10276,Milan,Italy,126,0.5,,5.0,Apartment,2017,11,0
10277,Milan,Italy,116,0.3,,3.4,Guest House,2017,11,0
10278,Milan,Italy,292,0.2,,,Apartment,2017,11,0
10279,Milan,Italy,234,0.4,4.0,4.5,Vacation home Condo,2017,11,0
10280,Milan,Italy,232,0.7,,4.1,Apartment,2017,11,0
10281,Milan,Italy,136,1.2,,,Apartment,2017,11,0
10283,Milan,Italy,144,0.8,,1.0,Apartment,2017,11,0
10284,Milan,Italy,212,0.9,4.0,4.1,Hotel,2017,11,0
10285,Milan,Italy,100,0.9,,3.7,Apartment,2017,11,0
10287,Milan,Italy,252,0.3,4.0,4.5,Hotel,2017,11,0
10289,Milan,Italy,114,0.9,,3.2,Apartment,2017,11,0
10290,Milan,Italy,121,1.0,,4.5,Hostel,2017,11,0
10291,Milan,Italy,243,0.3,4.0,4.5,Hotel,2017,11,0
10292,Milan,Italy,163,0.2,,,Guest House,2017,11,0
10293,Milan,Italy,180,1.1,3.0,3.0,Hotel,2017,11,0
10294,Milan,Italy,210,0.5,4.0,4.1,Hotel,2017,11,0
10295,Milan,Italy,86,1.0,3.0,4.3,Hotel,2017,11,0
10296,Milan,Italy,126,0.8,,,Apartment,2017,11,0
10297,Milan,Italy,295,0.2,4.0,4.5,Hotel,2017,11,0
10298,Milan,Italy,114,1.2,,2.0,Apartment,2017,11,0
10299,Milan,Italy,138,0.6,,4.0,Apartment,2017,11,0
10300,Milan,Italy,211,1.0,5.0,3.7,Hotel,2017,11,0
10302,Milan,Italy,204,0.4,4.0,4.1,Hotel,2017,11,0
10303,Milan,Italy,114,0.0,,3.0,Apartment,2017,11,0
10304,Milan,Italy,208,0.8,4.0,4.1,Hotel,2017,11,0
10305,Milan,Italy,126,1.1,,,Apartment,2017,11,0
10306,Milan,Italy,258,0.5,,4.3,Apartment,2017,11,0
10307,Milan,Italy,114,0.9,,4.3,Apartment,2017,11,0
10308,Milan,Italy,80,1.2,,4.0,Apartment,2017,11,0
10309,Milan,Italy,861,0.5,5.0,4.4,Hotel,2017,11,0
10311,Milan,Italy,91,0.9,,3.7,Apartment,2017,11,0
10312,Milan,Italy,178,0.8,,4.0,Apartment,2017,11,0
10313,Milan,Italy,202,0.6,,2.0,Apartment,2017,11,0
10314,Milan,Italy,91,0.9,,,Apartment,2017,11,0
10315,Milan,Italy,60,1.4,1.0,2.4,Hotel,2017,11,0
10316,Milan,Italy,218,0.6,4.0,4.1,Hotel,2017,11,0
10318,Milan,Italy,127,1.2,,4.5,Guest House,2017,11,0
10319,Milan,Italy,215,1.2,,,Apartment,2017,11,0
10321,Milan,Italy,76,0.7,,2.5,Apartment,2017,11,0
10322,Milan,Italy,126,0.3,,5.0,Apartment,2017,11,0
10323,Milan,Italy,446,0.3,5.0,4.8,Hotel,2017,11,0
10324,Milan,Italy,753,0.3,5.0,4.6,Hotel,2017,11,0
10325,Milan,Italy,175,1.0,,,Apartment,2017,11,0
10326,Milan,Italy,171,1.1,,4.6,Apartment,2017,11,0
10327,Milan,Italy,170,0.6,3.0,4.0,Hotel,2017,11,0
10329,Milan,Italy,156,0.8,4.0,3.7,Hotel,2017,11,0
10330,Milan,Italy,113,0.8,,4.5,Hostel,2017,11,0
10331,Milan,Italy,91,1.1,,4.3,Apartment,2017,11,0
10332,Milan,Italy,103,1.1,,4.0,Apartment,2017,11,0
10333,Milan,Italy,68,1.2,,3.7,Apartment,2017,11,0
10334,Milan,Italy,123,1.1,,4.5,Bed and breakfast,2017,11,0
10335,Milan,Italy,77,0.6,,3.2,Apartment,2017,11,0
10336,Milan,Italy,186,1.1,4.0,4.3,Hotel,2017,11,0
10337,Milan,Italy,114,1.0,,,Apartment,2017,11,0
10338,Milan,Italy,208,0.6,3.0,4.6,Hotel,2017,11,0
10339,Milan,Italy,184,0.7,4.0,3.5,Hotel,2017,11,0
10340,Milan,Italy,145,1.0,3.0,,Hotel,2017,11,0
10342,Milan,Italy,186,1.4,,,Apartment,2017,11,0
10344,Milan,Italy,217,0.7,,4.5,Guest House,2017,11,0
10345,Milan,Italy,219,0.7,,5.0,Apartment,2017,11,0
10346,Milan,Italy,162,0.6,,3.9,Apartment,2017,11,0
10350,Milan,Italy,881,0.2,5.0,4.6,Hotel,2017,11,0
10353,Milan,Italy,184,0.9,,,Apartment,2017,11,0
10354,Milan,Italy,83,0.3,2.0,3.5,Hotel,2017,11,0
10355,Milan,Italy,92,1.3,,,Apartment,2017,11,0
10356,Milan,Italy,103,1.1,,,Apartment,2017,11,0
10357,Milan,Italy,103,0.6,,3.0,Apartment,2017,11,0
10358,Milan,Italy,157,0.5,,4.5,Apartment,2017,11,0
10359,Milan,Italy,268,0.6,,4.3,Apartment,2017,11,0
10360,Milan,Italy,292,0.5,4.0,4.1,Hotel,2017,11,0
10361,Milan,Italy,298,0.5,5.0,3.7,Hotel,2017,11,0
10362,Milan,Italy,247,0.3,4.0,4.1,Hotel,2017,11,0
10363,Milan,Italy,304,0.3,,4.0,Guest House,2017,11,0
10364,Milan,Italy,304,0.3,4.0,4.5,Hotel,2017,11,0
10365,Milan,Italy,167,0.7,,4.5,Apartment,2017,11,0
10366,Milan,Italy,184,0.7,,4.6,Guest House,2017,11,0
10367,Milan,Italy,100,0.7,,3.0,Apartment,2017,11,0
10368,Milan,Italy,218,0.7,4.0,4.5,Hotel,2017,11,0
10369,Milan,Italy,138,0.5,,4.8,Apartment,2017,11,0
10370,Milan,Italy,139,1.0,3.0,4.1,Hotel,2017,11,0
10371,Milan,Italy,198,1.0,4.0,4.4,Hotel,2017,11,0
10372,Milan,Italy,336,0.4,4.0,4.6,Hotel,2017,11,0
10373,Milan,Italy,386,0.6,5.0,4.4,Hotel,2017,11,0
10374,Milan,Italy,461,0.4,5.0,4.0,Hotel,2017,11,0
10375,Milan,Italy,551,0.5,5.0,3.5,Hotel,2017,11,0
10376,Milan,Italy,239,0.5,4.0,4.8,Inn,2017,11,0
10377,Milan,Italy,213,0.6,,3.5,Apartment,2017,11,0
10378,Milan,Italy,114,0.7,,,Apartment,2017,11,0
10379,Milan,Italy,689,0.4,5.0,4.6,Hotel,2017,11,0
10380,Milan,Italy,92,0.8,,4.0,Bed and breakfast,2017,11,0
10382,Milan,Italy,114,0.5,,,Apartment,2017,11,0
10383,Milan,Italy,260,0.5,4.0,3.7,Hotel,2017,11,0
10385,Milan,Italy,120,0.9,,2.5,Apartment,2017,11,0
10386,Milan,Italy,201,0.7,,4.5,Apartment,2017,11,0
10387,Milan,Italy,91,0.9,,,Apartment,2017,11,0
10390,Milan,Italy,229,0.3,3.0,4.1,Hotel,2017,11,0
10391,Milan,Italy,80,1.0,,,Apartment,2017,11,0
10392,Milan,Italy,161,1.0,,,Apartment,2017,11,0
10393,Milan,Italy,126,0.7,,2.2,Apartment,2017,11,0
10394,Milan,Italy,137,1.3,,,Apartment,2017,11,0
10395,Milan,Italy,140,0.7,,4.0,Apartment,2017,11,0
10396,Milan,Italy,273,0.1,5.0,3.7,Hotel,2017,11,0
10397,Milan,Italy,166,0.1,,4.5,Bed and breakfast,2017,11,0
10398,Milan,Italy,235,1.1,4.0,4.5,Hotel,2017,11,0
10399,Milan,Italy,103,1.3,,5.0,Apartment,2017,11,0
10400,Milan,Italy,91,1.3,,4.0,Apartment,2017,11,0
10402,Milan,Italy,92,1.4,,5.0,Apartment,2017,11,0
10403,Milan,Italy,121,1.3,3.0,4.0,Hotel,2017,11,0
10405,Milan,Italy,267,1.0,4.0,4.0,Hotel,2017,11,0
10406,Milan,Italy,97,1.0,2.0,3.2,Hotel,2017,11,0
10407,Milan,Italy,97,0.7,2.0,3.2,Hotel,2017,11,0
10408,Milan,Italy,167,0.3,,,Apartment,2017,11,0
10409,Milan,Italy,192,0.7,,,Apartment,2017,11,0
10410,Milan,Italy,226,0.5,4.0,4.5,Hotel,2017,11,0
10413,Milan,Italy,123,8.8,3.0,,Hotel,2017,11,0
10414,Milan,Italy,125,8.6,4.0,4.0,Hotel,2017,11,0
10415,Milan,Italy,156,8.9,,4.3,Guest House,2017,11,0
10416,Milan,Italy,121,9.0,,4.4,Guest House,2017,11,0
10418,Milan,Italy,62,8.7,3.0,4.1,Hotel,2017,11,0
10419,Milan,Italy,92,8.9,4.0,4.0,Hotel,2017,11,0
10420,Milan,Italy,84,8.3,4.0,4.0,Hotel,2017,11,0
10421,Milan,Italy,152,9.3,4.0,4.5,Hotel,2017,11,0
10422,Milan,Italy,67,12.0,,4.6,Hostel,2017,11,0
10425,Milan,Italy,56,19.0,4.0,4.0,Hotel,2017,11,0
10426,Milan,Italy,92,2.4,,,Apartment,2017,11,0
10428,Milan,Italy,83,1.7,,,Apartment,2017,11,0
10430,Milan,Italy,126,2.5,,4.5,Guest House,2017,11,0
10431,Milan,Italy,130,2.0,,4.5,Apartment,2017,11,0
10432,Milan,Italy,235,1.8,,,Vacation home Condo,2017,11,0
10433,Milan,Italy,80,2.1,,,Apartment,2017,11,0
10434,Milan,Italy,84,2.1,,,Apartment,2017,11,0
10436,Milan,Italy,81,2.5,3.0,3.2,Hotel,2017,11,0
10437,Milan,Italy,73,2.1,2.0,2.9,Hotel,2017,11,0
10438,Milan,Italy,179,1.8,,,Apartment,2017,11,0
10439,Milan,Italy,91,1.6,,5.0,Apartment,2017,11,0
10441,Milan,Italy,68,2.1,,,Apartment,2017,11,0
10443,Milan,Italy,80,2.5,,,Apartment,2017,11,0
10444,Milan,Italy,171,2.5,4.0,3.7,Hotel,2017,11,0
10446,Milan,Italy,80,2.1,,,Apartment,2017,11,0
10447,Milan,Italy,114,3.0,4.0,3.7,Hotel,2017,11,0
10448,Milan,Italy,228,2.5,,,Apartment,2017,11,0
10449,Milan,Italy,90,2.5,3.0,3.5,Hotel,2017,11,0
10452,Milan,Italy,158,2.2,4.0,4.0,Hotel,2017,11,0
10453,Milan,Italy,83,1.9,,2.5,Apartment,2017,11,0
10454,Milan,Italy,260,1.9,4.0,4.4,Hotel,2017,11,0
10455,Milan,Italy,146,2.3,,4.1,Bed and breakfast,2017,11,0
10456,Milan,Italy,93,2.6,3.0,4.0,Hotel,2017,11,0
10458,Milan,Italy,149,2.2,,,Apartment,2017,11,0
10459,Milan,Italy,91,3.3,4.0,4.0,Vacation home Condo,2017,11,0
10460,Milan,Italy,68,3.3,3.0,3.5,Hotel,2017,11,0
10461,Milan,Italy,67,3.3,3.0,4.0,Hotel,2017,11,0
10462,Milan,Italy,73,9.6,4.0,4.0,Hotel,2017,11,0
10463,Milan,Italy,84,6.4,4.0,4.0,Hotel,2017,11,0
10464,Milan,Italy,70,9.2,3.0,3.5,Hotel,2017,11,0
10466,Milan,Italy,100,4.5,4.0,4.0,Hotel,2017,11,0
10467,Milan,Italy,96,6.2,4.0,4.5,Hotel,2017,11,0
10468,Milan,Italy,83,5.5,4.0,4.0,Hotel,2017,11,0
10469,Milan,Italy,68,4.6,,4.6,Bed and breakfast,2017,11,0
10470,Milan,Italy,75,4.3,3.0,4.1,Hotel,2017,11,0
10471,Milan,Italy,64,4.7,3.0,3.4,Hotel,2017,11,0
10472,Milan,Italy,66,10.0,,4.1,Inn,2017,11,0
10473,Milan,Italy,39,4.8,2.0,2.7,Hotel,2017,11,0
10474,Milan,Italy,73,6.0,3.0,3.5,Hotel,2017,11,0
10475,Milan,Italy,84,10.0,4.0,4.1,Hotel,2017,11,0
10476,Milan,Italy,142,4.4,4.0,4.3,Hotel,2017,11,0
10477,Milan,Italy,71,4.9,4.0,3.9,Hotel,2017,11,0
10478,Milan,Italy,88,5.5,4.0,4.1,Hotel,2017,11,0
10479,Milan,Italy,84,5.0,4.0,4.0,Hotel,2017,11,0
10480,Milan,Italy,71,8.0,,4.0,Guest House,2017,11,0
10482,Milan,Italy,66,8.0,3.0,4.1,Vacation home Condo,2017,11,0
10484,Milan,Italy,84,4.7,3.0,3.9,Hotel,2017,11,0
10485,Milan,Italy,77,7.6,4.0,4.1,Hotel,2017,11,0
10486,Milan,Italy,72,7.5,4.0,4.0,Hotel,2017,11,0
10487,Milan,Italy,80,8.4,4.0,3.5,Hotel,2017,11,0
10488,Milan,Italy,138,6.8,4.0,4.4,Hotel,2017,11,0
10490,Milan,Italy,118,5.8,,3.0,Inn,2017,11,0
10491,Milan,Italy,67,6.0,4.0,4.4,Hotel,2017,11,0
10492,Milan,Italy,56,5.7,2.0,3.2,Hotel,2017,11,0
10493,Milan,Italy,113,4.0,4.0,4.0,Hotel,2017,11,0
10494,Milan,Italy,118,9.4,4.0,4.4,Hotel,2017,11,0
10495,Milan,Italy,56,26.0,4.0,4.1,Hotel,2017,11,0
10496,Milan,Italy,55,27.0,3.0,3.7,Hotel,2017,11,0
10497,Milan,Italy,81,28.0,3.0,3.7,Hotel,2017,11,0
10498,Milan,Italy,50,19.0,4.0,4.0,Hotel,2017,11,0
10499,Milan,Italy,66,19.0,4.0,4.3,Hotel,2017,11,0
10500,Milan,Italy,141,7.1,4.0,3.5,Hotel,2017,11,0
10501,Milan,Italy,103,15.0,4.0,4.0,Hotel,2017,11,0
10502,Milan,Italy,86,15.0,,4.5,Country House,2017,11,0
10503,Milan,Italy,67,16.0,3.0,3.9,Hotel,2017,11,0
10504,Milan,Italy,127,5.3,4.0,3.7,Hotel,2017,11,0
10505,Milan,Italy,118,5.2,4.0,3.7,Hotel,2017,11,0
10506,Milan,Italy,127,5.7,3.0,3.9,Hotel,2017,11,0
10507,Milan,Italy,100,5.3,4.0,4.0,Hotel,2017,11,0
10508,Milan,Italy,80,8.5,4.0,3.5,Hotel,2017,11,0
10509,Milan,Italy,70,6.8,,3.0,Inn,2017,11,0
10510,Milan,Italy,281,1.3,,,Apartment,2017,11,0
10511,Milan,Italy,273,0.7,,5.0,Apartment,2017,11,0
10512,Milan,Italy,91,0.7,,,Apartment,2017,11,0
10513,Milan,Italy,126,0.7,,,Apartment,2017,11,0
10514,Milan,Italy,91,0.7,,2.5,Apartment,2017,11,0
10515,Milan,Italy,102,0.4,,,Apartment,2017,11,0
10516,Milan,Italy,215,0.4,4.0,4.1,Hotel,2017,11,0
10517,Milan,Italy,92,0.6,,,Apartment,2017,11,0
10518,Milan,Italy,253,0.5,,3.0,Guest House,2017,11,0
10520,Milan,Italy,103,0.8,,,Apartment,2017,11,0
10522,Milan,Italy,107,0.5,,,Apartment,2017,11,0
10523,Milan,Italy,100,0.6,,4.1,Apartment,2017,11,0
10524,Milan,Italy,100,0.7,,4.0,Apartment,2017,11,0
10525,Milan,Italy,197,0.8,4.0,4.3,Hotel,2017,11,0
10526,Milan,Italy,61,1.7,3.0,3.5,Hotel,2017,11,0
10527,Milan,Italy,91,1.1,,,Apartment,2017,11,0
10528,Milan,Italy,103,0.7,,,Apartment,2017,11,0
10530,Milan,Italy,193,0.5,2.0,4.5,Hotel,2017,11,0
10532,Milan,Italy,103,0.4,,2.2,Apartment,2017,11,0
10533,Milan,Italy,80,1.1,,,Apartment,2017,11,0
10535,Milan,Italy,147,1.5,,3.5,Apartment,2017,11,0
10536,Milan,Italy,85,1.5,3.0,4.0,Vacation home Condo,2017,11,0
10537,Milan,Italy,187,0.7,4.0,4.1,Hotel,2017,11,0
10538,Milan,Italy,80,1.2,3.0,4.0,Hotel,2017,11,0
10539,Milan,Italy,103,0.7,,,Apartment,2017,11,0
10540,Milan,Italy,91,1.0,,,Apartment,2017,11,0
10541,Milan,Italy,102,1.0,,4.3,Guest House,2017,11,0
10542,Milan,Italy,70,1.0,,,Apartment,2017,11,0
10543,Milan,Italy,122,0.8,,5.0,Apartment,2017,11,0
10547,Milan,Italy,66,1.6,2.0,3.7,Hotel,2017,11,0
10548,Milan,Italy,95,1.5,,4.0,Guest House,2017,11,0
10549,Milan,Italy,71,1.4,,3.7,Apartment,2017,11,0
10550,Milan,Italy,244,0.9,,4.5,Apartment,2017,11,0
10551,Milan,Italy,219,0.9,4.0,4.3,Hotel,2017,11,0
10552,Milan,Italy,172,1.2,4.0,4.1,Hotel,2017,11,0
10554,Milan,Italy,68,1.2,,3.5,Apartment,2017,11,0
10555,Milan,Italy,198,1.3,,,Apartment,2017,11,0
10558,Milan,Italy,226,0.7,4.0,4.0,Hotel,2017,11,0
10560,Milan,Italy,103,0.7,,,Apartment,2017,11,0
10563,Milan,Italy,110,1.4,3.0,3.9,Hotel,2017,11,0
10564,Milan,Italy,232,1.3,4.0,,Vacation home Condo,2017,11,0
10565,Milan,Italy,131,1.7,,5.0,Apartment,2017,11,0
10567,Milan,Italy,92,1.6,,,Apartment,2017,11,0
10568,Milan,Italy,101,1.6,,3.0,Apartment,2017,11,0
10569,Milan,Italy,169,1.6,,,Apartment,2017,11,0
10570,Milan,Italy,76,1.4,3.0,3.2,Hotel,2017,11,0
10572,Milan,Italy,103,1.4,,,Apartment,2017,11,0
10573,Milan,Italy,169,1.2,,4.5,Apartment,2017,11,0
10574,Milan,Italy,126,1.2,,4.0,Apartment,2017,11,0
10575,Milan,Italy,300,1.3,4.0,4.5,Hotel,2017,11,0
10577,Milan,Italy,68,1.7,,1.0,Apartment,2017,11,0
10578,Milan,Italy,118,1.5,,,Apartment,2017,11,0
10579,Milan,Italy,122,1.5,,4.8,Apartment,2017,11,0
10580,Milan,Italy,69,1.6,,3.0,Apartment,2017,11,0
10581,Milan,Italy,203,1.4,,5.0,Guest House,2017,11,0
10582,Milan,Italy,261,1.7,4.0,4.3,Hotel,2017,11,0
10585,Milan,Italy,91,1.5,,,Apartment,2017,11,0
10586,Milan,Italy,138,1.2,,,Guest House,2017,11,0
10587,Milan,Italy,91,1.7,,3.0,Apartment,2017,11,0
10589,Milan,Italy,80,1.2,,,Apartment,2017,11,0
10590,Milan,Italy,151,1.1,3.0,3.2,Hotel,2017,11,0
10591,Milan,Italy,174,1.7,,1.0,Apartment,2017,11,0
10592,Milan,Italy,103,1.6,,3.7,Apartment,2017,11,0
10593,Milan,Italy,114,1.8,,,Apartment,2017,11,0
10594,Milan,Italy,91,1.6,,3.0,Apartment,2017,11,0
10595,Milan,Italy,344,1.6,5.0,4.6,Hotel,2017,11,0
10596,Milan,Italy,115,1.3,,4.3,Apartment,2017,11,0
10597,Milan,Italy,80,1.4,,,Apartment,2017,11,0
10600,Milan,Italy,91,1.6,,,Apartment,2017,11,0
10602,Milan,Italy,107,2.0,,4.3,Hostel,2017,11,0
10603,Milan,Italy,101,1.1,,3.4,Guest House,2017,11,0
10604,Milan,Italy,202,1.5,4.0,,Hotel,2017,11,0
10605,Milan,Italy,182,1.5,,4.9,Bed and breakfast,2017,11,0
10606,Milan,Italy,112,1.1,,4.0,Apartment,2017,11,0
10607,Milan,Italy,190,1.5,,,Apartment,2017,11,0
10608,Milan,Italy,167,1.5,,,Apartment,2017,11,0
10609,Milan,Italy,161,1.5,,2.0,Apartment,2017,11,0
10610,Milan,Italy,159,1.3,,,Apartment,2017,11,0
10611,Milan,Italy,107,1.3,,4.0,Apartment,2017,11,0
10612,Milan,Italy,155,1.7,3.0,4.4,Hotel,2017,11,0
10613,Milan,Italy,80,1.5,,3.7,Apartment,2017,11,0
10614,Milan,Italy,91,1.9,,5.0,Apartment,2017,11,0
10615,Milan,Italy,106,1.8,,3.0,Apartment,2017,11,0
10616,Milan,Italy,76,1.7,1.0,4.0,Hotel,2017,11,0
10618,Milan,Italy,120,1.6,,,Apartment,2017,11,0
10619,Milan,Italy,140,1.4,,1.0,Apartment,2017,11,0
10620,Milan,Italy,91,1.7,,1.0,Apartment,2017,11,0
10621,Milan,Italy,80,1.8,,4.0,Apartment,2017,11,0
10623,Milan,Italy,144,1.6,,4.0,Apartment,2017,11,0
10624,Milan,Italy,91,1.7,,,Apartment,2017,11,0
10625,Milan,Italy,104,1.8,3.0,2.2,Hotel,2017,11,0
10626,Milan,Italy,171,1.7,4.0,4.3,Hotel,2017,11,0
10627,Milan,Italy,103,1.4,,,Apartment,2017,11,0
10628,Milan,Italy,143,1.8,3.0,3.9,Hotel,2017,11,0
10630,Milan,Italy,91,1.4,,,Apartment,2017,11,0
10631,Milan,Italy,202,1.6,,,Apartment,2017,11,0
10635,Milan,Italy,90,1.9,3.0,3.7,Hotel,2017,11,0
10636,Milan,Italy,135,1.9,,,Guest House,2017,11,0
10638,Milan,Italy,187,1.5,4.0,4.0,Hotel,2017,11,0
10640,Milan,Italy,124,1.5,4.0,2.5,Hotel,2017,11,0
10641,Milan,Italy,91,1.5,,,Apartment,2017,11,0
10642,Milan,Italy,80,1.5,,,Apartment,2017,11,0
10643,Milan,Italy,223,2.0,4.0,4.3,Hotel,2017,11,0
10644,Milan,Italy,157,2.0,4.0,4.0,Hotel,2017,11,0
10645,Milan,Italy,84,1.6,3.0,3.2,Hotel,2017,11,0
10647,Milan,Italy,216,1.5,,4.0,Apartment,2017,11,0
10649,Milan,Italy,42,1.7,1.0,1.8,Hotel,2017,11,0
10650,Milan,Italy,69,1.7,1.0,2.4,Hotel,2017,11,0
10652,Milan,Italy,91,1.3,,,Apartment,2017,11,0
10653,Milan,Italy,91,2.0,,,Apartment,2017,11,0
10654,Milan,Italy,58,1.4,2.0,3.0,Hotel,2017,11,0
10655,Milan,Italy,84,1.4,2.0,4.1,Hotel,2017,11,0
10657,Milan,Italy,135,1.7,2.0,4.0,Hotel,2017,11,0
10658,Milan,Italy,247,1.2,5.0,4.1,Hotel,2017,11,0
10659,Milan,Italy,114,2.2,3.0,3.4,Hotel,2017,11,0
10660,Milan,Italy,80,1.6,,,Apartment,2017,11,0
10661,Milan,Italy,81,1.6,2.0,3.5,Hotel,2017,11,0
10662,Milan,Italy,206,1.4,4.0,4.0,Hotel,2017,11,0
10663,Milan,Italy,116,1.2,,4.5,Guest House,2017,11,0
10664,Milan,Italy,80,1.6,,,Apartment,2017,11,0
10666,Milan,Italy,56,2.1,2.0,3.7,Hotel,2017,11,0
10667,Milan,Italy,68,2.4,,5.0,Apartment,2017,11,0
10668,Milan,Italy,149,1.4,,4.0,Apartment,2017,11,0
10669,Milan,Italy,139,1.2,,4.5,Guest House,2017,11,0
10670,Milan,Italy,80,1.2,,1.0,Apartment,2017,11,0
10671,Milan,Italy,73,1.2,2.0,3.2,Hotel,2017,11,0
10672,Milan,Italy,97,1.7,3.0,3.9,Hotel,2017,11,0
10673,Milan,Italy,98,1.3,,3.0,Guest House,2017,11,0
10674,Milan,Italy,133,1.3,4.0,3.7,Hotel,2017,11,0
10675,Milan,Italy,86,1.5,,,Apartment,2017,11,0
10676,Milan,Italy,108,1.6,,4.8,Apartment,2017,11,0
10677,Milan,Italy,134,1.9,,,Apartment,2017,11,0
10678,Milan,Italy,54,1.5,2.0,3.2,Hotel,2017,11,0
10679,Milan,Italy,50,1.4,,4.1,Bed and breakfast,2017,11,0
10680,Milan,Italy,45,2.4,1.0,2.5,Hotel,2017,11,0
10681,Milan,Italy,87,2.5,3.0,3.7,Hotel,2017,11,0
10682,Milan,Italy,81,2.4,,,Apartment,2017,11,0
10684,Milan,Italy,146,3.2,4.0,4.0,Vacation home Condo,2017,11,0
10685,Milan,Italy,156,2.1,2.0,4.5,Apart-hotel,2017,11,0
10688,Milan,Italy,69,2.7,2.0,3.5,Hotel,2017,11,0
10689,Milan,Italy,98,3.0,3.0,3.5,Hotel,2017,11,0
10692,Milan,Italy,112,2.7,,4.6,Guest House,2017,11,0
10693,Milan,Italy,80,2.1,,,Apartment,2017,11,0
10694,Milan,Italy,139,2.6,4.0,3.7,Vacation home Condo,2017,11,0
10695,Milan,Italy,135,2.7,3.0,3.2,Hotel,2017,11,0
10696,Milan,Italy,80,2.2,,,Apartment,2017,11,0
10698,Milan,Italy,128,3.2,4.0,4.1,Hotel,2017,11,0
10700,Milan,Italy,75,3.4,3.0,3.5,Hotel,2017,11,0
10701,Milan,Italy,92,2.6,2.0,3.9,Hotel,2017,11,0
10702,Milan,Italy,91,2.4,,,Apartment,2017,11,0
10703,Milan,Italy,85,11.0,3.0,3.4,Hotel,2017,11,0
10704,Milan,Italy,100,6.2,3.0,3.5,Hotel,2017,11,0
10706,Milan,Italy,167,5.0,4.0,4.4,Hotel,2017,11,0
10707,Milan,Italy,153,4.7,4.0,3.7,Hotel,2017,11,0
10708,Milan,Italy,96,4.6,4.0,3.7,Hotel,2017,11,0
10709,Milan,Italy,134,5.1,4.0,3.7,Hotel,2017,11,0
10710,Milan,Italy,85,5.7,3.0,3.2,Hotel,2017,11,0
10711,Milan,Italy,90,1.6,,,Apartment,2017,11,0
10712,Milan,Italy,101,1.8,,,Bed and breakfast,2017,11,0
10714,Milan,Italy,140,1.6,,,Apartment,2017,11,0
10715,Milan,Italy,175,1.6,4.0,4.0,Hotel,2017,11,0
10716,Milan,Italy,91,1.7,,,Apartment,2017,11,0
10718,Milan,Italy,101,1.5,3.0,4.1,Hotel,2017,11,0
10720,Milan,Italy,141,1.3,4.0,4.1,Hotel,2017,11,0
10721,Milan,Italy,121,1.3,4.0,4.0,Hotel,2017,11,0
10724,Milan,Italy,75,2.1,3.0,4.1,Hotel,2017,11,0
10725,Milan,Italy,145,1.4,,4.4,Apartment,2017,11,0
10726,Milan,Italy,110,1.5,,,Apartment,2017,11,0
10728,Milan,Italy,156,1.0,3.0,4.5,Hotel,2017,11,0
10729,Milan,Italy,52,3.1,3.0,4.1,Hotel,2017,11,0
10730,Milan,Italy,103,0.7,,,Apartment,2017,11,0
10731,Milan,Italy,50,5.3,4.0,3.2,Hotel,2017,11,0
10733,Milan,Italy,111,1.6,3.0,4.4,Hotel,2017,11,0
10735,Milan,Italy,68,2.2,,5.0,Apartment,2017,11,0
10737,Milan,Italy,134,1.2,3.0,4.0,Hotel,2017,11,0
10738,Milan,Italy,61,1.8,3.0,3.2,Hotel,2017,11,0
10740,Milan,Italy,139,1.4,4.0,4.0,Hotel,2017,11,0
10741,Milan,Italy,114,1.6,,5.0,Apartment,2017,11,0
10742,Milan,Italy,68,2.4,1.0,3.4,Hotel,2017,11,0
10743,Milan,Italy,84,1.9,3.0,3.9,Hotel,2017,11,0
10746,Milan,Italy,92,1.4,4.0,3.5,Hotel,2017,11,0
10747,Milan,Italy,119,1.4,4.0,4.3,Hotel,2017,11,0
10748,Milan,Italy,76,3.4,,4.5,Bed and breakfast,2017,11,0
10749,Milan,Italy,87,1.9,1.0,3.5,Hotel,2017,11,0
10750,Milan,Italy,116,2.0,4.0,3.7,Hotel,2017,11,0
10751,Milan,Italy,54,5.1,4.0,2.7,Caravan Park,2017,11,0
10753,Milan,Italy,46,2.5,2.0,3.5,Hotel,2017,11,0
10754,Milan,Italy,118,1.7,2.0,3.7,Hotel,2017,11,0
10755,Milan,Italy,66,2.1,3.0,3.7,Hotel,2017,11,0
10756,Milan,Italy,68,2.5,,,Apartment,2017,11,0
10757,Milan,Italy,116,1.3,3.0,3.2,Hotel,2017,11,0
10760,Milan,Italy,120,1.7,,,Apartment,2017,11,0
10761,Milan,Italy,93,1.6,,4.0,Apartment,2017,11,0
10763,Milan,Italy,102,2.1,,4.0,Bed and breakfast,2017,11,0
10764,Milan,Italy,102,1.9,4.0,3.9,Hotel,2017,11,0
10765,Milan,Italy,104,2.0,2.0,3.4,Hotel,2017,11,0
10766,Milan,Italy,101,3.0,4.0,4.1,Hotel,2017,11,0
10767,Milan,Italy,68,0.8,,4.5,Apartment,2017,11,0
10768,Milan,Italy,128,0.8,3.0,4.3,Hotel,2017,11,0
10769,Milan,Italy,80,0.8,,,Apartment,2017,11,0
10770,Milan,Italy,110,0.8,,,Apartment,2017,11,0
10771,Milan,Italy,86,1.8,4.0,3.2,Hotel,2017,11,0
10772,Milan,Italy,68,1.2,,4.4,Apartment,2017,11,0
10773,Milan,Italy,103,1.6,3.0,3.2,Hotel,2017,11,0
10774,Milan,Italy,100,1.6,,,Apartment,2017,11,0
10775,Milan,Italy,101,1.5,3.0,3.7,Hotel,2017,11,0
10776,Milan,Italy,166,2.0,5.0,4.3,Hotel,2017,11,0
10777,Milan,Italy,165,1.5,4.0,4.0,Hotel,2017,11,0
10778,Milan,Italy,115,1.5,,2.0,Apartment,2017,11,0
10780,Milan,Italy,76,4.7,2.0,3.5,Hotel,2017,11,0
10781,Milan,Italy,80,3.1,,,Apartment,2017,11,0
10782,Milan,Italy,82,2.9,,4.0,Bed and breakfast,2017,11,0
10783,Milan,Italy,80,2.8,,,Apartment,2017,11,0
10784,Milan,Italy,102,1.5,3.0,4.0,Hotel,2017,11,0
10785,Milan,Italy,65,1.5,,,Inn,2017,11,0
10786,Milan,Italy,95,1.6,3.0,3.7,Hotel,2017,11,0
10787,Milan,Italy,134,1.4,,,Apartment,2017,11,0
10788,Milan,Italy,68,1.4,,4.6,Apartment,2017,11,0
10789,Milan,Italy,107,1.3,4.0,4.0,Hotel,2017,11,0
10790,Milan,Italy,68,2.9,,3.0,Apartment,2017,11,0
10791,Milan,Italy,80,1.1,,,Apartment,2017,11,0
10793,Milan,Italy,91,2.1,3.0,4.0,Hotel,2017,11,0
10794,Milan,Italy,111,2.1,,,Bed and breakfast,2017,11,0
10795,Milan,Italy,147,2.1,4.0,4.1,Hotel,2017,11,0
10796,Milan,Italy,80,2.1,,,Apartment,2017,11,0
10797,Milan,Italy,91,2.0,,3.7,Apartment,2017,11,0
10798,Milan,Italy,91,2.0,,,Apartment,2017,11,0
10799,Milan,Italy,91,1.4,,2.0,Apartment,2017,11,0
10800,Milan,Italy,186,1.4,4.0,4.1,Hotel,2017,11,0
10801,Milan,Italy,100,2.9,4.0,4.5,Hotel,2017,11,0
10802,Milan,Italy,80,2.0,,,Apartment,2017,11,0
10803,Milan,Italy,147,2.8,4.0,4.3,Hotel,2017,11,0
10805,Milan,Italy,113,1.7,3.0,4.3,Hotel,2017,11,0
10806,Milan,Italy,74,2.2,,1.0,Bed and breakfast,2017,11,0
10807,Milan,Italy,83,2.7,4.0,4.0,Hotel,2017,11,0
10808,Milan,Italy,63,2.1,3.0,3.7,Hotel,2017,11,0
10809,Milan,Italy,104,2.3,4.0,4.3,Hotel,2017,11,0
10810,Milan,Italy,98,2.5,3.0,3.5,Hotel,2017,11,0
10811,Milan,Italy,96,2.7,4.0,4.3,Hotel,2017,11,0
10813,Milan,Italy,64,2.0,2.0,3.5,Hotel,2017,11,0
10814,Milan,Italy,94,2.0,4.0,3.9,Hotel,2017,11,0
10815,Milan,Italy,80,1.9,,5.0,Apartment,2017,11,0
10817,Milan,Italy,94,1.7,,,Apartment,2017,11,0
10819,Milan,Italy,86,1.7,2.0,4.0,Hotel,2017,11,0
10820,Milan,Italy,98,5.5,3.0,4.5,Hotel,2017,11,0
10821,Milan,Italy,100,4.6,3.0,4.0,Hotel,2017,11,0
10822,Milan,Italy,141,4.5,4.0,4.0,Hotel,2017,11,0
10823,Milan,Italy,124,4.4,4.0,4.0,Apart-hotel,2017,11,0
10824,Milan,Italy,98,4.6,,3.2,Apartment,2017,11,0
10825,Milan,Italy,103,5.4,3.0,3.7,Hotel,2017,11,0
10826,Milan,Italy,153,4.5,4.0,3.5,Hotel,2017,11,0
10827,Milan,Italy,127,4.6,4.0,4.1,Hotel,2017,11,0
10829,Milan,Italy,101,4.7,3.0,3.7,Hotel,2017,11,0
10830,Milan,Italy,83,11.0,4.0,3.7,Hotel,2017,11,0
10831,Milan,Italy,103,9.9,3.0,4.4,Hotel,2017,11,0
10832,Milan,Italy,69,12.0,2.0,3.2,Hotel,2017,11,0
10833,Milan,Italy,68,20.0,4.0,4.0,Hotel,2017,11,0
10834,Milan,Italy,156,20.0,3.0,3.7,Vacation home Condo,2017,11,0
10835,Milan,Italy,69,27.0,1.0,3.9,Hotel,2017,11,0
10836,Milan,Italy,69,28.0,,4.5,Bed and breakfast,2017,11,0
10837,Milan,Italy,77,26.0,3.0,4.5,Hotel,2017,11,0
10838,Milan,Italy,97,26.0,4.0,4.0,Hotel,2017,11,0
10839,Milan,Italy,76,26.0,4.0,4.1,Hotel,2017,11,0
10840,Milan,Italy,84,28.0,,5.0,Bed and breakfast,2017,11,0
10841,Milan,Italy,60,26.0,4.0,3.5,Hotel,2017,11,0
10842,Milan,Italy,64,28.0,4.0,4.0,Hotel,2017,11,0
10843,Milan,Italy,65,28.0,4.0,3.5,Hotel,2017,11,0
10844,Milan,Italy,90,27.0,3.0,3.7,Hotel,2017,11,0
10845,Milan,Italy,74,26.0,3.0,4.0,Hotel,2017,11,0
10846,Milan,Italy,88,7.4,4.0,2.9,Hotel,2017,11,0
10847,Milan,Italy,125,6.4,4.0,4.0,Hotel,2017,11,0
10848,Milan,Italy,101,6.3,3.0,4.0,Hotel,2017,11,0
10849,Milan,Italy,91,6.7,,4.6,Guest House,2017,11,0
10850,Milan,Italy,76,6.8,4.0,3.9,Hotel,2017,11,0
10851,Milan,Italy,145,19.0,4.0,4.3,Hotel,2017,11,0
10852,Milan,Italy,139,10.0,3.0,4.1,Hotel,2017,11,0
10853,Milan,Italy,141,14.0,,4.6,Bed and breakfast,2017,11,0
10854,Milan,Italy,70,16.0,,,Bed and breakfast,2017,11,0
10855,Milan,Italy,51,21.0,,3.9,Bed and breakfast,2017,11,0
10856,Milan,Italy,100,19.0,4.0,4.4,Hotel,2017,11,0
10858,Milan,Italy,95,30.0,4.0,4.3,Hotel,2017,11,0
10860,Milan,Italy,83,12.0,4.0,3.0,Hotel,2017,11,0
10861,Milan,Italy,59,2.2,2.0,3.2,Hotel,2017,11,0
10862,Milan,Italy,100,2.5,,,Apartment,2017,11,0
10864,Milan,Italy,121,3.7,,4.3,Inn,2017,11,0
10865,Milan,Italy,81,3.8,3.0,3.7,Hotel,2017,11,0
10866,Milan,Italy,90,2.7,3.0,5.0,Vacation home Condo,2017,11,0
10867,Milan,Italy,18,2.3,,2.2,Hostel,2017,11,0
10868,Milan,Italy,101,2.3,3.0,4.0,Apartment,2017,11,0
10869,Milan,Italy,130,4.2,4.0,4.5,Hotel,2017,11,0
10870,Milan,Italy,82,3.6,4.0,4.4,Hotel,2017,11,0
10871,Milan,Italy,87,3.7,,3.7,Inn,2017,11,0
10872,Milan,Italy,77,4.0,,4.5,Apartment,2017,11,0
10873,Milan,Italy,86,3.9,,3.9,Bed and breakfast,2017,11,0
10874,Milan,Italy,90,3.2,,1.0,Apartment,2017,11,0
10875,Milan,Italy,135,2.6,,5.0,Apartment,2017,11,0
10876,Milan,Italy,60,4.1,2.0,3.2,Hotel,2017,11,0
10877,Milan,Italy,138,2.9,4.0,4.3,Hotel,2017,11,0
10878,Milan,Italy,97,2.9,,4.3,Guest House,2017,11,0
10879,Milan,Italy,61,2.1,2.0,2.5,Inn,2017,11,0
10881,Milan,Italy,73,2.7,3.0,3.0,Hotel,2017,11,0
10882,Milan,Italy,91,2.7,4.0,4.0,Hotel,2017,11,0
10883,Milan,Italy,91,2.6,4.0,4.0,Vacation home Condo,2017,11,0
10885,Milan,Italy,96,2.1,,,Guest House,2017,11,0
10886,Milan,Italy,70,2.1,,,Hostel,2017,11,0
10887,Milan,Italy,103,1.9,,,Apartment,2017,11,0
10888,Milan,Italy,77,16.0,4.0,4.1,Hotel,2017,11,0
10889,Milan,Italy,85,14.0,4.0,4.5,Apartment,2017,11,0
10891,Milan,Italy,147,12.0,,3.5,Inn,2017,11,0
10892,Milan,Italy,99,12.0,3.0,3.5,Hotel,2017,11,0
10893,Milan,Italy,81,6.2,3.0,3.7,Hotel,2017,11,0
10894,Milan,Italy,129,26.0,4.0,3.9,Hotel,2017,11,0
10895,Minsk,Belarus,44,3.4,3.0,4.6,Apart-hotel,2017,11,0
10896,Minsk,Belarus,61,2.1,3.0,4.1,Hotel,2017,11,0
10898,Minsk,Belarus,40,7.3,2.0,4.5,Apartment,2017,11,0
10900,Minsk,Belarus,44,3.6,3.0,4.6,Hotel,2017,11,0
10901,Minsk,Belarus,50,7.0,3.5,,Hotel,2017,11,0
10903,Minsk,Belarus,44,12.0,3.0,5.0,Hotel,2017,11,0
10904,Minsk,Belarus,39,2.9,3.0,4.3,Hotel,2017,11,0
10905,Minsk,Belarus,57,5.9,2.0,4.3,Hotel,2017,11,0
10906,Minsk,Belarus,122,4.7,5.0,4.4,Hotel,2017,11,0
10907,Minsk,Belarus,178,2.0,5.0,4.0,Hotel,2017,11,0
10908,Minsk,Belarus,123,0.9,5.0,4.3,Hotel,2017,11,0
10909,Minsk,Belarus,33,4.5,3.0,4.5,Hotel,2017,11,0
10910,Minsk,Belarus,37,1.9,3.5,2.9,Apartment,2017,11,0
10911,Minsk,Belarus,92,2.3,4.5,4.1,Hotel,2017,11,0
10912,Minsk,Belarus,72,2.3,3.0,4.5,Hotel,2017,11,0
10913,Minsk,Belarus,54,1.4,3.0,,Hotel,2017,11,0
10914,Minsk,Belarus,128,2.5,4.5,4.8,Hotel,2017,11,0
10915,Minsk,Belarus,51,3.3,3.0,4.0,Hotel,2017,11,0
10917,Minsk,Belarus,104,3.0,5.0,4.8,Hotel,2017,11,0
10919,Minsk,Belarus,38,2.0,3.5,4.0,Apartment,2017,11,0
10920,Minsk,Belarus,146,1.9,5.0,2.7,Hotel,2017,11,0
10921,Minsk,Belarus,110,1.6,4.5,4.5,Hotel,2017,11,0
10922,Minsk,Belarus,57,4.2,2.0,4.5,Hotel,2017,11,0
10923,Minsk,Belarus,53,4.5,3.5,,Apart-hotel,2017,11,0
10924,Minsk,Belarus,63,5.9,3.0,4.5,Hotel,2017,11,0
10925,Minsk,Belarus,34,1.7,3.5,4.3,Apartment,2017,11,0
10926,Minsk,Belarus,50,1.7,3.5,4.0,Apartment,2017,11,0
10927,Minsk,Belarus,32,1.7,3.5,3.0,Apartment,2017,11,0
10928,Minsk,Belarus,32,1.7,3.5,3.5,Apartment,2017,11,0
10929,Minsk,Belarus,81,2.1,4.0,4.4,Guest House,2017,11,0
10930,Minsk,Belarus,30,6.4,3.0,,Hotel,2017,11,0
10931,Minsk,Belarus,54,2.7,3.0,4.0,Hotel,2017,11,0
10932,Minsk,Belarus,60,3.0,3.0,3.7,Hotel,2017,11,0
10933,Minsk,Belarus,62,4.2,3.0,3.7,Hotel,2017,11,0
10934,Minsk,Belarus,55,5.0,3.0,,Hotel,2017,11,0
10935,Minsk,Belarus,83,3.7,4.0,4.0,Hotel,2017,11,0
10936,Minsk,Belarus,104,3.7,4.0,4.4,Hotel,2017,11,0
10937,Minsk,Belarus,44,2.2,3.0,5.0,Apartment,2017,11,0
10938,Minsk,Belarus,53,2.7,3.0,4.1,Hotel,2017,11,0
10939,Minsk,Belarus,96,2.1,3.0,4.4,Hotel,2017,11,0
10940,Minsk,Belarus,36,2.4,3.5,,Apartment,2017,11,0
10941,Minsk,Belarus,57,0.8,2.0,4.3,Hotel,2017,11,0
10942,Minsk,Belarus,14,8.3,2.5,,Guest House,2017,11,0
10943,Minsk,Belarus,82,2.5,3.0,4.5,Hotel,2017,11,0
10944,Minsk,Belarus,28,6.2,3.0,3.7,Hotel,2017,11,0
10945,Minsk,Belarus,29,2.2,3.5,2.0,Apartment,2017,11,0
10946,Moscow,Russia,17,4.9,2.0,,Hostel,2017,11,0
10947,Moscow,Russia,81,4.6,3.0,3.4,Hotel,2017,11,0
10948,Moscow,Russia,44,4.3,3.0,3.7,Hotel,2017,11,0
10949,Moscow,Russia,83,4.5,3.0,3.7,Hotel,2017,11,0
10950,Moscow,Russia,41,4.6,3.0,4.0,Hotel,2017,11,0
10951,Moscow,Russia,111,4.3,3.0,4.4,Hotel,2017,11,0
10952,Moscow,Russia,55,13.0,3.0,,Hotel,2017,11,0
10954,Moscow,Russia,233,1.4,5.0,4.3,Hotel,2017,11,0
10955,Moscow,Russia,123,1.3,2.0,3.5,Guest House,2017,11,0
10956,Moscow,Russia,172,1.6,5.0,4.3,Hotel,2017,11,0
10957,Moscow,Russia,548,1.3,5.0,4.8,Hotel,2017,11,0
10958,Moscow,Russia,131,1.3,4.0,4.4,Hotel,2017,11,0
10959,Moscow,Russia,61,1.2,2.0,4.0,Hostel,2017,11,0
10960,Moscow,Russia,106,1.4,3.0,4.1,Hotel,2017,11,0
10962,Moscow,Russia,145,1.2,4.0,,Hotel,2017,11,0
10963,Moscow,Russia,51,1.2,2.5,2.4,Hotel,2017,11,0
10964,Moscow,Russia,22,1.6,2.5,2.9,Hotel,2017,11,0
10965,Moscow,Russia,204,1.4,4.0,4.6,Hotel,2017,11,0
10966,Moscow,Russia,137,1.4,3.0,4.0,Hotel,2017,11,0
10967,Moscow,Russia,25,1.1,2.5,3.9,Hotel,2017,11,0
10968,Moscow,Russia,29,1.1,2.5,3.4,Hotel,2017,11,0
10969,Moscow,Russia,98,13.0,4.0,4.0,Hotel,2017,11,0
10970,Moscow,Russia,50,11.0,3.0,,Hotel,2017,11,0
10971,Moscow,Russia,617,14.0,5.0,5.0,Hotel,2017,11,0
10972,Moscow,Russia,48,1.0,2.0,4.5,Hostel,2017,11,0
10973,Moscow,Russia,84,1.4,4.0,3.7,Hotel,2017,11,0
10974,Moscow,Russia,43,1.0,2.0,4.0,Hostel,2017,11,0
10975,Moscow,Russia,129,2.6,4.0,4.6,Hotel,2017,11,0
10976,Moscow,Russia,31,2.7,2.0,,Hostel,2017,11,0
10977,Moscow,Russia,116,1.3,3.0,4.1,Hotel,2017,11,0
10978,Moscow,Russia,59,1.2,2.0,,Hotel,2017,11,0
10979,Moscow,Russia,41,3.0,3.0,2.5,Hotel,2017,11,0
10980,Moscow,Russia,137,1.1,4.0,,Apartment,2017,11,0
10981,Moscow,Russia,91,1.1,3.0,4.5,Hotel,2017,11,0
10982,Moscow,Russia,56,1.1,3.0,3.5,Hotel,2017,11,0
10983,Moscow,Russia,25,1.3,2.5,,Hotel,2017,11,0
10984,Moscow,Russia,43,0.8,1.0,2.7,Hostel,2017,11,0
10985,Moscow,Russia,65,0.8,3.0,3.7,Hotel,2017,11,0
10986,Moscow,Russia,137,0.9,4.0,4.9,Hotel,2017,11,0
10987,Moscow,Russia,23,2.0,2.0,,Hostel,2017,11,0
10988,Moscow,Russia,134,2.4,4.0,3.7,Hotel,2017,11,0
10989,Moscow,Russia,43,1.4,2.0,3.0,Hostel,2017,11,0
10990,Moscow,Russia,155,1.5,5.0,4.3,Hotel,2017,11,0
10991,Moscow,Russia,65,1.5,3.0,3.2,Hotel,2017,11,0
10992,Moscow,Russia,130,1.4,3.0,4.0,Hotel,2017,11,0
10993,Moscow,Russia,60,2.8,3.0,4.0,Hotel,2017,11,0
10994,Moscow,Russia,34,1.0,2.0,,Hostel,2017,11,0
10995,Moscow,Russia,25,1.7,2.0,,Hotel,2017,11,0
10996,Moscow,Russia,25,1.7,2.5,3.5,Hotel,2017,11,0
10997,Moscow,Russia,111,0.9,3.0,4.0,Hotel,2017,11,0
10999,Moscow,Russia,22,1.4,2.5,3.0,Hotel,2017,11,0
11000,Moscow,Russia,92,2.9,3.0,,Hotel,2017,11,0
11001,Moscow,Russia,192,2.3,5.0,4.3,Hotel,2017,11,0
11002,Moscow,Russia,103,2.3,3.0,,Hotel,2017,11,0
11004,Moscow,Russia,108,2.7,3.0,4.0,Hotel,2017,11,0
11005,Moscow,Russia,86,2.6,4.0,4.3,Hotel,2017,11,0
11006,Moscow,Russia,43,2.0,2.5,,Hotel,2017,11,0
11007,Moscow,Russia,77,2.5,2.5,4.0,Hotel,2017,11,0
11008,Moscow,Russia,45,2.1,2.0,3.2,Hotel,2017,11,0
11009,Moscow,Russia,115,24.0,4.0,4.6,Hotel,2017,11,0
11010,Moscow,Russia,45,29.0,3.5,4.3,Hotel,2017,11,0
11011,Moscow,Russia,80,22.0,4.0,4.4,Hotel,2017,11,0
11012,Moscow,Russia,50,24.0,3.0,5.0,Hotel,2017,11,0
11013,Moscow,Russia,38,20.0,3.5,4.1,Hotel,2017,11,0
11014,Moscow,Russia,77,26.0,3.5,3.7,Hotel,2017,11,0
11015,Moscow,Russia,79,25.0,4.0,3.7,Hotel,2017,11,0
11016,Moscow,Russia,37,21.0,3.0,,Hotel,2017,11,0
11017,Moscow,Russia,41,30.0,3.0,,Country House,2017,11,0
11018,Moscow,Russia,197,4.1,4.0,4.6,Hotel,2017,11,0
11019,Moscow,Russia,51,4.6,3.0,3.7,Hotel,2017,11,0
11020,Moscow,Russia,100,3.9,3.0,4.3,Hotel,2017,11,0
11022,Moscow,Russia,301,1.9,5.0,4.5,Hotel,2017,11,0
11023,Moscow,Russia,203,2.1,4.0,4.0,Hotel,2017,11,0
11024,Moscow,Russia,204,2.2,4.0,4.5,Hotel,2017,11,0
11026,Moscow,Russia,120,2.3,4.0,4.8,Apart-hotel,2017,11,0
11027,Moscow,Russia,61,6.0,3.0,4.1,Hotel,2017,11,0
11029,Moscow,Russia,49,3.9,3.0,3.2,Hotel,2017,11,0
11030,Moscow,Russia,30,5.4,2.0,3.2,Hotel,2017,11,0
11031,Moscow,Russia,61,6.1,3.0,4.0,Hotel,2017,11,0
11032,Moscow,Russia,43,4.6,3.0,3.5,Hotel,2017,11,0
11033,Moscow,Russia,53,6.3,1.0,4.5,Hotel,2017,11,0
11034,Moscow,Russia,18,6.2,2.0,,Hostel,2017,11,0
11035,Moscow,Russia,30,6.3,3.0,3.5,Hotel,2017,11,0
11036,Moscow,Russia,30,5.4,2.0,3.5,Hostel,2017,11,0
11037,Moscow,Russia,169,4.0,4.0,4.0,Hotel,2017,11,0
11038,Moscow,Russia,60,14.0,3.0,5.0,Apart-hotel,2017,11,0
11039,Moscow,Russia,86,20.0,3.0,2.7,Hotel,2017,11,0
11040,Moscow,Russia,172,4.7,5.0,4.4,Hotel,2017,11,0
11041,Moscow,Russia,63,3.6,1.0,4.0,Hotel,2017,11,0
11042,Moscow,Russia,34,8.3,3.0,4.4,Hotel,2017,11,0
11043,Moscow,Russia,39,4.9,2.0,4.0,Hotel,2017,11,0
11044,Moscow,Russia,68,4.5,3.5,,Hotel,2017,11,0
11045,Moscow,Russia,34,5.1,2.0,3.7,Hotel,2017,11,0
11046,Moscow,Russia,59,5.6,3.0,3.9,Hotel,2017,11,0
11047,Moscow,Russia,63,5.6,3.0,4.0,Hotel,2017,11,0
11048,Moscow,Russia,65,5.7,4.0,4.0,Hotel,2017,11,0
11049,Moscow,Russia,75,5.7,4.0,4.3,Hotel,2017,11,0
11050,Moscow,Russia,80,5.7,4.0,3.7,Hotel,2017,11,0
11051,Moscow,Russia,75,6.9,4.0,4.5,Hotel,2017,11,0
11052,Moscow,Russia,34,7.2,2.0,4.0,Hostel,2017,11,0
11053,Moscow,Russia,34,7.7,2.0,,Hostel,2017,11,0
11054,Moscow,Russia,54,13.0,3.5,3.2,Hotel,2017,11,0
11056,Moscow,Russia,92,2.6,4.0,4.0,Apartment,2017,11,0
11057,Moscow,Russia,226,1.4,4.0,4.0,Hotel,2017,11,0
11059,Moscow,Russia,154,2.9,3.0,,Inn,2017,11,0
11060,Moscow,Russia,123,1.3,3.0,4.0,Hotel,2017,11,0
11061,Moscow,Russia,137,1.3,3.0,4.3,Hotel,2017,11,0
11063,Moscow,Russia,123,3.2,3.0,,Hotel,2017,11,0
11064,Moscow,Russia,40,13.0,3.0,4.0,Hotel,2017,11,0
11065,Moscow,Russia,51,15.0,3.0,4.5,Hotel,2017,11,0
11066,Moscow,Russia,60,13.0,3.0,4.0,Hotel,2017,11,0
11067,Moscow,Russia,50,11.0,3.0,,Hotel,2017,11,0
11069,Moscow,Russia,74,6.8,3.0,3.5,Hotel,2017,11,0
11070,Moscow,Russia,102,4.7,4.0,3.7,Hotel,2017,11,0
11071,Moscow,Russia,80,4.6,3.0,3.9,Hotel,2017,11,0
11072,Moscow,Russia,93,3.7,3.0,4.5,Hotel,2017,11,0
11074,Moscow,Russia,45,21.0,3.5,5.0,Hotel,2017,11,0
11075,Moscow,Russia,100,15.0,3.5,,Hotel,2017,11,0
11076,Moscow,Russia,46,17.0,3.0,,Hotel,2017,11,0
11077,Moscow,Russia,55,12.0,1.0,3.2,Hotel,2017,11,0
11078,Moscow,Russia,86,12.0,3.5,,Hotel,2017,11,0
11079,Moscow,Russia,51,15.0,3.0,4.0,Hotel,2017,11,0
11080,Moscow,Russia,101,15.0,4.0,4.5,Hotel,2017,11,0
11081,Moscow,Russia,95,2.7,4.0,4.5,Hotel,2017,11,0
11082,Moscow,Russia,145,1.1,4.0,4.3,Hotel,2017,11,0
11083,Moscow,Russia,131,1.6,3.0,3.9,Apartment,2017,11,0
11084,Moscow,Russia,162,1.9,5.0,4.3,Hotel,2017,11,0
11085,Moscow,Russia,74,2.5,1.0,,Hostel,2017,11,0
11086,Moscow,Russia,32,2.6,2.5,3.2,Hotel,2017,11,0
11087,Moscow,Russia,98,2.5,3.0,,Hotel,2017,11,0
11088,Moscow,Russia,87,0.8,3.0,4.9,Apart-hotel,2017,11,0
11089,Moscow,Russia,27,1.9,2.5,3.4,Hotel,2017,11,0
11090,Moscow,Russia,47,1.8,2.5,3.7,Hotel,2017,11,0
11092,Moscow,Russia,111,1.0,3.0,4.0,Apart-hotel,2017,11,0
11093,Moscow,Russia,58,1.0,3.0,3.2,Hotel,2017,11,0
11094,Moscow,Russia,104,1.2,3.0,4.0,Hotel,2017,11,0
11095,Moscow,Russia,56,0.9,3.0,3.2,Hotel,2017,11,0
11096,Moscow,Russia,96,2.9,4.0,4.0,Hotel,2017,11,0
11097,Moscow,Russia,83,20.0,4.0,4.4,Hotel,2017,11,0
11098,Moscow,Russia,63,17.0,3.0,4.8,Hotel,2017,11,0
11099,Moscow,Russia,43,18.0,3.0,,Hotel,2017,11,0
11100,Moscow,Russia,46,24.0,3.0,,Hotel,2017,11,0
11101,Moscow,Russia,50,12.0,2.0,,Hotel,2017,11,0
11102,Moscow,Russia,57,2.1,2.0,,Hotel,2017,11,0
11103,Moscow,Russia,96,18.0,3.5,3.5,Hotel,2017,11,0
11104,Moscow,Russia,72,9.7,4.0,4.0,Hotel,2017,11,0
11105,Moscow,Russia,34,5.9,2.0,3.2,Hotel,2017,11,0
11106,Moscow,Russia,81,4.7,3.0,3.5,Hotel,2017,11,0
11107,Moscow,Russia,54,13.0,4.0,4.3,Hotel,2017,11,0
11108,Moscow,Russia,70,7.4,3.0,4.0,Hotel,2017,11,0
11109,Moscow,Russia,94,1.4,4.0,4.1,Hotel,2017,11,0
11110,Moscow,Russia,102,2.9,3.0,4.5,Hotel,2017,11,0
11111,Moscow,Russia,41,4.2,2.0,4.5,Hotel,2017,11,0
11112,Moscow,Russia,175,9.2,3.0,4.5,Hotel,2017,11,0
11113,Moscow,Russia,99,5.0,4.0,4.4,Hotel,2017,11,0
11114,Moscow,Russia,35,5.1,3.5,4.0,Hotel,2017,11,0
11115,Moscow,Russia,92,10.0,4.0,4.1,Hotel,2017,11,0
11116,Moscow,Russia,64,4.6,3.0,,Hotel,2017,11,0
11117,Moscow,Russia,70,10.0,2.0,2.0,Hostel,2017,11,0
11118,Moscow,Russia,73,4.6,3.0,4.0,Hotel,2017,11,0
11119,Moscow,Russia,86,8.0,4.0,4.1,Hotel,2017,11,0
11120,Moscow,Russia,56,10.0,3.0,4.0,Hotel,2017,11,0
11121,Moscow,Russia,60,9.9,2.0,,Hostel,2017,11,0
11122,Moscow,Russia,81,3.7,3.0,3.9,Hotel,2017,11,0
11123,Moscow,Russia,67,3.4,2.0,4.1,Hotel,2017,11,0
11124,Moscow,Russia,163,3.5,5.0,4.5,Hotel,2017,11,0
11125,Moscow,Russia,52,8.1,3.0,4.4,Hotel,2017,11,0
11126,Moscow,Russia,37,6.1,2.0,3.5,Hostel,2017,11,0
11127,Moscow,Russia,83,11.0,4.0,3.7,Hotel,2017,11,0
11128,Moscow,Russia,51,9.5,3.0,3.0,Hotel,2017,11,0
11129,Moscow,Russia,79,3.9,3.0,4.1,Hotel,2017,11,0
11130,Moscow,Russia,83,5.0,3.5,4.3,Hotel,2017,11,0
11131,Moscow,Russia,68,7.5,2.0,4.0,Hotel,2017,11,0
11132,Moscow,Russia,120,3.2,3.0,4.5,Hotel,2017,11,0
11133,Moscow,Russia,41,13.0,3.0,5.0,Hotel,2017,11,0
11134,Moscow,Russia,60,4.9,2.0,,Hotel,2017,11,0
11135,Moscow,Russia,5,4.1,2.0,,Hostel,2017,11,0
11136,Moscow,Russia,70,11.0,4.0,4.3,Hotel,2017,11,0
11137,Moscow,Russia,26,3.6,2.0,,Hostel,2017,11,0
11138,Moscow,Russia,123,6.5,3.0,,Hotel,2017,11,0
11139,Moscow,Russia,34,6.3,2.0,,Hostel,2017,11,0
11140,Moscow,Russia,91,8.4,4.0,4.0,Hotel,2017,11,0
11141,Moscow,Russia,56,6.9,2.0,4.0,Hotel,2017,11,0
11142,Moscow,Russia,37,6.5,2.0,4.5,Hotel,2017,11,0
11143,Moscow,Russia,33,17.0,3.0,4.0,Hotel,2017,11,0
11144,Moscow,Russia,79,4.8,3.0,4.0,Hotel,2017,11,0
11146,Moscow,Russia,37,2.7,2.0,,Hostel,2017,11,0
11147,Moscow,Russia,44,5.5,3.0,5.0,Hotel,2017,11,0
11148,Moscow,Russia,79,5.5,3.0,5.0,Hotel,2017,11,0
11149,Moscow,Russia,94,16.0,4.0,3.9,Hotel,2017,11,0
11150,Moscow,Russia,154,16.0,5.0,4.5,Hotel,2017,11,0
11151,Moscow,Russia,125,15.0,4.0,4.6,Hotel,2017,11,0
11152,Moscow,Russia,122,16.0,4.0,4.1,Hotel,2017,11,0
11153,Moscow,Russia,60,15.0,3.0,4.1,Hotel,2017,11,0
11154,Moscow,Russia,34,6.4,3.0,4.1,Hotel,2017,11,0
11155,Moscow,Russia,125,9.7,4.0,,Hotel,2017,11,0
11156,Moscow,Russia,79,10.0,4.0,4.0,Hotel,2017,11,0
11157,Moscow,Russia,17,3.2,1.0,4.4,Hostel,2017,11,0
11158,Moscow,Russia,56,11.0,3.0,,Hotel,2017,11,0
11159,Moscow,Russia,53,5.9,2.0,,Hotel,2017,11,0
11160,Moscow,Russia,58,3.5,3.0,4.3,Hotel,2017,11,0
11161,Moscow,Russia,55,16.0,3.0,3.5,Hotel,2017,11,0
11163,Moscow,Russia,67,6.7,3.0,4.3,Hotel,2017,11,0
11164,Moscow,Russia,108,8.6,3.0,,Hotel,2017,11,0
11165,Moscow,Russia,57,1.1,2.0,3.2,Hotel,2017,11,0
11166,Moscow,Russia,103,4.2,3.0,3.5,Hotel,2017,11,0
11167,Moscow,Russia,50,6.0,2.5,,Hotel,2017,11,0
11168,Moscow,Russia,41,2.8,2.0,,Hostel,2017,11,0
11169,Moscow,Russia,69,7.2,3.0,,Hotel,2017,11,0
11171,Moscow,Russia,44,13.0,3.0,4.1,Hotel,2017,11,0
11172,Moscow,Russia,26,8.5,2.0,3.9,Hotel,2017,11,0
11173,Moscow,Russia,417,17.0,4.5,,Hotel,2017,11,0
11174,Moscow,Russia,310,0.4,5.0,4.5,Hotel,2017,11,0
11175,Moscow,Russia,446,0.4,5.0,4.8,Hotel,2017,11,0
11176,Moscow,Russia,144,0.3,4.0,4.5,Hotel,2017,11,0
11177,Moscow,Russia,276,0.0,5.0,4.5,Hotel,2017,11,0
11178,Moscow,Russia,248,0.5,5.0,4.3,Hotel,2017,11,0
11179,Moscow,Russia,633,0.0,5.0,4.9,Hotel,2017,11,0
11180,Moscow,Russia,314,0.3,5.0,4.5,Hotel,2017,11,0
11181,Moscow,Russia,34,1.1,2.0,3.0,Hostel,2017,11,0
11182,Moscow,Russia,264,0.4,5.0,4.5,Hotel,2017,11,0
11183,Moscow,Russia,26,0.7,2.0,,Hostel,2017,11,0
11184,Moscow,Russia,29,0.5,1.0,3.0,Hostel,2017,11,0
11185,Moscow,Russia,73,0.5,3.0,3.0,Hotel,2017,11,0
11186,Moscow,Russia,91,1.1,3.0,4.5,Hotel,2017,11,0
11187,Moscow,Russia,178,0.4,4.0,4.5,Hotel,2017,11,0
11188,Moscow,Russia,156,0.3,3.0,4.5,Hotel,2017,11,0
11189,Moscow,Russia,34,0.5,1.0,3.5,Hotel,2017,11,0
11190,Moscow,Russia,63,0.5,3.0,3.5,Hotel,2017,11,0
11191,Moscow,Russia,138,0.2,3.0,4.1,Hotel,2017,11,0
11192,Moscow,Russia,43,0.7,2.5,,Guest House,2017,11,0
11193,Moscow,Russia,201,0.3,4.0,4.1,Hotel,2017,11,0
11194,Moscow,Russia,77,0.7,3.0,3.5,Hotel,2017,11,0
11195,Moscow,Russia,43,0.7,2.0,3.2,Hostel,2017,11,0
11196,Moscow,Russia,103,0.7,3.0,4.4,Hotel,2017,11,0
11197,Moscow,Russia,113,0.5,3.0,4.0,Hotel,2017,11,0
11198,Moscow,Russia,34,1.0,2.5,,Guest House,2017,11,0
11199,Moscow,Russia,457,0.3,5.0,4.6,Hotel,2017,11,0
11200,Moscow,Russia,168,0.6,4.0,4.0,Hotel,2017,11,0
11201,Moscow,Russia,49,0.7,2.0,,Hostel,2017,11,0
11202,Moscow,Russia,82,0.5,2.0,4.3,Hostel,2017,11,0
11203,Moscow,Russia,51,0.5,2.0,,Hostel,2017,11,0
11204,Moscow,Russia,141,0.9,5.0,3.7,Hotel,2017,11,0
11205,Moscow,Russia,111,0.8,3.0,3.9,Hotel,2017,11,0
11206,Moscow,Russia,77,0.4,3.0,3.5,Hotel,2017,11,0
11207,Moscow,Russia,87,0.4,3.0,3.0,Hotel,2017,11,0
11208,Moscow,Russia,649,0.1,5.0,4.5,Hotel,2017,11,0
11209,Moscow,Russia,113,0.1,3.0,2.4,Hotel,2017,11,0
11210,Moscow,Russia,308,0.7,5.0,4.5,Hotel,2017,11,0
11211,Moscow,Russia,40,0.4,2.0,4.3,Hotel,2017,11,0
11212,Moscow,Russia,45,0.5,2.0,,Hostel,2017,11,0
11213,Moscow,Russia,57,0.7,2.0,,Hostel,2017,11,0
11214,Moscow,Russia,189,0.4,4.0,4.4,Hotel,2017,11,0
11215,Moscow,Russia,62,11.0,3.5,4.0,Hotel,2017,11,0
11216,Moscow,Russia,37,11.0,3.0,,Hotel,2017,11,0
11217,Moscow,Russia,110,15.0,4.0,4.1,Hotel,2017,11,0
11218,Moscow,Russia,72,14.0,3.0,,Hotel,2017,11,0
11219,Moscow,Russia,25,2.4,2.0,1.0,Hostel,2017,11,0
11220,Moscow,Russia,133,1.4,4.0,4.5,Hotel,2017,11,0
11221,Moscow,Russia,97,2.4,3.5,,Hotel,2017,11,0
11222,Moscow,Russia,129,1.1,3.0,4.5,Hotel,2017,11,0
11223,Moscow,Russia,118,1.6,4.0,4.5,Apart-hotel,2017,11,0
11224,Moscow,Russia,153,1.6,4.0,4.5,Hotel,2017,11,0
11225,Moscow,Russia,105,1.7,3.0,4.3,Hotel,2017,11,0
11226,Moscow,Russia,99,2.1,2.0,5.0,Hostel,2017,11,0
11227,Moscow,Russia,67,2.4,2.0,4.3,Hotel,2017,11,0
11228,Moscow,Russia,96,1.6,3.0,4.0,Hotel,2017,11,0
11229,Moscow,Russia,27,1.4,2.0,3.0,Hostel,2017,11,0
11230,Moscow,Russia,37,1.7,2.5,3.7,Hotel,2017,11,0
11231,Moscow,Russia,305,2.0,5.0,4.6,Hotel,2017,11,0
11232,Moscow,Russia,40,1.7,2.0,3.0,Hostel,2017,11,0
11233,Moscow,Russia,193,2.2,3.0,4.4,Hotel,2017,11,0
11234,Moscow,Russia,39,2.1,2.0,,Hostel,2017,11,0
11235,Moscow,Russia,51,1.2,2.5,4.0,Hotel,2017,11,0
11238,Moscow,Russia,100,2.4,3.0,3.9,Hotel,2017,11,0
11239,Moscow,Russia,120,2.2,4.0,4.0,Hotel,2017,11,0
11240,Moscow,Russia,25,2.3,1.0,,Hostel,2017,11,0
11241,Moscow,Russia,120,2.1,3.0,3.5,Hotel,2017,11,0
11243,Moscow,Russia,92,1.7,4.0,3.7,Apartment,2017,11,0
11244,Moscow,Russia,46,23.0,3.0,,Hotel,2017,11,0
11245,Moscow,Russia,48,24.0,3.0,4.5,Hotel,2017,11,0
11246,Moscow,Russia,62,16.0,3.5,,Hotel,2017,11,0
11247,Moscow,Russia,243,2.2,5.0,4.3,Hotel,2017,11,0
11248,Moscow,Russia,77,0.8,4.0,4.0,Hotel,2017,11,0
11249,Moscow,Russia,36,0.9,2.0,3.7,Hostel,2017,11,0
11250,Moscow,Russia,141,1.1,4.0,4.0,Hotel,2017,11,0
11251,Moscow,Russia,184,0.9,4.0,4.4,Hotel,2017,11,0
11252,Moscow,Russia,125,0.7,4.0,,Hotel,2017,11,0
11253,Moscow,Russia,75,0.5,3.0,4.0,Hotel,2017,11,0
11254,Moscow,Russia,131,0.8,3.5,,Hotel,2017,11,0
11255,Moscow,Russia,44,1.8,3.0,4.0,Hotel,2017,11,0
11256,Moscow,Russia,63,1.3,3.0,3.5,Hotel,2017,11,0
11257,Moscow,Russia,86,1.8,3.0,5.0,Hotel,2017,11,0
11258,Moscow,Russia,74,1.3,3.0,,Hotel,2017,11,0
11259,Moscow,Russia,108,1.3,2.0,,Hostel,2017,11,0
11261,Moscow,Russia,35,1.4,2.0,,Hostel,2017,11,0
11265,Moscow,Russia,275,3.0,3.0,4.1,Hotel,2017,11,0
11267,Moscow,Russia,161,1.2,4.0,,Hotel,2017,11,0
11268,Moscow,Russia,129,1.2,4.0,,Hotel,2017,11,0
11269,Moscow,Russia,63,1.8,3.0,2.5,Hotel,2017,11,0
11270,Moscow,Russia,72,0.6,3.5,3.7,Hotel,2017,11,0
11271,Moscow,Russia,131,1.9,4.5,4.5,Hotel,2017,11,0
11272,Moscow,Russia,121,2.5,4.0,4.4,Hotel,2017,11,0
11273,Moscow,Russia,144,1.7,4.0,4.5,Apart-hotel,2017,11,0
11274,Moscow,Russia,145,1.4,4.0,4.5,Hotel,2017,11,0
11275,Moscow,Russia,86,1.6,3.0,4.0,Hotel,2017,11,0
11276,Moscow,Russia,100,1.0,3.0,4.0,Hotel,2017,11,0
11277,Moscow,Russia,50,13.0,3.5,5.0,Hotel,2017,11,0
11278,Moscow,Russia,49,14.0,3.0,3.0,Hotel,2017,11,0
11279,Moscow,Russia,49,14.0,3.0,,Hotel,2017,11,0
11280,Moscow,Russia,60,11.0,3.5,4.6,Hotel,2017,11,0
11281,Moscow,Russia,83,11.0,4.0,4.4,Hotel,2017,11,0
11282,Moscow,Russia,44,7.4,3.0,5.0,Hotel,2017,11,0
11283,Moscow,Russia,87,3.9,4.0,4.4,Hotel,2017,11,0
11284,Moscow,Russia,56,19.0,2.5,,Hotel,2017,11,0
11285,Moscow,Russia,35,25.0,3.5,5.0,Hotel,2017,11,0
11286,Moscow,Russia,48,2.8,2.5,1.0,Hotel,2017,11,0
11287,Moscow,Russia,97,3.3,4.0,4.4,Hotel,2017,11,0
11288,Moscow,Russia,43,3.3,1.0,5.0,Hostel,2017,11,0
11289,Moscow,Russia,25,1.8,2.5,3.7,Hotel,2017,11,0
11290,Moscow,Russia,55,2.7,2.0,,Hostel,2017,11,0
11291,Moscow,Russia,25,1.8,2.5,4.3,Hotel,2017,11,0
11292,Moscow,Russia,122,1.8,5.0,4.1,Hotel,2017,11,0
11293,Moscow,Russia,82,1.9,3.0,4.4,Hotel,2017,11,0
11294,Moscow,Russia,101,1.1,3.0,4.1,Hotel,2017,11,0
11295,Moscow,Russia,216,2.6,4.0,4.4,Hotel,2017,11,0
11296,Moscow,Russia,118,0.9,3.0,,Hotel,2017,11,0
11297,Moscow,Russia,57,2.8,2.0,4.0,Hotel,2017,11,0
11298,Moscow,Russia,36,2.3,3.0,3.7,Hotel,2017,11,0
11299,Moscow,Russia,34,1.7,2.0,,Hostel,2017,11,0
11300,Moscow,Russia,58,2.1,3.0,,Hotel,2017,11,0
11301,Moscow,Russia,118,2.1,3.0,,Hotel,2017,11,0
11302,Moscow,Russia,98,1.6,3.0,4.3,Hotel,2017,11,0
11303,Moscow,Russia,51,1.5,3.0,3.5,Hotel,2017,11,0
11304,Moscow,Russia,74,8.9,4.0,3.7,Hotel,2017,11,0
11305,Moscow,Russia,101,8.8,3.0,4.1,Hotel,2017,11,0
11306,Moscow,Russia,79,8.3,3.0,3.5,Hotel,2017,11,0
11307,Moscow,Russia,154,1.5,4.0,4.0,Hotel,2017,11,0
11308,Moscow,Russia,173,0.9,5.0,3.7,Hotel,2017,11,0
11309,Moscow,Russia,162,1.8,4.0,4.1,Hotel,2017,11,0
11311,Moscow,Russia,213,1.6,5.0,4.4,Hotel,2017,11,0
11312,Moscow,Russia,150,1.9,4.0,4.1,Hotel,2017,11,0
11313,Moscow,Russia,211,1.0,5.0,4.5,Hotel,2017,11,0
11314,Moscow,Russia,185,1.7,4.0,4.3,Hotel,2017,11,0
11315,Moscow,Russia,26,1.0,1.0,3.9,Hostel,2017,11,0
11316,Moscow,Russia,120,0.8,3.0,4.3,Hotel,2017,11,0
11317,Moscow,Russia,118,1.9,3.0,3.7,Hotel,2017,11,0
11318,Moscow,Russia,86,1.9,3.5,4.3,Hotel,2017,11,0
11319,Moscow,Russia,111,1.1,3.5,4.1,Hotel,2017,11,0
11320,Moscow,Russia,63,1.0,1.0,3.2,Hotel,2017,11,0
11321,Moscow,Russia,159,0.8,4.0,4.1,Hotel,2017,11,0
11322,Moscow,Russia,42,1.2,2.0,,Hostel,2017,11,0
11323,Moscow,Russia,25,1.1,2.5,3.7,Hotel,2017,11,0
11324,Moscow,Russia,37,1.1,2.0,,Hostel,2017,11,0
11325,Moscow,Russia,85,1.0,3.5,,Hotel,2017,11,0
11326,Moscow,Russia,25,1.0,2.0,,Hotel,2017,11,0
11327,Moscow,Russia,264,0.7,5.0,4.6,Hotel,2017,11,0
11328,Moscow,Russia,310,0.9,5.0,4.5,Hotel,2017,11,0
11329,Moscow,Russia,74,1.9,3.0,,Hotel,2017,11,0
11330,Moscow,Russia,21,1.6,2.0,4.6,Hostel,2017,11,0
11331,Moscow,Russia,97,0.7,4.0,3.5,Apartment,2017,11,0
11332,Moscow,Russia,97,1.7,4.0,3.5,Hotel,2017,11,0
11333,Moscow,Russia,61,16.0,2.0,3.7,Hotel,2017,11,0
11334,Moscow,Russia,50,15.0,3.0,5.0,Hotel,2017,11,0
11335,Moscow,Russia,50,15.0,3.5,2.2,Hotel,2017,11,0
11337,Moscow,Russia,168,0.9,4.0,,Hotel,2017,11,0
11338,Moscow,Russia,206,1.2,4.0,4.0,Hotel,2017,11,0
11339,Moscow,Russia,175,0.8,4.0,4.5,Hotel,2017,11,0
11340,Moscow,Russia,144,1.5,4.0,3.5,Hotel,2017,11,0
11341,Moscow,Russia,147,1.3,4.0,4.6,Hotel,2017,11,0
11342,Moscow,Russia,92,1.6,4.0,3.5,Apartment,2017,11,0
11343,Moscow,Russia,82,2.1,3.0,3.5,Hotel,2017,11,0
11344,Moscow,Russia,82,1.6,3.0,,Inn,2017,11,0
11345,Moscow,Russia,43,18.0,3.0,,Hotel,2017,11,0
11346,Munich,Germany,110,0.6,3.0,3.9,Hotel,2017,11,0
11347,Munich,Germany,261,0.9,4.0,4.0,Hotel,2017,11,0
11348,Munich,Germany,143,0.9,3.0,3.4,Hotel,2017,11,0
11349,Munich,Germany,289,0.8,4.0,4.3,Hotel,2017,11,0
11350,Munich,Germany,149,0.8,3.0,4.0,Hotel,2017,11,0
11351,Munich,Germany,187,1.1,4.0,3.9,Hotel,2017,11,0
11353,Munich,Germany,207,0.5,3.5,4.5,Hotel,2017,11,0
11354,Munich,Germany,318,0.9,4.0,4.5,Hotel,2017,11,0
11355,Munich,Germany,149,1.3,3.5,4.0,Hotel,2017,11,0
11356,Munich,Germany,429,1.0,5.0,4.4,Hotel,2017,11,0
11357,Munich,Germany,696,1.0,5.0,4.5,Hotel,2017,11,0
11358,Munich,Germany,68,0.6,2.0,3.5,Hostel,2017,11,0
11359,Munich,Germany,68,0.6,2.5,3.2,Hotel,2017,11,0
11360,Munich,Germany,319,0.6,5.0,4.4,Hotel,2017,11,0
11361,Munich,Germany,126,0.3,3.0,3.5,Hotel,2017,11,0
11362,Munich,Germany,235,0.9,4.5,4.5,Hotel,2017,11,0
11363,Munich,Germany,236,1.2,4.0,4.1,Hotel,2017,11,0
11364,Munich,Germany,214,1.2,3.0,3.7,Hotel,2017,11,0
11365,Munich,Germany,284,1.1,4.0,4.5,Hotel,2017,11,0
11366,Munich,Germany,179,0.9,3.0,4.3,Hotel,2017,11,0
11367,Munich,Germany,230,1.3,3.0,4.5,Hotel,2017,11,0
11368,Munich,Germany,122,1.2,3.0,3.5,Hotel,2017,11,0
11369,Munich,Germany,353,0.8,4.5,4.5,Hotel,2017,11,0
11370,Munich,Germany,127,7.5,4.0,4.5,Hotel,2017,11,0
11371,Munich,Germany,118,7.5,4.0,4.5,Hotel,2017,11,0
11373,Munich,Germany,122,1.8,3.0,3.7,Hotel,2017,11,0
11374,Munich,Germany,127,1.9,2.0,3.5,Hotel,2017,11,0
11375,Munich,Germany,172,1.5,4.0,4.1,Hotel,2017,11,0
11376,Munich,Germany,141,1.6,4.0,4.3,Hotel,2017,11,0
11378,Munich,Germany,181,2.6,4.0,4.4,Hotel,2017,11,0
11379,Munich,Germany,207,1.7,3.0,4.1,Hotel,2017,11,0
11380,Munich,Germany,105,1.5,3.0,3.5,Hotel,2017,11,0
11381,Munich,Germany,126,1.6,3.0,3.7,Hotel,2017,11,0
11382,Munich,Germany,228,2.2,3.5,4.5,Hotel,2017,11,0
11383,Munich,Germany,176,2.3,4.0,4.3,Hotel,2017,11,0
11384,Munich,Germany,196,2.3,4.0,4.4,Apart-hotel,2017,11,0
11386,Munich,Germany,191,1.5,3.5,4.3,Hotel,2017,11,0
11389,Munich,Germany,270,1.7,4.0,4.0,Hotel,2017,11,0
11390,Munich,Germany,68,2.1,3.0,3.5,Hotel,2017,11,0
11391,Munich,Germany,950,2.8,4.0,4.0,Hotel,2017,11,0
11392,Munich,Germany,179,2.8,5.0,4.1,Hotel,2017,11,0
11393,Munich,Germany,222,3.0,4.0,4.3,Hotel,2017,11,0
11395,Munich,Germany,319,1.9,5.0,4.5,Hotel,2017,11,0
11396,Munich,Germany,129,11.0,4.0,4.3,Hotel,2017,11,0
11397,Munich,Germany,104,18.0,3.0,4.3,Motel,2017,11,0
11398,Munich,Germany,94,19.0,4.0,3.2,Hotel,2017,11,0
11399,Munich,Germany,307,18.0,4.0,4.5,Hotel,2017,11,0
11400,Munich,Germany,135,18.0,3.0,4.4,Hotel,2017,11,0
11401,Munich,Germany,134,14.0,4.0,4.5,Hotel,2017,11,0
11402,Munich,Germany,239,20.0,4.0,4.1,Hotel,2017,11,0
11403,Munich,Germany,120,21.0,3.0,4.0,Hotel,2017,11,0
11404,Munich,Germany,155,20.0,4.0,3.7,Hotel,2017,11,0
11405,Munich,Germany,202,18.0,3.5,4.3,Hotel,2017,11,0
11406,Munich,Germany,138,20.0,3.0,4.6,Hotel,2017,11,0
11407,Munich,Germany,125,19.0,3.0,4.1,Hotel,2017,11,0
11408,Munich,Germany,139,20.0,4.0,4.4,Hotel,2017,11,0
11411,Munich,Germany,125,8.1,2.5,4.0,Hotel,2017,11,0
11414,Munich,Germany,198,8.5,4.0,4.5,Hotel,2017,11,0
11415,Munich,Germany,68,8.2,3.0,3.7,Hotel,2017,11,0
11417,Munich,Germany,92,16.0,2.5,4.1,Hotel,2017,11,0
11418,Munich,Germany,197,16.0,4.0,4.3,Hotel,2017,11,0
11419,Munich,Germany,56,15.0,2.0,3.7,Hotel,2017,11,0
11420,Munich,Germany,103,16.0,3.0,3.7,Hotel,2017,11,0
11421,Munich,Germany,80,16.0,3.5,3.5,Hotel,2017,11,0
11422,Munich,Germany,191,1.1,3.5,4.0,Hotel,2017,11,0
11423,Munich,Germany,177,1.1,3.0,4.0,Hotel,2017,11,0
11424,Munich,Germany,134,0.6,3.0,4.0,Hotel,2017,11,0
11425,Munich,Germany,294,1.0,4.0,,Hotel,2017,11,0
11426,Munich,Germany,151,1.2,4.0,4.3,Hotel,2017,11,0
11427,Munich,Germany,106,0.8,3.0,3.7,Hotel,2017,11,0
11429,Munich,Germany,135,0.6,3.0,3.9,Hotel,2017,11,0
11430,Munich,Germany,87,1.0,1.0,3.0,Hotel,2017,11,0
11431,Munich,Germany,183,0.9,3.5,4.5,Hotel,2017,11,0
11432,Munich,Germany,149,0.8,3.0,1.2,Hotel,2017,11,0
11433,Munich,Germany,159,10.0,3.0,4.4,Hotel,2017,11,0
11435,Munich,Germany,265,1.3,4.0,4.3,Hotel,2017,11,0
11436,Munich,Germany,73,0.9,2.0,4.0,Hotel,2017,11,0
11437,Munich,Germany,104,1.3,2.5,3.7,Hotel,2017,11,0
11438,Munich,Germany,217,0.9,,,Hotel,2017,11,0
11439,Munich,Germany,34,3.0,2.0,3.5,Hostel,2017,11,0
11442,Munich,Germany,77,2.4,3.0,3.9,Hotel,2017,11,0
11443,Munich,Germany,166,1.7,2.5,3.9,Hotel,2017,11,0
11444,Munich,Germany,96,2.2,4.0,4.0,Hotel,2017,11,0
11445,Munich,Germany,118,0.1,3.0,4.0,Hotel,2017,11,0
11446,Munich,Germany,164,0.2,4.0,4.1,Hotel,2017,11,0
11447,Munich,Germany,190,0.1,4.0,,Hotel,2017,11,0
11448,Munich,Germany,132,0.1,3.0,4.4,Hotel,2017,11,0
11449,Munich,Germany,242,0.1,5.0,4.0,Hotel,2017,11,0
11450,Munich,Germany,218,0.1,4.0,4.3,Hotel,2017,11,0
11451,Munich,Germany,126,0.4,3.5,4.4,Hotel,2017,11,0
11453,Munich,Germany,264,0.1,5.0,4.5,Hotel,2017,11,0
11454,Munich,Germany,130,0.0,3.5,4.1,Hotel,2017,11,0
11455,Munich,Germany,219,0.1,4.0,4.5,Hotel,2017,11,0
11456,Munich,Germany,72,0.3,2.0,3.2,Hostel,2017,11,0
11457,Munich,Germany,92,0.2,3.0,3.7,Hotel,2017,11,0
11458,Munich,Germany,111,0.4,2.0,4.0,Hotel,2017,11,0
11459,Munich,Germany,94,0.2,3.0,3.5,Hotel,2017,11,0
11460,Munich,Germany,114,0.3,3.5,4.0,Hotel,2017,11,0
11461,Munich,Germany,89,0.1,2.0,3.4,Hotel,2017,11,0
11462,Munich,Germany,99,0.2,3.5,3.2,Hotel,2017,11,0
11463,Munich,Germany,60,0.3,3.0,3.0,Hotel,2017,11,0
11464,Munich,Germany,227,0.1,4.0,3.9,Hotel,2017,11,0
11465,Munich,Germany,75,0.6,2.0,3.5,Hotel,2017,11,0
11466,Munich,Germany,306,0.2,5.0,4.5,Hotel,2017,11,0
11467,Munich,Germany,151,0.3,3.0,4.0,Hotel,2017,11,0
11468,Munich,Germany,81,0.3,3.0,3.5,Hotel,2017,11,0
11469,Munich,Germany,114,0.2,3.0,3.9,Hotel,2017,11,0
11470,Munich,Germany,169,0.2,3.5,4.1,Hotel,2017,11,0
11471,Munich,Germany,114,0.3,3.0,3.7,Hotel,2017,11,0
11472,Munich,Germany,87,0.3,4.0,3.0,Hotel,2017,11,0
11473,Munich,Germany,108,0.3,3.0,3.7,Hotel,2017,11,0
11474,Munich,Germany,92,0.3,3.5,3.7,Hotel,2017,11,0
11475,Munich,Germany,118,0.6,3.5,3.9,Hotel,2017,11,0
11476,Munich,Germany,145,0.8,3.0,4.0,Hotel,2017,11,0
11477,Munich,Germany,140,1.0,3.0,3.9,Hotel,2017,11,0
11478,Munich,Germany,260,0.2,3.5,4.5,Hotel,2017,11,0
11479,Munich,Germany,126,0.2,3.0,4.5,Hotel,2017,11,0
11480,Munich,Germany,81,0.7,1.5,3.2,Hostel,2017,11,0
11481,Munich,Germany,124,0.3,4.0,3.7,Hotel,2017,11,0
11482,Munich,Germany,149,0.4,3.5,4.0,Apartment,2017,11,0
11483,Munich,Germany,107,0.2,3.0,4.1,Hotel,2017,11,0
11484,Munich,Germany,69,0.3,3.0,3.0,Hotel,2017,11,0
11485,Munich,Germany,206,0.5,4.0,4.0,Hotel,2017,11,0
11486,Munich,Germany,100,0.5,3.0,3.5,Hotel,2017,11,0
11487,Munich,Germany,91,0.1,3.0,3.2,Hotel,2017,11,0
11488,Munich,Germany,111,0.2,3.0,3.9,Hotel,2017,11,0
11489,Munich,Germany,121,0.3,3.0,3.7,Hotel,2017,11,0
11490,Munich,Germany,101,0.1,3.0,3.5,Hotel,2017,11,0
11491,Munich,Germany,139,0.1,4.0,3.7,Hotel,2017,11,0
11492,Munich,Germany,98,0.1,3.0,4.0,Hotel,2017,11,0
11493,Munich,Germany,164,0.1,4.0,4.0,Hotel,2017,11,0
11494,Munich,Germany,84,0.1,3.0,3.7,Hotel,2017,11,0
11495,Munich,Germany,135,0.2,3.5,3.9,Hotel,2017,11,0
11496,Munich,Germany,87,0.2,3.0,3.5,Hotel,2017,11,0
11497,Munich,Germany,104,0.2,3.5,4.1,Hotel,2017,11,0
11498,Munich,Germany,111,0.1,3.0,3.7,Hotel,2017,11,0
11499,Munich,Germany,175,0.1,4.0,4.5,Hotel,2017,11,0
11500,Munich,Germany,84,0.2,3.0,4.3,Hotel,2017,11,0
11501,Munich,Germany,100,0.2,4.0,3.5,Hotel,2017,11,0
11502,Munich,Germany,138,0.1,3.5,3.5,Hotel,2017,11,0
11503,Munich,Germany,191,0.2,4.0,4.3,Hotel,2017,11,0
11505,Munich,Germany,123,0.2,4.0,3.7,Hotel,2017,11,0
11506,Munich,Germany,260,0.2,4.0,4.0,Hotel,2017,11,0
11507,Munich,Germany,161,0.2,,4.1,Apart-hotel,2017,11,0
11508,Munich,Germany,102,0.4,3.0,3.5,Hotel,2017,11,0
11509,Munich,Germany,73,0.2,3.0,3.5,Hotel,2017,11,0
11510,Munich,Germany,115,0.2,3.0,3.7,Hotel,2017,11,0
11511,Munich,Germany,166,0.2,4.0,4.3,Hotel,2017,11,0
11512,Munich,Germany,121,0.3,3.5,4.3,Hotel,2017,11,0
11513,Munich,Germany,69,0.2,3.0,2.4,Hotel,2017,11,0
11514,Munich,Germany,113,0.2,3.0,3.4,Hotel,2017,11,0
11515,Munich,Germany,127,0.2,3.5,,Apart-hotel,2017,11,0
11516,Munich,Germany,203,0.1,4.0,4.5,Hotel,2017,11,0
11517,Munich,Germany,172,0.1,4.0,4.0,Hotel,2017,11,0
11518,Munich,Germany,134,0.1,4.0,3.9,Hotel,2017,11,0
11519,Munich,Germany,100,0.3,3.5,4.0,Hotel,2017,11,0
11520,Munich,Germany,102,0.2,3.0,4.0,Hotel,2017,11,0
11521,Munich,Germany,134,0.9,3.5,3.5,Hotel,2017,11,0
11522,Munich,Germany,96,0.2,3.0,3.2,Hotel,2017,11,0
11523,Munich,Germany,61,0.2,3.0,3.2,Hotel,2017,11,0
11525,Munich,Germany,171,0.1,4.0,4.3,Hotel,2017,11,0
11526,Munich,Germany,145,0.1,4.0,4.0,Hotel,2017,11,0
11527,Munich,Germany,205,0.3,3.0,4.0,Hotel,2017,11,0
11528,Munich,Germany,139,0.5,3.0,3.9,Hotel,2017,11,0
11529,Munich,Germany,109,0.3,2.5,3.5,Hotel,2017,11,0
11531,Munich,Germany,164,0.2,4.0,4.3,Hotel,2017,11,0
11532,Munich,Germany,92,0.8,3.0,3.2,Hotel,2017,11,0
11533,Munich,Germany,151,0.2,3.5,4.4,Hotel,2017,11,0
11534,Munich,Germany,228,0.4,3.5,4.4,Hotel,2017,11,0
11535,Munich,Germany,114,0.1,3.0,3.9,Apart-hotel,2017,11,0
11536,Munich,Germany,156,0.8,4.0,4.1,Hotel,2017,11,0
11537,Munich,Germany,93,0.2,3.0,3.9,Hotel,2017,11,0
11538,Munich,Germany,73,0.2,2.0,3.4,Hostel,2017,11,0
11539,Munich,Germany,78,0.2,3.0,3.5,Hotel,2017,11,0
11540,Munich,Germany,126,0.2,3.5,4.1,Hotel,2017,11,0
11541,Munich,Germany,96,0.2,3.0,3.7,Hotel,2017,11,0
11542,Munich,Germany,111,0.6,3.5,4.4,Hotel,2017,11,0
11544,Munich,Germany,205,0.1,4.0,4.4,Hotel,2017,11,0
11545,Munich,Germany,168,0.1,3.0,3.9,Hotel,2017,11,0
11546,Munich,Germany,118,0.2,4.0,3.4,Hotel,2017,11,0
11547,Munich,Germany,394,0.2,5.0,4.8,Hotel,2017,11,0
11548,Munich,Germany,157,1.0,3.0,3.7,Hotel,2017,11,0
11550,Munich,Germany,99,2.9,3.0,4.4,Hotel,2017,11,0
11551,Munich,Germany,62,5.2,2.5,3.0,Pension,2017,11,0
11552,Munich,Germany,77,3.2,2.5,4.3,Hotel,2017,11,0
11553,Munich,Germany,91,4.5,3.0,3.9,Hotel,2017,11,0
11554,Munich,Germany,92,4.7,3.0,3.9,Hotel,2017,11,0
11555,Munich,Germany,137,3.7,3.0,4.4,Hotel,2017,11,0
11556,Munich,Germany,72,3.7,2.5,4.1,Hotel,2017,11,0
11557,Munich,Germany,103,5.4,3.5,4.5,Hotel,2017,11,0
11558,Munich,Germany,103,3.6,4.0,4.0,Hotel,2017,11,0
11559,Munich,Germany,81,5.3,3.5,4.3,Bed and breakfast,2017,11,0
11560,Munich,Germany,208,5.4,3.0,4.0,Hotel,2017,11,0
11561,Munich,Germany,126,3.6,3.0,4.1,Hotel,2017,11,0
11562,Munich,Germany,162,3.3,3.0,4.0,Hotel,2017,11,0
11563,Munich,Germany,108,3.4,3.0,4.1,Hotel,2017,11,0
11564,Munich,Germany,110,5.5,3.0,4.0,Hotel,2017,11,0
11566,Munich,Germany,108,5.5,3.5,4.0,Apartment,2017,11,0
11567,Munich,Germany,219,3.0,3.0,4.3,Apartment,2017,11,0
11569,Munich,Germany,110,2.9,3.0,4.1,Hotel,2017,11,0
11570,Munich,Germany,108,3.3,3.0,4.0,Apart-hotel,2017,11,0
11571,Munich,Germany,122,5.2,4.0,3.9,Hotel,2017,11,0
11572,Munich,Germany,64,4.3,3.0,3.2,Hotel,2017,11,0
11573,Munich,Germany,89,0.7,3.0,3.5,Hotel,2017,11,0
11574,Munich,Germany,78,5.1,3.0,3.4,Hotel,2017,11,0
11575,Munich,Germany,100,5.5,3.0,3.5,Hotel,2017,11,0
11576,Munich,Germany,129,4.0,,4.1,Hotel,2017,11,0
11577,Munich,Germany,145,3.9,3.0,5.0,Hotel,2017,11,0
11579,Munich,Germany,147,4.5,4.0,3.9,Hotel,2017,11,0
11580,Munich,Germany,68,3.3,3.0,3.5,Hotel,2017,11,0
11581,Munich,Germany,72,3.1,3.0,4.0,Hotel,2017,11,0
11582,Munich,Germany,162,4.3,3.0,4.5,Hotel,2017,11,0
11583,Munich,Germany,85,2.5,3.5,4.0,Apartment,2017,11,0
11584,Munich,Germany,67,2.3,3.5,3.4,Hotel,2017,11,0
11585,Munich,Germany,76,2.8,3.0,2.9,Hotel,2017,11,0
11586,Munich,Germany,237,5.1,4.0,3.7,Hotel,2017,11,0
11587,Munich,Germany,58,0.1,2.5,2.9,Hotel,2017,11,0
11588,Munich,Germany,184,0.5,4.0,4.1,Hotel,2017,11,0
11589,Munich,Germany,99,0.6,3.5,3.5,Hotel,2017,11,0
11591,Munich,Germany,84,5.2,3.0,3.7,Hotel,2017,11,0
11592,Munich,Germany,100,0.7,3.0,3.4,Hotel,2017,11,0
11593,Munich,Germany,98,4.9,2.5,,Hotel,2017,11,0
11594,Munich,Germany,110,3.4,3.0,4.1,Hotel,2017,11,0
11595,Munich,Germany,129,3.4,3.0,4.1,Hotel,2017,11,0
11596,Munich,Germany,120,4.1,3.5,4.0,Hotel,2017,11,0
11597,Munich,Germany,112,4.5,4.0,5.0,Hotel,2017,11,0
11598,Munich,Germany,150,4.7,4.0,4.1,Hotel,2017,11,0
11599,Munich,Germany,77,3.8,4.0,3.9,Hotel,2017,11,0
11600,Munich,Germany,91,5.9,4.0,3.9,Hotel,2017,11,0
11603,Munich,Germany,83,7.3,,3.9,Hotel,2017,11,0
11604,Munich,Germany,60,8.6,3.0,3.9,Hotel,2017,11,0
11605,Munich,Germany,70,5.0,2.5,3.4,Hotel,2017,11,0
11606,Munich,Germany,114,6.0,4.5,4.3,Hotel,2017,11,0
11607,Munich,Germany,72,4.8,2.0,4.3,Hotel,2017,11,0
11608,Munich,Germany,73,4.1,3.5,3.9,Hotel,2017,11,0
11609,Munich,Germany,91,4.0,,4.3,Hotel,2017,11,0
11610,Munich,Germany,117,4.0,3.5,3.5,Hotel,2017,11,0
11611,Munich,Germany,80,5.6,3.0,4.0,Hotel,2017,11,0
11612,Munich,Germany,85,7.5,3.0,3.7,Hotel,2017,11,0
11613,Munich,Germany,202,7.8,4.0,4.5,Hotel,2017,11,0
11614,Munich,Germany,92,6.0,3.0,4.3,Hotel,2017,11,0
11615,Munich,Germany,82,8.3,2.5,3.7,Hotel,2017,11,0
11616,Munich,Germany,89,8.1,3.0,3.9,Hotel,2017,11,0
11617,Munich,Germany,93,9.2,4.0,3.5,Hotel,2017,11,0
11618,Munich,Germany,127,5.2,3.0,4.1,Hotel,2017,11,0
11619,Munich,Germany,189,5.6,4.5,4.5,Hotel,2017,11,0
11620,Munich,Germany,88,6.2,3.0,4.3,Hotel,2017,11,0
11621,Munich,Germany,90,5.1,4.0,4.5,Apartment,2017,11,0
11622,Munich,Germany,130,6.1,4.0,4.3,Hotel,2017,11,0
11623,Munich,Germany,85,4.0,3.0,4.0,Hotel,2017,11,0
11625,Munich,Germany,77,13.0,3.0,3.0,Hotel,2017,11,0
11626,Munich,Germany,161,14.0,4.0,4.8,Hotel,2017,11,0
11627,Munich,Germany,106,3.7,3.0,4.0,Hotel,2017,11,0
11628,Munich,Germany,125,0.9,4.0,4.4,Apart-hotel,2017,11,0
11629,Munich,Germany,33,1.0,2.0,2.7,Hotel,2017,11,0
11630,Munich,Germany,103,1.0,2.5,4.3,Hotel,2017,11,0
11631,Munich,Germany,196,1.1,4.0,4.5,Hotel,2017,11,0
11632,Munich,Germany,98,1.6,4.0,4.1,Hotel,2017,11,0
11633,Munich,Germany,130,2.5,3.0,3.9,Apartment,2017,11,0
11634,Munich,Germany,127,1.9,3.0,4.4,Hotel,2017,11,0
11635,Munich,Germany,121,1.2,4.0,4.0,Hotel,2017,11,0
11636,Munich,Germany,126,2.4,3.0,4.4,Hotel,2017,11,0
11637,Munich,Germany,99,2.7,3.5,4.5,Hotel,2017,11,0
11638,Munich,Germany,125,1.5,3.0,4.0,Hotel,2017,11,0
11639,Munich,Germany,114,1.5,3.5,4.0,Hotel,2017,11,0
11640,Munich,Germany,121,1.3,3.0,4.0,Hotel,2017,11,0
11641,Munich,Germany,185,1.3,4.0,4.1,Hotel,2017,11,0
11642,Munich,Germany,142,2.1,3.0,3.9,Hotel,2017,11,0
11643,Munich,Germany,91,18.0,3.5,3.9,Hotel,2017,11,0
11644,Munich,Germany,139,18.0,3.0,4.5,Hotel,2017,11,0
11645,Munich,Germany,118,19.0,3.0,3.7,Hotel,2017,11,0
11646,Munich,Germany,114,19.0,3.0,3.9,Hotel,2017,11,0
11647,Munich,Germany,132,19.0,4.0,3.9,Hotel,2017,11,0
11648,Munich,Germany,117,19.0,3.5,4.1,Hotel,2017,11,0
11649,Munich,Germany,289,18.0,4.5,4.4,Hotel,2017,11,0
11650,Munich,Germany,109,3.8,3.0,4.1,Hotel,2017,11,0
11651,Munich,Germany,103,2.1,3.5,3.9,Hotel,2017,11,0
11652,Munich,Germany,72,2.1,2.5,3.9,Hotel,2017,11,0
11653,Munich,Germany,165,7.7,3.0,4.1,Hotel,2017,11,0
11654,Munich,Germany,161,7.7,3.5,4.5,Hotel,2017,11,0
11655,Munich,Germany,127,11.0,3.0,4.3,Hotel,2017,11,0
11657,Munich,Germany,109,3.0,3.0,4.5,Hotel,2017,11,0
11659,Munich,Germany,297,2.8,4.0,4.0,Hotel,2017,11,0
11660,Munich,Germany,140,3.4,3.0,3.7,Hotel,2017,11,0
11661,Munich,Germany,171,3.4,4.0,4.0,Hotel,2017,11,0
11662,Munich,Germany,72,1.5,2.0,3.2,Hostel,2017,11,0
11663,Munich,Germany,145,1.5,3.5,3.7,Pension,2017,11,0
11664,Munich,Germany,138,1.4,4.0,3.5,Hotel,2017,11,0
11665,Munich,Germany,161,2.1,3.5,3.9,Hotel,2017,11,0
11666,Munich,Germany,238,2.3,4.0,4.0,Hotel,2017,11,0
11667,Munich,Germany,122,3.2,2.5,4.0,Hotel,2017,11,0
11668,Munich,Germany,149,3.2,3.0,4.1,Hotel,2017,11,0
11669,Munich,Germany,176,3.0,4.0,4.0,Hotel,2017,11,0
11670,Munich,Germany,155,2.1,4.0,4.1,Hotel,2017,11,0
11671,Munich,Germany,97,1.6,3.0,4.8,Hotel,2017,11,0
11672,Munich,Germany,196,2.8,,4.4,Hotel,2017,11,0
11673,Munich,Germany,124,3.0,2.5,4.0,Hotel,2017,11,0
11674,Munich,Germany,78,1.9,3.0,3.5,Hotel,2017,11,0
11675,Munich,Germany,96,2.0,4.0,4.0,Hotel,2017,11,0
11676,Munich,Germany,188,2.1,4.0,4.5,Hotel,2017,11,0
11677,Munich,Germany,145,1.9,4.0,4.1,Hotel,2017,11,0
11678,Munich,Germany,124,2.0,4.0,3.7,Apart-hotel,2017,11,0
11679,Munich,Germany,101,1.9,3.0,3.5,Hotel,2017,11,0
11680,Munich,Germany,121,3.2,3.0,3.9,Hotel,2017,11,0
11681,Munich,Germany,88,2.9,3.0,4.0,Hotel,2017,11,0
11683,Munich,Germany,112,3.7,4.0,3.7,Hotel,2017,11,0
11684,Munich,Germany,97,3.8,4.0,4.0,Hotel,2017,11,0
11685,Munich,Germany,110,3.7,,4.0,Hotel,2017,11,0
11689,Munich,Germany,94,2.3,3.0,3.9,Hotel,2017,11,0
11690,Munich,Germany,85,2.3,2.5,4.5,Hotel,2017,11,0
11691,Munich,Germany,80,6.1,2.5,3.7,Hotel,2017,11,0
11692,Munich,Germany,92,5.9,3.0,4.0,Hotel,2017,11,0
11693,Munich,Germany,156,6.3,4.0,4.4,Hotel,2017,11,0
11694,Munich,Germany,107,5.7,4.0,4.4,Hotel,2017,11,0
11695,Munich,Germany,100,6.3,3.5,4.1,Hotel,2017,11,0
11696,Munich,Germany,103,6.0,3.0,4.5,Apartment,2017,11,0
11697,Munich,Germany,258,10.0,4.0,4.4,Hotel,2017,11,0
11699,Munich,Germany,170,9.3,3.0,4.0,Hotel,2017,11,0
11701,Munich,Germany,78,11.0,3.0,3.7,Hotel,2017,11,0
11702,Munich,Germany,148,11.0,,4.4,Hotel,2017,11,0
11703,Munich,Germany,111,10.0,4.0,4.4,Hotel,2017,11,0
11704,Munich,Germany,87,10.0,3.0,3.9,Hotel,2017,11,0
11705,Munich,Germany,104,9.6,4.0,4.5,Hotel,2017,11,0
11706,Naples,Italy,69,7.2,,4.0,Inn,2017,11,0
11707,Naples,Italy,38,4.3,3.0,3.7,Hotel,2017,11,0
11708,Naples,Italy,71,9.5,3.0,4.0,Hotel,2017,11,0
11709,Naples,Italy,75,9.7,4.0,4.0,Hotel,2017,11,0
11710,Naples,Italy,73,9.7,,4.0,Guest House,2017,11,0
11711,Naples,Italy,50,5.8,3.0,4.5,Hotel,2017,11,0
11712,Naples,Italy,95,6.4,4.0,4.0,Hotel,2017,11,0
11714,Naples,Italy,50,3.8,3.5,3.5,Hotel,2017,11,0
11716,Naples,Italy,66,5.2,3.0,4.3,Hotel,2017,11,0
11717,Naples,Italy,63,4.4,3.0,3.7,Hotel,2017,11,0
11718,Naples,Italy,62,5.5,3.0,3.0,Hotel,2017,11,0
11719,Naples,Italy,101,4.2,4.0,3.5,Hotel,2017,11,0
11720,Naples,Italy,78,4.2,3.0,3.5,Hotel,2017,11,0
11721,Naples,Italy,90,4.8,4.0,4.3,Hotel,2017,11,0
11722,Naples,Italy,75,4.4,3.0,3.7,Hotel,2017,11,0
11723,Naples,Italy,87,5.2,4.0,3.5,Hotel,2017,11,0
11724,Naples,Italy,101,9.4,4.0,3.5,Hotel,2017,11,0
11725,Naples,Italy,53,5.6,3.0,4.0,Bed and breakfast,2017,11,0
11726,Naples,Italy,83,5.4,4.0,4.1,Hotel,2017,11,0
11727,Naples,Italy,60,5.2,,,Bed and breakfast,2017,11,0
11728,Naples,Italy,50,6.7,,4.8,Bed and breakfast,2017,11,0
11729,Naples,Italy,46,5.5,,,Guest House,2017,11,0
11730,Naples,Italy,47,5.6,3.0,4.4,Hotel,2017,11,0
11731,Naples,Italy,58,5.8,,4.3,Bed and breakfast,2017,11,0
11732,Naples,Italy,69,5.4,,3.7,Bed and breakfast,2017,11,0
11733,Naples,Italy,69,5.4,,5.0,Guest House,2017,11,0
11734,Naples,Italy,53,5.6,,4.6,Bed and breakfast,2017,11,0
11735,Naples,Italy,1125,5.7,4.0,3.9,Hotel,2017,11,0
11736,Naples,Italy,46,6.8,,3.9,Bed and breakfast,2017,11,0
11737,Naples,Italy,85,5.2,4.0,3.7,Hotel,2017,11,0
11738,Naples,Italy,75,6.8,,4.1,Bed and breakfast,2017,11,0
11739,Naples,Italy,73,6.6,3.5,3.9,Hotel,2017,11,0
11740,Naples,Italy,49,6.8,,4.5,Bed and breakfast,2017,11,0
11741,Naples,Italy,73,3.2,3.0,3.9,Hotel,2017,11,0
11742,Naples,Italy,180,3.5,,,Bed and breakfast,2017,11,0
11743,Naples,Italy,141,3.6,4.0,4.4,Hotel,2017,11,0
11744,Naples,Italy,77,2.7,,,Apartment,2017,11,0
11745,Naples,Italy,111,4.0,3.0,4.5,Hotel,2017,11,0
11746,Naples,Italy,88,3.3,,4.3,Guest House,2017,11,0
11747,Naples,Italy,78,4.5,3.0,2.7,Hotel,2017,11,0
11748,Naples,Italy,111,4.5,4.0,4.3,Hotel,2017,11,0
11749,Naples,Italy,100,4.6,4.0,3.9,Hotel,2017,11,0
11750,Naples,Italy,92,4.1,4.0,3.0,Hotel,2017,11,0
11751,Naples,Italy,101,3.0,3.0,3.2,Hotel,2017,11,0
11752,Naples,Italy,69,4.0,3.0,4.0,Hotel,2017,11,0
11754,Naples,Italy,56,12.0,3.0,3.2,Hotel,2017,11,0
11755,Naples,Italy,45,12.0,3.0,4.4,Hotel,2017,11,0
11756,Naples,Italy,62,12.0,4.0,3.5,Hotel,2017,11,0
11757,Naples,Italy,90,12.0,4.0,4.0,Hotel,2017,11,0
11758,Naples,Italy,50,11.0,,3.7,Inn,2017,11,0
11759,Naples,Italy,53,12.0,,5.0,Inn,2017,11,0
11760,Naples,Italy,50,9.8,2.0,4.6,Hotel,2017,11,0
11761,Naples,Italy,77,12.0,4.0,4.1,Hotel,2017,11,0
11762,Naples,Italy,56,11.0,,4.4,Inn,2017,11,0
11763,Naples,Italy,39,8.6,3.0,4.0,Hotel,2017,11,0
11764,Naples,Italy,28,12.0,,3.5,Inn,2017,11,0
11765,Naples,Italy,39,12.0,,2.5,Inn,2017,11,0
11766,Naples,Italy,52,9.5,3.0,4.3,Hotel,2017,11,0
11767,Naples,Italy,55,0.8,,,Apartment,2017,11,0
11768,Naples,Italy,78,0.4,,,Apartment,2017,11,0
11769,Naples,Italy,88,0.2,,,Bed and breakfast,2017,11,0
11771,Naples,Italy,124,0.3,,,Guest House,2017,11,0
11773,Naples,Italy,58,0.6,,,Apartment,2017,11,0
11774,Naples,Italy,101,0.2,4.0,3.9,Hotel,2017,11,0
11776,Naples,Italy,67,0.3,3.0,4.0,Hotel,2017,11,0
11777,Naples,Italy,73,0.5,,3.5,Bed and breakfast,2017,11,0
11779,Naples,Italy,77,0.1,,2.7,Bed and breakfast,2017,11,0
11780,Naples,Italy,77,0.1,,3.2,Guest House,2017,11,0
11781,Naples,Italy,67,0.1,2.0,3.2,Hotel,2017,11,0
11782,Naples,Italy,95,0.5,,4.0,Bed and breakfast,2017,11,0
11783,Naples,Italy,88,0.5,,4.6,Guest House,2017,11,0
11784,Naples,Italy,81,0.3,,3.9,Bed and breakfast,2017,11,0
11785,Naples,Italy,88,0.1,,4.3,Apartment,2017,11,0
11786,Naples,Italy,100,0.2,4.0,4.5,Hotel,2017,11,0
11787,Naples,Italy,121,0.6,4.0,4.1,Hotel,2017,11,0
11788,Naples,Italy,130,0.5,4.0,4.0,Hotel,2017,11,0
11789,Naples,Italy,75,0.7,,4.4,Guest House,2017,11,0
11790,Naples,Italy,92,1.1,4.0,4.1,Hotel,2017,11,0
11792,Naples,Italy,73,0.0,,3.9,Guest House,2017,11,0
11793,Naples,Italy,135,0.0,,4.9,Guest House,2017,11,0
11794,Naples,Italy,118,0.6,4.0,3.2,Hotel,2017,11,0
11795,Naples,Italy,120,0.3,4.0,3.7,Hotel,2017,11,0
11796,Naples,Italy,77,0.8,,5.0,Bed and breakfast,2017,11,0
11797,Naples,Italy,56,0.8,,3.9,Bed and breakfast,2017,11,0
11798,Naples,Italy,76,0.8,,4.0,Bed and breakfast,2017,11,0
11801,Naples,Italy,67,0.0,,1.0,Guest House,2017,11,0
11802,Naples,Italy,74,0.0,,,Apartment,2017,11,0
11804,Naples,Italy,75,0.4,,,Apartment,2017,11,0
11805,Naples,Italy,110,0.5,,4.5,Bed and breakfast,2017,11,0
11806,Naples,Italy,76,0.1,,5.0,Bed and breakfast,2017,11,0
11807,Naples,Italy,51,0.5,,4.1,Bed and breakfast,2017,11,0
11808,Naples,Italy,92,0.6,,4.5,Bed and breakfast,2017,11,0
11810,Naples,Italy,67,0.4,,,Guest House,2017,11,0
11811,Naples,Italy,92,0.2,,,Apartment,2017,11,0
11812,Naples,Italy,101,1.6,,4.1,Bed and breakfast,2017,11,0
11813,Naples,Italy,81,0.5,3.0,4.5,Hotel,2017,11,0
11814,Naples,Italy,112,0.1,,3.0,Bed and breakfast,2017,11,0
11815,Naples,Italy,106,0.5,,5.0,Guest House,2017,11,0
11816,Naples,Italy,104,1.5,,,Apartment,2017,11,0
11817,Naples,Italy,59,0.6,,3.0,Bed and breakfast,2017,11,0
11818,Naples,Italy,78,0.4,,5.0,Guest House,2017,11,0
11819,Naples,Italy,60,0.3,,4.0,Bed and breakfast,2017,11,0
11821,Naples,Italy,123,0.1,,3.7,Guest House,2017,11,0
11822,Naples,Italy,208,1.0,4.0,4.5,Hotel,2017,11,0
11823,Naples,Italy,90,0.4,,4.9,Guest House,2017,11,0
11825,Naples,Italy,76,0.5,,,Apartment,2017,11,0
11826,Naples,Italy,184,0.3,4.0,4.6,Hotel,2017,11,0
11827,Naples,Italy,69,0.5,3.0,3.5,Hotel,2017,11,0
11828,Naples,Italy,90,0.6,,4.8,Bed and breakfast,2017,11,0
11829,Naples,Italy,56,0.9,,,Bed and breakfast,2017,11,0
11830,Naples,Italy,191,0.8,4.0,4.3,Hotel,2017,11,0
11831,Naples,Italy,76,0.1,,4.4,Bed and breakfast,2017,11,0
11832,Naples,Italy,84,0.6,3.0,3.5,Hotel,2017,11,0
11833,Naples,Italy,101,0.7,,4.1,Bed and breakfast,2017,11,0
11834,Naples,Italy,488,0.7,3.0,3.7,Hotel,2017,11,0
11835,Naples,Italy,103,0.6,,3.5,Guest House,2017,11,0
11836,Naples,Italy,51,0.7,,4.5,Bed and breakfast,2017,11,0
11837,Naples,Italy,84,0.7,,,Apartment,2017,11,0
11838,Naples,Italy,83,0.7,3.0,3.7,Hotel,2017,11,0
11839,Naples,Italy,77,1.0,,4.0,Guest House,2017,11,0
11840,Naples,Italy,78,1.0,,3.5,Bed and breakfast,2017,11,0
11841,Naples,Italy,78,1.0,,5.0,Guest House,2017,11,0
11842,Naples,Italy,101,1.0,,,Guest House,2017,11,0
11843,Naples,Italy,118,1.0,,4.0,Bed and breakfast,2017,11,0
11844,Naples,Italy,85,0.1,,,Bed and breakfast,2017,11,0
11845,Naples,Italy,54,0.8,,,Apartment,2017,11,0
11846,Naples,Italy,258,0.2,5.0,4.1,Hotel,2017,11,0
11847,Naples,Italy,133,0.5,,3.5,Bed and breakfast,2017,11,0
11849,Naples,Italy,142,0.5,,3.2,Bed and breakfast,2017,11,0
11850,Naples,Italy,127,0.2,4.0,4.0,Hotel,2017,11,0
11851,Naples,Italy,180,0.3,4.0,4.5,Hotel,2017,11,0
11852,Naples,Italy,72,0.2,,4.8,Bed and breakfast,2017,11,0
11853,Naples,Italy,88,0.2,,3.0,Guest House,2017,11,0
11854,Naples,Italy,88,0.2,,4.1,Guest House,2017,11,0
11855,Naples,Italy,90,0.2,3.0,3.7,Hotel,2017,11,0
11856,Naples,Italy,100,0.2,3.0,3.7,Bed and breakfast,2017,11,0
11857,Naples,Italy,57,0.6,,3.5,Guest House,2017,11,0
11858,Naples,Italy,88,0.4,,2.0,Apartment,2017,11,0
11859,Naples,Italy,113,0.5,,,Inn,2017,11,0
11860,Naples,Italy,67,0.7,,4.4,Bed and breakfast,2017,11,0
11861,Naples,Italy,90,0.8,,4.4,Apartment,2017,11,0
11862,Naples,Italy,67,0.4,3.0,4.5,Bed and breakfast,2017,11,0
11863,Naples,Italy,104,0.6,,4.5,Apartment,2017,11,0
11864,Naples,Italy,81,1.2,4.0,3.5,Hotel,2017,11,0
11865,Naples,Italy,62,0.9,,3.9,Bed and breakfast,2017,11,0
11866,Naples,Italy,78,0.9,,4.9,Bed and breakfast,2017,11,0
11867,Naples,Italy,91,0.6,3.0,4.1,Hotel,2017,11,0
11868,Naples,Italy,75,0.5,,3.2,Bed and breakfast,2017,11,0
11869,Naples,Italy,128,0.8,,4.9,Bed and breakfast,2017,11,0
11870,Naples,Italy,77,0.7,,,Bed and breakfast,2017,11,0
11871,Naples,Italy,56,0.2,,4.3,Guest House,2017,11,0
11873,Naples,Italy,78,0.2,,4.4,Bed and breakfast,2017,11,0
11875,Naples,Italy,80,0.5,,3.5,Apartment,2017,11,0
11876,Naples,Italy,84,0.8,,,Guest House,2017,11,0
11877,Naples,Italy,92,0.4,,4.5,Bed and breakfast,2017,11,0
11878,Naples,Italy,44,0.1,3.0,3.5,Hotel,2017,11,0
11879,Naples,Italy,98,0.2,,4.1,Bed and breakfast,2017,11,0
11880,Naples,Italy,73,0.2,,4.0,Bed and breakfast,2017,11,0
11881,Naples,Italy,100,0.2,4.0,4.3,Hotel,2017,11,0
11882,Naples,Italy,113,0.2,4.0,3.7,Hotel,2017,11,0
11883,Naples,Italy,66,0.2,1.0,3.5,Hotel,2017,11,0
11886,Naples,Italy,81,0.2,,4.5,Bed and breakfast,2017,11,0
11887,Naples,Italy,39,0.3,1.0,3.7,Hotel,2017,11,0
11888,Naples,Italy,111,0.3,,3.7,Guest House,2017,11,0
11890,Naples,Italy,97,0.4,3.0,4.0,Hotel,2017,11,0
11891,Naples,Italy,95,0.2,4.0,4.1,Hotel,2017,11,0
11892,Naples,Italy,69,0.3,,3.7,Bed and breakfast,2017,11,0
11893,Naples,Italy,70,1.0,,4.6,Apartment,2017,11,0
11894,Naples,Italy,153,0.8,4.0,4.0,Hotel,2017,11,0
11895,Naples,Italy,141,1.1,4.0,4.3,Hotel,2017,11,0
11896,Naples,Italy,95,0.2,,3.5,Bed and breakfast,2017,11,0
11897,Naples,Italy,100,0.5,4.0,4.3,Hotel,2017,11,0
11899,Naples,Italy,81,0.9,3.0,3.9,Hotel,2017,11,0
11900,Naples,Italy,133,0.9,,3.7,Bed and breakfast,2017,11,0
11901,Naples,Italy,140,1.0,4.0,4.0,Hotel,2017,11,0
11902,Naples,Italy,163,1.0,4.0,4.1,Hotel,2017,11,0
11903,Naples,Italy,138,1.0,4.0,4.4,Hotel,2017,11,0
11904,Naples,Italy,336,1.0,5.0,4.4,Hotel,2017,11,0
11905,Naples,Italy,81,0.7,,3.4,Bed and breakfast,2017,11,0
11906,Naples,Italy,61,0.7,,3.5,Bed and breakfast,2017,11,0
11907,Naples,Italy,69,0.7,,4.4,Bed and breakfast,2017,11,0
11908,Naples,Italy,73,0.6,,4.5,Bed and breakfast,2017,11,0
11910,Naples,Italy,84,0.6,,5.0,Bed and breakfast,2017,11,0
11911,Naples,Italy,143,0.3,4.0,4.5,Hotel,2017,11,0
11912,Naples,Italy,75,0.5,,4.0,Bed and breakfast,2017,11,0
11913,Naples,Italy,69,0.3,,4.3,Bed and breakfast,2017,11,0
11914,Naples,Italy,79,0.6,,4.0,Bed and breakfast,2017,11,0
11915,Naples,Italy,96,1.1,,4.5,Bed and breakfast,2017,11,0
11916,Naples,Italy,120,1.2,,3.2,Bed and breakfast,2017,11,0
11917,Naples,Italy,154,1.6,,3.2,Guest House,2017,11,0
11918,Naples,Italy,56,0.1,,3.5,Bed and breakfast,2017,11,0
11919,Naples,Italy,122,0.2,4.0,3.9,Hotel,2017,11,0
11921,Naples,Italy,69,0.8,,,Apartment,2017,11,0
11923,Naples,Italy,85,0.4,,3.5,Bed and breakfast,2017,11,0
11925,Naples,Italy,63,0.8,,4.0,Bed and breakfast,2017,11,0
11926,Naples,Italy,92,0.8,,5.0,Bed and breakfast,2017,11,0
11927,Naples,Italy,78,0.8,,4.4,Bed and breakfast,2017,11,0
11928,Naples,Italy,72,0.8,,,Bed and breakfast,2017,11,0
11929,Naples,Italy,65,0.4,,4.5,Bed and breakfast,2017,11,0
11930,Naples,Italy,91,0.3,,4.0,Guest House,2017,11,0
11931,Naples,Italy,98,0.3,,4.0,Apartment,2017,11,0
11932,Naples,Italy,134,0.2,4.0,4.0,Hotel,2017,11,0
11934,Naples,Italy,81,0.5,,,Apartment,2017,11,0
11935,Naples,Italy,86,0.4,,,Bed and breakfast,2017,11,0
11938,Naples,Italy,92,1.1,,5.0,Bed and breakfast,2017,11,0
11939,Naples,Italy,97,0.5,,3.7,Bed and breakfast,2017,11,0
11940,Naples,Italy,114,0.5,,4.5,Bed and breakfast,2017,11,0
11941,Naples,Italy,144,0.5,4.0,3.9,Hotel,2017,11,0
11942,Naples,Italy,99,0.4,,3.9,Bed and breakfast,2017,11,0
11943,Naples,Italy,58,0.2,,3.9,Guest House,2017,11,0
11944,Naples,Italy,91,0.8,,4.0,Guest House,2017,11,0
11945,Naples,Italy,152,0.9,,4.4,Bed and breakfast,2017,11,0
11946,Naples,Italy,75,0.6,,4.0,Bed and breakfast,2017,11,0
11947,Naples,Italy,86,0.7,,4.0,Bed and breakfast,2017,11,0
11948,Naples,Italy,90,0.5,,4.8,Bed and breakfast,2017,11,0
11950,Naples,Italy,81,0.1,3.0,3.9,Hotel,2017,11,0
11951,Naples,Italy,67,0.0,1.0,3.5,Hotel,2017,11,0
11953,Naples,Italy,84,0.7,,3.2,Bed and breakfast,2017,11,0
11954,Naples,Italy,81,0.5,,3.9,Bed and breakfast,2017,11,0
11955,Naples,Italy,59,0.5,3.0,4.3,Hotel,2017,11,0
11956,Naples,Italy,57,0.9,,3.9,Bed and breakfast,2017,11,0
11957,Naples,Italy,112,0.9,,4.4,Bed and breakfast,2017,11,0
11958,Naples,Italy,104,0.5,,5.0,Bed and breakfast,2017,11,0
11959,Naples,Italy,125,0.4,,4.8,Guest House,2017,11,0
11960,Naples,Italy,56,0.4,,3.7,Bed and breakfast,2017,11,0
11961,Naples,Italy,121,0.5,,4.5,Bed and breakfast,2017,11,0
11962,Naples,Italy,92,0.5,,4.3,Bed and breakfast,2017,11,0
11963,Naples,Italy,102,0.4,,4.9,Guest House,2017,11,0
11964,Naples,Italy,93,0.4,,4.0,Bed and breakfast,2017,11,0
11965,Naples,Italy,99,0.4,,5.0,Guest House,2017,11,0
11966,Naples,Italy,92,0.6,,4.4,Bed and breakfast,2017,11,0
11967,Naples,Italy,92,1.0,,4.3,Bed and breakfast,2017,11,0
11968,Naples,Italy,66,0.1,,3.5,Inn,2017,11,0
11969,Naples,Italy,78,1.1,,1.0,Apartment,2017,11,0
11970,Naples,Italy,122,0.2,,3.0,Bed and breakfast,2017,11,0
11971,Naples,Italy,91,0.2,,4.0,Guest House,2017,11,0
11972,Naples,Italy,105,0.2,3.0,4.5,Hotel,2017,11,0
11973,Naples,Italy,117,0.2,3.0,4.1,Hotel,2017,11,0
11974,Naples,Italy,46,0.2,,4.4,Hostel,2017,11,0
11975,Naples,Italy,80,0.6,,4.0,Bed and breakfast,2017,11,0
11977,Naples,Italy,73,0.5,3.0,3.9,Hotel,2017,11,0
11978,Naples,Italy,146,0.4,4.0,4.5,Hotel,2017,11,0
11979,Naples,Italy,101,1.0,,4.1,Bed and breakfast,2017,11,0
11980,Naples,Italy,52,0.5,,3.5,Bed and breakfast,2017,11,0
11982,Naples,Italy,101,0.6,,4.0,Guest House,2017,11,0
11983,Naples,Italy,93,0.5,,,Apartment,2017,11,0
11985,Naples,Italy,84,0.4,,3.2,Guest House,2017,11,0
11986,Naples,Italy,111,0.5,,4.6,Guest House,2017,11,0
11987,Naples,Italy,112,0.6,,3.4,Bed and breakfast,2017,11,0
11988,Naples,Italy,67,0.5,,4.8,Bed and breakfast,2017,11,0
11989,Naples,Italy,66,0.5,,4.1,Bed and breakfast,2017,11,0
11991,Naples,Italy,73,0.4,,5.0,Apartment,2017,11,0
11992,Naples,Italy,77,0.4,,5.0,Guest House,2017,11,0
11993,Naples,Italy,110,0.4,,4.9,Bed and breakfast,2017,11,0
11995,Naples,Italy,51,0.7,,4.3,Bed and breakfast,2017,11,0
11997,Naples,Italy,46,0.5,,2.0,Apartment,2017,11,0
11998,Naples,Italy,101,0.4,,4.5,Apartment,2017,11,0
11999,Naples,Italy,86,1.0,,4.4,Bed and breakfast,2017,11,0
12002,Naples,Italy,83,0.3,,3.0,Bed and breakfast,2017,11,0
12003,Naples,Italy,91,0.3,,,Bed and breakfast,2017,11,0
12004,Naples,Italy,66,0.0,,,Bed and breakfast,2017,11,0
12005,Naples,Italy,92,0.9,,4.0,Bed and breakfast,2017,11,0
12007,Naples,Italy,78,0.7,,4.5,Bed and breakfast,2017,11,0
12008,Naples,Italy,123,1.0,,4.9,Bed and breakfast,2017,11,0
12009,Naples,Italy,50,0.9,,3.4,Bed and breakfast,2017,11,0
12010,Naples,Italy,76,0.4,,4.5,Guest House,2017,11,0
12011,Naples,Italy,78,1.1,,5.0,Bed and breakfast,2017,11,0
12012,Naples,Italy,93,0.3,,5.0,Bed and breakfast,2017,11,0
12013,Naples,Italy,65,0.8,,,Guest House,2017,11,0
12014,Naples,Italy,90,0.7,,4.5,Bed and breakfast,2017,11,0
12017,Naples,Italy,78,0.4,,,Guest House,2017,11,0
12018,Naples,Italy,101,0.4,,4.5,Bed and breakfast,2017,11,0
12019,Naples,Italy,157,0.5,4.0,4.0,Hotel,2017,11,0
12021,Naples,Italy,101,0.4,,4.5,Inn,2017,11,0
12022,Naples,Italy,88,0.7,,4.0,Bed and breakfast,2017,11,0
12025,Naples,Italy,75,0.5,,4.5,Bed and breakfast,2017,11,0
12026,Naples,Italy,88,0.7,,,Guest House,2017,11,0
12027,Naples,Italy,98,0.5,,,Bed and breakfast,2017,11,0
12028,Naples,Italy,63,5.4,3.0,4.0,Hotel,2017,11,0
12029,Naples,Italy,56,5.2,,3.5,Inn,2017,11,0
12031,Naples,Italy,46,5.3,3.0,3.9,Hotel,2017,11,0
12033,Naples,Italy,73,1.3,,5.0,Bed and breakfast,2017,11,0
12034,Naples,Italy,51,1.4,,,Apartment,2017,11,0
12035,Naples,Italy,76,1.1,,5.0,Guest House,2017,11,0
12036,Naples,Italy,115,2.7,,,Guest House,2017,11,0
12037,Naples,Italy,147,1.8,4.0,3.9,Hotel,2017,11,0
12039,Naples,Italy,90,1.3,,,Guest House,2017,11,0
12040,Naples,Italy,67,0.9,3.0,3.4,Hotel,2017,11,0
12041,Naples,Italy,42,1.0,2.0,3.4,Hotel,2017,11,0
12043,Naples,Italy,105,1.2,4.0,4.3,Hotel,2017,11,0
12044,Naples,Italy,57,3.5,4.0,3.5,Hotel,2017,11,0
12045,Naples,Italy,47,3.7,2.0,3.5,Hotel,2017,11,0
12046,Naples,Italy,60,0.7,,3.5,Bed and breakfast,2017,11,0
12047,Naples,Italy,60,0.8,3.0,3.5,Hotel,2017,11,0
12048,Naples,Italy,67,0.8,,3.7,Bed and breakfast,2017,11,0
12049,Naples,Italy,84,0.7,,4.5,Bed and breakfast,2017,11,0
12050,Naples,Italy,80,1.4,4.0,3.7,Hotel,2017,11,0
12051,Naples,Italy,63,1.5,,,Apartment,2017,11,0
12052,Naples,Italy,54,0.9,,4.6,Bed and breakfast,2017,11,0
12053,Naples,Italy,68,0.9,,4.0,Apartment,2017,11,0
12054,Naples,Italy,58,0.9,,3.2,Bed and breakfast,2017,11,0
12055,Naples,Italy,55,0.9,3.0,4.0,Hotel,2017,11,0
12056,Naples,Italy,73,1.0,,3.5,Bed and breakfast,2017,11,0
12057,Naples,Italy,69,1.0,3.0,3.5,Hotel,2017,11,0
12058,Naples,Italy,68,1.0,3.0,3.7,Hotel,2017,11,0
12059,Naples,Italy,46,1.0,,4.0,Guest House,2017,11,0
12060,Naples,Italy,55,1.0,,4.3,Bed and breakfast,2017,11,0
12061,Naples,Italy,91,1.1,,3.4,Guest House,2017,11,0
12062,Naples,Italy,82,1.0,4.0,4.0,Hotel,2017,11,0
12063,Naples,Italy,46,1.0,3.0,3.0,Hotel,2017,11,0
12064,Naples,Italy,120,0.8,4.0,4.3,Hotel,2017,11,0
12065,Naples,Italy,67,1.0,,3.7,Guest House,2017,11,0
12066,Naples,Italy,68,0.8,3.0,3.4,Hotel,2017,11,0
12067,Naples,Italy,78,0.6,3.0,4.4,Hotel,2017,11,0
12069,Naples,Italy,92,0.6,,4.3,Bed and breakfast,2017,11,0
12070,Naples,Italy,90,0.9,,3.7,Bed and breakfast,2017,11,0
12071,Naples,Italy,79,1.0,4.0,3.5,Hotel,2017,11,0
12072,Naples,Italy,85,0.8,,3.7,Bed and breakfast,2017,11,0
12073,Naples,Italy,60,0.8,,3.7,Bed and breakfast,2017,11,0
12076,Naples,Italy,83,1.5,4.0,3.9,Hotel,2017,11,0
12077,Naples,Italy,65,0.6,4.0,3.2,Hotel,2017,11,0
12079,Naples,Italy,77,1.5,,,Bed and breakfast,2017,11,0
12080,Naples,Italy,78,1.0,,4.5,Guest House,2017,11,0
12081,Naples,Italy,78,0.8,,4.3,Bed and breakfast,2017,11,0
12082,Naples,Italy,56,4.8,3.0,3.5,Hotel,2017,11,0
12083,Naples,Italy,57,1.2,,4.0,Bed and breakfast,2017,11,0
12084,Naples,Italy,61,1.3,,4.8,Bed and breakfast,2017,11,0
12086,Naples,Italy,118,1.3,,,Bed and breakfast,2017,11,0
12087,Naples,Italy,65,1.1,3.0,2.9,Hotel,2017,11,0
12088,Naples,Italy,84,1.0,,4.3,Guest House,2017,11,0
12089,Naples,Italy,57,1.0,1.0,2.9,Hotel,2017,11,0
12091,Naples,Italy,105,1.3,,,Bed and breakfast,2017,11,0
12092,Naples,Italy,56,1.6,4.0,3.7,Hotel,2017,11,0
12093,Naples,Italy,45,1.0,3.0,2.7,Hotel,2017,11,0
12094,Naples,Italy,73,1.0,,2.7,Inn,2017,11,0
12095,Naples,Italy,61,1.0,3.0,1.8,Hotel,2017,11,0
12097,Naples,Italy,147,1.1,3.0,4.1,Hotel,2017,11,0
12098,Naples,Italy,50,1.2,,4.0,Guest House,2017,11,0
12099,Naples,Italy,48,0.8,3.0,3.5,Hotel,2017,11,0
12101,Naples,Italy,33,1.9,,4.5,Hostel,2017,11,0
12103,Naples,Italy,77,1.1,,4.9,Bed and breakfast,2017,11,0
12104,Naples,Italy,39,1.0,2.0,3.2,Hotel,2017,11,0
12105,Naples,Italy,84,1.2,,4.5,Guest House,2017,11,0
12106,Naples,Italy,78,2.6,3.0,3.5,Hotel,2017,11,0
12107,Naples,Italy,84,2.9,3.0,3.5,Hotel,2017,11,0
12108,Naples,Italy,120,1.1,4.0,3.7,Hotel,2017,11,0
12109,Naples,Italy,86,1.8,4.0,4.0,Hotel,2017,11,0
12110,Naples,Italy,37,1.2,1.0,3.2,Hotel,2017,11,0
12111,Naples,Italy,56,1.2,,4.3,Bed and breakfast,2017,11,0
12112,Naples,Italy,99,1.3,,,Bed and breakfast,2017,11,0
12114,Naples,Italy,90,0.9,,,Bed and breakfast,2017,11,0
12115,Naples,Italy,77,0.9,3.0,4.0,Hotel,2017,11,0
12116,Naples,Italy,86,3.5,,,Bed and breakfast,2017,11,0
12117,Naples,Italy,36,1.0,2.0,3.0,Hotel,2017,11,0
12118,Naples,Italy,67,2.1,3.0,3.9,Hotel,2017,11,0
12119,Naples,Italy,162,2.1,4.0,3.7,Hotel,2017,11,0
12120,Naples,Italy,61,0.8,3.0,3.5,Hotel,2017,11,0
12121,Naples,Italy,50,0.8,,3.7,Hostel,2017,11,0
12122,Naples,Italy,60,1.1,1.0,2.5,Hotel,2017,11,0
12123,Naples,Italy,90,1.2,,,Apartment,2017,11,0
12124,Naples,Italy,77,0.9,4.0,3.2,Hotel,2017,11,0
12127,Naples,Italy,39,0.9,,4.0,Bed and breakfast,2017,11,0
12128,Naples,Italy,60,0.8,,3.7,Guest House,2017,11,0
12129,Naples,Italy,61,1.7,,4.0,Bed and breakfast,2017,11,0
12130,Naples,Italy,95,0.8,4.0,4.4,Hotel,2017,11,0
12131,Naples,Italy,61,1.1,,4.1,Bed and breakfast,2017,11,0
12132,Naples,Italy,67,1.7,3.0,4.0,Hotel,2017,11,0
12133,Naples,Italy,73,3.5,,5.0,Bed and breakfast,2017,11,0
12135,Naples,Italy,61,0.9,,4.0,Bed and breakfast,2017,11,0
12136,Naples,Italy,47,0.9,3.0,3.7,Hotel,2017,11,0
12137,Naples,Italy,50,0.9,3.0,2.7,Hotel,2017,11,0
12138,Naples,Italy,72,3.1,4.0,3.7,Hotel,2017,11,0
12139,Naples,Italy,56,1.1,,3.7,Bed and breakfast,2017,11,0
12141,Naples,Italy,56,2.7,3.0,3.7,Hotel,2017,11,0
12144,Naples,Italy,80,2.5,4.0,3.2,Hotel,2017,11,0
12145,Naples,Italy,67,2.4,4.0,3.4,Hotel,2017,11,0
12146,Naples,Italy,92,1.2,,5.0,Bed and breakfast,2017,11,0
12147,Naples,Italy,67,1.0,,,Guest House,2017,11,0
12148,Naples,Italy,78,1.1,,3.2,Bed and breakfast,2017,11,0
12149,Naples,Italy,140,1.3,,4.8,Guest House,2017,11,0
12150,Naples,Italy,60,1.2,,3.9,Bed and breakfast,2017,11,0
12151,Naples,Italy,73,4.9,,,Bed and breakfast,2017,11,0
12152,Naples,Italy,63,3.9,,4.4,Bed and breakfast,2017,11,0
12153,Naples,Italy,73,1.0,,3.0,Inn,2017,11,0
12154,Naples,Italy,118,8.6,4.0,4.9,Hotel,2017,11,0
12155,Naples,Italy,84,9.1,,3.7,Inn,2017,11,0
12156,Naples,Italy,65,5.1,,,Bed and breakfast,2017,11,0
12157,Naples,Italy,56,4.1,,,Guest House,2017,11,0
12158,Naples,Italy,78,4.9,,2.7,Bed and breakfast,2017,11,0
12160,Naples,Italy,86,5.0,,3.5,Bed and breakfast,2017,11,0
12161,Naples,Italy,84,2.1,,4.0,Guest House,2017,11,0
12162,Naples,Italy,134,2.5,4.0,4.0,Hotel,2017,11,0
12163,Naples,Italy,110,2.1,,4.0,Guest House,2017,11,0
12164,Naples,Italy,97,2.0,,3.2,Bed and breakfast,2017,11,0
12165,Naples,Italy,92,1.3,,4.4,Bed and breakfast,2017,11,0
12166,Naples,Italy,98,2.0,3.0,4.5,Hotel,2017,11,0
12167,Naples,Italy,101,2.0,,3.0,Bed and breakfast,2017,11,0
12169,Naples,Italy,77,1.2,3.0,3.5,Hotel,2017,11,0
12170,Naples,Italy,95,2.0,,4.5,Bed and breakfast,2017,11,0
12171,Naples,Italy,112,2.0,,5.0,Bed and breakfast,2017,11,0
12172,Naples,Italy,85,2.1,,2.5,Bed and breakfast,2017,11,0
12173,Naples,Italy,100,2.1,,4.5,Inn,2017,11,0
12175,Naples,Italy,81,2.0,,3.0,Bed and breakfast,2017,11,0
12176,Naples,Italy,111,2.0,,,Bed and breakfast,2017,11,0
12177,Naples,Italy,91,7.3,,3.2,Bed and breakfast,2017,11,0
12178,Naples,Italy,60,9.0,4.0,4.0,Hotel,2017,11,0
12179,Naples,Italy,97,5.6,4.0,4.0,Hotel,2017,11,0
12180,Naples,Italy,66,5.3,4.0,3.2,Hotel,2017,11,0
12181,Naples,Italy,63,7.0,3.0,3.7,Hotel,2017,11,0
12182,Naples,Italy,70,7.6,3.0,3.9,Hotel,2017,11,0
12183,Naples,Italy,87,7.0,,,Guest House,2017,11,0
12184,Naples,Italy,100,6.2,4.0,4.1,Hotel,2017,11,0
12185,Naples,Italy,80,8.5,3.0,4.3,Hotel,2017,11,0
12186,Naples,Italy,73,9.9,3.0,4.4,Hotel,2017,11,0
12187,Naples,Italy,78,9.8,,,Bed and breakfast,2017,11,0
12188,Naples,Italy,90,8.4,3.0,3.0,Hotel,2017,11,0
12189,Naples,Italy,90,7.1,,4.0,Guest House,2017,11,0
12190,Naples,Italy,67,6.8,,4.0,Country House,2017,11,0
12191,Naples,Italy,56,5.5,3.0,3.4,Hotel,2017,11,0
12192,Naples,Italy,69,5.7,3.0,4.0,Hotel,2017,11,0
12193,Naples,Italy,99,9.0,4.0,4.1,Hotel,2017,11,0
12194,Naples,Italy,71,6.8,,3.9,Inn,2017,11,0
12195,Naples,Italy,50,7.1,,,Inn,2017,11,0
12197,Naples,Italy,38,8.3,3.0,3.9,Hotel,2017,11,0
12198,Naples,Italy,46,9.7,4.0,4.1,Hotel,2017,11,0
12199,Naples,Italy,56,7.8,3.0,4.0,Hotel,2017,11,0
12200,Naples,Italy,60,9.9,3.0,4.1,Hotel,2017,11,0
12201,Naples,Italy,34,7.7,,2.0,Guest House,2017,11,0
12202,Naples,Italy,75,6.8,,,Bed and breakfast,2017,11,0
12203,Naples,Italy,73,7.2,,1.0,Inn,2017,11,0
12204,Naples,Italy,106,9.7,4.0,,Hotel,2017,11,0
12205,Naples,Italy,92,6.8,3.0,3.2,Hotel,2017,11,0
12206,Naples,Italy,29,7.7,3.0,5.0,Hotel,2017,11,0
12207,Naples,Italy,59,1.8,,,Guest House,2017,11,0
12208,Naples,Italy,87,1.7,,4.4,Bed and breakfast,2017,11,0
12209,Naples,Italy,244,1.4,5.0,4.0,Hotel,2017,11,0
12211,Naples,Italy,217,1.2,,4.0,Apartment,2017,11,0
12212,Naples,Italy,63,1.8,,4.1,Bed and breakfast,2017,11,0
12213,Naples,Italy,81,5.2,4.0,3.7,Hotel,2017,11,0
12214,Naples,Italy,81,5.3,4.0,4.0,Hotel,2017,11,0
12215,Paris,France,179,7.6,4.0,3.7,Hotel,2017,11,0
12216,Paris,France,113,9.0,3.0,3.4,Hotel,2017,11,0
12217,Paris,France,57,8.9,2.0,3.2,Hotel,2017,11,0
12219,Paris,France,60,7.8,,4.1,Hotel,2017,11,0
12220,Paris,France,233,2.4,4.0,4.5,Hotel,2017,11,0
12221,Paris,France,248,2.3,3.0,4.0,Hotel,2017,11,0
12222,Paris,France,207,2.3,,4.0,Hotel,2017,11,0
12223,Paris,France,233,2.6,4.0,4.0,Hotel,2017,11,0
12224,Paris,France,252,2.4,4.0,4.0,Hotel,2017,11,0
12225,Paris,France,197,2.4,3.0,4.0,Hotel,2017,11,0
12226,Paris,France,245,2.8,4.0,4.5,Hotel,2017,11,0
12227,Paris,France,94,2.4,2.0,3.5,Hotel,2017,11,0
12228,Paris,France,192,2.5,3.0,3.7,Hotel,2017,11,0
12229,Paris,France,146,2.9,3.0,4.0,Hotel,2017,11,0
12230,Paris,France,204,2.5,4.0,4.5,Hotel,2017,11,0
12231,Paris,France,161,2.5,,3.7,Hotel,2017,11,0
12232,Paris,France,212,2.2,3.0,4.1,Hotel,2017,11,0
12235,Paris,France,161,2.5,3.0,4.0,Hotel,2017,11,0
12236,Paris,France,230,2.4,3.0,4.4,Hotel,2017,11,0
12237,Paris,France,73,2.1,3.0,2.9,Hotel,2017,11,0
12238,Paris,France,92,2.2,3.0,3.2,Hotel,2017,11,0
12239,Paris,France,170,2.4,4.0,3.9,Hotel,2017,11,0
12240,Paris,France,165,2.8,3.0,4.0,Hotel,2017,11,0
12241,Paris,France,140,2.8,3.0,4.1,Hotel,2017,11,0
12242,Paris,France,96,2.8,2.0,2.7,Hotel,2017,11,0
12243,Paris,France,104,2.1,3.0,3.7,Hotel,2017,11,0
12244,Paris,France,283,2.9,4.0,4.5,Hotel,2017,11,0
12245,Paris,France,148,2.7,3.0,3.9,Hotel,2017,11,0
12246,Paris,France,104,2.1,2.0,3.0,Hotel,2017,11,0
12250,Paris,France,168,2.6,2.0,3.9,Hotel,2017,11,0
12251,Paris,France,211,2.8,4.0,4.3,Hotel,2017,11,0
12252,Paris,France,181,2.3,3.0,3.9,Hotel,2017,11,0
12253,Paris,France,196,2.5,3.0,4.0,Hotel,2017,11,0
12254,Paris,France,186,2.6,3.0,4.0,Hotel,2017,11,0
12255,Paris,France,182,2.4,3.0,4.0,Hotel,2017,11,0
12256,Paris,France,80,2.4,,2.2,Hotel,2017,11,0
12257,Paris,France,212,2.5,3.0,4.0,Hotel,2017,11,0
12258,Paris,France,227,2.3,3.0,4.0,Hotel,2017,11,0
12259,Paris,France,258,2.6,4.0,4.0,Hotel,2017,11,0
12260,Paris,France,197,2.9,4.0,3.7,Hotel,2017,11,0
12261,Paris,France,272,1.9,4.0,4.5,Hotel,2017,11,0
12262,Paris,France,182,2.4,3.0,4.0,Hotel,2017,11,0
12263,Paris,France,206,2.5,4.0,4.5,Hotel,2017,11,0
12264,Paris,France,249,2.5,3.0,4.0,Hotel,2017,11,0
12265,Paris,France,140,2.2,3.0,4.1,Hotel,2017,11,0
12267,Paris,France,195,2.5,3.0,4.0,Hotel,2017,11,0
12268,Paris,France,243,2.5,4.0,4.0,Hotel,2017,11,0
12269,Paris,France,282,2.5,4.0,4.5,Hotel,2017,11,0
12270,Paris,France,305,2.4,5.0,4.3,Hotel,2017,11,0
12271,Paris,France,232,2.3,4.0,4.4,Hotel,2017,11,0
12272,Paris,France,165,2.4,3.0,4.0,Hotel,2017,11,0
12273,Paris,France,118,2.3,3.0,3.5,Hotel,2017,11,0
12274,Paris,France,235,2.4,3.0,4.0,Hotel,2017,11,0
12275,Paris,France,181,2.8,4.0,4.1,Hotel,2017,11,0
12276,Paris,France,225,2.6,4.0,4.0,Hotel,2017,11,0
12277,Paris,France,52,2.4,,2.7,Hotel,2017,11,0
12278,Paris,France,204,2.7,4.0,4.3,Hotel,2017,11,0
12279,Paris,France,235,2.5,,4.1,Vacation home Condo,2017,11,0
12280,Paris,France,267,2.3,3.0,4.0,Hotel,2017,11,0
12281,Paris,France,196,2.8,4.0,4.0,Hotel,2017,11,0
12282,Paris,France,126,2.6,2.0,3.5,Hotel,2017,11,0
12283,Paris,France,134,2.5,2.0,3.5,Hotel,2017,11,0
12284,Paris,France,202,2.8,4.0,4.0,Hotel,2017,11,0
12285,Paris,France,220,2.6,4.0,3.7,Hotel,2017,11,0
12286,Paris,France,940,2.2,5.0,4.6,Palace,2017,11,0
12287,Paris,France,179,2.2,3.0,4.1,Hotel,2017,11,0
12288,Paris,France,133,2.4,3.0,3.2,Hotel,2017,11,0
12289,Paris,France,351,2.3,5.0,4.5,Hotel,2017,11,0
12291,Paris,France,156,2.2,2.0,3.2,Hotel,2017,11,0
12292,Paris,France,167,2.3,3.0,3.5,Hotel,2017,11,0
12293,Paris,France,190,2.3,3.0,3.7,Hotel,2017,11,0
12294,Paris,France,248,2.5,4.0,4.6,Hotel,2017,11,0
12295,Paris,France,162,2.8,3.0,4.0,Hotel,2017,11,0
12296,Paris,France,218,2.9,4.0,4.5,Hotel,2017,11,0
12299,Paris,France,171,2.4,3.0,4.4,Hotel,2017,11,0
12300,Paris,France,189,2.6,3.0,4.0,Hotel,2017,11,0
12301,Paris,France,152,2.5,3.0,3.5,Hotel,2017,11,0
12302,Paris,France,200,2.6,3.0,3.7,Hotel,2017,11,0
12303,Paris,France,243,2.4,4.0,4.5,Hotel,2017,11,0
12304,Paris,France,239,3.1,4.0,4.5,Hotel,2017,11,0
12305,Paris,France,181,2.6,4.0,4.5,Hotel,2017,11,0
12306,Paris,France,116,2.8,3.0,3.4,Hotel,2017,11,0
12307,Paris,France,84,2.2,1.0,3.2,Hotel,2017,11,0
12309,Paris,France,218,3.0,4.0,3.4,Hotel,2017,11,0
12310,Paris,France,106,2.2,,3.2,Hotel,2017,11,0
12311,Paris,France,115,2.3,2.0,3.4,Hotel,2017,11,0
12312,Paris,France,182,2.4,3.0,4.0,Hotel,2017,11,0
12313,Paris,France,281,2.4,4.0,3.7,Hotel,2017,11,0
12314,Paris,France,254,2.4,3.0,4.4,Hotel,2017,11,0
12315,Paris,France,164,2.8,3.0,4.0,Hotel,2017,11,0
12316,Paris,France,203,2.8,3.0,4.3,Hotel,2017,11,0
12317,Paris,France,203,2.9,4.0,3.9,Hotel,2017,11,0
12318,Paris,France,237,2.5,4.0,4.0,Hotel,2017,11,0
12319,Paris,France,174,2.9,4.0,4.4,Hotel,2017,11,0
12321,Paris,France,97,6.8,3.0,3.7,Hotel,2017,11,0
12322,Paris,France,82,4.0,3.0,3.7,Apart-hotel,2017,11,0
12323,Paris,France,183,4.0,3.0,3.9,Hotel,2017,11,0
12324,Paris,France,114,4.5,2.0,3.9,Vacation home Condo,2017,11,0
12325,Paris,France,70,4.7,,3.5,Hotel,2017,11,0
12326,Paris,France,90,4.0,,4.1,Apart-hotel,2017,11,0
12327,Paris,France,104,4.5,2.0,2.7,Hotel,2017,11,0
12329,Paris,France,113,10.0,3.0,4.0,Hotel,2017,11,0
12330,Paris,France,87,10.0,2.0,3.2,Hotel,2017,11,0
12331,Paris,France,48,3.7,2.0,3.4,Hotel,2017,11,0
12332,Paris,France,62,3.7,2.0,3.2,Hotel,2017,11,0
12333,Paris,France,68,9.0,2.0,3.2,Hotel,2017,11,0
12335,Paris,France,103,8.3,3.0,3.5,Hotel,2017,11,0
12336,Paris,France,172,9.0,4.0,3.9,Hotel,2017,11,0
12337,Paris,France,38,8.7,1.0,2.2,Hotel,2017,11,0
12339,Paris,France,38,8.3,1.0,2.2,Hotel,2017,11,0
12340,Paris,France,111,4.6,3.0,3.5,Hotel,2017,11,0
12342,Paris,France,129,3.2,4.0,3.5,Hotel,2017,11,0
12343,Paris,France,107,3.3,3.0,3.5,Hotel,2017,11,0
12344,Paris,France,66,3.4,3.0,3.9,Hotel,2017,11,0
12345,Paris,France,83,3.4,3.0,3.7,Hotel,2017,11,0
12346,Paris,France,44,3.3,1.0,2.5,Hotel,2017,11,0
12347,Paris,France,64,3.3,2.0,3.0,Hotel,2017,11,0
12348,Paris,France,212,1.6,4.0,4.0,Hotel,2017,11,0
12349,Paris,France,107,1.1,,2.7,Hotel,2017,11,0
12350,Paris,France,73,1.6,,2.0,Hotel,2017,11,0
12351,Paris,France,47,1.8,,3.2,Hostel,2017,11,0
12352,Paris,France,265,1.6,4.0,4.5,Hotel,2017,11,0
12353,Paris,France,139,1.7,2.0,3.5,Hotel,2017,11,0
12354,Paris,France,74,1.8,,3.2,Hotel,2017,11,0
12355,Paris,France,111,1.2,3.0,3.5,Hotel,2017,11,0
12356,Paris,France,166,2.1,3.0,3.5,Hotel,2017,11,0
12357,Paris,France,87,1.8,,2.9,Hotel,2017,11,0
12359,Paris,France,175,2.7,3.0,3.5,Hotel,2017,11,0
12360,Paris,France,148,1.1,3.0,4.0,Hotel,2017,11,0
12362,Paris,France,161,2.0,3.0,4.0,Hotel,2017,11,0
12366,Paris,France,78,1.1,2.0,3.4,Hotel,2017,11,0
12367,Paris,France,185,1.4,3.0,3.7,Hotel,2017,11,0
12368,Paris,France,191,1.8,2.0,2.2,Hotel,2017,11,0
12369,Paris,France,85,1.7,3.0,3.0,Hotel,2017,11,0
12370,Paris,France,81,1.8,,3.0,Hotel,2017,11,0
12371,Paris,France,216,2.2,,4.5,Cabin / Lodge,2017,11,0
12372,Paris,France,50,1.4,,2.4,Hotel,2017,11,0
12374,Paris,France,145,1.1,3.0,4.1,Hotel,2017,11,0
12375,Paris,France,106,2.1,2.0,2.2,Hotel,2017,11,0
12376,Paris,France,123,1.4,2.0,3.7,Hotel,2017,11,0
12377,Paris,France,287,2.0,5.0,4.5,Hotel,2017,11,0
12378,Paris,France,81,1.4,2.0,3.4,Hotel,2017,11,0
12379,Paris,France,190,1.1,3.0,4.1,Hotel,2017,11,0
12380,Paris,France,116,1.9,2.0,3.5,Hotel,2017,11,0
12381,Paris,France,149,2.3,3.0,4.4,Hotel,2017,11,0
12382,Paris,France,94,1.4,,,Hotel,2017,11,0
12383,Paris,France,152,2.4,3.0,4.3,Hotel,2017,11,0
12384,Paris,France,125,1.8,2.0,4.0,Hotel,2017,11,0
12385,Paris,France,179,1.1,3.0,4.3,Hotel,2017,11,0
12386,Paris,France,167,1.5,3.0,3.9,Hotel,2017,11,0
12387,Paris,France,95,1.6,,3.7,Hotel,2017,11,0
12388,Paris,France,64,1.8,,2.4,Hotel,2017,11,0
12390,Paris,France,52,1.8,,2.5,Hotel,2017,11,0
12391,Paris,France,186,1.3,3.0,4.3,Hotel,2017,11,0
12392,Paris,France,222,1.3,3.0,4.0,Vacation home Condo,2017,11,0
12393,Paris,France,122,1.8,3.0,2.5,Hotel,2017,11,0
12395,Paris,France,133,1.3,3.0,4.5,Hotel,2017,11,0
12396,Paris,France,115,1.9,3.0,4.0,Hotel,2017,11,0
12397,Paris,France,87,1.8,,2.7,Hotel,2017,11,0
12398,Paris,France,187,1.2,3.0,4.3,Hotel,2017,11,0
12399,Paris,France,73,1.9,,2.2,Hotel,2017,11,0
12400,Paris,France,142,1.3,3.0,3.9,Hotel,2017,11,0
12401,Paris,France,139,1.1,3.0,3.5,Hotel,2017,11,0
12402,Paris,France,82,1.8,,2.9,Hotel,2017,11,0
12403,Paris,France,170,1.2,4.0,4.8,Hotel,2017,11,0
12404,Paris,France,146,2.6,3.0,3.4,Hotel,2017,11,0
12405,Paris,France,171,1.1,4.0,4.3,Hotel,2017,11,0
12406,Paris,France,130,1.3,3.0,3.9,Hotel,2017,11,0
12407,Paris,France,181,1.1,4.0,4.5,Hotel,2017,11,0
12408,Paris,France,219,1.7,4.0,4.0,Hotel,2017,11,0
12409,Paris,France,123,1.1,3.0,3.7,Hotel,2017,11,0
12410,Paris,France,99,1.7,,4.3,Hostel,2017,11,0
12411,Paris,France,134,1.3,3.0,4.4,Hotel,2017,11,0
12412,Paris,France,52,1.8,,3.4,Hostel,2017,11,0
12413,Paris,France,66,1.6,,3.2,Hotel,2017,11,0
12414,Paris,France,106,1.4,2.0,3.0,Hotel,2017,11,0
12415,Paris,France,213,1.8,4.0,4.5,Hotel,2017,11,0
12417,Paris,France,228,1.3,4.0,4.5,Hotel,2017,11,0
12418,Paris,France,73,1.3,2.0,2.7,Hotel,2017,11,0
12419,Paris,France,176,1.9,3.0,4.0,Hotel,2017,11,0
12421,Paris,France,119,1.7,,,Hotel,2017,11,0
12422,Paris,France,140,1.7,3.0,3.7,Hotel,2017,11,0
12423,Paris,France,131,1.6,3.0,3.9,Hotel,2017,11,0
12424,Paris,France,253,1.2,,5.0,Apartment,2017,11,0
12427,Paris,France,63,1.7,1.0,2.7,Hotel,2017,11,0
12428,Paris,France,143,2.4,3.0,3.7,Hotel,2017,11,0
12429,Paris,France,140,1.7,3.0,3.7,Hotel,2017,11,0
12430,Paris,France,195,2.0,3.0,3.9,Hotel,2017,11,0
12431,Paris,France,188,2.2,,4.0,Hotel,2017,11,0
12432,Paris,France,156,1.7,3.0,4.0,Hotel,2017,11,0
12433,Paris,France,166,2.2,4.0,3.7,Hotel,2017,11,0
12434,Paris,France,145,2.2,4.0,3.5,Hotel,2017,11,0
12435,Paris,France,118,1.7,2.0,3.5,Hotel,2017,11,0
12436,Paris,France,135,1.7,3.0,4.4,Hotel,2017,11,0
12437,Paris,France,84,2.3,3.0,3.5,Hotel,2017,11,0
12438,Paris,France,170,2.0,3.0,4.1,Hotel,2017,11,0
12439,Paris,France,88,1.8,,3.5,Hotel,2017,11,0
12441,Paris,France,152,1.7,3.0,3.5,Hotel,2017,11,0
12442,Paris,France,97,2.2,2.0,3.0,Hotel,2017,11,0
12443,Paris,France,157,1.9,,3.0,Hotel,2017,11,0
12444,Paris,France,122,1.9,3.0,3.7,Hotel,2017,11,0
12446,Paris,France,87,2.3,2.0,3.7,Hotel,2017,11,0
12447,Paris,France,80,1.7,,3.0,Hotel,2017,11,0
12448,Paris,France,211,2.1,3.0,4.5,Hotel,2017,11,0
12449,Paris,France,123,2.6,3.0,3.5,Hotel,2017,11,0
12450,Paris,France,177,1.7,2.0,4.4,Hotel,2017,11,0
12451,Paris,France,68,2.3,3.0,3.2,Hotel,2017,11,0
12452,Paris,France,134,1.8,3.0,3.7,Hotel,2017,11,0
12453,Paris,France,90,1.7,2.0,3.0,Hotel,2017,11,0
12454,Paris,France,157,1.9,3.0,3.5,Hotel,2017,11,0
12455,Paris,France,211,1.7,4.0,4.5,Hotel,2017,11,0
12456,Paris,France,212,2.0,3.0,4.5,Hotel,2017,11,0
12457,Paris,France,60,2.0,,3.0,Hotel,2017,11,0
12458,Paris,France,103,2.1,3.0,3.0,Hotel,2017,11,0
12459,Paris,France,219,1.9,4.0,4.0,Hotel,2017,11,0
12460,Paris,France,118,1.9,3.0,4.5,Hotel,2017,11,0
12461,Paris,France,78,1.8,,3.2,Hotel,2017,11,0
12462,Paris,France,116,2.1,,4.1,Hotel,2017,11,0
12463,Paris,France,83,1.7,,1.8,Hotel,2017,11,0
12464,Paris,France,63,2.3,,3.2,Hotel,2017,11,0
12465,Paris,France,76,2.2,3.0,2.7,Hotel,2017,11,0
12466,Paris,France,80,1.9,,3.5,Hostel,2017,11,0
12468,Paris,France,202,1.7,3.0,4.0,Hotel,2017,11,0
12469,Paris,France,280,2.9,4.0,4.5,Hotel,2017,11,0
12470,Paris,France,190,2.9,,4.0,Vacation home Condo,2017,11,0
12471,Paris,France,138,2.7,2.0,4.0,Hotel,2017,11,0
12472,Paris,France,173,1.9,3.0,3.5,Hotel,2017,11,0
12474,Paris,France,212,1.6,,3.2,Vacation home Condo,2017,11,0
12475,Paris,France,113,1.6,,2.0,Hotel,2017,11,0
12476,Paris,France,146,3.4,3.0,3.7,Hotel,2017,11,0
12477,Paris,France,247,1.6,3.0,3.5,Hotel,2017,11,0
12479,Paris,France,225,1.5,4.0,4.3,Hotel,2017,11,0
12480,Paris,France,175,2.1,3.0,4.0,Vacation home Condo,2017,11,0
12483,Paris,France,131,3.1,3.0,3.2,Hotel,2017,11,0
12484,Paris,France,213,2.1,3.0,3.7,Vacation home Condo,2017,11,0
12485,Paris,France,122,3.1,3.0,3.9,Hotel,2017,11,0
12486,Paris,France,196,2.8,3.0,4.0,Hotel,2017,11,0
12487,Paris,France,202,1.8,3.0,4.0,Hotel,2017,11,0
12488,Paris,France,165,1.6,3.0,3.7,Hotel,2017,11,0
12489,Paris,France,215,2.9,3.0,4.0,Hotel,2017,11,0
12491,Paris,France,258,1.9,4.0,4.3,Hotel,2017,11,0
12492,Paris,France,126,2.7,3.0,4.0,Hotel,2017,11,0
12493,Paris,France,134,2.9,3.0,4.0,Hotel,2017,11,0
12494,Paris,France,100,3.5,,3.7,Vacation home Condo,2017,11,0
12495,Paris,France,175,2.6,4.0,4.4,Hotel,2017,11,0
12496,Paris,France,88,2.9,,2.7,Hotel,2017,11,0
12497,Paris,France,139,1.6,2.0,3.0,Hotel,2017,11,0
12499,Paris,France,212,1.6,3.0,4.1,Hotel,2017,11,0
12500,Paris,France,135,2.7,2.0,4.1,Hotel,2017,11,0
12501,Paris,France,157,3.3,3.0,4.0,Hotel,2017,11,0
12502,Paris,France,179,1.9,2.0,3.7,Hotel,2017,11,0
12505,Paris,France,176,2.3,3.0,4.0,Vacation home Condo,2017,11,0
12506,Paris,France,202,1.7,3.0,3.7,Hotel,2017,11,0
12507,Paris,France,162,1.6,3.0,3.4,Hotel,2017,11,0
12508,Paris,France,111,2.2,2.0,3.7,Hotel,2017,11,0
12510,Paris,France,150,2.8,3.0,3.9,Hotel,2017,11,0
12511,Paris,France,166,3.1,4.0,4.0,Hotel,2017,11,0
12513,Paris,France,213,1.9,3.0,3.9,Hotel,2017,11,0
12514,Paris,France,151,1.9,,3.9,Hotel,2017,11,0
12515,Paris,France,117,2.3,2.0,3.5,Hotel,2017,11,0
12519,Paris,France,143,2.3,3.0,3.5,Hotel,2017,11,0
12520,Paris,France,174,2.4,,4.4,Apart-hotel,2017,11,0
12521,Paris,France,180,1.7,3.0,3.4,Hotel,2017,11,0
12522,Paris,France,212,2.0,3.0,3.5,Hotel,2017,11,0
12526,Paris,France,147,3.2,4.0,3.9,Hotel,2017,11,0
12527,Paris,France,130,2.9,,4.5,Hotel,2017,11,0
12528,Paris,France,186,1.9,4.0,3.7,Hotel,2017,11,0
12529,Paris,France,213,1.5,3.0,4.1,Hotel,2017,11,0
12531,Paris,France,212,1.4,3.0,4.0,Hotel,2017,11,0
12533,Paris,France,114,2.7,3.0,3.7,Hotel,2017,11,0
12534,Paris,France,186,1.8,4.0,4.5,Hotel,2017,11,0
12536,Paris,France,121,3.0,3.0,3.5,Hotel,2017,11,0
12537,Paris,France,219,2.4,4.0,4.0,Hotel,2017,11,0
12538,Paris,France,247,1.6,3.0,3.9,Hotel,2017,11,0
12540,Paris,France,159,1.8,,2.5,Hotel,2017,11,0
12541,Paris,France,155,3.1,3.0,2.7,Hotel,2017,11,0
12543,Paris,France,59,6.9,,4.0,Hotel,2017,11,0
12544,Paris,France,59,7.3,,3.5,Hotel,2017,11,0
12545,Paris,France,77,6.0,3.0,2.9,Hotel,2017,11,0
12546,Paris,France,87,6.0,3.0,3.7,Hotel,2017,11,0
12547,Paris,France,53,4.7,3.0,3.0,Hotel,2017,11,0
12548,Paris,France,80,5.4,2.0,3.9,Hotel,2017,11,0
12549,Paris,France,127,4.9,,4.4,Guest House,2017,11,0
12551,Paris,France,159,4.7,4.0,4.1,Hotel,2017,11,0
12552,Paris,France,61,6.9,2.0,3.5,Hotel,2017,11,0
12553,Paris,France,156,8.4,4.0,3.5,Hotel,2017,11,0
12554,Paris,France,136,4.9,2.0,4.0,Hotel,2017,11,0
12555,Paris,France,104,4.9,,3.4,Apartment,2017,11,0
12556,Paris,France,180,5.5,2.0,3.7,Hotel,2017,11,0
12557,Paris,France,300,5.2,4.0,4.5,Hotel,2017,11,0
12562,Paris,France,152,5.0,2.0,3.7,Hotel,2017,11,0
12563,Paris,France,140,5.0,2.0,2.7,Hotel,2017,11,0
12564,Paris,France,211,4.8,3.0,3.7,Hotel,2017,11,0
12566,Paris,France,234,4.5,4.0,4.3,Hotel,2017,11,0
12567,Paris,France,272,4.5,4.0,4.4,Hotel,2017,11,0
12568,Paris,France,149,5.0,2.0,3.2,Hotel,2017,11,0
12572,Paris,France,177,5.3,3.0,3.5,Hotel,2017,11,0
12573,Paris,France,166,4.8,3.0,4.0,Hotel,2017,11,0
12577,Paris,France,82,6.5,4.0,3.7,Caravan Park,2017,11,0
12578,Paris,France,69,9.0,3.0,3.7,Hotel,2017,11,0
12579,Paris,France,140,1.6,,3.2,Apartment,2017,11,0
12580,Paris,France,1126,1.1,,1.0,Hotel,2017,11,0
12581,Paris,France,263,2.0,4.0,4.3,Hotel,2017,11,0
12582,Paris,France,224,1.4,3.0,4.5,Hotel,2017,11,0
12583,Paris,France,182,1.1,3.0,4.0,Hotel,2017,11,0
12584,Paris,France,268,1.8,4.0,4.5,Hotel,2017,11,0
12585,Paris,France,207,1.7,3.0,3.5,Hotel,2017,11,0
12586,Paris,France,324,1.2,4.0,4.0,Hotel,2017,11,0
12587,Paris,France,222,1.1,4.0,4.5,Hotel,2017,11,0
12588,Paris,France,193,1.4,3.0,3.7,Hotel,2017,11,0
12589,Paris,France,202,1.1,4.0,4.0,Hotel,2017,11,0
12590,Paris,France,185,1.1,3.0,4.3,Hotel,2017,11,0
12591,Paris,France,253,1.8,4.0,4.5,Hotel,2017,11,0
12593,Paris,France,1072,1.5,5.0,4.9,Hotel,2017,11,0
12595,Paris,France,243,1.1,4.0,4.0,Hotel,2017,11,0
12596,Paris,France,346,1.7,5.0,4.5,Hotel,2017,11,0
12597,Paris,France,360,1.3,4.0,4.5,Hotel,2017,11,0
12598,Paris,France,197,1.1,,3.7,Hotel,2017,11,0
12599,Paris,France,372,1.6,5.0,4.5,Hotel,2017,11,0
12600,Paris,France,211,2.1,,3.5,Apart-hotel,2017,11,0
12601,Paris,France,268,1.7,4.0,4.6,Hotel,2017,11,0
12603,Paris,France,203,1.6,4.0,3.7,Vacation home Condo,2017,11,0
12604,Paris,France,345,1.5,4.0,4.8,Hotel,2017,11,0
12605,Paris,France,362,2.1,5.0,4.4,Hotel,2017,11,0
12606,Paris,France,332,1.9,5.0,4.3,Hotel,2017,11,0
12607,Paris,France,292,0.9,4.0,4.5,Hotel,2017,11,0
12609,Paris,France,455,1.1,5.0,4.4,Hotel,2017,11,0
12610,Paris,France,229,2.2,4.0,4.1,Hotel,2017,11,0
12611,Paris,France,216,1.6,4.0,4.0,Hotel,2017,11,0
12612,Paris,France,276,1.2,3.0,4.0,Hotel,2017,11,0
12613,Paris,France,196,1.4,3.0,3.9,Hotel,2017,11,0
12614,Paris,France,212,1.4,3.0,4.4,Hotel,2017,11,0
12615,Paris,France,272,1.9,4.0,4.0,Hotel,2017,11,0
12616,Paris,France,197,1.0,3.0,3.7,Hotel,2017,11,0
12622,Paris,France,242,1.9,4.0,4.4,Hotel,2017,11,0
12623,Paris,France,196,1.9,4.0,4.3,Hotel,2017,11,0
12624,Paris,France,300,1.6,4.0,3.5,Hotel,2017,11,0
12625,Paris,France,638,1.4,5.0,5.0,Hotel,2017,11,0
12627,Paris,France,196,1.0,4.0,4.1,Hotel,2017,11,0
12628,Paris,France,248,2.1,4.0,3.7,Hotel,2017,11,0
12629,Paris,France,227,1.7,4.0,4.3,Hotel,2017,11,0
12630,Paris,France,213,1.4,3.0,4.0,Hotel,2017,11,0
12631,Paris,France,120,1.4,2.0,2.2,Hotel,2017,11,0
12633,Paris,France,178,1.3,4.0,3.7,Hotel,2017,11,0
12634,Paris,France,202,1.2,3.0,4.1,Hotel,2017,11,0
12635,Paris,France,202,2.0,4.0,4.0,Hotel,2017,11,0
12636,Paris,France,195,2.0,4.0,3.0,Hotel,2017,11,0
12637,Paris,France,189,1.4,3.0,4.1,Hotel,2017,11,0
12638,Paris,France,377,1.0,4.0,4.3,Hotel,2017,11,0
12639,Paris,France,257,1.0,4.0,4.3,Hotel,2017,11,0
12640,Paris,France,325,1.2,5.0,4.5,Hotel,2017,11,0
12641,Paris,France,192,2.2,4.0,3.9,Hotel,2017,11,0
12642,Paris,France,417,1.4,4.0,3.7,Hotel,2017,11,0
12643,Paris,France,200,1.7,4.0,4.3,Hotel,2017,11,0
12644,Paris,France,1218,1.8,5.0,4.8,Palace,2017,11,0
12645,Paris,France,355,2.2,5.0,4.4,Hotel,2017,11,0
12646,Paris,France,134,1.7,,,Apartment,2017,11,0
12648,Paris,France,227,2.0,3.0,4.0,Hotel,2017,11,0
12649,Paris,France,281,1.6,4.0,4.4,Hotel,2017,11,0
12651,Paris,France,238,2.1,4.0,4.3,Hotel,2017,11,0
12652,Paris,France,318,1.6,4.0,4.4,Hotel,2017,11,0
12653,Paris,France,267,1.3,4.0,4.1,Hotel,2017,11,0
12654,Paris,France,282,2.2,4.0,4.0,Hotel,2017,11,0
12655,Paris,France,789,2.0,5.0,4.8,Hotel,2017,11,0
12656,Paris,France,237,1.0,4.0,4.3,Hotel,2017,11,0
12657,Paris,France,195,1.6,3.0,2.7,Hotel,2017,11,0
12658,Paris,France,395,1.8,,4.3,Apart-hotel,2017,11,0
12659,Paris,France,233,1.6,4.0,4.3,Hotel,2017,11,0
12660,Paris,France,175,1.6,4.0,4.5,Hotel,2017,11,0
12661,Paris,France,334,1.9,5.0,4.6,Hotel,2017,11,0
12662,Paris,France,221,1.8,4.0,4.1,Hotel,2017,11,0
12663,Paris,France,208,2.1,3.0,4.3,Hotel,2017,11,0
12664,Paris,France,166,1.6,3.0,4.0,Hotel,2017,11,0
12665,Paris,France,223,1.9,4.0,4.0,Hotel,2017,11,0
12666,Paris,France,139,1.2,3.0,3.2,Hotel,2017,11,0
12667,Paris,France,196,1.4,4.0,4.1,Hotel,2017,11,0
12668,Paris,France,354,1.3,5.0,4.4,Hotel,2017,11,0
12669,Paris,France,292,1.7,4.0,4.4,Hotel,2017,11,0
12670,Paris,France,431,1.2,5.0,4.5,Hotel,2017,11,0
12671,Paris,France,255,1.2,4.0,4.0,Hotel,2017,11,0
12672,Paris,France,350,2.2,5.0,4.1,Hotel,2017,11,0
12673,Paris,France,162,1.1,4.0,3.0,Hotel,2017,11,0
12674,Paris,France,363,2.0,5.0,4.3,Hotel,2017,11,0
12675,Paris,France,229,2.1,4.0,3.9,Hotel,2017,11,0
12676,Paris,France,157,1.6,3.0,4.5,Hotel,2017,11,0
12677,Paris,France,250,1.9,,4.0,Hotel,2017,11,0
12678,Paris,France,219,1.2,4.0,4.3,Hotel,2017,11,0
12679,Paris,France,222,1.9,3.0,4.0,Hotel,2017,11,0
12680,Paris,France,741,2.0,5.0,4.5,Hotel,2017,11,0
12681,Paris,France,439,1.9,5.0,4.0,Hotel,2017,11,0
12682,Paris,France,181,2.1,4.0,3.7,Hotel,2017,11,0
12683,Paris,France,209,2.0,3.0,3.9,Hotel,2017,11,0
12684,Paris,France,208,1.9,4.0,4.0,Hotel,2017,11,0
12685,Paris,France,225,1.1,3.0,3.7,Hotel,2017,11,0
12687,Paris,France,245,1.6,4.0,3.7,Hotel,2017,11,0
12688,Paris,France,495,2.1,4.0,4.8,Vacation home Condo,2017,11,0
12689,Paris,France,192,1.2,3.0,4.5,Hotel,2017,11,0
12690,Paris,France,325,1.9,5.0,4.1,Hotel,2017,11,0
12691,Paris,France,350,2.2,3.0,4.5,Hotel,2017,11,0
12692,Paris,France,278,2.2,3.0,4.4,Hotel,2017,11,0
12693,Paris,France,343,1.9,4.0,4.1,Hotel,2017,11,0
12694,Paris,France,360,1.8,5.0,4.0,Hotel,2017,11,0
12695,Paris,France,325,2.1,5.0,4.0,Hotel,2017,11,0
12696,Paris,France,253,1.1,4.0,4.4,Hotel,2017,11,0
12698,Paris,France,269,2.0,,4.1,Hotel,2017,11,0
12699,Paris,France,225,1.1,,3.2,Hotel,2017,11,0
12700,Paris,France,261,2.0,,3.9,Hotel,2017,11,0
12701,Paris,France,224,1.7,3.0,4.0,Hotel,2017,11,0
12702,Paris,France,208,1.3,4.0,4.4,Hotel,2017,11,0
12703,Paris,France,250,2.2,5.0,4.0,Hotel,2017,11,0
12704,Paris,France,356,1.8,4.0,4.5,Hotel,2017,11,0
12705,Paris,France,382,1.9,5.0,4.5,Hotel,2017,11,0
12706,Paris,France,188,1.7,2.0,3.2,Hotel,2017,11,0
12707,Paris,France,239,2.1,4.0,4.5,Hotel,2017,11,0
12708,Paris,France,288,1.8,,4.4,Apartment,2017,11,0
12709,Paris,France,204,1.5,4.0,4.1,Hotel,2017,11,0
12710,Paris,France,509,1.9,5.0,4.1,Hotel,2017,11,0
12711,Paris,France,359,1.9,5.0,4.1,Vacation home Condo,2017,11,0
12712,Paris,France,305,2.2,5.0,3.5,Hotel,2017,11,0
12713,Paris,France,253,1.8,4.0,4.5,Hotel,2017,11,0
12714,Paris,France,222,1.6,4.0,4.1,Vacation home Condo,2017,11,0
12715,Paris,France,283,1.6,5.0,4.4,Hotel,2017,11,0
12716,Paris,France,354,1.8,,4.8,Hotel,2017,11,0
12717,Paris,France,584,1.2,5.0,4.5,Hotel,2017,11,0
12719,Paris,France,227,1.1,3.0,4.3,Hotel,2017,11,0
12720,Paris,France,195,1.4,3.0,4.5,Hotel,2017,11,0
12721,Paris,France,224,2.0,4.0,3.7,Hotel,2017,11,0
12722,Paris,France,231,1.6,4.0,4.0,Hotel,2017,11,0
12723,Paris,France,190,1.1,3.0,4.0,Hotel,2017,11,0
12724,Paris,France,258,2.1,5.0,3.7,Hotel,2017,11,0
12725,Paris,France,172,1.7,3.0,3.5,Hotel,2017,11,0
12726,Paris,France,255,1.7,4.0,4.3,Hotel,2017,11,0
12727,Paris,France,195,1.8,4.0,4.4,Hotel,2017,11,0
12728,Paris,France,252,1.9,,3.7,Apartment,2017,11,0
12729,Paris,France,262,1.4,,3.2,Apartment,2017,11,0
12731,Paris,France,400,1.8,,3.2,Apartment,2017,11,0
12732,Paris,France,139,7.6,,4.4,Guest House,2017,11,0
12733,Paris,France,92,7.8,3.0,2.9,Hotel,2017,11,0
12736,Paris,France,91,6.4,2.0,3.5,Hotel,2017,11,0
12737,Paris,France,87,6.5,3.0,3.7,Vacation home Condo,2017,11,0
12738,Paris,France,91,6.7,2.0,4.3,Hotel,2017,11,0
12741,Paris,France,76,11.0,,5.0,Hotel,2017,11,0
12742,Paris,France,55,11.0,2.0,3.2,Hotel,2017,11,0
12743,Paris,France,55,10.0,1.0,2.5,Hotel,2017,11,0
12747,Paris,France,113,5.5,2.0,3.7,Hotel,2017,11,0
12748,Paris,France,145,7.3,3.0,3.7,Vacation home Condo,2017,11,0
12751,Paris,France,184,3.3,3.0,4.1,Hotel,2017,11,0
12752,Paris,France,117,3.2,4.0,4.6,Hotel,2017,11,0
12753,Paris,France,139,3.1,3.0,4.0,Vacation home Condo,2017,11,0
12754,Paris,France,192,2.8,4.0,4.0,Hotel,2017,11,0
12755,Paris,France,153,3.3,3.0,3.7,Hotel,2017,11,0
12756,Paris,France,68,3.3,2.0,2.7,Hotel,2017,11,0
12757,Paris,France,141,3.0,3.0,3.9,Hotel,2017,11,0
12760,Paris,France,125,3.1,3.0,4.0,Hotel,2017,11,0
12761,Paris,France,129,3.2,,4.5,Apartment,2017,11,0
12762,Paris,France,95,5.8,,3.2,Hotel,2017,11,0
12763,Paris,France,155,6.4,3.0,4.5,Vacation home Condo,2017,11,0
12764,Paris,France,168,6.4,,4.6,Guest House,2017,11,0
12765,Paris,France,235,6.2,4.0,4.1,Hotel,2017,11,0
12766,Paris,France,107,6.3,3.0,3.4,Hotel,2017,11,0
12767,Paris,France,74,5.2,2.0,2.7,Vacation home Condo,2017,11,0
12768,Paris,France,224,4.5,4.0,3.5,Hotel,2017,11,0
12769,Paris,France,87,7.3,3.0,3.7,Hotel,2017,11,0
12770,Paris,France,80,6.2,,2.7,Hotel,2017,11,0
12771,Paris,France,150,3.3,3.0,3.5,Hotel,2017,11,0
12772,Paris,France,97,5.6,3.0,3.7,Hotel,2017,11,0
12773,Paris,France,104,8.6,,3.5,Bed and breakfast,2017,11,0
12774,Paris,France,87,9.2,3.0,3.4,Hotel,2017,11,0
12775,Paris,France,91,4.6,3.0,3.7,Apart-hotel,2017,11,0
12776,Paris,France,66,8.9,3.0,3.0,Hotel,2017,11,0
12777,Paris,France,145,3.1,3.0,3.7,Hotel,2017,11,0
12778,Paris,France,92,4.7,,3.4,Vacation home Condo,2017,11,0
12779,Paris,France,78,5.9,2.0,3.4,Hotel,2017,11,0
12781,Paris,France,107,7.6,3.0,3.7,Hotel,2017,11,0
12782,Paris,France,148,4.9,3.0,4.8,Guest House,2017,11,0
12784,Paris,France,87,6.7,3.0,3.5,Hotel,2017,11,0
12785,Paris,France,54,6.0,2.0,3.5,Hotel,2017,11,0
12786,Paris,France,88,4.8,3.0,3.2,Hotel,2017,11,0
12787,Paris,France,65,4.3,3.0,3.5,Vacation home Condo,2017,11,0
12788,Paris,France,42,5.8,1.0,3.2,Hotel,2017,11,0
12789,Paris,France,105,9.3,3.0,4.0,Hotel,2017,11,0
12791,Paris,France,130,4.6,3.0,3.7,Hotel,2017,11,0
12793,Paris,France,137,3.3,3.0,3.5,Hotel,2017,11,0
12794,Paris,France,117,4.5,3.0,3.7,Hotel,2017,11,0
12796,Paris,France,150,3.4,4.0,3.7,Hotel,2017,11,0
12797,Paris,France,81,7.6,3.0,4.0,Vacation home Condo,2017,11,0
12799,Paris,France,56,9.3,2.0,3.2,Hotel,2017,11,0
12801,Paris,France,161,3.8,4.0,4.0,Hotel,2017,11,0
12802,Paris,France,104,4.1,3.0,3.2,Vacation home Condo,2017,11,0
12805,Paris,France,132,4.3,,2.4,Hotel,2017,11,0
12807,Paris,France,76,7.5,,3.0,Hotel,2017,11,0
12808,Paris,France,96,4.1,3.0,3.5,Vacation home Condo,2017,11,0
12809,Paris,France,83,7.6,3.0,3.5,Hotel,2017,11,0
12811,Paris,France,285,3.7,4.0,4.1,Hotel,2017,11,0
12812,Paris,France,78,4.0,,3.2,Apartment,2017,11,0
12813,Paris,France,101,4.0,,3.2,Apart-hotel,2017,11,0
12814,Paris,France,115,4.0,,3.9,Hotel,2017,11,0
12815,Paris,France,147,4.0,3.0,3.7,Hotel,2017,11,0
12816,Paris,France,93,6.8,3.0,2.9,Hotel,2017,11,0
12817,Paris,France,85,4.5,3.0,3.2,Vacation home Condo,2017,11,0
12818,Paris,France,86,6.5,2.0,3.5,Apart-hotel,2017,11,0
12819,Paris,France,126,9.2,3.0,4.0,Hotel,2017,11,0
12820,Paris,France,47,10.0,1.0,3.0,Hotel,2017,11,0
12821,Paris,France,133,7.3,4.0,3.5,Hotel,2017,11,0
12822,Paris,France,57,5.4,1.0,3.0,Hotel,2017,11,0
12823,Paris,France,255,7.9,4.0,4.4,Hotel,2017,11,0
12824,Paris,France,115,1.6,,3.5,Apartment,2017,11,0
12825,Paris,France,302,1.8,5.0,4.5,Hotel,2017,11,0
12826,Paris,France,213,1.8,3.0,4.3,Hotel,2017,11,0
12827,Paris,France,241,1.7,3.0,4.0,Hotel,2017,11,0
12829,Paris,France,230,1.9,4.0,4.4,Hotel,2017,11,0
12833,Paris,France,223,1.0,4.0,4.5,Hotel,2017,11,0
12835,Paris,France,337,1.1,3.0,4.5,Hotel,2017,11,0
12836,Paris,France,195,2.2,4.0,4.3,Hotel,2017,11,0
12837,Paris,France,232,1.5,3.0,4.3,Hotel,2017,11,0
12838,Paris,France,215,1.7,4.0,4.5,Hotel,2017,11,0
12839,Paris,France,276,1.7,4.0,4.0,Hotel,2017,11,0
12840,Paris,France,145,1.9,2.0,3.4,Hotel,2017,11,0
12841,Paris,France,334,2.4,4.0,4.4,Hotel,2017,11,0
12842,Paris,France,151,0.6,3.0,4.0,Hotel,2017,11,0
12843,Paris,France,190,1.8,3.0,4.5,Hotel,2017,11,0
12844,Paris,France,173,1.9,3.0,4.0,Hotel,2017,11,0
12845,Paris,France,386,1.5,5.0,4.9,Hotel,2017,11,0
12846,Paris,France,197,1.6,3.0,4.1,Hotel,2017,11,0
12847,Paris,France,186,2.2,,4.1,Apartment,2017,11,0
12848,Paris,France,219,1.7,3.0,4.4,Hotel,2017,11,0
12849,Paris,France,232,2.4,4.0,4.0,Hotel,2017,11,0
12851,Paris,France,213,0.7,3.0,4.3,Hotel,2017,11,0
12853,Paris,France,181,0.7,3.0,3.7,Hotel,2017,11,0
12854,Paris,France,149,1.7,2.0,3.5,Hotel,2017,11,0
12855,Paris,France,244,1.8,3.0,3.7,Hotel,2017,11,0
12856,Paris,France,224,1.8,4.0,4.5,Hotel,2017,11,0
12857,Paris,France,243,1.2,4.0,4.5,Hotel,2017,11,0
12858,Paris,France,245,1.6,3.0,4.0,Hotel,2017,11,0
12859,Paris,France,484,0.8,5.0,4.3,Hotel,2017,11,0
12860,Paris,France,298,0.7,4.0,4.5,Hotel,2017,11,0
12861,Paris,France,192,1.7,3.0,4.4,Hotel,2017,11,0
12862,Paris,France,169,1.3,3.0,3.9,Hotel,2017,11,0
12865,Paris,France,210,1.8,4.0,4.5,Hotel,2017,11,0
12866,Paris,France,265,1.0,4.0,4.4,Hotel,2017,11,0
12867,Paris,France,219,1.8,,4.0,Hotel,2017,11,0
12868,Paris,France,241,0.7,4.0,4.6,Hotel,2017,11,0
12869,Paris,France,179,2.1,3.0,3.7,Hotel,2017,11,0
12870,Paris,France,272,1.3,4.0,4.5,Hotel,2017,11,0
12872,Paris,France,174,1.3,3.0,3.9,Hotel,2017,11,0
12873,Paris,France,219,1.8,3.0,3.7,Hotel,2017,11,0
12874,Paris,France,400,1.7,5.0,4.6,Hotel,2017,11,0
12875,Paris,France,187,1.7,2.0,4.0,Hotel,2017,11,0
12878,Paris,France,232,1.6,4.0,4.5,Hotel,2017,11,0
12880,Paris,France,316,0.9,5.0,4.5,Hotel,2017,11,0
12882,Paris,France,245,1.6,4.0,4.4,Hotel,2017,11,0
12883,Paris,France,224,2.0,4.0,4.5,Hotel,2017,11,0
12884,Paris,France,192,1.7,3.0,4.1,Hotel,2017,11,0
12885,Paris,France,273,0.9,4.0,4.4,Hotel,2017,11,0
12886,Paris,France,212,0.7,4.0,4.1,Hotel,2017,11,0
12888,Paris,France,175,1.4,3.0,4.0,Hotel,2017,11,0
12889,Paris,France,246,1.0,3.0,4.4,Hotel,2017,11,0
12890,Paris,France,215,1.8,4.0,4.5,Hotel,2017,11,0
12891,Paris,France,278,1.0,4.0,4.5,Hotel,2017,11,0
12892,Paris,France,171,1.0,,2.7,Apartment,2017,11,0
12895,Paris,France,45,18.0,1.0,2.4,Hotel,2017,11,0
12896,Paris,France,39,13.0,2.0,3.2,Hotel,2017,11,0
12897,Paris,France,77,13.0,3.0,3.5,Hotel,2017,11,0
12898,Paris,France,55,15.0,,3.7,Hotel,2017,11,0
12899,Paris,France,43,15.0,1.0,2.7,Hotel,2017,11,0
12900,Paris,France,121,5.2,3.0,3.7,Hotel,2017,11,0
12901,Paris,France,99,5.7,,4.0,Apart-hotel,2017,11,0
12902,Paris,France,64,7.2,3.0,3.2,Hotel,2017,11,0
12903,Paris,France,78,7.5,3.0,2.9,Hotel,2017,11,0
12907,Paris,France,224,2.3,3.0,3.5,Hotel,2017,11,0
12908,Paris,France,220,2.4,4.0,3.5,Hotel,2017,11,0
12909,Paris,France,212,2.4,4.0,3.9,Hotel,2017,11,0
12910,Paris,France,370,2.3,3.0,4.0,Hotel,2017,11,0
12913,Paris,France,172,2.5,3.0,3.4,Hotel,2017,11,0
12915,Paris,France,161,2.6,2.0,3.2,Hotel,2017,11,0
12916,Paris,France,225,2.3,4.0,4.3,Vacation home Condo,2017,11,0
12918,Paris,France,464,2.8,4.0,3.5,Vacation home Condo,2017,11,0
12919,Paris,France,202,2.5,3.0,4.1,Hotel,2017,11,0
12920,Paris,France,207,2.3,3.0,3.5,Hotel,2017,11,0
12921,Paris,France,255,1.8,4.0,3.9,Hotel,2017,11,0
12922,Paris,France,275,3.1,2.0,3.4,Hotel,2017,11,0
12924,Paris,France,208,2.2,3.0,3.5,Hotel,2017,11,0
12925,Paris,France,255,2.1,4.0,4.1,Hotel,2017,11,0
12927,Paris,France,274,1.9,3.0,3.7,Hotel,2017,11,0
12931,Paris,France,247,2.2,4.0,4.3,Hotel,2017,11,0
12933,Paris,France,257,3.6,4.0,4.8,Hotel,2017,11,0
12934,Paris,France,231,3.5,,3.5,Vacation home Condo,2017,11,0
12937,Paris,France,263,3.0,4.0,4.3,Hotel,2017,11,0
12939,Paris,France,270,2.7,3.0,4.3,Hotel,2017,11,0
12940,Paris,France,185,2.1,3.0,4.0,Hotel,2017,11,0
12942,Paris,France,168,3.5,2.0,2.7,Hotel,2017,11,0
12944,Paris,France,261,2.4,4.0,3.9,Hotel,2017,11,0
12946,Paris,France,202,2.3,3.0,3.7,Hotel,2017,11,0
12948,Paris,France,207,2.5,3.0,3.7,Hotel,2017,11,0
12950,Paris,France,156,2.6,2.0,3.4,Hotel,2017,11,0
12955,Paris,France,178,2.1,3.0,4.0,Hotel,2017,11,0
12956,Paris,France,180,2.6,4.0,4.5,Hotel,2017,11,0
12957,Paris,France,224,3.2,3.0,3.7,Hotel,2017,11,0
12958,Paris,France,267,3.4,4.0,3.7,Hotel,2017,11,0
12961,Paris,France,211,2.7,3.0,4.1,Hotel,2017,11,0
12969,Paris,France,212,2.4,3.0,3.9,Hotel,2017,11,0
12970,Paris,France,73,2.2,2.0,2.5,Hotel,2017,11,0
12975,Paris,France,285,3.0,3.0,4.1,Hotel,2017,11,0
12976,Paris,France,167,2.8,,4.3,Hotel,2017,11,0
12981,Paris,France,210,1.8,3.0,3.7,Hotel,2017,11,0
12982,Paris,France,211,3.0,3.0,2.2,Hotel,2017,11,0
12985,Paris,France,229,2.4,3.0,3.7,Hotel,2017,11,0
12986,Paris,France,106,2.8,,3.9,Hostel,2017,11,0
12987,Paris,France,205,2.5,4.0,3.7,Hotel,2017,11,0
12990,Paris,France,201,2.2,4.0,4.5,Hotel,2017,11,0
12993,Paris,France,176,2.4,4.0,4.6,Hotel,2017,11,0
12994,Paris,France,179,2.6,3.0,3.2,Hotel,2017,11,0
12995,Paris,France,216,2.8,3.0,4.0,Hotel,2017,11,0
12997,Paris,France,216,2.8,3.0,3.9,Hotel,2017,11,0
12999,Paris,France,152,2.4,3.0,3.0,Hotel,2017,11,0
13001,Paris,France,167,2.5,3.0,4.0,Hotel,2017,11,0
13004,Paris,France,191,1.9,3.0,4.0,Hotel,2017,11,0
13006,Paris,France,202,2.7,2.0,4.4,Hotel,2017,11,0
13009,Paris,France,147,1.4,3.0,3.7,Hotel,2017,11,0
13010,Paris,France,202,1.2,,3.7,Hotel,2017,11,0
13011,Paris,France,182,1.1,3.0,3.5,Hotel,2017,11,0
13012,Paris,France,137,1.5,3.0,2.7,Hotel,2017,11,0
13013,Paris,France,88,1.0,2.0,3.0,Hotel,2017,11,0
13014,Paris,France,212,1.2,3.0,4.0,Hotel,2017,11,0
13015,Paris,France,228,1.3,3.0,3.7,Hotel,2017,11,0
13016,Paris,France,172,0.7,4.0,3.7,Hotel,2017,11,0
13017,Paris,France,103,1.1,2.0,3.2,Hotel,2017,11,0
13018,Paris,France,190,1.2,3.0,4.0,Hotel,2017,11,0
13019,Paris,France,165,1.1,4.0,4.1,Hotel,2017,11,0
13022,Paris,France,62,0.9,,2.5,Hotel,2017,11,0
13024,Paris,France,60,1.3,2.0,3.0,Hotel,2017,11,0
13025,Paris,France,164,1.3,,2.7,Hotel,2017,11,0
13026,Paris,France,181,1.1,3.0,3.9,Hotel,2017,11,0
13027,Paris,France,141,0.8,3.0,4.0,Hotel,2017,11,0
13028,Paris,France,81,0.9,2.0,3.2,Hotel,2017,11,0
13029,Paris,France,224,1.2,3.0,4.0,Hotel,2017,11,0
13030,Paris,France,191,1.2,3.0,3.9,Hotel,2017,11,0
13031,Paris,France,145,1.3,3.0,3.5,Hotel,2017,11,0
13032,Paris,France,212,1.2,3.0,3.7,Hotel,2017,11,0
13033,Paris,France,107,0.8,1.0,3.0,Hotel,2017,11,0
13034,Paris,France,86,0.7,,3.2,Apartment,2017,11,0
13035,Paris,France,104,1.3,2.0,3.4,Hotel,2017,11,0
13036,Paris,France,144,1.3,3.0,2.2,Hotel,2017,11,0
13037,Paris,France,75,0.9,1.0,2.7,Hotel,2017,11,0
13038,Paris,France,86,0.7,,3.5,Hotel,2017,11,0
13039,Paris,France,207,1.3,4.0,4.4,Hotel,2017,11,0
13040,Paris,France,221,1.3,3.0,4.0,Hotel,2017,11,0
13041,Paris,France,139,1.3,2.0,2.2,Hotel,2017,11,0
13043,Paris,France,191,1.4,3.0,4.6,Hotel,2017,11,0
13044,Paris,France,218,1.4,,3.7,Hotel,2017,11,0
13045,Paris,France,93,1.1,2.0,2.2,Hotel,2017,11,0
13046,Paris,France,130,0.9,3.0,3.7,Hotel,2017,11,0
13047,Paris,France,156,1.5,3.0,3.7,Hotel,2017,11,0
13049,Paris,France,303,0.9,3.0,3.5,Hotel,2017,11,0
13050,Paris,France,157,1.1,3.0,3.5,Hotel,2017,11,0
13051,Paris,France,39,1.6,,2.0,Hotel,2017,11,0
13052,Paris,France,254,1.3,4.0,3.5,Hotel,2017,11,0
13053,Paris,France,140,1.6,3.0,2.9,Hotel,2017,11,0
13055,Paris,France,56,1.8,,2.7,Hostel,2017,11,0
13057,Paris,France,113,1.3,,4.0,Hostel,2017,11,0
13058,Paris,France,92,1.1,,2.0,Hotel,2017,11,0
13059,Paris,France,90,0.9,2.0,3.4,Hotel,2017,11,0
13060,Paris,France,122,1.3,3.0,3.4,Hotel,2017,11,0
13061,Paris,France,78,1.0,,3.0,Hotel,2017,11,0
13062,Paris,France,128,0.9,3.0,3.7,Hotel,2017,11,0
13063,Paris,France,114,1.1,3.0,3.7,Hotel,2017,11,0
13064,Paris,France,158,1.6,,4.1,Hotel,2017,11,0
13067,Paris,France,145,1.3,,3.2,Apart-hotel,2017,11,0
13068,Paris,France,134,1.0,2.0,4.0,Hotel,2017,11,0
13069,Paris,France,273,0.7,3.0,3.7,Hotel,2017,11,0
13070,Paris,France,231,1.3,4.0,4.8,Hotel,2017,11,0
13071,Paris,France,172,1.3,3.0,3.0,Hotel,2017,11,0
13072,Paris,France,178,1.0,3.0,4.0,Hotel,2017,11,0
13073,Paris,France,156,1.0,3.0,3.0,Hotel,2017,11,0
13074,Paris,France,166,0.8,4.0,3.7,Hotel,2017,11,0
13076,Paris,France,90,1.3,2.0,3.0,Hotel,2017,11,0
13078,Paris,France,91,1.1,2.0,3.4,Hotel,2017,11,0
13079,Paris,France,121,1.3,,3.7,Hotel,2017,11,0
13080,Paris,France,86,0.9,2.0,2.5,Hotel,2017,11,0
13081,Paris,France,104,0.6,2.0,3.9,Hotel,2017,11,0
13082,Paris,France,66,0.9,2.0,3.2,Hotel,2017,11,0
13083,Paris,France,101,1.3,2.0,3.5,Hotel,2017,11,0
13084,Paris,France,268,0.9,5.0,4.1,Hotel,2017,11,0
13085,Paris,France,174,0.8,3.0,3.7,Hotel,2017,11,0
13086,Paris,France,113,0.8,3.0,3.7,Hotel,2017,11,0
13087,Paris,France,208,0.8,4.0,4.0,Hotel,2017,11,0
13089,Paris,France,114,1.0,,3.5,Hotel,2017,11,0
13090,Paris,France,208,1.2,4.0,4.0,Hotel,2017,11,0
13091,Paris,France,182,1.1,,4.5,Hotel,2017,11,0
13094,Paris,France,153,1.0,3.0,3.9,Hotel,2017,11,0
13095,Paris,France,148,1.0,3.0,3.9,Hotel,2017,11,0
13097,Paris,France,245,1.1,3.0,3.7,Hotel,2017,11,0
13098,Paris,France,151,0.8,3.0,3.9,Hotel,2017,11,0
13100,Paris,France,134,0.9,3.0,2.7,Hotel,2017,11,0
13104,Paris,France,154,0.7,3.0,4.0,Hotel,2017,11,0
13105,Paris,France,203,1.1,4.0,4.3,Hotel,2017,11,0
13106,Paris,France,191,0.9,4.0,4.3,Hotel,2017,11,0
13107,Paris,France,78,0.9,,2.0,Hotel,2017,11,0
13108,Paris,France,151,1.1,3.0,3.7,Hotel,2017,11,0
13109,Paris,France,84,1.1,,3.0,Hotel,2017,11,0
13110,Paris,France,140,1.1,2.0,3.4,Hotel,2017,11,0
13111,Paris,France,95,1.1,2.0,2.9,Hotel,2017,11,0
13112,Paris,France,145,1.3,2.0,2.5,Hotel,2017,11,0
13113,Paris,France,179,0.6,3.0,4.1,Hotel,2017,11,0
13114,Paris,France,181,1.1,3.0,2.7,Hotel,2017,11,0
13115,Paris,France,175,1.1,3.0,3.7,Hotel,2017,11,0
13117,Paris,France,207,1.0,3.0,3.7,Hotel,2017,11,0
13118,Paris,France,106,1.0,,3.2,Hotel,2017,11,0
13120,Paris,France,76,0.8,,3.0,Hotel,2017,11,0
13121,Paris,France,83,1.3,2.0,2.2,Hotel,2017,11,0
13122,Paris,France,115,1.6,,4.1,Hostel,2017,11,0
13123,Paris,France,192,0.7,4.0,4.6,Hotel,2017,11,0
13124,Paris,France,95,1.1,2.0,3.5,Hotel,2017,11,0
13125,Paris,France,191,1.2,,4.1,Hotel,2017,11,0
13126,Paris,France,142,1.3,3.0,3.2,Hotel,2017,11,0
13127,Paris,France,195,1.1,3.0,3.5,Hotel,2017,11,0
13132,Paris,France,126,5.4,3.0,3.7,Hotel,2017,11,0
13133,Paris,France,99,4.4,3.0,3.0,Hotel,2017,11,0
13134,Paris,France,156,4.3,3.0,4.0,Hotel,2017,11,0
13135,Paris,France,126,5.0,3.0,3.7,Hotel,2017,11,0
13136,Paris,France,54,4.2,2.0,3.4,Hotel,2017,11,0
13137,Paris,France,114,6.0,,3.0,Hotel,2017,11,0
13138,Paris,France,88,5.2,3.0,3.4,Hotel,2017,11,0
13139,Paris,France,54,4.2,1.0,2.4,Hotel,2017,11,0
13140,Paris,France,91,5.2,2.0,3.5,Hotel,2017,11,0
13141,Paris,France,98,10.0,3.0,2.2,Hotel,2017,11,0
13142,Paris,France,80,9.3,2.0,3.9,Hotel,2017,11,0
13143,Paris,France,110,9.3,3.0,3.5,Hotel,2017,11,0
13144,Paris,France,97,9.7,3.0,2.7,Hotel,2017,11,0
13145,Paris,France,73,12.0,2.0,3.2,Hotel,2017,11,0
13146,Paris,France,60,12.0,1.0,3.2,Hotel,2017,11,0
13154,Paris,France,82,5.7,3.0,3.7,Hotel,2017,11,0
13155,Paris,France,103,5.7,2.0,3.5,Hotel,2017,11,0
13156,Paris,France,197,5.4,4.0,4.3,Vacation home Condo,2017,11,0
13158,Paris,France,192,4.1,4.0,4.0,Hotel,2017,11,0
13160,Paris,France,241,4.5,3.0,3.9,Vacation home Condo,2017,11,0
13162,Paris,France,240,5.3,5.0,4.4,Hotel,2017,11,0
13164,Paris,France,212,7.9,,4.0,Vacation home Condo,2017,11,0
13165,Paris,France,204,4.1,4.0,3.9,Hotel,2017,11,0
13166,Paris,France,150,6.3,3.0,3.7,Hotel,2017,11,0
13169,Paris,France,172,5.9,4.0,3.7,Hotel,2017,11,0
13171,Paris,France,167,4.8,4.0,3.5,Hotel,2017,11,0
13172,Paris,France,158,6.1,,4.5,Hotel,2017,11,0
13173,Paris,France,186,4.7,,3.9,Hotel,2017,11,0
13174,Paris,France,176,5.6,4.0,4.5,Hotel,2017,11,0
13175,Paris,France,300,4.5,4.0,4.0,Hotel,2017,11,0
13176,Paris,France,300,5.2,4.0,4.3,Hotel,2017,11,0
13177,Paris,France,110,5.6,,5.0,Apart-hotel,2017,11,0
13178,Paris,France,212,7.1,4.0,3.5,Hotel,2017,11,0
13180,Paris,France,137,6.2,3.0,3.5,Hotel,2017,11,0
13181,Paris,France,214,8.1,4.0,4.1,Hotel,2017,11,0
13182,Paris,France,137,5.5,,3.7,Apart-hotel,2017,11,0
13183,Paris,France,203,4.6,4.0,4.4,Hotel,2017,11,0
13184,Paris,France,241,4.7,5.0,4.4,Hotel,2017,11,0
13186,Paris,France,150,6.2,3.0,3.7,Hotel,2017,11,0
13188,Paris,France,71,6.6,2.0,3.4,Hotel,2017,11,0
13189,Paris,France,155,4.3,3.0,3.7,Hotel,2017,11,0
13190,Paris,France,187,4.5,3.0,3.7,Hotel,2017,11,0
13191,Paris,France,63,7.1,,3.0,Hotel,2017,11,0
13192,Paris,France,139,4.1,3.0,3.9,Hotel,2017,11,0
13193,Paris,France,210,4.8,3.0,4.0,Hotel,2017,11,0
13194,Paris,France,192,5.4,4.0,4.0,Apart-hotel,2017,11,0
13198,Paris,France,100,5.5,,3.7,Apartment,2017,11,0
13201,Paris,France,246,5.4,4.0,3.9,Hotel,2017,11,0
13202,Paris,France,211,4.9,3.0,4.0,Hotel,2017,11,0
13203,Paris,France,196,5.2,4.0,4.1,Hotel,2017,11,0
13205,Paris,France,150,4.8,3.0,3.5,Hotel,2017,11,0
13206,Paris,France,191,4.8,4.0,3.5,Vacation home Condo,2017,11,0
13208,Paris,France,187,5.1,3.0,3.4,Hotel,2017,11,0
13209,Paris,France,162,5.5,,3.5,Vacation home Condo,2017,11,0
13210,Paris,France,190,5.0,3.0,4.0,Hotel,2017,11,0
13211,Paris,France,91,5.6,2.0,4.1,Hotel,2017,11,0
13212,Paris,France,76,2.4,,3.9,Hostel,2017,11,0
13214,Paris,France,141,2.5,3.0,3.7,Hotel,2017,11,0
13215,Paris,France,130,2.5,3.0,3.4,Hotel,2017,11,0
13217,Paris,France,97,1.8,2.0,3.9,Hotel,2017,11,0
13218,Paris,France,89,2.2,3.0,2.9,Hotel,2017,11,0
13219,Paris,France,176,1.8,3.0,4.0,Hotel,2017,11,0
13220,Paris,France,123,2.5,2.0,3.5,Hotel,2017,11,0
13223,Paris,France,364,1.0,4.0,4.3,Hotel,2017,11,0
13224,Paris,France,200,0.7,3.0,4.1,Hotel,2017,11,0
13225,Paris,France,167,1.1,2.0,3.4,Hotel,2017,11,0
13226,Paris,France,186,0.9,,4.0,Hotel,2017,11,0
13227,Paris,France,145,0.8,,3.5,Hotel,2017,11,0
13228,Paris,France,246,1.3,3.0,4.5,Hotel,2017,11,0
13229,Paris,France,142,1.6,2.0,3.7,Hotel,2017,11,0
13231,Paris,France,111,1.1,2.0,4.0,Hotel,2017,11,0
13232,Paris,France,181,1.7,3.0,3.7,Hotel,2017,11,0
13233,Paris,France,253,1.0,4.0,4.5,Hotel,2017,11,0
13234,Paris,France,182,1.4,2.0,3.7,Hotel,2017,11,0
13235,Paris,France,106,0.9,1.0,3.9,Hotel,2017,11,0
13236,Paris,France,138,1.1,3.0,3.7,Hotel,2017,11,0
13237,Paris,France,123,1.0,,2.7,Hotel,2017,11,0
13238,Paris,France,242,0.7,4.0,4.4,Hotel,2017,11,0
13240,Paris,France,191,0.9,3.0,3.7,Hotel,2017,11,0
13241,Paris,France,161,0.8,,3.7,Apartment,2017,11,0
13242,Paris,France,156,1.0,3.0,3.9,Hotel,2017,11,0
13244,Paris,France,131,1.4,3.0,4.0,Hotel,2017,11,0
13245,Paris,France,130,1.3,,2.5,Apartment,2017,11,0
13246,Paris,France,170,1.0,2.0,4.0,Hotel,2017,11,0
13247,Paris,France,255,0.7,3.0,4.5,Hotel,2017,11,0
13248,Paris,France,181,0.9,3.0,4.0,Hotel,2017,11,0
13249,Paris,France,261,1.2,4.0,4.5,Hotel,2017,11,0
13250,Paris,France,243,1.0,4.0,4.3,Hotel,2017,11,0
13251,Paris,France,191,1.6,3.0,4.1,Hotel,2017,11,0
13252,Paris,France,1072,0.9,4.0,4.0,Hotel,2017,11,0
13253,Paris,France,213,1.6,4.0,4.3,Hotel,2017,11,0
13255,Paris,France,188,1.0,3.0,4.0,Hotel,2017,11,0
13256,Paris,France,263,1.2,4.0,4.5,Hotel,2017,11,0
13257,Paris,France,224,0.8,4.0,4.5,Hotel,2017,11,0
13258,Paris,France,134,1.6,2.0,3.4,Hotel,2017,11,0
13259,Paris,France,104,1.3,2.0,3.5,Hotel,2017,11,0
13260,Paris,France,202,1.4,4.0,4.1,Hotel,2017,11,0
13262,Paris,France,172,1.7,3.0,4.0,Hotel,2017,11,0
13263,Paris,France,142,0.9,2.0,3.9,Hotel,2017,11,0
13264,Paris,France,240,1.0,4.0,4.4,Hotel,2017,11,0
13265,Paris,France,234,1.0,4.0,4.3,Hotel,2017,11,0
13266,Paris,France,190,1.0,3.0,4.1,Hotel,2017,11,0
13267,Paris,France,130,1.3,,3.2,Apartment,2017,11,0
13268,Paris,France,191,1.6,1.0,4.4,Vacation home Condo,2017,11,0
13269,Paris,France,169,1.0,3.0,4.0,Hotel,2017,11,0
13270,Paris,France,143,1.8,3.0,3.7,Hotel,2017,11,0
13271,Paris,France,137,0.7,,4.0,Hotel,2017,11,0
13272,Paris,France,225,0.9,4.0,4.5,Hotel,2017,11,0
13273,Paris,France,233,1.0,4.0,4.4,Hotel,2017,11,0
13276,Paris,France,191,1.0,3.0,3.9,Hotel,2017,11,0
13277,Paris,France,161,1.8,3.0,4.1,Hotel,2017,11,0
13278,Paris,France,148,1.0,3.0,4.1,Hotel,2017,11,0
13279,Paris,France,119,1.8,2.0,3.5,Hotel,2017,11,0
13280,Paris,France,168,1.4,3.0,3.4,Hotel,2017,11,0
13281,Paris,France,174,1.2,3.0,4.0,Hotel,2017,11,0
13285,Paris,France,166,1.3,3.0,4.3,Hotel,2017,11,0
13286,Paris,France,266,1.3,4.0,4.9,Hotel,2017,11,0
13287,Paris,France,170,1.4,3.0,4.0,Hotel,2017,11,0
13288,Paris,France,236,1.0,3.0,4.0,Hotel,2017,11,0
13289,Paris,France,191,1.1,3.0,3.9,Hotel,2017,11,0
13290,Paris,France,231,0.8,4.0,4.4,Hotel,2017,11,0
13292,Paris,France,166,1.4,3.0,4.0,Hotel,2017,11,0
13293,Paris,France,156,0.9,2.0,4.3,Hotel,2017,11,0
13294,Paris,France,130,0.7,,3.0,Apartment,2017,11,0
13296,Paris,France,111,1.0,2.0,3.7,Hotel,2017,11,0
13297,Paris,France,141,1.1,2.0,4.3,Hotel,2017,11,0
13298,Paris,France,81,1.4,,3.5,Hostel,2017,11,0
13299,Paris,France,185,1.1,3.0,4.1,Hotel,2017,11,0
13301,Paris,France,240,0.8,3.0,4.4,Hotel,2017,11,0
13304,Paris,France,161,7.4,3.0,3.5,Vacation home Condo,2017,11,0
13305,Paris,France,167,7.9,4.0,3.4,Hotel,2017,11,0
13306,Paris,France,127,8.1,3.0,3.5,Hotel,2017,11,0
13307,Paris,France,77,8.2,3.0,3.2,Hotel,2017,11,0
13308,Paris,France,77,7.3,2.0,4.3,Hotel,2017,11,0
13309,Paris,France,49,8.2,1.0,2.7,Hotel,2017,11,0
13310,Paris,France,69,8.1,2.0,2.7,Hotel,2017,11,0
13311,Paris,France,127,6.6,3.0,3.4,Hotel,2017,11,0
13312,Paris,France,87,16.0,3.0,3.2,Hotel,2017,11,0
13313,Paris,France,192,15.0,4.0,4.3,Hotel,2017,11,0
13314,Paris,France,128,15.0,3.0,4.3,Hotel,2017,11,0
13315,Paris,France,114,15.0,3.0,3.7,Hotel,2017,11,0
13316,Paris,France,80,15.0,,3.7,Hotel,2017,11,0
13317,Paris,France,162,7.1,3.0,4.5,Hotel,2017,11,0
13318,Paris,France,198,6.9,4.0,4.3,Hotel,2017,11,0
13319,Paris,France,54,3.0,,2.7,Hotel,2017,11,0
13320,Paris,France,62,11.0,,3.9,Hotel,2017,11,0
13321,Paris,France,65,3.1,,2.0,Hotel,2017,11,0
13322,Paris,France,113,3.1,3.0,3.5,Hotel,2017,11,0
13323,Paris,France,105,3.5,3.0,4.0,Hotel,2017,11,0
13325,Paris,France,156,3.1,3.0,3.7,Hotel,2017,11,0
13326,Paris,France,103,3.2,,3.2,Apartment,2017,11,0
13327,Paris,France,140,3.1,,4.3,Vacation home Condo,2017,11,0
13328,Paris,France,103,3.1,,4.3,Apartment,2017,11,0
13329,Paris,France,150,3.2,2.0,3.2,Hotel,2017,11,0
13330,Paris,France,264,3.3,4.0,4.3,Hotel,2017,11,0
13331,Paris,France,100,3.1,2.0,3.5,Hotel,2017,11,0
13332,Paris,France,111,3.4,2.0,3.5,Hotel,2017,11,0
13333,Paris,France,88,3.2,,2.7,Hotel,2017,11,0
13334,Paris,France,172,3.4,3.0,3.7,Hotel,2017,11,0
13335,Paris,France,171,3.1,4.0,4.0,Hotel,2017,11,0
13336,Paris,France,188,3.8,4.0,3.7,Hotel,2017,11,0
13337,Paris,France,97,11.0,2.0,2.5,Hotel,2017,11,0
13338,Paris,France,389,0.7,5.0,4.5,Hotel,2017,11,0
13339,Paris,France,112,0.6,2.0,3.2,Hotel,2017,11,0
13340,Paris,France,296,0.3,4.0,3.7,Hotel,2017,11,0
13342,Paris,France,198,0.6,4.0,4.0,Hotel,2017,11,0
13343,Paris,France,100,0.5,3.0,3.4,Hotel,2017,11,0
13345,Paris,France,204,0.4,,4.5,Hotel,2017,11,0
13346,Paris,France,217,0.8,3.0,4.0,Hotel,2017,11,0
13348,Paris,France,196,0.6,4.0,3.9,Hotel,2017,11,0
13349,Paris,France,318,0.6,4.0,4.1,Hotel,2017,11,0
13350,Paris,France,281,0.5,4.0,4.6,Hotel,2017,11,0
13351,Paris,France,96,0.4,2.0,3.7,Hotel,2017,11,0
13352,Paris,France,168,0.1,3.0,3.2,Hotel,2017,11,0
13353,Paris,France,217,0.5,4.0,4.6,Hotel,2017,11,0
13354,Paris,France,145,0.6,3.0,3.0,Hotel,2017,11,0
13355,Paris,France,245,0.7,4.0,4.0,Hotel,2017,11,0
13356,Paris,France,140,0.2,2.0,3.4,Hotel,2017,11,0
13358,Paris,France,169,0.6,3.0,3.7,Hotel,2017,11,0
13359,Paris,France,216,0.2,4.0,4.0,Hotel,2017,11,0
13360,Paris,France,1126,0.8,5.0,4.9,Hotel,2017,11,0
13361,Paris,France,244,0.5,4.0,4.3,Hotel,2017,11,0
13362,Paris,France,462,0.4,5.0,4.6,Hotel,2017,11,0
13363,Paris,France,224,0.6,3.0,4.1,Hotel,2017,11,0
13364,Paris,France,208,0.4,3.0,3.7,Hotel,2017,11,0
13365,Paris,France,201,0.3,3.0,4.0,Hotel,2017,11,0
13366,Paris,France,272,0.4,4.0,4.5,Hotel,2017,11,0
13367,Paris,France,167,0.5,3.0,3.9,Hotel,2017,11,0
13368,Paris,France,236,0.6,4.0,4.3,Hotel,2017,11,0
13369,Paris,France,292,0.2,4.0,4.5,Hotel,2017,11,0
13370,Paris,France,225,0.2,4.0,3.5,Hotel,2017,11,0
13371,Paris,France,202,0.2,3.0,4.3,Hotel,2017,11,0
13372,Paris,France,262,0.3,4.0,4.4,Hotel,2017,11,0
13373,Paris,France,338,0.5,5.0,4.6,Hotel,2017,11,0
13374,Paris,France,288,0.5,4.0,4.5,Hotel,2017,11,0
13375,Paris,France,188,0.5,3.0,3.7,Hotel,2017,11,0
13376,Paris,France,209,0.3,3.0,4.5,Hotel,2017,11,0
13377,Paris,France,237,0.4,3.0,3.2,Hotel,2017,11,0
13379,Paris,France,104,0.1,,2.5,Hotel,2017,11,0
13380,Paris,France,157,0.3,2.0,3.5,Hotel,2017,11,0
13381,Paris,France,291,0.6,4.0,4.0,Hotel,2017,11,0
13382,Paris,France,185,0.3,3.0,4.1,Hotel,2017,11,0
13383,Paris,France,250,0.4,4.0,4.5,Hotel,2017,11,0
13385,Paris,France,371,0.7,4.0,4.5,Hotel,2017,11,0
13386,Paris,France,207,0.4,3.0,4.0,Hotel,2017,11,0
13387,Paris,France,220,0.6,3.0,4.0,Hotel,2017,11,0
13388,Paris,France,187,0.6,4.0,4.1,Hotel,2017,11,0
13390,Paris,France,986,0.7,5.0,4.6,Palace,2017,11,0
13391,Paris,France,401,0.2,5.0,4.5,Hotel,2017,11,0
13392,Paris,France,219,0.1,3.0,4.1,Hotel,2017,11,0
13394,Paris,France,1155,0.8,5.0,4.5,Palace,2017,11,0
13395,Paris,France,167,0.6,3.0,3.5,Hotel,2017,11,0
13397,Paris,France,401,0.6,5.0,4.5,Hotel,2017,11,0
13398,Paris,France,226,0.6,4.0,3.7,Hotel,2017,11,0
13399,Paris,France,390,0.8,4.0,4.0,Hotel,2017,11,0
13400,Paris,France,172,0.3,3.0,4.0,Hotel,2017,11,0
13401,Paris,France,298,0.8,4.0,4.3,Hotel,2017,11,0
13402,Paris,France,227,0.7,4.0,4.1,Hotel,2017,11,0
13403,Paris,France,221,0.9,4.0,4.1,Hotel,2017,11,0
13404,Paris,France,144,0.3,2.0,3.9,Hotel,2017,11,0
13405,Paris,France,181,0.8,3.0,4.4,Hotel,2017,11,0
13406,Paris,France,250,0.6,3.0,4.5,Hotel,2017,11,0
13407,Paris,France,179,0.5,,4.3,Hotel,2017,11,0
13408,Paris,France,167,0.5,3.0,4.3,Hotel,2017,11,0
13409,Paris,France,329,0.9,5.0,4.4,Hotel,2017,11,0
13410,Paris,France,148,0.5,2.0,3.5,Hotel,2017,11,0
13411,Paris,France,243,0.6,4.0,4.6,Hotel,2017,11,0
13412,Paris,France,340,0.6,4.0,4.5,Hotel,2017,11,0
13413,Paris,France,222,0.2,4.0,4.0,Vacation home Condo,2017,11,0
13414,Paris,France,370,0.7,5.0,4.0,Hotel,2017,11,0
13415,Paris,France,206,0.6,4.0,4.0,Hotel,2017,11,0
13416,Paris,France,146,0.6,3.0,3.7,Hotel,2017,11,0
13417,Paris,France,162,0.2,3.0,3.5,Hotel,2017,11,0
13418,Paris,France,307,0.7,4.0,4.8,Hotel,2017,11,0
13419,Paris,France,462,0.3,5.0,4.5,Hotel,2017,11,0
13420,Paris,France,186,0.5,3.0,4.1,Hotel,2017,11,0
13421,Paris,France,120,0.2,,2.7,Apartment,2017,11,0
13422,Paris,France,224,0.2,4.0,4.5,Hotel,2017,11,0
13423,Paris,France,278,0.1,4.0,4.4,Vacation home Condo,2017,11,0
13424,Paris,France,856,0.7,5.0,4.6,Palace,2017,11,0
13425,Paris,France,163,0.6,3.0,4.0,Hotel,2017,11,0
13426,Paris,France,319,0.6,4.0,4.4,Hotel,2017,11,0
13427,Paris,France,319,0.6,,3.9,Apart-hotel,2017,11,0
13428,Paris,France,223,0.6,3.0,3.9,Hotel,2017,11,0
13429,Paris,France,334,0.6,4.0,4.6,Hotel,2017,11,0
13430,Paris,France,208,0.7,4.0,4.4,Hotel,2017,11,0
13431,Paris,France,180,0.3,3.0,4.0,Hotel,2017,11,0
13432,Paris,France,230,0.4,4.0,4.4,Hotel,2017,11,0
13433,Paris,France,223,0.4,4.0,4.0,Hotel,2017,11,0
13434,Paris,France,212,0.4,3.0,3.5,Hotel,2017,11,0
13435,Paris,France,200,0.2,4.0,3.5,Hotel,2017,11,0
13436,Paris,France,201,0.7,3.0,4.0,Hotel,2017,11,0
13437,Paris,France,86,0.3,1.0,3.7,Hotel,2017,11,0
13438,Paris,France,497,0.9,5.0,4.4,Hotel,2017,11,0
13439,Paris,France,151,0.5,3.0,3.7,Hotel,2017,11,0
13440,Paris,France,242,0.4,4.0,4.5,Hotel,2017,11,0
13441,Paris,France,313,0.1,4.0,4.5,Hotel,2017,11,0
13443,Paris,France,164,0.4,,3.5,Hotel,2017,11,0
13444,Paris,France,141,0.2,2.0,3.2,Hotel,2017,11,0
13448,Paris,France,322,0.2,4.0,4.3,Hotel,2017,11,0
13449,Paris,France,276,0.9,4.0,4.3,Hotel,2017,11,0
13450,Paris,France,376,0.4,5.0,4.6,Vacation home Condo,2017,11,0
13451,Paris,France,89,0.2,,2.2,Hotel,2017,11,0
13453,Paris,France,203,0.2,3.0,4.1,Hotel,2017,11,0
13454,Paris,France,212,0.3,4.0,4.3,Hotel,2017,11,0
13455,Paris,France,201,0.1,3.0,3.7,Hotel,2017,11,0
13456,Paris,France,100,0.3,,1.0,Hotel,2017,11,0
13457,Paris,France,312,0.6,4.0,4.4,Hotel,2017,11,0
13458,Paris,France,165,0.6,3.0,3.7,Hotel,2017,11,0
13459,Paris,France,286,0.7,4.0,4.4,Apart-hotel,2017,11,0
13460,Paris,France,249,0.6,4.0,4.0,Hotel,2017,11,0
13461,Paris,France,186,0.6,4.0,3.7,Hotel,2017,11,0
13462,Paris,France,334,0.4,5.0,4.0,Hotel,2017,11,0
13464,Paris,France,151,0.3,,3.0,Apartment,2017,11,0
13468,Paris,France,133,15.0,4.0,4.1,Hotel,2017,11,0
13469,Paris,France,65,15.0,3.0,3.4,Vacation home Condo,2017,11,0
13479,Paris,France,172,3.4,4.0,4.1,Vacation home Condo,2017,11,0
13481,Paris,France,181,1.2,,4.3,Hotel,2017,11,0
13482,Paris,France,177,1.2,3.0,4.0,Hotel,2017,11,0
13483,Paris,France,416,1.0,4.0,4.0,Hotel,2017,11,0
13486,Paris,France,247,0.6,,4.6,Hotel,2017,11,0
13487,Paris,France,248,0.5,4.0,4.3,Hotel,2017,11,0
13488,Paris,France,142,1.1,,4.1,Hotel,2017,11,0
13489,Paris,France,208,0.7,3.0,4.3,Hotel,2017,11,0
13490,Paris,France,208,1.0,4.0,2.7,Hotel,2017,11,0
13493,Paris,France,172,0.9,,4.3,Hotel,2017,11,0
13494,Paris,France,151,1.0,3.0,3.5,Hotel,2017,11,0
13495,Paris,France,195,0.9,,3.9,Hotel,2017,11,0
13496,Paris,France,365,0.7,5.0,4.6,Hotel,2017,11,0
13497,Paris,France,137,0.5,2.0,3.7,Hotel,2017,11,0
13498,Paris,France,132,1.2,2.0,3.2,Hotel,2017,11,0
13499,Paris,France,167,0.6,3.0,4.1,Hotel,2017,11,0
13500,Paris,France,186,0.5,,4.0,Apartment,2017,11,0
13501,Paris,France,253,0.5,,,Hotel,2017,11,0
13502,Paris,France,79,0.9,,2.7,Hotel,2017,11,0
13504,Paris,France,512,1.1,4.0,4.6,Hotel,2017,11,0
13505,Paris,France,253,0.8,4.0,4.5,Hotel,2017,11,0
13506,Paris,France,165,0.6,3.0,4.0,Hotel,2017,11,0
13507,Paris,France,242,1.0,3.0,4.4,Hotel,2017,11,0
13508,Paris,France,180,1.1,3.0,3.5,Hotel,2017,11,0
13509,Paris,France,191,0.4,3.0,4.0,Hotel,2017,11,0
13510,Paris,France,176,1.0,3.0,4.1,Hotel,2017,11,0
13512,Paris,France,129,0.7,3.0,4.0,Hotel,2017,11,0
13513,Paris,France,225,0.4,4.0,4.5,Hotel,2017,11,0
13515,Paris,France,189,1.0,3.0,4.5,Hotel,2017,11,0
13516,Paris,France,229,0.6,,4.5,Hotel,2017,11,0
13520,Paris,France,231,0.7,,4.8,Apart-hotel,2017,11,0
13521,Paris,France,148,0.7,3.0,4.0,Hotel,2017,11,0
13523,Paris,France,76,1.1,1.0,2.5,Hotel,2017,11,0
13524,Paris,France,152,1.2,3.0,4.0,Hotel,2017,11,0
13525,Paris,France,197,1.1,4.0,4.0,Hotel,2017,11,0
13526,Paris,France,182,0.9,3.0,4.3,Hotel,2017,11,0
13527,Paris,France,252,0.9,4.0,4.6,Hotel,2017,11,0
13528,Paris,France,173,0.9,3.0,4.1,Hotel,2017,11,0
13529,Paris,France,203,0.8,3.0,3.9,Hotel,2017,11,0
13530,Paris,France,187,1.0,3.0,4.0,Hotel,2017,11,0
13531,Paris,France,182,0.6,3.0,4.0,Hotel,2017,11,0
13532,Paris,France,76,0.9,,3.9,Hostel,2017,11,0
13533,Paris,France,114,0.5,2.0,3.9,Hotel,2017,11,0
13534,Paris,France,177,0.9,3.0,4.5,Hotel,2017,11,0
13535,Paris,France,337,1.4,4.0,4.8,Hotel,2017,11,0
13536,Paris,France,341,0.4,5.0,4.5,Hotel,2017,11,0
13537,Paris,France,196,0.6,,4.5,Guest House,2017,11,0
13538,Paris,France,145,1.0,2.0,3.7,Hotel,2017,11,0
13539,Paris,France,123,0.7,,2.2,Hotel,2017,11,0
13540,Paris,France,449,1.1,4.0,4.0,Vacation home Condo,2017,11,0
13541,Paris,France,214,0.8,3.0,4.4,Hotel,2017,11,0
13542,Paris,France,145,0.8,3.0,3.9,Hotel,2017,11,0
13544,Paris,France,136,0.7,3.0,3.9,Hotel,2017,11,0
13545,Paris,France,155,0.6,3.0,3.5,Hotel,2017,11,0
13546,Paris,France,240,0.8,4.0,4.6,Hotel,2017,11,0
13548,Paris,France,198,0.8,3.0,4.1,Hotel,2017,11,0
13552,Paris,France,1204,0.6,,3.2,Apartment,2017,11,0
13561,Paris,France,149,9.4,3.0,4.0,Hotel,2017,11,0
13562,Paris,France,127,9.3,3.0,3.4,Hotel,2017,11,0
13563,Paris,France,118,16.0,4.0,4.5,Hotel,2017,11,0
13564,Paris,France,163,16.0,4.0,4.5,Hotel,2017,11,0
13565,Paris,France,39,15.0,,1.7,Hotel,2017,11,0
13567,Paris,France,167,7.4,4.0,4.0,Hotel,2017,11,0
13568,Paris,France,136,7.6,4.0,3.7,Hotel,2017,11,0
13569,Paris,France,149,7.5,3.0,4.0,Hotel,2017,11,0
13570,Paris,France,113,13.0,3.0,4.1,Hotel,2017,11,0
13572,Paris,France,374,1.6,4.0,4.6,Apartment,2017,11,0
13573,Paris,France,214,1.7,4.0,4.3,Hotel,2017,11,0
13574,Paris,France,275,1.8,4.0,4.5,Hotel,2017,11,0
13575,Paris,France,153,1.4,3.0,4.0,Vacation home Condo,2017,11,0
13577,Paris,France,118,1.9,2.0,3.5,Hotel,2017,11,0
13578,Paris,France,212,1.9,3.0,4.3,Hotel,2017,11,0
13579,Paris,France,114,1.7,,3.5,Hotel,2017,11,0
13580,Paris,France,127,1.6,3.0,3.7,Hotel,2017,11,0
13581,Paris,France,140,2.2,3.0,3.9,Hotel,2017,11,0
13582,Paris,France,213,1.7,4.0,4.6,Hotel,2017,11,0
13584,Paris,France,152,2.1,3.0,3.7,Hotel,2017,11,0
13585,Paris,France,113,2.4,3.0,4.0,Hotel,2017,11,0
13586,Paris,France,133,2.0,3.0,3.5,Hotel,2017,11,0
13589,Paris,France,89,1.8,,3.7,Hotel,2017,11,0
13590,Paris,France,62,2.1,,2.7,Hotel,2017,11,0
13591,Paris,France,181,1.9,4.0,4.3,Hotel,2017,11,0
13592,Paris,France,94,1.5,2.0,4.0,Hotel,2017,11,0
13593,Paris,France,72,1.5,,3.2,Hotel,2017,11,0
13594,Paris,France,109,1.5,3.0,3.2,Hotel,2017,11,0
13595,Paris,France,62,2.3,,2.4,Hotel,2017,11,0
13596,Paris,France,63,1.8,,2.2,Hotel,2017,11,0
13597,Paris,France,101,1.5,,4.0,Hostel,2017,11,0
13598,Paris,France,77,1.5,,3.2,Hotel,2017,11,0
13599,Paris,France,47,2.1,,2.4,Hotel,2017,11,0
13600,Paris,France,497,1.8,,3.7,Hotel,2017,11,0
13601,Paris,France,198,1.9,4.0,4.3,Hotel,2017,11,0
13602,Paris,France,128,1.8,,4.1,Hotel,2017,11,0
13603,Paris,France,144,1.6,3.0,4.0,Hotel,2017,11,0
13604,Paris,France,46,2.7,,2.4,Hotel,2017,11,0
13605,Paris,France,105,1.6,2.0,3.5,Hotel,2017,11,0
13606,Paris,France,114,1.7,3.0,3.2,Hotel,2017,11,0
13607,Paris,France,134,1.6,4.0,4.1,Hotel,2017,11,0
13608,Paris,France,144,2.6,,4.4,Apart-hotel,2017,11,0
13609,Paris,France,98,1.9,2.0,3.7,Hotel,2017,11,0
13610,Paris,France,68,1.5,1.0,2.7,Hotel,2017,11,0
13611,Paris,France,101,1.4,2.0,3.0,Hotel,2017,11,0
13612,Paris,France,60,1.5,,2.5,Hotel,2017,11,0
13613,Paris,France,100,1.5,1.0,3.0,Hotel,2017,11,0
13614,Paris,France,96,1.7,,3.9,Apartment,2017,11,0
13615,Paris,France,152,1.7,3.0,3.9,Hotel,2017,11,0
13616,Paris,France,154,1.7,3.0,4.4,Hotel,2017,11,0
13617,Paris,France,90,1.6,2.0,3.5,Hotel,2017,11,0
13618,Paris,France,141,1.9,,3.0,Hotel,2017,11,0
13619,Paris,France,145,1.6,3.0,3.7,Hotel,2017,11,0
13620,Paris,France,91,1.8,,3.0,Hotel,2017,11,0
13621,Paris,France,147,2.3,4.0,3.5,Hotel,2017,11,0
13622,Paris,France,283,1.7,,5.0,Bed and breakfast,2017,11,0
13623,Paris,France,130,1.6,3.0,3.9,Hotel,2017,11,0
13624,Paris,France,84,1.5,,3.0,Hotel,2017,11,0
13625,Paris,France,207,1.6,4.0,4.6,Hotel,2017,11,0
13626,Paris,France,81,2.0,,4.1,Hostel,2017,11,0
13627,Paris,France,56,1.9,,2.2,Hotel,2017,11,0
13628,Paris,France,122,1.8,3.0,3.7,Hotel,2017,11,0
13629,Paris,France,156,1.9,4.0,3.4,Hotel,2017,11,0
13630,Paris,France,75,2.4,,2.7,Hotel,2017,11,0
13631,Paris,France,146,1.8,3.0,3.5,Hotel,2017,11,0
13632,Paris,France,71,2.8,2.0,3.2,Hotel,2017,11,0
13633,Paris,France,120,1.6,2.0,3.9,Hotel,2017,11,0
13636,Paris,France,181,1.7,4.0,4.3,Hotel,2017,11,0
13638,Paris,France,148,2.3,3.0,3.5,Hotel,2017,11,0
13639,Paris,France,114,2.3,3.0,4.0,Hotel,2017,11,0
13640,Paris,France,76,1.5,2.0,3.5,Hotel,2017,11,0
13641,Paris,France,69,1.7,,2.5,Hotel,2017,11,0
13642,Paris,France,168,2.1,3.0,4.0,Hotel,2017,11,0
13643,Paris,France,42,2.0,,2.7,Hotel,2017,11,0
13644,Paris,France,81,1.4,3.0,3.0,Hotel,2017,11,0
13645,Paris,France,67,2.7,2.0,2.9,Hotel,2017,11,0
13646,Paris,France,162,2.1,3.0,4.1,Hotel,2017,11,0
13653,Paris,France,167,2.9,3.0,3.7,Hotel,2017,11,0
13654,Paris,France,87,2.7,2.0,2.7,Hotel,2017,11,0
13655,Paris,France,189,2.5,3.0,4.3,Hotel,2017,11,0
13656,Paris,France,221,1.5,4.0,4.4,Hotel,2017,11,0
13657,Paris,France,185,2.0,3.0,3.4,Hotel,2017,11,0
13659,Paris,France,237,2.7,3.0,4.1,Hotel,2017,11,0
13662,Paris,France,246,1.6,,3.4,Hotel,2017,11,0
13663,Paris,France,271,1.6,3.0,4.0,Hotel,2017,11,0
13664,Paris,France,192,1.5,3.0,4.3,Hotel,2017,11,0
13665,Paris,France,173,2.8,3.0,3.9,Hotel,2017,11,0
13670,Paris,France,227,1.5,4.0,4.5,Hotel,2017,11,0
13671,Paris,France,293,1.6,3.0,4.1,Hotel,2017,11,0
13676,Paris,France,183,2.1,2.0,3.5,Hotel,2017,11,0
13677,Paris,France,202,1.9,3.0,3.7,Hotel,2017,11,0
13679,Paris,France,240,2.1,4.0,4.0,Hotel,2017,11,0
13680,Paris,France,302,1.7,3.0,4.0,Hotel,2017,11,0
13681,Paris,France,551,1.7,2.0,3.0,Hotel,2017,11,0
13683,Paris,France,257,1.7,3.0,3.7,Hotel,2017,11,0
13686,Paris,France,215,2.0,4.0,4.0,Hotel,2017,11,0
13687,Paris,France,188,1.6,3.0,3.7,Hotel,2017,11,0
13689,Paris,France,291,1.8,4.0,4.3,Hotel,2017,11,0
13690,Paris,France,180,1.6,3.0,3.7,Hotel,2017,11,0
13692,Paris,France,235,1.6,3.0,4.5,Hotel,2017,11,0
13693,Paris,France,176,2.0,3.0,3.2,Hotel,2017,11,0
13696,Paris,France,51,3.0,,3.2,Hotel,2017,11,0
13698,Paris,France,242,2.0,3.0,4.5,Hotel,2017,11,0
13699,Paris,France,225,2.3,4.0,4.0,Hotel,2017,11,0
13701,Paris,France,190,1.7,3.0,3.9,Hotel,2017,11,0
13702,Paris,France,197,1.5,,4.4,Hotel,2017,11,0
13703,Paris,France,152,2.1,,3.7,Hotel,2017,11,0
13704,Paris,France,104,2.3,,4.0,Hostel,2017,11,0
13705,Paris,France,212,2.3,4.0,4.4,Hotel,2017,11,0
13708,Paris,France,267,2.1,4.0,3.7,Hotel,2017,11,0
13709,Paris,France,191,1.7,,4.0,Hotel,2017,11,0
13710,Paris,France,161,2.5,3.0,4.5,Hotel,2017,11,0
13713,Paris,France,128,2.5,2.0,3.7,Hotel,2017,11,0
13714,Paris,France,146,2.4,2.0,3.4,Hotel,2017,11,0
13716,Paris,France,231,1.6,3.0,3.0,Hotel,2017,11,0
13718,Paris,France,206,2.1,3.0,4.1,Hotel,2017,11,0
13719,Paris,France,146,2.8,3.0,3.5,Hotel,2017,11,0
13720,Paris,France,161,2.1,4.0,4.0,Hotel,2017,11,0
13723,Paris,France,184,2.7,3.0,3.7,Hotel,2017,11,0
13725,Paris,France,185,1.6,,3.7,Hotel,2017,11,0
13726,Paris,France,96,2.3,,3.9,Hotel,2017,11,0
13727,Paris,France,180,2.4,2.0,4.0,Hotel,2017,11,0
13728,Paris,France,220,2.3,3.0,3.7,Hotel,2017,11,0
13729,Paris,France,220,1.7,,3.0,Hotel,2017,11,0
13730,Paris,France,237,1.7,,3.5,Hotel,2017,11,0
13731,Paris,France,200,1.6,3.0,3.4,Hotel,2017,11,0
13732,Paris,France,249,1.8,3.0,3.7,Hotel,2017,11,0
13733,Paris,France,201,2.7,,3.4,Hotel,2017,11,0
13738,Paris,France,219,1.9,3.0,3.5,Hotel,2017,11,0
13739,Paris,France,224,1.9,3.0,4.0,Hotel,2017,11,0
13741,Paris,France,196,2.1,2.0,3.4,Hotel,2017,11,0
13742,Paris,France,243,2.3,3.0,4.4,Hotel,2017,11,0
13743,Paris,France,335,1.9,4.0,3.5,Hotel,2017,11,0
13746,Paris,France,137,2.3,2.0,3.5,Hotel,2017,11,0
13747,Paris,France,304,2.4,3.0,4.0,Hotel,2017,11,0
13750,Paris,France,152,4.2,2.0,3.9,Hotel,2017,11,0
13753,Paris,France,51,4.0,1.0,3.2,Hotel,2017,11,0
13759,Paris,France,103,3.8,,3.7,Apartment,2017,11,0
13762,Paris,France,80,11.0,3.0,3.5,Hotel,2017,11,0
13764,Paris,France,170,3.3,3.0,3.7,Hotel,2017,11,0
13765,Paris,France,150,3.2,2.0,3.4,Hotel,2017,11,0
13766,Paris,France,169,3.2,2.0,3.2,Hotel,2017,11,0
13767,Paris,France,236,3.3,3.0,3.7,Hotel,2017,11,0
13768,Paris,France,271,3.6,4.0,4.3,Hotel,2017,11,0
13769,Paris,France,127,9.2,4.0,3.5,Hotel,2017,11,0
13770,Paris,France,125,9.5,4.0,4.0,Hotel,2017,11,0
13772,Paris,France,68,9.6,1.0,3.0,Hotel,2017,11,0
13773,Paris,France,80,9.5,2.0,3.5,Hotel,2017,11,0
13774,Paris,France,80,4.9,,4.0,Hotel,2017,11,0
13775,Paris,France,352,0.8,5.0,4.4,Hotel,2017,11,0
13777,Paris,France,172,0.7,4.0,4.3,Hotel,2017,11,0
13778,Paris,France,213,0.6,,4.8,Bed and breakfast,2017,11,0
13779,Paris,France,394,1.5,5.0,4.8,Hotel,2017,11,0
13780,Paris,France,191,1.1,4.0,3.7,Hotel,2017,11,0
13781,Paris,France,188,1.4,3.0,3.5,Hotel,2017,11,0
13782,Paris,France,231,0.8,3.0,4.0,Hotel,2017,11,0
13783,Paris,France,259,0.8,4.0,4.1,Hotel,2017,11,0
13784,Paris,France,181,1.0,4.0,4.4,Hotel,2017,11,0
13786,Paris,France,152,0.8,3.0,3.4,Hotel,2017,11,0
13787,Paris,France,118,1.4,3.0,3.4,Hotel,2017,11,0
13788,Paris,France,212,1.0,4.0,4.4,Hotel,2017,11,0
13789,Paris,France,190,1.0,,4.3,Hotel,2017,11,0
13790,Paris,France,148,0.7,4.0,4.3,Hotel,2017,11,0
13791,Paris,France,152,1.4,3.0,3.5,Hotel,2017,11,0
13792,Paris,France,71,1.4,2.0,3.2,Hotel,2017,11,0
13793,Paris,France,122,1.1,2.0,4.1,Hotel,2017,11,0
13794,Paris,France,142,0.8,3.0,3.7,Hotel,2017,11,0
13795,Paris,France,156,1.3,2.0,3.7,Hotel,2017,11,0
13796,Paris,France,157,0.8,3.0,3.5,Hotel,2017,11,0
13797,Paris,France,160,0.8,3.0,3.7,Hotel,2017,11,0
13799,Paris,France,245,0.7,4.0,3.7,Hotel,2017,11,0
13800,Paris,France,163,0.7,3.0,3.4,Hotel,2017,11,0
13802,Paris,France,208,1.5,4.0,4.5,Hotel,2017,11,0
13803,Paris,France,175,0.8,4.0,4.0,Hotel,2017,11,0
13804,Paris,France,220,1.3,3.0,3.0,Hotel,2017,11,0
13805,Paris,France,145,0.8,3.0,3.7,Hotel,2017,11,0
13806,Paris,France,195,0.9,3.0,4.1,Hotel,2017,11,0
13807,Paris,France,170,1.2,3.0,4.5,Hotel,2017,11,0
13808,Paris,France,162,1.0,3.0,4.0,Hotel,2017,11,0
13809,Paris,France,181,0.7,3.0,3.5,Hotel,2017,11,0
13810,Paris,France,212,0.7,2.0,3.2,Hotel,2017,11,0
13812,Paris,France,137,0.8,3.0,3.2,Hotel,2017,11,0
13813,Paris,France,297,0.7,4.0,4.1,Hotel,2017,11,0
13814,Paris,France,323,1.0,4.0,4.5,Hotel,2017,11,0
13816,Paris,France,130,1.4,2.0,3.2,Hotel,2017,11,0
13817,Paris,France,244,0.9,4.0,3.7,Hotel,2017,11,0
13818,Paris,France,116,1.0,,2.4,Hotel,2017,11,0
13819,Paris,France,241,0.6,4.0,4.3,Vacation home Condo,2017,11,0
13820,Paris,France,179,1.2,3.0,3.0,Hotel,2017,11,0
13821,Paris,France,243,0.9,4.0,4.4,Hotel,2017,11,0
13822,Paris,France,275,0.9,,,Hotel,2017,11,0
13824,Paris,France,141,1.3,3.0,4.1,Hotel,2017,11,0
13825,Paris,France,213,1.5,4.0,4.6,Hotel,2017,11,0
13826,Paris,France,227,1.4,4.0,4.0,Hotel,2017,11,0
13827,Paris,France,315,0.9,4.0,4.5,Hotel,2017,11,0
13828,Paris,France,342,0.7,4.0,3.0,Hotel,2017,11,0
13829,Paris,France,351,0.8,5.0,4.4,Hotel,2017,11,0
13831,Paris,France,214,0.7,4.0,4.5,Hotel,2017,11,0
13832,Paris,France,302,0.8,5.0,4.3,Hotel,2017,11,0
13835,Paris,France,184,1.4,4.0,4.0,Hotel,2017,11,0
13836,Paris,France,139,0.9,3.0,4.0,Hotel,2017,11,0
13838,Paris,France,240,1.0,,4.0,Hotel,2017,11,0
13839,Paris,France,118,1.1,2.0,3.2,Hotel,2017,11,0
13840,Paris,France,233,1.3,3.0,4.0,Hotel,2017,11,0
13841,Paris,France,171,1.1,3.0,4.6,Hotel,2017,11,0
13842,Paris,France,116,1.2,3.0,3.2,Hotel,2017,11,0
13843,Paris,France,177,0.9,3.0,3.7,Hotel,2017,11,0
13844,Paris,France,136,1.0,3.0,3.4,Hotel,2017,11,0
13845,Paris,France,285,0.7,4.0,4.3,Hotel,2017,11,0
13847,Paris,France,230,1.3,,4.3,Hotel,2017,11,0
13849,Paris,France,111,1.1,3.0,2.9,Hotel,2017,11,0
13850,Paris,France,190,1.0,3.0,4.3,Hotel,2017,11,0
13851,Paris,France,240,0.9,4.0,4.1,Hotel,2017,11,0
13852,Paris,France,224,1.2,4.0,4.4,Hotel,2017,11,0
13853,Paris,France,167,0.9,3.0,3.5,Hotel,2017,11,0
13854,Paris,France,192,1.2,3.0,4.0,Hotel,2017,11,0
13855,Paris,France,195,0.9,3.0,4.0,Hotel,2017,11,0
13856,Paris,France,104,1.1,,3.0,Hotel,2017,11,0
13857,Paris,France,134,1.3,3.0,3.9,Hotel,2017,11,0
13858,Paris,France,193,0.9,4.0,4.0,Hotel,2017,11,0
13859,Paris,France,200,1.3,4.0,4.5,Hotel,2017,11,0
13860,Paris,France,195,1.2,3.0,4.5,Hotel,2017,11,0
13861,Paris,France,104,1.0,3.0,3.2,Hotel,2017,11,0
13862,Paris,France,162,1.1,4.0,4.3,Hotel,2017,11,0
13863,Paris,France,144,1.3,3.0,3.5,Hotel,2017,11,0
13864,Paris,France,185,1.4,3.0,4.1,Hotel,2017,11,0
13865,Paris,France,191,1.0,3.0,3.9,Hotel,2017,11,0
13866,Paris,France,202,1.0,3.0,3.7,Hotel,2017,11,0
13867,Paris,France,182,1.0,3.0,4.1,Hotel,2017,11,0
13870,Paris,France,182,1.2,3.0,4.3,Hotel,2017,11,0
13872,Paris,France,204,0.6,4.0,4.1,Hotel,2017,11,0
13873,Paris,France,180,1.5,3.0,2.5,Hotel,2017,11,0
13874,Paris,France,161,1.4,3.0,3.9,Hotel,2017,11,0
13875,Paris,France,127,1.3,2.0,3.9,Hotel,2017,11,0
13877,Paris,France,182,0.7,3.0,4.5,Hotel,2017,11,0
13879,Paris,France,212,1.3,,5.0,Hotel,2017,11,0
13884,Paris,France,99,1.5,2.0,3.4,Hotel,2017,11,0
13885,Paris,France,170,1.2,3.0,4.0,Hotel,2017,11,0
13887,Paris,France,93,1.1,2.0,3.0,Hotel,2017,11,0
13888,Paris,France,65,1.4,,3.7,Hostel,2017,11,0
13889,Paris,France,275,0.7,4.0,4.5,Hotel,2017,11,0
13891,Paris,France,161,1.0,3.0,3.9,Hotel,2017,11,0
13892,Paris,France,120,1.5,3.0,3.7,Hotel,2017,11,0
13894,Paris,France,191,0.8,4.0,4.4,Hotel,2017,11,0
13896,Paris,France,176,0.7,3.0,3.5,Hotel,2017,11,0
13898,Paris,France,182,0.7,3.0,4.0,Hotel,2017,11,0
13900,Paris,France,100,1.0,3.0,3.0,Hotel,2017,11,0
13901,Paris,France,120,1.0,3.0,2.2,Hotel,2017,11,0
13902,Paris,France,266,1.2,4.0,3.9,Hotel,2017,11,0
13903,Paris,France,236,0.7,3.0,4.0,Hotel,2017,11,0
13904,Paris,France,148,1.3,3.0,3.5,Hotel,2017,11,0
13905,Paris,France,239,1.4,4.0,4.5,Hotel,2017,11,0
13906,Paris,France,200,1.3,4.0,4.1,Hotel,2017,11,0
13907,Paris,France,265,1.0,4.0,4.0,Vacation home Condo,2017,11,0
13908,Paris,France,252,1.3,3.0,4.3,Hotel,2017,11,0
13909,Paris,France,85,0.9,3.0,3.2,Hotel,2017,11,0
13910,Paris,France,134,0.8,2.0,3.5,Hotel,2017,11,0
13912,Paris,France,170,1.2,3.0,4.3,Hotel,2017,11,0
13913,Paris,France,169,0.7,2.0,4.0,Hotel,2017,11,0
13914,Paris,France,215,0.9,4.0,4.4,Hotel,2017,11,0
13915,Paris,France,147,0.9,3.0,4.0,Hotel,2017,11,0
13916,Paris,France,93,0.8,2.0,2.9,Hotel,2017,11,0
13917,Paris,France,156,0.9,4.0,3.9,Hotel,2017,11,0
13918,Paris,France,136,0.6,3.0,3.5,Hotel,2017,11,0
13919,Paris,France,73,1.4,,2.9,Hotel,2017,11,0
13920,Paris,France,278,0.7,4.0,3.7,Hotel,2017,11,0
13921,Paris,France,246,0.7,3.0,3.7,Hotel,2017,11,0
13922,Paris,France,212,0.8,3.0,4.0,Hotel,2017,11,0
13923,Paris,France,91,1.5,2.0,3.0,Hotel,2017,11,0
13925,Paris,France,144,0.9,3.0,3.9,Hotel,2017,11,0
13926,Paris,France,206,0.9,3.0,4.3,Hotel,2017,11,0
13927,Paris,France,159,0.7,2.0,3.7,Hotel,2017,11,0
13928,Paris,France,123,0.8,2.0,3.5,Hotel,2017,11,0
13930,Paris,France,123,1.3,4.0,3.7,Hotel,2017,11,0
13931,Paris,France,139,1.3,3.0,3.2,Hotel,2017,11,0
13932,Paris,France,87,1.3,2.0,3.7,Hotel,2017,11,0
13933,Paris,France,190,0.9,4.0,4.1,Hotel,2017,11,0
13935,Paris,France,178,0.9,3.0,4.4,Hotel,2017,11,0
13937,Paris,France,219,1.4,,4.5,Hotel,2017,11,0
13938,Paris,France,229,0.7,4.0,4.3,Hotel,2017,11,0
13939,Paris,France,103,1.2,3.0,2.5,Hotel,2017,11,0
13940,Paris,France,273,0.8,4.0,4.4,Hotel,2017,11,0
13941,Paris,France,151,1.1,3.0,4.3,Hotel,2017,11,0
13942,Paris,France,58,1.4,,2.9,Hotel,2017,11,0
13943,Paris,France,173,1.4,4.0,4.1,Hotel,2017,11,0
13944,Paris,France,103,1.6,3.0,3.0,Hotel,2017,11,0
13945,Paris,France,168,1.5,4.0,3.9,Hotel,2017,11,0
13946,Paris,France,168,1.5,4.0,4.0,Hotel,2017,11,0
13947,Paris,France,182,1.5,3.0,4.5,Hotel,2017,11,0
13948,Paris,France,120,1.2,,3.2,Apartment,2017,11,0
13949,Paris,France,233,0.8,,4.0,Apart-hotel,2017,11,0
13950,Paris,France,176,1.2,4.0,4.1,Hotel,2017,11,0
13951,Paris,France,233,1.5,4.0,3.7,Hotel,2017,11,0
13952,Paris,France,336,0.7,4.0,3.2,Hotel,2017,11,0
13953,Paris,France,120,1.0,3.0,3.7,Hotel,2017,11,0
13955,Paris,France,326,0.7,5.0,4.6,Hotel,2017,11,0
13958,Paris,France,187,1.0,3.0,3.7,Hotel,2017,11,0
13959,Paris,France,168,1.0,3.0,3.7,Hotel,2017,11,0
13960,Paris,France,189,1.0,4.0,4.1,Hotel,2017,11,0
13961,Paris,France,218,1.0,3.0,3.7,Hotel,2017,11,0
13962,Paris,France,193,1.6,3.0,4.3,Hotel,2017,11,0
13963,Paris,France,215,1.0,4.0,4.3,Hotel,2017,11,0
13964,Paris,France,166,0.7,3.0,3.9,Hotel,2017,11,0
13965,Paris,France,130,0.6,,3.0,Apartment,2017,11,0
13966,Paris,France,113,0.8,3.0,3.7,Hotel,2017,11,0
13967,Paris,France,199,1.1,4.0,4.3,Hotel,2017,11,0
13968,Paris,France,123,0.8,3.0,3.2,Hotel,2017,11,0
13969,Paris,France,141,0.9,3.0,3.7,Hotel,2017,11,0
13970,Paris,France,216,1.1,4.0,4.3,Hotel,2017,11,0
13971,Paris,France,116,1.2,2.0,3.7,Hotel,2017,11,0
13972,Paris,France,141,1.0,2.0,3.4,Hotel,2017,11,0
13973,Paris,France,152,1.3,4.0,4.5,Hotel,2017,11,0
13974,Paris,France,295,1.4,5.0,4.3,Hotel,2017,11,0
13975,Paris,France,146,0.7,3.0,4.3,Hotel,2017,11,0
13977,Paris,France,334,0.8,5.0,4.0,Hotel,2017,11,0
13979,Paris,France,95,1.4,2.0,3.2,Hotel,2017,11,0
13980,Paris,France,105,9.1,3.0,3.5,Hotel,2017,11,0
13981,Paris,France,97,8.0,3.0,3.7,Hotel,2017,11,0
13982,Paris,France,172,10.0,4.0,4.3,Hotel,2017,11,0
13983,Paris,France,240,11.0,4.0,4.5,Hotel,2017,11,0
13984,Paris,France,123,7.7,3.0,3.7,Hotel,2017,11,0
13986,Paris,France,184,11.0,3.0,4.1,Hotel,2017,11,0
13987,Paris,France,145,11.0,3.0,3.9,Hotel,2017,11,0
13989,Paris,France,184,10.0,3.0,3.7,Hotel,2017,11,0
13990,Paris,France,200,11.0,4.0,3.9,Hotel,2017,11,0
13992,Paris,France,106,11.0,2.0,3.2,Hotel,2017,11,0
13994,Paris,France,163,11.0,3.0,4.0,Hotel,2017,11,0
13996,Paris,France,212,7.8,4.0,4.5,Hotel,2017,11,0
13997,Paris,France,487,11.0,4.0,4.1,Hotel,2017,11,0
13998,Paris,France,108,3.8,3.0,3.5,Hotel,2017,11,0
14000,Paris,France,156,3.2,4.0,4.0,Hotel,2017,11,0
14001,Paris,France,93,3.3,,3.2,Apart-hotel,2017,11,0
14002,Paris,France,97,3.3,3.0,3.9,Hotel,2017,11,0
14004,Paris,France,168,9.1,,3.0,Hotel,2017,11,0
14005,Paris,France,212,10.0,4.0,3.9,Hotel,2017,11,0
14006,Paris,France,148,8.5,4.0,3.7,Hotel,2017,11,0
14007,Paris,France,145,9.1,4.0,3.5,Hotel,2017,11,0
14008,Paris,France,223,1.0,4.0,4.0,Hotel,2017,11,0
14010,Paris,France,257,0.9,3.0,4.4,Hotel,2017,11,0
14013,Paris,France,143,3.0,3.0,3.7,Hotel,2017,11,0
14014,Paris,France,405,1.2,,,Apartment,2017,11,0
14015,Paris,France,139,1.7,,3.7,Hostel,2017,11,0
14016,Paris,France,106,1.8,2.0,3.2,Hotel,2017,11,0
14017,Paris,France,242,1.4,3.0,4.1,Hotel,2017,11,0
14019,Paris,France,192,0.8,4.0,4.3,Hotel,2017,11,0
14020,Paris,France,155,0.9,3.0,4.5,Hotel,2017,11,0
14021,Paris,France,259,1.5,4.0,4.5,Hotel,2017,11,0
14022,Paris,France,137,2.7,3.0,4.0,Hotel,2017,11,0
14023,Paris,France,156,2.7,3.0,3.2,Hotel,2017,11,0
14024,Paris,France,197,0.8,3.0,3.9,Hotel,2017,11,0
14025,Paris,France,51,3.1,2.0,2.2,Hotel,2017,11,0
14026,Paris,France,212,1.5,4.0,4.5,Hotel,2017,11,0
14027,Paris,France,141,2.6,2.0,3.2,Vacation home Condo,2017,11,0
14028,Paris,France,191,1.5,3.0,3.9,Hotel,2017,11,0
14029,Paris,France,166,0.9,2.0,2.7,Hotel,2017,11,0
14030,Paris,France,156,2.8,,4.0,Hotel,2017,11,0
14032,Paris,France,66,2.8,,2.7,Hotel,2017,11,0
14034,Paris,France,123,3.3,3.0,3.5,Hotel,2017,11,0
14037,Paris,France,160,0.8,4.0,4.3,Hotel,2017,11,0
14038,Paris,France,130,4.9,4.0,3.7,Caravan Park,2017,11,0
14039,Paris,France,119,3.2,3.0,3.7,Hotel,2017,11,0
14040,Paris,France,216,0.9,,4.5,Apartment,2017,11,0
14042,Paris,France,173,1.5,3.0,4.1,Hotel,2017,11,0
14043,Paris,France,168,2.9,4.0,3.7,Hotel,2017,11,0
14044,Paris,France,160,3.3,4.0,3.7,Hotel,2017,11,0
14045,Paris,France,122,2.5,3.0,4.4,Hotel,2017,11,0
14046,Paris,France,355,0.8,5.0,4.6,Hotel,2017,11,0
14047,Paris,France,224,1.3,3.0,4.3,Hotel,2017,11,0
14048,Paris,France,85,2.9,2.0,3.7,Hotel,2017,11,0
14049,Paris,France,95,3.2,2.0,3.7,Hotel,2017,11,0
14050,Paris,France,79,2.7,,3.2,Hotel,2017,11,0
14051,Paris,France,145,3.0,4.0,3.7,Hotel,2017,11,0
14052,Paris,France,142,2.9,4.0,4.0,Vacation home Condo,2017,11,0
14053,Paris,France,445,0.9,,4.5,Apartment,2017,11,0
14054,Paris,France,145,3.0,3.0,3.4,Vacation home Condo,2017,11,0
14055,Paris,France,298,0.9,4.0,4.6,Hotel,2017,11,0
14056,Paris,France,147,0.9,2.0,4.1,Hotel,2017,11,0
14057,Paris,France,223,0.9,4.0,4.1,Hotel,2017,11,0
14058,Paris,France,213,0.8,3.0,4.0,Hotel,2017,11,0
14059,Paris,France,162,2.2,,4.0,Vacation home Condo,2017,11,0
14060,Paris,France,163,3.2,3.0,3.7,Hotel,2017,11,0
14061,Paris,France,112,2.8,3.0,3.7,Hotel,2017,11,0
14062,Paris,France,175,0.8,3.0,4.0,Hotel,2017,11,0
14063,Paris,France,149,3.0,3.0,4.0,Hotel,2017,11,0
14066,Paris,France,79,2.1,3.0,3.2,Hotel,2017,11,0
14068,Paris,France,120,2.9,,5.0,Guest House,2017,11,0
14069,Paris,France,188,0.9,3.0,3.9,Hotel,2017,11,0
14070,Paris,France,110,3.4,2.0,3.0,Hotel,2017,11,0
14071,Paris,France,162,1.0,3.0,4.0,Hotel,2017,11,0
14072,Paris,France,292,1.0,4.0,4.6,Hotel,2017,11,0
14073,Paris,France,307,0.9,4.0,4.5,Hotel,2017,11,0
14074,Paris,France,214,1.4,4.0,4.4,Hotel,2017,11,0
14075,Paris,France,75,3.1,,3.9,Hotel,2017,11,0
14076,Paris,France,260,1.1,4.0,4.5,Hotel,2017,11,0
14077,Paris,France,84,2.2,2.0,3.5,Hotel,2017,11,0
14079,Paris,France,232,0.9,4.0,4.0,Hotel,2017,11,0
14081,Paris,France,179,0.9,2.0,3.2,Hotel,2017,11,0
14082,Paris,France,171,1.0,3.0,4.1,Hotel,2017,11,0
14083,Paris,France,249,2.2,4.0,4.1,Hotel,2017,11,0
14084,Paris,France,234,1.5,5.0,4.5,Hotel,2017,11,0
14085,Paris,France,252,1.2,4.0,4.3,Hotel,2017,11,0
14086,Paris,France,140,0.8,2.0,4.0,Hotel,2017,11,0
14089,Paris,France,189,1.2,3.0,4.1,Hotel,2017,11,0
14090,Paris,France,124,2.9,,4.0,Hotel,2017,11,0
14091,Paris,France,262,0.9,4.0,4.5,Hotel,2017,11,0
14092,Paris,France,186,2.9,4.0,3.4,Vacation home Condo,2017,11,0
14093,Paris,France,265,1.9,4.0,4.1,Hotel,2017,11,0
14094,Paris,France,377,0.8,4.0,4.6,Hotel,2017,11,0
14096,Paris,France,421,1.5,4.0,4.4,Hotel,2017,11,0
14097,Paris,France,247,1.5,4.0,4.5,Hotel,2017,11,0
14098,Paris,France,157,2.8,3.0,4.1,Hotel,2017,11,0
14099,Paris,France,265,1.4,4.0,4.1,Hotel,2017,11,0
14100,Paris,France,375,1.4,4.0,4.5,Hotel,2017,11,0
14103,Paris,France,110,2.5,3.0,3.5,Hotel,2017,11,0
14104,Paris,France,149,2.2,,3.7,Apart-hotel,2017,11,0
14105,Paris,France,108,2.5,3.0,3.4,Hotel,2017,11,0
14106,Paris,France,109,2.4,2.0,2.7,Hotel,2017,11,0
14107,Paris,France,104,2.5,3.0,4.0,Hotel,2017,11,0
14109,Paris,France,116,2.2,3.0,4.3,Hotel,2017,11,0
14110,Paris,France,92,1.9,2.0,3.4,Hotel,2017,11,0
14112,Paris,France,184,2.4,3.0,3.7,Hotel,2017,11,0
14113,Paris,France,103,2.2,2.0,3.5,Hotel,2017,11,0
14115,Paris,France,188,2.7,3.0,4.1,Hotel,2017,11,0
14116,Paris,France,138,2.6,3.0,3.7,Hotel,2017,11,0
14117,Paris,France,166,2.6,3.0,3.7,Hotel,2017,11,0
14118,Paris,France,179,2.3,3.0,4.1,Hotel,2017,11,0
14119,Paris,France,179,1.8,3.0,4.0,Hotel,2017,11,0
14120,Paris,France,190,2.3,3.0,4.0,Vacation home Condo,2017,11,0
14121,Paris,France,174,2.2,3.0,4.0,Hotel,2017,11,0
14123,Paris,France,190,2.0,2.0,3.7,Hotel,2017,11,0
14124,Paris,France,143,2.3,3.0,3.9,Hotel,2017,11,0
14126,Paris,France,131,1.9,,3.2,Hotel,2017,11,0
14129,Paris,France,214,2.3,4.0,4.0,Hotel,2017,11,0
14130,Paris,France,176,2.1,3.0,4.0,Vacation home Condo,2017,11,0
14131,Paris,France,185,2.8,,4.9,Bed and breakfast,2017,11,0
14133,Paris,France,225,2.1,3.0,4.4,Hotel,2017,11,0
14135,Paris,France,186,1.8,,4.0,Hotel,2017,11,0
14137,Paris,France,169,2.0,4.0,3.2,Hotel,2017,11,0
14138,Paris,France,152,1.8,3.0,3.7,Hotel,2017,11,0
14139,Paris,France,152,2.5,3.0,4.0,Hotel,2017,11,0
14140,Paris,France,76,2.9,2.0,2.7,Hotel,2017,11,0
14141,Paris,France,176,2.1,3.0,3.7,Hotel,2017,11,0
14142,Paris,France,152,2.1,3.0,4.1,Hotel,2017,11,0
14143,Paris,France,203,2.2,4.0,4.1,Hotel,2017,11,0
14144,Paris,France,207,1.9,3.0,4.5,Hotel,2017,11,0
14145,Paris,France,170,2.7,4.0,3.7,Hotel,2017,11,0
14146,Paris,France,82,2.6,2.0,2.7,Hotel,2017,11,0
14147,Paris,France,101,3.0,,3.7,Apartment,2017,11,0
14148,Paris,France,69,15.0,3.0,3.5,Vacation home Condo,2017,11,0
14149,Paris,France,204,13.0,4.0,3.9,Hotel,2017,11,0
14152,Paris,France,162,12.0,4.0,4.0,Hotel,2017,11,0
14153,Paris,France,168,13.0,4.0,4.3,Apart-hotel,2017,11,0
14154,Paris,France,129,13.0,3.0,3.7,Hotel,2017,11,0
14155,Paris,France,138,13.0,4.0,3.0,Hotel,2017,11,0
14156,Paris,France,118,12.0,3.0,4.8,Guest House,2017,11,0
14157,Paris,France,185,13.0,4.0,3.9,Hotel,2017,11,0
14159,Paris,France,81,12.0,2.0,3.4,Hotel,2017,11,0
14161,Paris,France,63,12.0,1.0,3.2,Hotel,2017,11,0
14162,Paris,France,120,12.0,3.0,3.7,Hotel,2017,11,0
14164,Paris,France,254,12.0,4.0,4.0,Hotel,2017,11,0
14165,Paris,France,249,13.0,4.0,4.0,Hotel,2017,11,0
14166,Paris,France,124,12.0,3.0,3.7,Apart-hotel,2017,11,0
14168,Paris,France,260,12.0,5.0,4.0,Apart-hotel,2017,11,0
14169,Paris,France,121,14.0,3.0,3.7,Hotel,2017,11,0
14171,Paris,France,225,14.0,4.0,4.0,Hotel,2017,11,0
14172,Paris,France,78,12.0,2.0,3.7,Hotel,2017,11,0
14173,Paris,France,103,12.0,2.0,3.7,Hotel,2017,11,0
14174,Paris,France,123,12.0,3.0,3.7,Hotel,2017,11,0
14175,Paris,France,265,13.0,4.0,4.0,Hotel,2017,11,0
14176,Paris,France,100,6.1,3.0,3.0,Hotel,2017,11,0
14177,Paris,France,58,6.1,2.0,3.0,Hotel,2017,11,0
14178,Paris,France,224,6.0,4.0,3.0,Hotel,2017,11,0
14179,Paris,France,91,6.2,3.0,3.0,Vacation home Condo,2017,11,0
14180,Paris,France,156,7.4,3.0,3.4,Hotel,2017,11,0
14181,Paris,France,184,7.3,3.0,4.1,Hotel,2017,11,0
14188,Paris,France,162,7.4,4.0,4.0,Hotel,2017,11,0
14189,Paris,France,98,7.2,3.0,3.9,Vacation home Condo,2017,11,0
14190,Paris,France,50,7.1,2.0,3.4,Hotel,2017,11,0
14191,Paris,France,103,7.3,3.0,3.2,Hotel,2017,11,0
14192,Paris,France,177,7.4,4.0,4.0,Hotel,2017,11,0
14194,Paris,France,91,7.3,2.0,3.5,Hotel,2017,11,0
14195,Paris,France,57,7.4,,2.9,Hotel,2017,11,0
14196,Paris,France,173,8.2,,3.5,Hotel,2017,11,0
14197,Paris,France,213,12.0,4.0,4.4,Hotel,2017,11,0
14198,Paris,France,51,9.0,,3.0,Hotel,2017,11,0
14199,Paris,France,95,6.6,2.0,3.7,Hotel,2017,11,0
14201,Paris,France,139,5.8,,3.5,Hotel,2017,11,0
14203,Paris,France,133,14.0,3.0,4.0,Hotel,2017,11,0
14204,Paris,France,69,14.0,,3.4,Hotel,2017,11,0
14206,Paris,France,81,14.0,3.0,2.7,Vacation home Condo,2017,11,0
14208,Paris,France,84,13.0,3.0,,Hotel,2017,11,0
14209,Paris,France,64,14.0,1.0,3.2,Hotel,2017,11,0
14211,Paris,France,162,3.8,3.0,3.4,Vacation home Condo,2017,11,0
14212,Paris,France,73,5.3,2.0,2.2,Hotel,2017,11,0
14213,Paris,France,45,5.3,,2.7,Hotel,2017,11,0
14214,Paris,France,93,4.6,3.0,3.5,Hotel,2017,11,0
14215,Paris,France,145,4.4,3.0,3.7,Hotel,2017,11,0
14217,Paris,France,190,4.3,4.0,4.0,Hotel,2017,11,0
14218,Paris,France,186,4.1,4.0,4.1,Hotel,2017,11,0
14219,Paris,France,76,4.7,,2.4,Hotel,2017,11,0
14220,Paris,France,118,4.1,3.0,3.7,Hotel,2017,11,0
14221,Paris,France,114,4.1,2.0,3.7,Hotel,2017,11,0
14223,Paris,France,789,0.6,5.0,4.5,Hotel,2017,11,0
14225,Paris,France,229,0.6,3.0,4.3,Hotel,2017,11,0
14226,Paris,France,274,0.8,4.0,4.5,Hotel,2017,11,0
14227,Paris,France,298,0.7,4.0,4.6,Hotel,2017,11,0
14228,Paris,France,207,0.8,4.0,4.3,Hotel,2017,11,0
14229,Paris,France,355,0.7,,4.5,Hotel,2017,11,0
14230,Paris,France,240,0.6,4.0,4.5,Hotel,2017,11,0
14232,Paris,France,99,0.7,,2.5,Hotel,2017,11,0
14234,Paris,France,345,0.7,4.0,4.5,Hotel,2017,11,0
14235,Paris,France,247,0.6,3.0,4.0,Hotel,2017,11,0
14236,Paris,France,134,0.8,,,Apartment,2017,11,0
14237,Paris,France,155,0.7,,3.4,Hotel,2017,11,0
14238,Paris,France,179,0.8,3.0,3.9,Hotel,2017,11,0
14239,Paris,France,161,0.7,3.0,4.0,Hotel,2017,11,0
14240,Paris,France,252,0.7,4.0,4.6,Hotel,2017,11,0
14241,Paris,France,260,0.7,4.0,4.5,Hotel,2017,11,0
14242,Paris,France,185,0.7,4.0,4.0,Hotel,2017,11,0
14243,Paris,France,635,0.6,5.0,4.5,Hotel,2017,11,0
14244,Paris,France,208,0.7,3.0,3.7,Hotel,2017,11,0
14245,Paris,France,207,0.8,4.0,4.5,Hotel,2017,11,0
14246,Paris,France,343,0.6,5.0,4.8,Hotel,2017,11,0
14247,Paris,France,249,0.7,4.0,4.5,Hotel,2017,11,0
14248,Paris,France,184,0.6,3.0,4.3,Hotel,2017,11,0
14250,Paris,France,179,0.7,3.0,4.1,Hotel,2017,11,0
14251,Paris,France,202,0.7,3.0,4.1,Hotel,2017,11,0
14252,Paris,France,208,0.6,4.0,4.0,Hotel,2017,11,0
14253,Paris,France,298,0.7,4.0,4.1,Hotel,2017,11,0
14254,Paris,France,238,0.7,3.0,4.3,Hotel,2017,11,0
14255,Paris,France,162,0.7,3.0,4.4,Hotel,2017,11,0
14256,Paris,France,250,0.5,4.0,4.4,Vacation home Condo,2017,11,0
14257,Paris,France,248,0.7,3.0,3.9,Hotel,2017,11,0
14258,Paris,France,211,0.9,4.0,4.5,Hotel,2017,11,0
14259,Paris,France,172,0.7,3.0,4.1,Hotel,2017,11,0
14261,Paris,France,207,0.9,4.0,4.1,Hotel,2017,11,0
14262,Paris,France,144,0.7,2.0,3.9,Hotel,2017,11,0
14263,Paris,France,158,0.7,1.0,3.2,Hotel,2017,11,0
14264,Paris,France,116,0.6,,3.7,Hotel,2017,11,0
14265,Paris,France,314,0.7,5.0,4.4,Hotel,2017,11,0
14266,Paris,France,163,0.5,3.0,4.1,Hotel,2017,11,0
14267,Paris,France,229,0.6,4.0,4.4,Hotel,2017,11,0
14268,Paris,France,243,0.7,4.0,4.6,Hotel,2017,11,0
14269,Paris,France,197,0.7,3.0,4.5,Hotel,2017,11,0
14271,Paris,France,84,3.0,2.0,4.0,Hotel,2017,11,0
14272,Paris,France,139,2.8,,3.7,Hotel,2017,11,0
14273,Paris,France,109,2.9,,4.0,Hotel,2017,11,0
14274,Paris,France,138,3.0,,4.5,Hotel,2017,11,0
14275,Paris,France,95,3.2,3.0,4.0,Hotel,2017,11,0
14276,Paris,France,118,2.8,3.0,3.7,Hotel,2017,11,0
14278,Paris,France,231,6.1,4.0,3.9,Hotel,2017,11,0
14279,Paris,France,43,6.8,,3.0,Hotel,2017,11,0
14281,Paris,France,91,5.4,2.0,3.2,Hotel,2017,11,0
14284,Paris,France,52,18.0,2.0,3.5,Hotel,2017,11,0
14286,Paris,France,176,14.0,4.0,4.5,Hotel,2017,11,0
14287,Paris,France,221,14.0,4.0,4.0,Hotel,2017,11,0
14288,Paris,France,149,14.0,3.0,4.1,Hotel,2017,11,0
14289,Paris,France,214,14.0,4.0,4.0,Hotel,2017,11,0
14290,Paris,France,992,2.3,5.0,4.6,Palace,2017,11,0
14291,Paris,France,349,2.8,4.0,4.1,Hotel,2017,11,0
14293,Paris,France,232,2.2,4.0,4.5,Hotel,2017,11,0
14294,Paris,France,287,3.0,3.0,4.4,Hotel,2017,11,0
14295,Paris,France,260,2.8,4.0,4.0,Hotel,2017,11,0
14297,Paris,France,186,4.0,3.0,3.7,Hotel,2017,11,0
14298,Paris,France,195,2.5,3.0,4.1,Hotel,2017,11,0
14299,Paris,France,282,2.6,5.0,4.0,Hotel,2017,11,0
14300,Paris,France,173,4.2,3.0,3.4,Hotel,2017,11,0
14301,Paris,France,290,3.2,3.0,4.3,Hotel,2017,11,0
14302,Paris,France,245,2.5,4.0,4.3,Hotel,2017,11,0
14304,Paris,France,171,2.6,3.0,4.1,Hotel,2017,11,0
14305,Paris,France,424,2.4,5.0,4.5,Hotel,2017,11,0
14306,Paris,France,162,4.5,,,Hotel,2017,11,0
14307,Paris,France,1076,2.4,5.0,4.8,Palace,2017,11,0
14308,Paris,France,254,2.5,4.0,4.1,Hotel,2017,11,0
14309,Paris,France,145,2.5,2.0,3.2,Hotel,2017,11,0
14310,Paris,France,229,3.3,4.0,4.4,Hotel,2017,11,0
14311,Paris,France,221,4.2,,4.3,Hotel,2017,11,0
14312,Paris,France,201,2.6,3.0,3.7,Hotel,2017,11,0
14314,Paris,France,174,2.6,3.0,4.0,Hotel,2017,11,0
14315,Paris,France,308,3.1,5.0,4.5,Hotel,2017,11,0
14316,Paris,France,309,2.9,2.0,4.5,Hotel,2017,11,0
14317,Paris,France,181,2.9,3.0,3.9,Hotel,2017,11,0
14318,Paris,France,220,3.0,3.0,4.0,Hotel,2017,11,0
14319,Paris,France,323,2.3,5.0,4.1,Hotel,2017,11,0
14320,Paris,France,213,2.8,4.0,4.3,Hotel,2017,11,0
14321,Paris,France,179,2.6,3.0,4.1,Hotel,2017,11,0
14322,Paris,France,172,2.6,4.0,4.1,Hotel,2017,11,0
14323,Paris,France,182,3.6,,4.1,Apartment,2017,11,0
14325,Paris,France,167,3.7,3.0,4.4,Hotel,2017,11,0
14326,Paris,France,402,3.0,,4.8,Hotel,2017,11,0
14327,Paris,France,308,2.4,3.0,3.9,Hotel,2017,11,0
14328,Paris,France,203,2.9,2.0,3.9,Hotel,2017,11,0
14329,Paris,France,248,2.8,3.0,4.0,Hotel,2017,11,0
14330,Paris,France,221,2.9,4.0,4.0,Hotel,2017,11,0
14331,Paris,France,249,2.5,4.0,3.5,Hotel,2017,11,0
14332,Paris,France,191,3.9,3.0,3.5,Hotel,2017,11,0
14333,Paris,France,334,2.6,5.0,4.0,Hotel,2017,11,0
14334,Paris,France,278,2.4,4.0,3.5,Hotel,2017,11,0
14335,Paris,France,233,2.7,4.0,4.3,Hotel,2017,11,0
14336,Paris,France,186,2.2,3.0,4.0,Hotel,2017,11,0
14337,Paris,France,171,2.4,3.0,4.1,Hotel,2017,11,0
14338,Paris,France,162,2.4,3.0,4.1,Hotel,2017,11,0
14339,Paris,France,184,3.4,2.0,3.0,Hotel,2017,11,0
14340,Paris,France,202,2.6,3.0,4.0,Hotel,2017,11,0
14341,Paris,France,184,2.4,3.0,3.9,Hotel,2017,11,0
14342,Paris,France,98,4.0,2.0,3.0,Hotel,2017,11,0
14343,Paris,France,242,2.5,3.0,4.5,Hotel,2017,11,0
14344,Paris,France,168,4.0,3.0,3.4,Hotel,2017,11,0
14345,Paris,France,386,2.5,5.0,4.5,Vacation home Condo,2017,11,0
14346,Paris,France,225,3.0,3.0,4.0,Hotel,2017,11,0
14347,Paris,France,320,2.5,5.0,4.4,Hotel,2017,11,0
14348,Paris,France,218,2.6,4.0,4.3,Hotel,2017,11,0
14349,Paris,France,188,3.4,3.0,3.7,Hotel,2017,11,0
14357,Paris,France,196,8.5,4.0,4.1,Hotel,2017,11,0
14358,Paris,France,191,8.2,4.0,4.3,Hotel,2017,11,0
14359,Paris,France,163,8.5,4.0,3.7,Vacation home Condo,2017,11,0
14362,Paris,France,46,11.0,1.0,2.0,Hotel,2017,11,0
14363,Paris,France,56,11.0,2.0,2.4,Hotel,2017,11,0
14364,Paris,France,103,8.4,3.0,3.7,Hotel,2017,11,0
14365,Paris,France,51,8.4,1.0,2.4,Hotel,2017,11,0
14366,Paris,France,69,5.4,3.0,3.0,Hotel,2017,11,0
14367,Paris,France,166,12.0,3.0,3.5,Hotel,2017,11,0
14368,Paris,France,99,12.0,1.0,2.5,Hotel,2017,11,0
14369,Paris,France,103,12.0,,3.5,Hotel,2017,11,0
14370,Paris,France,405,11.0,4.0,3.4,Hotel,2017,11,0
14371,Paris,France,172,11.0,2.0,3.0,Hotel,2017,11,0
14373,Paris,France,122,12.0,2.0,3.0,Hotel,2017,11,0
14374,Paris,France,41,11.0,1.0,2.7,Hotel,2017,11,0
14376,Paris,France,80,7.7,3.0,4.3,Apart-hotel,2017,11,0
14378,Paris,France,107,4.7,3.0,3.7,Hotel,2017,11,0
14379,Paris,France,58,7.7,,3.4,Hotel,2017,11,0
14380,Paris,France,135,3.5,3.0,4.0,Hotel,2017,11,0
14381,Paris,France,109,7.1,3.0,3.9,Vacation home Condo,2017,11,0
14382,Paris,France,91,4.8,3.0,3.0,Vacation home Condo,2017,11,0
14383,Paris,France,137,4.3,4.0,4.4,Hotel,2017,11,0
14384,Paris,France,123,6.5,3.0,4.0,Hotel,2017,11,0
14385,Paris,France,78,5.8,,2.0,Apart-hotel,2017,11,0
14386,Paris,France,123,4.2,2.0,4.0,Hotel,2017,11,0
14387,Paris,France,67,7.7,3.0,2.7,Hotel,2017,11,0
14388,Paris,France,174,4.2,4.0,4.4,Vacation home Condo,2017,11,0
14389,Paris,France,95,3.7,2.0,2.4,Hotel,2017,11,0
14390,Paris,France,135,4.2,3.0,4.1,Hotel,2017,11,0
14391,Paris,France,131,5.0,,4.5,Apart-hotel,2017,11,0
14392,Paris,France,106,4.2,2.0,4.1,Hotel,2017,11,0
14393,Paris,France,101,7.0,,4.0,Hotel,2017,11,0
14394,Paris,France,53,8.5,2.0,2.9,Apartment,2017,11,0
14395,Paris,France,147,6.6,4.0,4.0,Hotel,2017,11,0
14397,Paris,France,110,7.1,3.0,3.7,Hotel,2017,11,0
14398,Paris,France,171,0.9,2.0,3.9,Hotel,2017,11,0
14399,Prague,Czech Republic,30,3.0,3.0,3.5,Hotel,2017,11,0
14400,Prague,Czech Republic,43,3.6,4.0,3.7,Hotel,2017,11,0
14401,Prague,Czech Republic,52,3.5,3.0,3.4,Hotel,2017,11,0
14402,Prague,Czech Republic,57,2.0,4.0,4.0,Hotel,2017,11,0
14403,Prague,Czech Republic,41,4.3,3.0,3.2,Hotel,2017,11,0
14404,Prague,Czech Republic,39,2.2,4.0,4.0,Apartment,2017,11,0
14405,Prague,Czech Republic,51,2.4,3.0,4.0,Hotel,2017,11,0
14406,Prague,Czech Republic,65,3.1,3.0,4.5,Hotel,2017,11,0
14407,Prague,Czech Republic,492,4.5,3.0,,Hotel,2017,11,0
14409,Prague,Czech Republic,39,2.5,3.0,3.9,Hotel,2017,11,0
14410,Prague,Czech Republic,65,2.2,4.0,4.3,Hotel,2017,11,0
14412,Prague,Czech Republic,50,1.5,2.0,4.1,Hostel,2017,11,0
14413,Prague,Czech Republic,88,1.5,4.0,4.1,Hotel,2017,11,0
14414,Prague,Czech Republic,39,1.2,2.5,3.0,Hotel,2017,11,0
14415,Prague,Czech Republic,69,0.9,3.5,3.2,Hotel,2017,11,0
14416,Prague,Czech Republic,58,0.9,4.0,3.7,Hotel,2017,11,0
14417,Prague,Czech Republic,67,1.1,4.0,4.0,Hotel,2017,11,0
14418,Prague,Czech Republic,67,1.8,4.0,3.7,Hotel,2017,11,0
14419,Prague,Czech Republic,21,1.7,3.0,3.7,Hotel,2017,11,0
14420,Prague,Czech Republic,12,1.9,2.0,4.0,Hotel,2017,11,0
14421,Prague,Czech Republic,44,1.5,3.0,3.2,Hotel,2017,11,0
14422,Prague,Czech Republic,34,1.0,3.0,3.5,Hotel,2017,11,0
14423,Prague,Czech Republic,80,1.2,4.0,4.8,Apartment,2017,11,0
14425,Prague,Czech Republic,44,1.3,3.0,3.7,Hotel,2017,11,0
14426,Prague,Czech Republic,26,1.4,2.5,2.9,Hotel,2017,11,0
14427,Prague,Czech Republic,21,2.0,2.0,3.0,Hostel,2017,11,0
14428,Prague,Czech Republic,69,1.0,4.0,4.0,Hotel,2017,11,0
14429,Prague,Czech Republic,66,1.5,4.0,3.9,Hotel,2017,11,0
14430,Prague,Czech Republic,87,1.4,3.5,4.9,Hotel,2017,11,0
14432,Prague,Czech Republic,113,1.2,4.0,4.1,Hotel,2017,11,0
14433,Prague,Czech Republic,96,1.2,4.0,4.4,Hotel,2017,11,0
14434,Prague,Czech Republic,72,1.2,4.0,4.8,Hotel,2017,11,0
14435,Prague,Czech Republic,68,1.3,4.0,4.5,Hotel,2017,11,0
14436,Prague,Czech Republic,61,1.2,3.5,4.3,Hotel,2017,11,0
14438,Prague,Czech Republic,99,1.3,4.0,4.8,Hotel,2017,11,0
14439,Prague,Czech Republic,75,1.1,3.5,3.9,Guest House,2017,11,0
14440,Prague,Czech Republic,86,1.6,3.0,4.3,Apartment,2017,11,0
14442,Prague,Czech Republic,235,1.0,5.0,4.5,Hotel,2017,11,0
14443,Prague,Czech Republic,245,1.0,5.0,4.9,Hotel,2017,11,0
14444,Prague,Czech Republic,108,1.6,4.0,4.8,Hotel,2017,11,0
14445,Prague,Czech Republic,76,1.3,4.0,4.5,Hotel,2017,11,0
14446,Prague,Czech Republic,102,0.9,4.0,4.1,Hotel,2017,11,0
14447,Prague,Czech Republic,145,0.9,5.0,4.6,Hotel,2017,11,0
14450,Prague,Czech Republic,51,0.3,4.0,3.7,Apartment,2017,11,0
14451,Prague,Czech Republic,77,0.3,4.0,4.4,Hotel,2017,11,0
14452,Prague,Czech Republic,166,0.3,4.0,4.6,Hotel,2017,11,0
14454,Prague,Czech Republic,57,0.3,3.0,3.4,Hotel,2017,11,0
14455,Prague,Czech Republic,83,0.4,4.0,3.9,Hotel,2017,11,0
14457,Prague,Czech Republic,61,0.4,3.5,2.5,Guest House,2017,11,0
14458,Prague,Czech Republic,133,0.5,5.0,4.1,Hotel,2017,11,0
14459,Prague,Czech Republic,572,0.5,5.0,4.5,Hotel,2017,11,0
14460,Prague,Czech Republic,76,0.3,4.0,4.0,Hotel,2017,11,0
14461,Prague,Czech Republic,141,0.5,4.0,4.5,Apartment,2017,11,0
14462,Prague,Czech Republic,106,0.8,4.0,4.6,Hotel,2017,11,0
14463,Prague,Czech Republic,120,0.8,4.0,4.4,Inn,2017,11,0
14464,Prague,Czech Republic,107,0.8,3.0,4.3,Hotel,2017,11,0
14465,Prague,Czech Republic,34,1.3,3.0,3.2,Hotel,2017,11,0
14466,Prague,Czech Republic,77,1.3,4.0,3.7,Hotel,2017,11,0
14467,Prague,Czech Republic,52,1.3,3.0,4.0,Apartment,2017,11,0
14468,Prague,Czech Republic,62,1.1,4.0,,Apartment,2017,11,0
14469,Prague,Czech Republic,101,1.2,4.0,4.4,Apartment,2017,11,0
14470,Prague,Czech Republic,45,1.2,3.0,3.7,Apartment,2017,11,0
14471,Prague,Czech Republic,58,1.1,3.0,3.7,Hotel,2017,11,0
14472,Prague,Czech Republic,166,0.7,5.0,4.3,Hotel,2017,11,0
14473,Prague,Czech Republic,71,0.8,2.0,4.0,Hostel,2017,11,0
14474,Prague,Czech Republic,112,1.4,4.0,4.4,Hotel,2017,11,0
14476,Prague,Czech Republic,94,0.7,4.0,4.5,Hotel,2017,11,0
14477,Prague,Czech Republic,67,2.0,4.0,3.2,Hotel,2017,11,0
14478,Prague,Czech Republic,48,1.1,3.0,4.0,Hotel,2017,11,0
14479,Prague,Czech Republic,43,1.2,3.0,3.5,Hotel,2017,11,0
14480,Prague,Czech Republic,120,1.2,4.0,4.3,Hotel,2017,11,0
14481,Prague,Czech Republic,92,1.9,4.0,2.2,Hotel,2017,11,0
14482,Prague,Czech Republic,54,2.1,3.0,3.0,Hotel,2017,11,0
14483,Prague,Czech Republic,78,2.1,4.0,3.5,Hotel,2017,11,0
14484,Prague,Czech Republic,48,2.0,4.0,3.2,Hotel,2017,11,0
14485,Prague,Czech Republic,108,0.9,4.0,4.5,Hotel,2017,11,0
14486,Prague,Czech Republic,52,2.8,3.0,3.2,Hotel,2017,11,0
14487,Prague,Czech Republic,42,2.7,3.5,4.1,Hotel,2017,11,0
14488,Prague,Czech Republic,71,1.2,4.0,4.5,Hotel,2017,11,0
14489,Prague,Czech Republic,580,0.7,3.5,4.0,Apartment,2017,11,0
14490,Prague,Czech Republic,111,0.8,4.5,4.8,Hotel,2017,11,0
14491,Prague,Czech Republic,52,1.0,3.0,3.7,Hotel,2017,11,0
14492,Prague,Czech Republic,87,1.2,4.0,4.5,Hotel,2017,11,0
14494,Prague,Czech Republic,85,0.9,4.0,3.7,Hotel,2017,11,0
14495,Prague,Czech Republic,98,1.2,4.0,4.8,Hotel,2017,11,0
14496,Prague,Czech Republic,134,0.8,5.0,4.3,Hotel,2017,11,0
14497,Prague,Czech Republic,354,0.9,5.0,4.8,Hotel,2017,11,0
14499,Prague,Czech Republic,110,1.0,3.0,4.6,Hotel,2017,11,0
14500,Prague,Czech Republic,61,1.0,3.0,4.6,Apartment,2017,11,0
14501,Prague,Czech Republic,92,0.9,4.0,4.5,Apartment,2017,11,0
14503,Prague,Czech Republic,225,0.9,4.0,,Apartment,2017,11,0
14504,Prague,Czech Republic,117,0.9,3.5,4.4,Hotel,2017,11,0
14505,Prague,Czech Republic,89,0.9,3.0,4.5,Bed and breakfast,2017,11,0
14506,Prague,Czech Republic,82,0.9,4.0,4.5,Hotel,2017,11,0
14507,Prague,Czech Republic,97,0.9,3.5,4.5,Hotel,2017,11,0
14510,Prague,Czech Republic,393,0.9,5.0,4.5,Hotel,2017,11,0
14511,Prague,Czech Republic,157,0.9,5.0,4.6,Hotel,2017,11,0
14512,Prague,Czech Republic,66,0.9,3.0,3.2,Pension,2017,11,0
14513,Prague,Czech Republic,114,1.2,4.0,4.9,Hotel,2017,11,0
14514,Prague,Czech Republic,80,1.7,4.5,4.4,Hotel,2017,11,0
14515,Prague,Czech Republic,78,1.6,4.0,4.6,Hotel,2017,11,0
14516,Prague,Czech Republic,245,1.1,5.0,4.4,Hotel,2017,11,0
14517,Prague,Czech Republic,271,1.0,5.0,4.9,Hotel,2017,11,0
14518,Prague,Czech Republic,91,0.8,4.0,4.4,Hotel,2017,11,0
14519,Prague,Czech Republic,94,0.7,4.0,4.3,Hotel,2017,11,0
14520,Prague,Czech Republic,127,0.7,3.5,4.4,Hotel,2017,11,0
14521,Prague,Czech Republic,116,0.7,4.0,4.5,Hotel,2017,11,0
14522,Prague,Czech Republic,56,1.0,3.0,4.0,Hotel,2017,11,0
14523,Prague,Czech Republic,81,1.0,3.5,4.5,Hotel,2017,11,0
14524,Prague,Czech Republic,75,0.9,4.0,4.1,Hotel,2017,11,0
14525,Prague,Czech Republic,104,1.0,3.0,4.3,Inn,2017,11,0
14526,Prague,Czech Republic,63,1.0,4.0,4.1,Hotel,2017,11,0
14527,Prague,Czech Republic,78,4.5,4.0,4.1,Hotel,2017,11,0
14528,Prague,Czech Republic,113,0.7,3.5,,Apart-hotel,2017,11,0
14529,Prague,Czech Republic,60,0.9,3.0,3.7,Hotel,2017,11,0
14530,Prague,Czech Republic,44,0.6,3.0,3.7,Apart-hotel,2017,11,0
14532,Prague,Czech Republic,59,1.1,3.0,3.4,Hotel,2017,11,0
14533,Prague,Czech Republic,74,1.1,4.0,4.4,Hotel,2017,11,0
14534,Prague,Czech Republic,56,0.9,3.0,3.7,Hotel,2017,11,0
14535,Prague,Czech Republic,120,0.2,4.5,4.5,Hotel,2017,11,0
14536,Prague,Czech Republic,300,0.3,5.0,4.5,Hotel,2017,11,0
14537,Prague,Czech Republic,179,0.5,5.0,3.9,Hotel,2017,11,0
14539,Prague,Czech Republic,83,0.2,4.0,4.1,Hotel,2017,11,0
14540,Prague,Czech Republic,101,0.8,4.0,4.5,Apart-hotel,2017,11,0
14541,Prague,Czech Republic,27,0.8,2.0,3.0,Hotel,2017,11,0
14542,Prague,Czech Republic,51,0.8,3.0,,Apartment,2017,11,0
14543,Prague,Czech Republic,46,0.8,2.0,4.3,Hostel,2017,11,0
14545,Prague,Czech Republic,35,0.8,2.0,3.0,Hotel,2017,11,0
14546,Prague,Czech Republic,328,0.2,4.0,5.0,Apartment,2017,11,0
14547,Prague,Czech Republic,157,1.0,4.0,4.3,Hotel,2017,11,0
14548,Prague,Czech Republic,111,1.0,4.0,4.6,Hotel,2017,11,0
14549,Prague,Czech Republic,61,0.8,3.0,3.7,Hotel,2017,11,0
14550,Prague,Czech Republic,101,0.8,4.0,4.0,Hotel,2017,11,0
14551,Prague,Czech Republic,50,0.8,3.0,4.1,Hotel,2017,11,0
14552,Prague,Czech Republic,91,1.1,4.0,4.4,Hotel,2017,11,0
14555,Prague,Czech Republic,53,0.7,3.0,3.5,Apartment,2017,11,0
14556,Prague,Czech Republic,51,0.7,3.0,4.1,Apartment,2017,11,0
14557,Prague,Czech Republic,69,0.7,3.0,3.7,Hotel,2017,11,0
14558,Prague,Czech Republic,82,0.7,3.5,3.5,Apartment,2017,11,0
14559,Prague,Czech Republic,43,1.1,4.0,4.0,Hotel,2017,11,0
14560,Prague,Czech Republic,42,1.1,4.0,4.3,Hotel,2017,11,0
14562,Prague,Czech Republic,41,1.1,3.0,3.5,Hotel,2017,11,0
14563,Prague,Czech Republic,55,1.1,3.0,3.2,Hotel,2017,11,0
14564,Prague,Czech Republic,162,1.0,4.0,4.0,Hotel,2017,11,0
14565,Prague,Czech Republic,68,0.9,3.0,3.7,Hotel,2017,11,0
14566,Prague,Czech Republic,43,0.9,3.0,4.5,Apartment,2017,11,0
14567,Prague,Czech Republic,74,0.9,3.5,3.9,Hotel,2017,11,0
14568,Prague,Czech Republic,63,0.9,3.0,4.0,Hotel,2017,11,0
14570,Prague,Czech Republic,50,1.2,4.0,3.7,Hotel,2017,11,0
14571,Prague,Czech Republic,77,0.9,3.0,4.0,Apart-hotel,2017,11,0
14572,Prague,Czech Republic,67,0.8,3.0,3.7,Hotel,2017,11,0
14573,Prague,Czech Republic,86,0.8,4.0,3.7,Hotel,2017,11,0
14574,Prague,Czech Republic,88,0.9,4.0,4.5,Hotel,2017,11,0
14575,Prague,Czech Republic,81,0.8,2.0,4.4,Hostel,2017,11,0
14576,Prague,Czech Republic,88,0.8,4.0,4.5,Hotel,2017,11,0
14577,Prague,Czech Republic,55,0.6,3.0,3.7,Hotel,2017,11,0
14578,Prague,Czech Republic,64,0.8,4.0,4.0,Hotel,2017,11,0
14580,Prague,Czech Republic,96,0.7,4.0,4.8,Apartment,2017,11,0
14581,Prague,Czech Republic,97,1.0,4.0,4.1,Hotel,2017,11,0
14583,Prague,Czech Republic,60,0.8,3.0,3.2,Apartment,2017,11,0
14584,Prague,Czech Republic,77,0.9,4.0,3.7,Apartment,2017,11,0
14585,Prague,Czech Republic,91,0.9,4.0,4.1,Hotel,2017,11,0
14586,Prague,Czech Republic,110,0.5,3.0,4.3,Apartment,2017,11,0
14587,Prague,Czech Republic,69,0.4,4.0,4.0,Hotel,2017,11,0
14588,Prague,Czech Republic,78,0.7,4.0,4.5,Hotel,2017,11,0
14589,Prague,Czech Republic,64,0.7,3.5,3.5,Apartment,2017,11,0
14590,Prague,Czech Republic,56,0.7,3.0,3.2,Apartment,2017,11,0
14591,Prague,Czech Republic,110,0.4,4.0,4.3,Hotel,2017,11,0
14592,Prague,Czech Republic,224,0.4,4.5,,Apartment,2017,11,0
14593,Prague,Czech Republic,90,0.4,4.0,4.0,Apartment,2017,11,0
14594,Prague,Czech Republic,157,0.4,4.0,5.0,Apartment,2017,11,0
14595,Prague,Czech Republic,172,0.4,4.5,4.0,Apartment,2017,11,0
14596,Prague,Czech Republic,61,0.4,3.5,4.1,Hotel,2017,11,0
14597,Prague,Czech Republic,68,0.5,4.0,4.3,Hotel,2017,11,0
14598,Prague,Czech Republic,77,0.4,3.0,4.0,Hotel,2017,11,0
14599,Prague,Czech Republic,111,0.2,5.0,4.5,Hotel,2017,11,0
14600,Prague,Czech Republic,75,0.2,4.0,4.0,Hotel,2017,11,0
14601,Prague,Czech Republic,96,0.4,4.0,4.3,Hotel,2017,11,0
14602,Prague,Czech Republic,101,0.4,5.0,4.4,Hotel,2017,11,0
14603,Prague,Czech Republic,100,0.6,4.0,4.0,Apartment,2017,11,0
14604,Prague,Czech Republic,39,0.8,2.0,2.7,Hostel,2017,11,0
14607,Prague,Czech Republic,106,1.1,3.0,4.4,Hotel,2017,11,0
14608,Prague,Czech Republic,89,0.7,4.0,4.1,Apart-hotel,2017,11,0
14611,Prague,Czech Republic,54,1.4,3.0,4.1,Hotel,2017,11,0
14612,Prague,Czech Republic,78,0.9,4.0,4.5,Apartment,2017,11,0
14613,Prague,Czech Republic,51,0.6,3.0,3.5,Apartment,2017,11,0
14614,Prague,Czech Republic,22,0.3,2.0,4.0,Hostel,2017,11,0
14615,Prague,Czech Republic,250,0.3,4.0,,Apartment,2017,11,0
14616,Prague,Czech Republic,46,0.9,3.0,3.2,Hotel,2017,11,0
14617,Prague,Czech Republic,83,0.4,4.0,4.0,Hotel,2017,11,0
14618,Prague,Czech Republic,185,0.4,5.0,4.5,Hotel,2017,11,0
14619,Prague,Czech Republic,219,0.2,4.0,4.9,Hotel,2017,11,0
14620,Prague,Czech Republic,60,0.3,3.0,3.5,Hotel,2017,11,0
14622,Prague,Czech Republic,41,0.9,2.0,3.5,Hostel,2017,11,0
14623,Prague,Czech Republic,40,0.8,3.0,,Hotel,2017,11,0
14624,Prague,Czech Republic,44,1.0,3.0,4.3,Apartment,2017,11,0
14625,Prague,Czech Republic,38,0.9,3.0,3.7,Hotel,2017,11,0
14626,Prague,Czech Republic,86,0.7,4.0,3.7,Hotel,2017,11,0
14627,Prague,Czech Republic,43,0.9,3.0,3.7,Hotel,2017,11,0
14629,Prague,Czech Republic,75,0.7,3.5,4.8,Apart-hotel,2017,11,0
14630,Prague,Czech Republic,45,0.5,4.0,3.2,Apartment,2017,11,0
14631,Prague,Czech Republic,73,0.5,4.0,4.3,Apart-hotel,2017,11,0
14632,Prague,Czech Republic,71,0.6,4.0,4.6,Hotel,2017,11,0
14633,Prague,Czech Republic,55,0.5,2.5,3.5,Hotel,2017,11,0
14634,Prague,Czech Republic,111,0.6,4.5,4.1,Hotel,2017,11,0
14635,Prague,Czech Republic,62,0.5,2.0,2.0,Hostel,2017,11,0
14636,Prague,Czech Republic,172,0.5,5.0,4.6,Hotel,2017,11,0
14637,Prague,Czech Republic,99,1.4,4.0,4.5,Hotel,2017,11,0
14638,Prague,Czech Republic,70,0.9,4.0,4.3,Hotel,2017,11,0
14639,Prague,Czech Republic,71,0.9,3.5,4.0,Hotel,2017,11,0
14640,Prague,Czech Republic,39,1.0,3.0,3.5,Hotel,2017,11,0
14641,Prague,Czech Republic,59,1.0,4.0,4.0,Hotel,2017,11,0
14642,Prague,Czech Republic,311,0.3,5.0,4.3,Hotel,2017,11,0
14643,Prague,Czech Republic,219,0.3,5.0,4.4,Hotel,2017,11,0
14644,Prague,Czech Republic,94,0.5,4.0,4.5,Hotel,2017,11,0
14645,Prague,Czech Republic,50,0.6,3.0,3.7,Hotel,2017,11,0
14646,Prague,Czech Republic,64,0.7,4.0,4.3,Hotel,2017,11,0
14648,Prague,Czech Republic,89,0.3,4.0,4.0,Hotel,2017,11,0
14649,Prague,Czech Republic,85,0.3,4.5,4.0,Hotel,2017,11,0
14650,Prague,Czech Republic,88,0.4,4.0,3.5,Apartment,2017,11,0
14651,Prague,Czech Republic,87,0.4,3.5,4.1,Hotel,2017,11,0
14652,Prague,Czech Republic,90,0.4,4.0,4.0,Hotel,2017,11,0
14653,Prague,Czech Republic,76,0.4,4.0,3.9,Hotel,2017,11,0
14655,Prague,Czech Republic,129,0.3,4.0,3.9,Hotel,2017,11,0
14656,Prague,Czech Republic,142,0.2,3.5,4.6,Apartment,2017,11,0
14657,Prague,Czech Republic,127,0.4,5.0,4.1,Hotel,2017,11,0
14658,Prague,Czech Republic,345,0.3,4.0,,Apartment,2017,11,0
14659,Prague,Czech Republic,88,0.5,4.0,4.3,Hotel,2017,11,0
14660,Prague,Czech Republic,78,0.7,3.0,4.0,Hotel,2017,11,0
14661,Prague,Czech Republic,104,0.5,3.5,5.0,Apartment,2017,11,0
14662,Prague,Czech Republic,61,0.5,4.0,3.9,Hotel,2017,11,0
14663,Prague,Czech Republic,55,0.4,4.0,4.5,Hotel,2017,11,0
14666,Prague,Czech Republic,110,0.2,4.5,4.6,Hotel,2017,11,0
14667,Prague,Czech Republic,86,0.4,3.0,4.0,Hotel,2017,11,0
14668,Prague,Czech Republic,71,0.4,3.5,3.9,Apart-hotel,2017,11,0
14669,Prague,Czech Republic,104,0.6,5.0,4.4,Hotel,2017,11,0
14670,Prague,Czech Republic,92,0.4,3.5,,Apartment,2017,11,0
14671,Prague,Czech Republic,124,0.5,5.0,4.1,Hotel,2017,11,0
14672,Prague,Czech Republic,56,0.4,2.0,,Hostel,2017,11,0
14673,Prague,Czech Republic,1159,0.4,3.0,4.0,Apartment,2017,11,0
14674,Prague,Czech Republic,82,1.2,3.0,4.1,Hotel,2017,11,0
14675,Prague,Czech Republic,62,1.1,4.0,3.9,Hotel,2017,11,0
14676,Prague,Czech Republic,72,0.7,4.0,4.0,Hotel,2017,11,0
14677,Prague,Czech Republic,90,0.7,4.0,4.4,Hotel,2017,11,0
14678,Prague,Czech Republic,84,0.7,4.0,4.5,Hotel,2017,11,0
14679,Prague,Czech Republic,79,0.7,4.0,4.3,Hotel,2017,11,0
14680,Prague,Czech Republic,71,0.7,4.0,3.7,Hotel,2017,11,0
14681,Prague,Czech Republic,156,0.7,5.0,4.1,Hotel,2017,11,0
14682,Prague,Czech Republic,66,0.7,4.0,4.3,Hotel,2017,11,0
14683,Prague,Czech Republic,57,1.7,4.0,3.7,Hotel,2017,11,0
14684,Prague,Czech Republic,126,1.7,5.0,4.1,Hotel,2017,11,0
14686,Prague,Czech Republic,36,1.6,3.0,3.5,Hotel,2017,11,0
14687,Prague,Czech Republic,38,1.6,3.0,3.2,Hotel,2017,11,0
14688,Prague,Czech Republic,90,2.0,2.5,2.5,Bed and breakfast,2017,11,0
14689,Prague,Czech Republic,54,1.5,3.0,3.7,Guest House,2017,11,0
14691,Prague,Czech Republic,54,1.7,3.0,2.9,Hotel,2017,11,0
14692,Prague,Czech Republic,88,1.7,4.0,4.6,Apart-hotel,2017,11,0
14693,Prague,Czech Republic,66,2.0,3.5,3.7,Hotel,2017,11,0
14694,Prague,Czech Republic,75,1.9,4.0,4.0,Hotel,2017,11,0
14695,Prague,Czech Republic,96,1.8,4.0,4.0,Hotel,2017,11,0
14696,Prague,Czech Republic,71,2.3,3.0,3.9,Hotel,2017,11,0
14697,Prague,Czech Republic,69,2.2,3.0,3.2,Hotel,2017,11,0
14698,Prague,Czech Republic,48,2.0,3.0,4.0,Hotel,2017,11,0
14699,Prague,Czech Republic,166,7.1,4.0,4.5,Hotel,2017,11,0
14700,Prague,Czech Republic,40,3.1,3.0,3.0,Hotel,2017,11,0
14705,Prague,Czech Republic,118,3.4,4.0,4.9,Bed and breakfast,2017,11,0
14706,Prague,Czech Republic,38,3.0,3.0,3.7,Hotel,2017,11,0
14707,Prague,Czech Republic,131,1.9,4.0,4.0,Hotel,2017,11,0
14710,Prague,Czech Republic,78,3.7,4.0,4.4,Hotel,2017,11,0
14711,Prague,Czech Republic,60,4.1,3.0,3.7,Hotel,2017,11,0
14713,Prague,Czech Republic,77,2.8,3.0,3.7,Hotel,2017,11,0
14714,Prague,Czech Republic,78,5.0,3.0,3.0,Hotel,2017,11,0
14715,Prague,Czech Republic,57,1.5,3.0,4.0,Hotel,2017,11,0
14716,Prague,Czech Republic,101,3.0,4.0,,Apartment,2017,11,0
14718,Prague,Czech Republic,77,5.2,4.0,4.4,Hotel,2017,11,0
14719,Prague,Czech Republic,114,6.8,4.0,4.1,Hotel,2017,11,0
14720,Prague,Czech Republic,107,6.2,4.0,3.7,Hotel,2017,11,0
14721,Prague,Czech Republic,84,4.4,4.0,4.3,Hotel,2017,11,0
14722,Prague,Czech Republic,207,4.8,4.0,3.7,Hotel,2017,11,0
14723,Prague,Czech Republic,215,1.7,5.0,4.5,Hotel,2017,11,0
14724,Prague,Czech Republic,80,3.2,3.0,3.9,Hotel,2017,11,0
14725,Prague,Czech Republic,102,0.4,4.0,4.3,Hotel,2017,11,0
14726,Prague,Czech Republic,91,0.4,4.0,4.5,Hotel,2017,11,0
14728,Prague,Czech Republic,38,1.9,3.5,3.7,Hotel,2017,11,0
14729,Prague,Czech Republic,40,2.3,3.5,4.0,Hotel,2017,11,0
14730,Prague,Czech Republic,36,4.9,3.0,3.7,Hotel,2017,11,0
14733,Prague,Czech Republic,33,3.4,3.0,3.0,Hotel,2017,11,0
14734,Prague,Czech Republic,127,1.6,4.0,4.4,Hotel,2017,11,0
14735,Prague,Czech Republic,55,2.8,4.0,3.5,Hotel,2017,11,0
14736,Prague,Czech Republic,88,2.7,4.0,4.0,Hotel,2017,11,0
14737,Prague,Czech Republic,65,0.5,3.0,3.5,Apartment,2017,11,0
14738,Prague,Czech Republic,45,0.5,2.0,3.5,Hostel,2017,11,0
14739,Prague,Czech Republic,34,3.9,3.0,3.0,Hotel,2017,11,0
14740,Prague,Czech Republic,40,3.4,3.0,3.7,Hotel,2017,11,0
14741,Prague,Czech Republic,54,3.4,3.0,4.5,Bed and breakfast,2017,11,0
14742,Prague,Czech Republic,61,2.2,3.5,4.4,Hotel,2017,11,0
14743,Prague,Czech Republic,147,0.4,5.0,4.6,Hotel,2017,11,0
14744,Prague,Czech Republic,62,0.5,3.0,3.5,Hotel,2017,11,0
14745,Prague,Czech Republic,116,0.5,5.0,4.5,Hotel,2017,11,0
14746,Prague,Czech Republic,77,0.3,3.0,4.0,Hotel,2017,11,0
14748,Prague,Czech Republic,69,0.3,3.0,4.0,Hotel,2017,11,0
14749,Prague,Czech Republic,83,0.5,3.5,,Apartment,2017,11,0
14750,Prague,Czech Republic,73,3.1,4.0,3.9,Hotel,2017,11,0
14751,Prague,Czech Republic,66,0.4,4.0,4.5,Apartment,2017,11,0
14752,Prague,Czech Republic,36,1.4,2.0,3.7,Hostel,2017,11,0
14753,Prague,Czech Republic,97,0.6,4.0,4.3,Hotel,2017,11,0
14755,Prague,Czech Republic,40,3.1,3.5,3.5,Hotel,2017,11,0
14756,Prague,Czech Republic,77,2.6,4.0,4.5,Hotel,2017,11,0
14758,Prague,Czech Republic,90,0.5,4.0,4.3,Hotel,2017,11,0
14759,Prague,Czech Republic,49,0.4,4.0,4.3,Apartment,2017,11,0
14760,Prague,Czech Republic,91,0.4,4.0,5.0,Apartment,2017,11,0
14761,Prague,Czech Republic,36,2.7,3.0,3.7,Hotel,2017,11,0
14762,Prague,Czech Republic,51,4.5,3.0,3.2,Hotel,2017,11,0
14763,Prague,Czech Republic,43,4.4,3.0,3.7,Hotel,2017,11,0
14766,Prague,Czech Republic,77,2.4,4.0,3.9,Apart-hotel,2017,11,0
14767,Prague,Czech Republic,78,2.2,4.0,4.5,Hotel,2017,11,0
14768,Prague,Czech Republic,39,4.7,4.0,3.7,Hotel,2017,11,0
14769,Prague,Czech Republic,65,2.0,3.0,3.9,Bed and breakfast,2017,11,0
14770,Prague,Czech Republic,110,0.3,3.5,4.6,Hotel,2017,11,0
14771,Prague,Czech Republic,44,1.8,3.0,3.5,Hotel,2017,11,0
14772,Prague,Czech Republic,87,4.7,4.0,3.7,Hotel,2017,11,0
14773,Prague,Czech Republic,98,3.7,4.5,4.0,Hotel,2017,11,0
14774,Prague,Czech Republic,51,2.6,3.0,3.7,Hotel,2017,11,0
14775,Prague,Czech Republic,32,3.4,3.0,3.0,Hotel,2017,11,0
14776,Prague,Czech Republic,79,1.4,4.0,4.5,Hotel,2017,11,0
14777,Prague,Czech Republic,33,2.8,3.0,3.2,Hotel,2017,11,0
14778,Prague,Czech Republic,87,1.5,4.0,4.5,Hotel,2017,11,0
14779,Prague,Czech Republic,88,2.6,3.5,5.0,Apartment,2017,11,0
14780,Prague,Czech Republic,109,0.4,4.0,4.8,Hotel,2017,11,0
14782,Prague,Czech Republic,47,5.1,3.0,3.9,Hotel,2017,11,0
14783,Prague,Czech Republic,77,3.8,4.0,4.0,Hotel,2017,11,0
14784,Prague,Czech Republic,55,0.6,3.0,3.7,Hotel,2017,11,0
14785,Prague,Czech Republic,67,0.6,2.5,3.7,Hotel,2017,11,0
14786,Prague,Czech Republic,81,0.6,4.0,4.0,Hotel,2017,11,0
14787,Prague,Czech Republic,161,0.3,4.5,4.5,Hotel,2017,11,0
14788,Prague,Czech Republic,90,0.3,3.0,4.1,Hotel,2017,11,0
14789,Prague,Czech Republic,41,2.7,2.0,1.5,Hostel,2017,11,0
14790,Prague,Czech Republic,53,2.1,3.0,4.0,Hotel,2017,11,0
14791,Prague,Czech Republic,87,2.1,4.0,,Apartment,2017,11,0
14792,Prague,Czech Republic,43,2.5,3.0,3.4,Hotel,2017,11,0
14793,Prague,Czech Republic,152,1.3,5.0,4.5,Hotel,2017,11,0
14794,Prague,Czech Republic,54,2.4,3.0,3.5,Hotel,2017,11,0
14795,Prague,Czech Republic,91,6.1,4.0,3.5,Hotel,2017,11,0
14796,Prague,Czech Republic,47,2.9,3.0,5.0,Apartment,2017,11,0
14797,Prague,Czech Republic,3714,3.0,4.0,1.5,Hotel,2017,11,0
14799,Prague,Czech Republic,45,1.4,4.0,4.0,Hotel,2017,11,0
14800,Prague,Czech Republic,77,2.3,4.5,4.0,Hotel,2017,11,0
14801,Prague,Czech Republic,63,2.4,3.0,4.5,Apartment,2017,11,0
14802,Prague,Czech Republic,34,3.9,3.0,3.2,Hotel,2017,11,0
14804,Prague,Czech Republic,81,3.4,3.0,5.0,Pension,2017,11,0
14805,Prague,Czech Republic,57,4.1,3.0,,Pension,2017,11,0
14806,Prague,Czech Republic,140,0.4,5.0,4.6,Hotel,2017,11,0
14807,Prague,Czech Republic,39,3.5,3.0,3.0,Hotel,2017,11,0
14808,Prague,Czech Republic,45,2.3,1.0,2.0,Hostel,2017,11,0
14809,Prague,Czech Republic,52,4.5,4.0,3.2,Hotel,2017,11,0
14810,Prague,Czech Republic,38,4.5,2.0,1.7,Hotel,2017,11,0
14811,Prague,Czech Republic,32,4.3,3.0,3.5,Hotel,2017,11,0
14812,Prague,Czech Republic,48,4.6,3.0,3.5,Hotel,2017,11,0
14813,Prague,Czech Republic,61,3.9,3.5,4.5,Hotel,2017,11,0
14814,Prague,Czech Republic,35,5.0,3.0,3.2,Hotel,2017,11,0
14815,Prague,Czech Republic,65,1.2,3.0,4.0,Hotel,2017,11,0
14816,Prague,Czech Republic,78,1.1,4.0,4.5,Hotel,2017,11,0
14818,Prague,Czech Republic,58,1.2,4.0,4.1,Hotel,2017,11,0
14820,Prague,Czech Republic,128,1.1,4.5,4.4,Hotel,2017,11,0
14822,Prague,Czech Republic,104,1.1,4.0,4.1,Apartment,2017,11,0
14823,Prague,Czech Republic,66,1.6,3.5,4.0,Apartment,2017,11,0
14824,Prague,Czech Republic,66,1.3,3.0,,Apartment,2017,11,0
14825,Prague,Czech Republic,45,1.0,3.0,4.0,Hotel,2017,11,0
14826,Prague,Czech Republic,95,1.7,4.0,4.1,Hotel,2017,11,0
14827,Prague,Czech Republic,44,1.0,3.5,3.7,Hotel,2017,11,0
14828,Prague,Czech Republic,46,1.4,3.0,4.0,Hotel,2017,11,0
14831,Prague,Czech Republic,130,1.5,4.0,4.1,Hotel,2017,11,0
14832,Prague,Czech Republic,56,1.8,3.0,4.5,Hotel,2017,11,0
14833,Prague,Czech Republic,45,1.6,3.0,2.2,Pension,2017,11,0
14834,Prague,Czech Republic,225,1.7,3.0,2.7,Apart-hotel,2017,11,0
14835,Prague,Czech Republic,49,1.6,3.0,3.9,Hotel,2017,11,0
14836,Prague,Czech Republic,57,1.5,3.0,4.0,Hotel,2017,11,0
14837,Prague,Czech Republic,58,1.7,4.0,4.1,Hotel,2017,11,0
14838,Prague,Czech Republic,48,1.5,3.0,4.0,Apartment,2017,11,0
14839,Prague,Czech Republic,46,1.3,3.0,4.0,Apart-hotel,2017,11,0
14840,Prague,Czech Republic,98,1.6,4.0,4.5,Hotel,2017,11,0
14841,Prague,Czech Republic,38,1.7,3.0,3.5,Hotel,2017,11,0
14842,Prague,Czech Republic,73,1.7,4.0,4.1,Hotel,2017,11,0
14843,Prague,Czech Republic,112,1.1,4.0,,Apartment,2017,11,0
14844,Prague,Czech Republic,46,1.3,4.0,3.9,Hotel,2017,11,0
14845,Prague,Czech Republic,51,1.6,3.0,4.1,Hotel,2017,11,0
14846,Prague,Czech Republic,113,1.5,4.5,4.5,Hotel,2017,11,0
14847,Prague,Czech Republic,99,1.4,5.0,4.6,Hotel,2017,11,0
14848,Prague,Czech Republic,55,1.3,3.0,3.2,Hotel,2017,11,0
14850,Prague,Czech Republic,42,1.3,3.0,4.1,Hotel,2017,11,0
14851,Prague,Czech Republic,50,1.5,4.0,3.7,Hotel,2017,11,0
14852,Prague,Czech Republic,105,1.0,3.5,5.0,Apartment,2017,11,0
14853,Prague,Czech Republic,77,1.2,3.0,4.4,Hotel,2017,11,0
14856,Prague,Czech Republic,82,0.5,4.0,4.0,Hotel,2017,11,0
14857,Prague,Czech Republic,157,0.5,4.0,4.8,Hotel,2017,11,0
14858,Prague,Czech Republic,74,0.4,3.0,4.1,Hotel,2017,11,0
14859,Prague,Czech Republic,137,0.0,4.0,4.5,Hotel,2017,11,0
14860,Prague,Czech Republic,191,0.1,4.0,4.8,Hotel,2017,11,0
14861,Prague,Czech Republic,289,0.6,4.5,4.8,Apartment,2017,11,0
14862,Prague,Czech Republic,146,0.2,3.0,4.3,Apartment,2017,11,0
14863,Prague,Czech Republic,80,0.2,4.0,4.3,Hotel,2017,11,0
14866,Prague,Czech Republic,62,0.2,3.0,3.5,Apartment,2017,11,0
14868,Prague,Czech Republic,61,0.3,3.0,3.5,Hotel,2017,11,0
14869,Prague,Czech Republic,78,0.3,4.0,4.0,Hotel,2017,11,0
14870,Prague,Czech Republic,82,0.2,3.0,4.0,Hotel,2017,11,0
14872,Prague,Czech Republic,90,0.2,4.0,4.3,Apartment,2017,11,0
14873,Prague,Czech Republic,50,0.2,2.0,3.2,Hostel,2017,11,0
14875,Prague,Czech Republic,110,0.1,4.0,3.7,Hotel,2017,11,0
14876,Prague,Czech Republic,270,0.1,5.0,4.6,Hotel,2017,11,0
14877,Prague,Czech Republic,99,0.3,3.0,3.7,Guest House,2017,11,0
14878,Prague,Czech Republic,63,0.4,3.0,3.4,Apartment,2017,11,0
14879,Prague,Czech Republic,92,0.3,4.0,4.6,Hotel,2017,11,0
14880,Prague,Czech Republic,78,0.3,3.0,4.1,Hotel,2017,11,0
14882,Prague,Czech Republic,68,0.3,3.5,3.5,Apart-hotel,2017,11,0
14883,Prague,Czech Republic,103,0.3,4.0,4.6,Apartment,2017,11,0
14884,Prague,Czech Republic,99,0.4,3.5,4.4,Apart-hotel,2017,11,0
14885,Prague,Czech Republic,121,0.4,4.0,4.5,Bed and breakfast,2017,11,0
14886,Prague,Czech Republic,137,0.3,4.0,3.9,Vacation home Condo,2017,11,0
14887,Prague,Czech Republic,85,0.5,4.0,4.0,Hotel,2017,11,0
14888,Prague,Czech Republic,69,0.4,4.0,3.7,Hotel,2017,11,0
14890,Prague,Czech Republic,208,0.5,5.0,4.5,Hotel,2017,11,0
14891,Prague,Czech Republic,120,0.5,3.5,4.3,Hotel,2017,11,0
14892,Prague,Czech Republic,66,0.5,3.0,3.5,Hotel,2017,11,0
14894,Prague,Czech Republic,82,0.2,3.0,4.1,Hotel,2017,11,0
14895,Prague,Czech Republic,151,0.1,5.0,4.6,Hotel,2017,11,0
14896,Prague,Czech Republic,80,0.5,4.0,4.1,Apartment,2017,11,0
14897,Prague,Czech Republic,137,0.4,4.0,3.5,Hotel,2017,11,0
14898,Prague,Czech Republic,69,0.4,3.0,3.7,Hotel,2017,11,0
14899,Prague,Czech Republic,62,0.4,3.5,4.3,Hotel,2017,11,0
14901,Prague,Czech Republic,126,0.3,3.0,4.8,Apartment,2017,11,0
14903,Prague,Czech Republic,90,0.1,4.0,4.3,Hotel,2017,11,0
14905,Prague,Czech Republic,62,0.2,3.0,4.0,Hotel,2017,11,0
14907,Prague,Czech Republic,111,0.3,5.0,4.4,Hotel,2017,11,0
14908,Prague,Czech Republic,78,0.3,3.5,4.4,Hotel,2017,11,0
14911,Prague,Czech Republic,90,0.2,4.0,4.4,Hotel,2017,11,0
14912,Prague,Czech Republic,88,0.5,3.0,3.5,Hotel,2017,11,0
14913,Prague,Czech Republic,53,0.5,3.0,4.1,Hostel,2017,11,0
14917,Prague,Czech Republic,91,0.3,4.0,4.1,Hotel,2017,11,0
14918,Prague,Czech Republic,228,0.3,5.0,4.6,Hotel,2017,11,0
14919,Prague,Czech Republic,116,0.4,3.5,4.5,Apartment,2017,11,0
14920,Prague,Czech Republic,242,0.2,3.0,3.9,Hotel,2017,11,0
14923,Prague,Czech Republic,133,0.4,4.0,4.5,Apart-hotel,2017,11,0
14924,Prague,Czech Republic,35,0.3,3.0,3.5,Apartment,2017,11,0
14925,Prague,Czech Republic,61,0.3,4.0,4.4,Apartment,2017,11,0
14926,Prague,Czech Republic,72,0.1,4.0,4.1,Hotel,2017,11,0
14927,Prague,Czech Republic,225,0.1,4.5,4.5,Apartment,2017,11,0
14929,Prague,Czech Republic,213,0.2,4.5,4.5,Hotel,2017,11,0
14931,Prague,Czech Republic,68,0.1,3.5,4.5,Apartment,2017,11,0
14932,Prague,Czech Republic,103,0.2,3.0,4.5,Apartment,2017,11,0
14933,Prague,Czech Republic,83,0.1,3.0,3.9,Hotel,2017,11,0
14934,Prague,Czech Republic,113,0.3,4.0,4.6,Hotel,2017,11,0
14935,Prague,Czech Republic,61,0.2,4.0,4.1,Hotel,2017,11,0
14936,Prague,Czech Republic,80,0.4,4.0,4.3,Hotel,2017,11,0
14938,Prague,Czech Republic,49,0.4,3.0,3.9,Hotel,2017,11,0
14939,Prague,Czech Republic,69,0.6,4.0,4.1,Apartment,2017,11,0
14941,Prague,Czech Republic,214,0.2,5.0,4.5,Hotel,2017,11,0
14942,Prague,Czech Republic,289,0.3,5.0,4.5,Hotel,2017,11,0
14943,Prague,Czech Republic,172,0.3,4.0,4.5,Apartment,2017,11,0
14945,Prague,Czech Republic,124,0.2,4.0,4.3,Hotel,2017,11,0
14946,Prague,Czech Republic,61,0.1,3.5,4.0,Hotel,2017,11,0
14947,Prague,Czech Republic,84,0.1,3.5,4.0,Apartment,2017,11,0
14948,Prague,Czech Republic,69,0.1,3.0,3.2,Apartment,2017,11,0
14949,Prague,Czech Republic,143,0.1,3.5,4.3,Apartment,2017,11,0
14950,Prague,Czech Republic,80,0.1,4.0,4.3,Hotel,2017,11,0
14951,Prague,Czech Republic,94,0.1,4.0,4.5,Vacation home Condo,2017,11,0
14952,Prague,Czech Republic,69,0.1,3.5,4.3,Apartment,2017,11,0
14953,Prague,Czech Republic,82,0.2,4.0,4.3,Hotel,2017,11,0
14956,Prague,Czech Republic,201,0.1,5.0,4.5,Hotel,2017,11,0
14957,Prague,Czech Republic,167,0.1,5.0,4.6,Hotel,2017,11,0
14958,Prague,Czech Republic,82,0.3,3.0,3.5,Hotel,2017,11,0
14959,Prague,Czech Republic,78,0.3,4.0,4.3,Hotel,2017,11,0
14960,Prague,Czech Republic,441,0.5,5.0,4.8,Hotel,2017,11,0
14961,Prague,Czech Republic,100,0.3,4.0,4.5,Hotel,2017,11,0
14962,Prague,Czech Republic,90,0.2,4.0,4.1,Hotel,2017,11,0
14963,Prague,Czech Republic,92,0.3,,,Apartment,2017,11,0
14964,Prague,Czech Republic,84,0.1,4.0,4.0,Apartment,2017,11,0
14965,Prague,Czech Republic,20,2.5,2.5,2.4,Pension,2017,11,0
14966,Prague,Czech Republic,39,3.8,3.0,3.0,Hotel,2017,11,0
14967,Prague,Czech Republic,44,1.2,3.0,4.0,Apart-hotel,2017,11,0
14970,Prague,Czech Republic,50,1.2,3.0,3.4,Hotel,2017,11,0
14971,Prague,Czech Republic,96,1.2,3.5,4.6,Apartment,2017,11,0
14972,Prague,Czech Republic,61,1.0,3.0,3.9,Hotel,2017,11,0
14973,Prague,Czech Republic,60,1.1,4.0,4.3,Hotel,2017,11,0
14974,Prague,Czech Republic,71,1.1,3.0,4.4,Hotel,2017,11,0
14975,Prague,Czech Republic,69,1.2,4.0,4.0,Hotel,2017,11,0
14976,Prague,Czech Republic,56,1.2,2.5,4.1,Apart-hotel,2017,11,0
14977,Prague,Czech Republic,45,1.2,3.0,3.9,Hotel,2017,11,0
14978,Prague,Czech Republic,49,1.2,3.0,4.3,Apart-hotel,2017,11,0
14979,Prague,Czech Republic,64,0.9,3.0,4.1,Hotel,2017,11,0
14980,Prague,Czech Republic,45,1.3,3.0,3.5,Hotel,2017,11,0
14981,Prague,Czech Republic,91,0.7,4.0,5.0,Apartment,2017,11,0
14983,Prague,Czech Republic,58,0.7,3.0,3.5,Hotel,2017,11,0
14984,Prague,Czech Republic,147,0.7,4.0,,Apartment,2017,11,0
14985,Prague,Czech Republic,52,0.7,4.0,4.0,Hotel,2017,11,0
14986,Prague,Czech Republic,31,1.1,3.0,3.5,Hotel,2017,11,0
14987,Prague,Czech Republic,62,1.1,3.0,4.0,Hotel,2017,11,0
14989,Prague,Czech Republic,45,1.2,3.5,3.7,Apart-hotel,2017,11,0
14990,Prague,Czech Republic,37,1.2,3.0,4.0,Apartment,2017,11,0
14991,Prague,Czech Republic,44,1.4,3.0,3.5,Hotel,2017,11,0
14992,Prague,Czech Republic,52,1.5,1.5,3.7,Hotel,2017,11,0
14993,Prague,Czech Republic,48,1.4,2.0,4.0,Hostel,2017,11,0
14994,Prague,Czech Republic,47,1.6,4.0,4.1,Apartment,2017,11,0
14996,Prague,Czech Republic,31,2.6,3.0,3.9,Hotel,2017,11,0
14997,Prague,Czech Republic,47,2.4,4.0,4.0,Hotel,2017,11,0
14998,Prague,Czech Republic,30,1.5,2.0,3.7,Bed and breakfast,2017,11,0
15000,Prague,Czech Republic,65,1.5,3.5,4.1,Hotel,2017,11,0
15001,Prague,Czech Republic,51,1.5,4.0,3.9,Hotel,2017,11,0
15003,Prague,Czech Republic,79,1.0,3.5,4.0,Hotel,2017,11,0
15004,Prague,Czech Republic,42,1.0,3.0,3.5,Hotel,2017,11,0
15005,Prague,Czech Republic,51,1.2,3.0,4.0,Apartment,2017,11,0
15007,Prague,Czech Republic,45,1.1,4.0,3.5,Hotel,2017,11,0
15008,Prague,Czech Republic,56,1.1,2.0,4.4,Hostel,2017,11,0
15009,Prague,Czech Republic,30,1.1,2.0,4.0,Hostel,2017,11,0
15010,Prague,Czech Republic,52,1.1,3.0,3.7,Apart-hotel,2017,11,0
15012,Prague,Czech Republic,75,1.6,3.5,4.4,Hotel,2017,11,0
15013,Prague,Czech Republic,61,1.4,3.5,3.9,Hotel,2017,11,0
15014,Prague,Czech Republic,40,1.7,4.0,3.5,Hotel,2017,11,0
15015,Prague,Czech Republic,26,1.6,2.0,3.5,Hostel,2017,11,0
15016,Prague,Czech Republic,50,1.0,3.0,3.7,Apart-hotel,2017,11,0
15017,Prague,Czech Republic,29,1.2,2.0,3.7,Apartment,2017,11,0
15019,Prague,Czech Republic,31,1.3,3.0,3.9,Hotel,2017,11,0
15021,Prague,Czech Republic,29,1.2,2.5,3.7,Hotel,2017,11,0
15022,Prague,Czech Republic,37,1.1,3.0,3.5,Hotel,2017,11,0
15023,Prague,Czech Republic,43,1.2,3.0,3.9,Hotel,2017,11,0
15024,Prague,Czech Republic,72,1.3,3.0,2.7,Guest House,2017,11,0
15025,Prague,Czech Republic,48,1.3,2.0,,Hostel,2017,11,0
15026,Prague,Czech Republic,39,1.1,3.5,3.5,Hotel,2017,11,0
15027,Prague,Czech Republic,57,0.9,2.0,3.4,Hostel,2017,11,0
15028,Prague,Czech Republic,45,1.0,4.0,3.7,Hotel,2017,11,0
15029,Prague,Czech Republic,32,1.1,3.0,3.2,Hotel,2017,11,0
15030,Prague,Czech Republic,58,1.3,4.0,4.3,Hotel,2017,11,0
15031,Prague,Czech Republic,37,1.0,3.0,4.5,Apart-hotel,2017,11,0
15032,Prague,Czech Republic,39,1.7,3.0,3.2,Hotel,2017,11,0
15033,Prague,Czech Republic,76,1.1,3.0,3.0,Apartment,2017,11,0
15034,Riga,Latvia,78,11.0,4.0,3.9,Hotel,2017,11,0
15036,Riga,Latvia,36,16.0,3.0,,Guest House,2017,11,0
15037,Riga,Latvia,38,1.6,3.0,4.1,Hotel,2017,11,0
15038,Riga,Latvia,25,6.2,2.5,,Hotel,2017,11,0
15039,Riga,Latvia,31,1.7,3.0,3.7,Hotel,2017,11,0
15040,Riga,Latvia,58,0.5,4.0,4.1,Hotel,2017,11,0
15041,Riga,Latvia,27,0.4,3.0,3.7,Hotel,2017,11,0
15042,Riga,Latvia,27,1.6,3.0,3.7,Hotel,2017,11,0
15043,Riga,Latvia,77,0.8,4.0,4.5,Apartment,2017,11,0
15044,Riga,Latvia,76,0.9,4.0,3.7,Hotel,2017,11,0
15045,Riga,Latvia,56,0.7,4.0,4.3,Hotel,2017,11,0
15046,Riga,Latvia,64,0.7,3.0,3.9,Hotel,2017,11,0
15047,Riga,Latvia,20,0.4,2.0,2.5,Guest House,2017,11,0
15048,Riga,Latvia,32,0.4,1.5,3.7,Hostel,2017,11,0
15049,Riga,Latvia,104,0.7,4.0,4.1,Hotel,2017,11,0
15050,Riga,Latvia,50,0.4,4.0,4.0,Hotel,2017,11,0
15051,Riga,Latvia,28,0.9,3.0,3.7,Hotel,2017,11,0
15052,Riga,Latvia,57,0.8,4.0,4.5,Hotel,2017,11,0
15054,Riga,Latvia,121,0.6,4.5,4.4,Hotel,2017,11,0
15055,Riga,Latvia,90,1.0,3.0,3.7,Hotel,2017,11,0
15056,Riga,Latvia,37,0.7,3.5,4.0,Hotel,2017,11,0
15057,Riga,Latvia,40,1.0,4.0,4.0,Hotel,2017,11,0
15058,Riga,Latvia,126,0.5,4.5,4.5,Hotel,2017,11,0
15059,Riga,Latvia,200,0.5,5.0,4.8,Hotel,2017,11,0
15060,Riga,Latvia,28,1.0,3.0,3.5,Hotel,2017,11,0
15061,Riga,Latvia,40,1.0,4.0,4.0,Hotel,2017,11,0
15062,Riga,Latvia,19,1.2,3.0,3.7,Guest House,2017,11,0
15063,Riga,Latvia,60,0.6,3.0,4.5,Apartment,2017,11,0
15064,Riga,Latvia,60,0.6,3.0,4.0,Apartment,2017,11,0
15065,Riga,Latvia,80,0.6,4.5,4.3,Hotel,2017,11,0
15066,Riga,Latvia,64,0.5,4.0,4.3,Hotel,2017,11,0
15067,Riga,Latvia,41,0.6,2.0,2.0,Hostel,2017,11,0
15068,Riga,Latvia,32,0.7,2.0,4.4,Hotel,2017,11,0
15069,Riga,Latvia,81,0.8,4.0,4.5,Apartment,2017,11,0
15070,Riga,Latvia,27,0.9,4.0,4.0,Apartment,2017,11,0
15071,Riga,Latvia,34,1.2,3.0,4.1,Apart-hotel,2017,11,0
15072,Riga,Latvia,34,1.9,3.0,3.7,Hotel,2017,11,0
15073,Riga,Latvia,49,1.8,4.0,4.5,Hotel,2017,11,0
15074,Riga,Latvia,73,0.6,3.5,4.0,Hotel,2017,11,0
15075,Riga,Latvia,38,0.8,2.5,2.0,Hotel,2017,11,0
15076,Riga,Latvia,183,0.5,5.0,4.5,Hotel,2017,11,0
15077,Riga,Latvia,34,0.8,2.0,3.2,Hostel,2017,11,0
15078,Riga,Latvia,81,0.7,3.5,,Apartment,2017,11,0
15079,Riga,Latvia,51,0.5,3.5,4.0,Hotel,2017,11,0
15080,Riga,Latvia,43,1.8,3.0,3.5,Hotel,2017,11,0
15081,Riga,Latvia,53,0.8,4.0,4.0,Hotel,2017,11,0
15082,Riga,Latvia,117,0.4,5.0,4.5,Hotel,2017,11,0
15083,Riga,Latvia,28,1.4,3.0,3.0,Hotel,2017,11,0
15084,Riga,Latvia,43,0.7,3.5,4.0,Hotel,2017,11,0
15085,Riga,Latvia,72,0.8,4.0,4.8,Apartment,2017,11,0
15087,Riga,Latvia,60,0.7,3.0,3.7,Apartment,2017,11,0
15088,Riga,Latvia,109,0.8,2.5,,Bed and breakfast,2017,11,0
15089,Riga,Latvia,63,0.7,3.0,4.1,Hotel,2017,11,0
15090,Riga,Latvia,125,12.0,5.0,4.3,Hotel,2017,11,0
15091,Riga,Latvia,48,11.0,3.0,4.5,Hotel,2017,11,0
15092,Riga,Latvia,85,9.7,4.5,4.0,Hotel,2017,11,0
15093,Riga,Latvia,73,13.0,3.5,4.5,Hotel,2017,11,0
15094,Riga,Latvia,52,11.0,3.0,4.0,Hotel,2017,11,0
15095,Riga,Latvia,99,9.8,3.5,5.0,Apart-hotel,2017,11,0
15096,Riga,Latvia,69,11.0,3.5,4.0,Apartment,2017,11,0
15097,Riga,Latvia,58,12.0,3.5,3.5,Guest House,2017,11,0
15098,Riga,Latvia,78,12.0,4.0,4.0,Hotel,2017,11,0
15099,Riga,Latvia,62,11.0,4.0,3.7,Hotel,2017,11,0
15100,Riga,Latvia,104,12.0,5.0,4.5,Apartment,2017,11,0
15102,Riga,Latvia,231,12.0,4.0,4.0,Apartment,2017,11,0
15103,Riga,Latvia,1276,15.0,5.0,,Villa,2017,11,0
15104,Riga,Latvia,114,9.7,4.0,4.5,Hotel,2017,11,0
15105,Riga,Latvia,42,15.0,3.0,3.0,Hotel,2017,11,0
15106,Riga,Latvia,67,20.0,3.0,,Hotel,2017,11,0
15107,Riga,Latvia,313,12.0,4.0,5.0,Hotel,2017,11,0
15108,Riga,Latvia,27,12.0,3.0,3.0,Hotel,2017,11,0
15109,Riga,Latvia,80,12.0,3.0,3.2,Hotel,2017,11,0
15110,Riga,Latvia,87,12.0,4.0,4.3,Inn,2017,11,0
15111,Riga,Latvia,27,1.8,3.5,3.5,Hotel,2017,11,0
15112,Riga,Latvia,56,0.9,4.0,4.0,Hotel,2017,11,0
15113,Riga,Latvia,27,1.4,3.0,3.7,Hotel,2017,11,0
15114,Riga,Latvia,38,3.2,3.0,3.5,Hotel,2017,11,0
15115,Riga,Latvia,33,1.0,3.0,4.0,Hotel,2017,11,0
15116,Riga,Latvia,44,4.4,3.0,3.2,Hotel,2017,11,0
15118,Riga,Latvia,31,3.5,3.0,3.2,Hotel,2017,11,0
15119,Riga,Latvia,65,0.2,4.0,4.1,Hotel,2017,11,0
15120,Riga,Latvia,71,0.1,4.5,4.1,Hotel,2017,11,0
15121,Riga,Latvia,69,0.2,4.5,4.3,Hotel,2017,11,0
15122,Riga,Latvia,134,0.2,5.0,4.5,Hotel,2017,11,0
15123,Riga,Latvia,71,0.1,4.0,3.7,Hotel,2017,11,0
15124,Riga,Latvia,76,0.2,4.0,4.4,Hotel,2017,11,0
15125,Riga,Latvia,97,0.0,5.0,4.0,Hotel,2017,11,0
15126,Riga,Latvia,203,0.2,5.0,4.6,Hotel,2017,11,0
15127,Riga,Latvia,39,0.2,3.0,4.0,Hotel,2017,11,0
15128,Riga,Latvia,34,0.5,2.0,3.2,Hotel,2017,11,0
15129,Riga,Latvia,34,0.2,4.0,3.9,Hotel,2017,11,0
15130,Riga,Latvia,37,0.1,3.0,3.7,Hotel,2017,11,0
15131,Riga,Latvia,236,0.2,5.0,,Hotel,2017,11,0
15132,Riga,Latvia,69,0.3,4.0,4.4,Hotel,2017,11,0
15133,Riga,Latvia,54,0.1,4.0,4.1,Hotel,2017,11,0
15134,Riga,Latvia,82,0.1,4.0,4.0,Hotel,2017,11,0
15135,Riga,Latvia,26,0.1,2.0,3.9,Hostel,2017,11,0
15136,Riga,Latvia,73,0.1,4.0,4.3,Hotel,2017,11,0
15137,Riga,Latvia,142,0.1,4.5,4.6,Hotel,2017,11,0
15138,Riga,Latvia,77,0.2,4.0,4.1,Hotel,2017,11,0
15139,Riga,Latvia,111,0.1,4.0,4.5,Hotel,2017,11,0
15140,Riga,Latvia,73,0.2,4.5,4.3,Hotel,2017,11,0
15141,Riga,Latvia,45,0.2,4.0,4.0,Hotel,2017,11,0
15142,Riga,Latvia,47,0.2,4.0,4.1,Hotel,2017,11,0
15143,Riga,Latvia,158,0.2,5.0,4.8,Hotel,2017,11,0
15144,Riga,Latvia,108,0.0,4.0,5.0,Hotel,2017,11,0
15145,Riga,Latvia,60,0.1,3.0,4.3,Hotel,2017,11,0
15146,Riga,Latvia,40,0.5,1.0,2.7,Hostel,2017,11,0
15147,Riga,Latvia,47,0.1,3.0,4.0,Hotel,2017,11,0
15148,Riga,Latvia,59,0.3,4.5,4.4,Hotel,2017,11,0
15149,Riga,Latvia,58,0.2,4.5,4.3,Hotel,2017,11,0
15150,Riga,Latvia,107,0.2,2.5,,Guest House,2017,11,0
15151,Riga,Latvia,69,5.0,3.0,3.7,Hotel,2017,11,0
15152,Riga,Latvia,71,9.4,4.0,4.3,Hotel,2017,11,0
15153,Riga,Latvia,31,3.0,3.5,3.7,Apart-hotel,2017,11,0
15154,Riga,Latvia,33,2.5,3.5,4.3,Hotel,2017,11,0
15155,Riga,Latvia,42,1.1,4.5,4.0,Hotel,2017,11,0
15156,Riga,Latvia,29,2.4,3.0,4.0,Hotel,2017,11,0
15157,Riga,Latvia,77,0.6,4.5,4.0,Hotel,2017,11,0
15159,Riga,Latvia,33,2.3,3.0,3.7,Hotel,2017,11,0
15160,Riga,Latvia,51,1.8,2.0,4.5,Hotel,2017,11,0
15161,Riga,Latvia,40,2.4,4.5,4.4,Hotel,2017,11,0
15162,Riga,Latvia,52,1.2,4.5,4.4,Hotel,2017,11,0
15163,Riga,Latvia,40,1.3,3.0,4.0,Hotel,2017,11,0
15164,Riga,Latvia,34,2.4,3.0,3.7,Hotel,2017,11,0
15168,Rome,Italy,90,2.6,,,Bed and breakfast,2017,11,0
15170,Rome,Italy,53,2.6,,4.3,Guest House,2017,11,0
15173,Rome,Italy,87,2.2,,4.0,Bed and breakfast,2017,11,0
15176,Rome,Italy,39,2.2,,4.5,Bed and breakfast,2017,11,0
15177,Rome,Italy,60,3.0,4.0,3.7,Vacation home Condo,2017,11,0
15179,Rome,Italy,66,2.4,,3.0,Bed and breakfast,2017,11,0
15180,Rome,Italy,50,2.1,,3.0,Guest House,2017,11,0
15182,Rome,Italy,65,2.2,,4.4,Guest House,2017,11,0
15186,Rome,Italy,35,3.5,3.0,2.5,Hotel,2017,11,0
15188,Rome,Italy,68,2.5,,4.0,Bed and breakfast,2017,11,0
15191,Rome,Italy,52,2.8,4.0,4.5,Hotel,2017,11,0
15193,Rome,Italy,281,2.7,,3.9,Bed and breakfast,2017,11,0
15195,Rome,Italy,62,2.8,,4.1,Guest House,2017,11,0
15196,Rome,Italy,117,2.9,4.0,4.0,Hotel,2017,11,0
15198,Rome,Italy,55,3.5,4.0,3.7,Hotel,2017,11,0
15200,Rome,Italy,57,4.1,4.0,4.0,Hotel,2017,11,0
15202,Rome,Italy,113,2.9,4.0,4.1,Hotel,2017,11,0
15205,Rome,Italy,61,4.1,4.0,3.4,Hotel,2017,11,0
15206,Rome,Italy,81,2.3,,4.3,Guest House,2017,11,0
15208,Rome,Italy,47,3.2,4.0,3.7,Hotel,2017,11,0
15211,Rome,Italy,23,4.0,,3.9,Caravan Park,2017,11,0
15213,Rome,Italy,56,4.4,,4.5,Bed and breakfast,2017,11,0
15215,Rome,Italy,52,4.2,3.0,3.4,Hotel,2017,11,0
15216,Rome,Italy,67,2.4,,3.7,Bed and breakfast,2017,11,0
15219,Rome,Italy,60,4.8,4.0,3.2,Hotel,2017,11,0
15220,Rome,Italy,52,4.8,4.0,2.7,Hotel,2017,11,0
15222,Rome,Italy,450,3.5,,3.0,Bed and breakfast,2017,11,0
15225,Rome,Italy,73,4.2,,4.5,Bed and breakfast,2017,11,0
15226,Rome,Italy,64,3.7,,,Guest House,2017,11,0
15228,Rome,Italy,94,3.2,3.0,4.5,Hotel,2017,11,0
15230,Rome,Italy,522,2.7,,3.5,Bed and breakfast,2017,11,0
15232,Rome,Italy,46,2.0,,4.0,Guest House,2017,11,0
15234,Rome,Italy,52,2.6,,,Apartment,2017,11,0
15239,Rome,Italy,57,2.3,,4.5,Bed and breakfast,2017,11,0
15241,Rome,Italy,55,2.1,,3.4,Guest House,2017,11,0
15244,Rome,Italy,80,2.1,,4.0,Guest House,2017,11,0
15245,Rome,Italy,64,1.9,,4.4,Guest House,2017,11,0
15251,Rome,Italy,109,2.3,4.0,3.5,Hotel,2017,11,0
15252,Rome,Italy,76,2.3,,3.5,Inn,2017,11,0
15257,Rome,Italy,78,3.3,,4.0,Guest House,2017,11,0
15259,Rome,Italy,134,2.2,4.0,3.7,Hotel,2017,11,0
15262,Rome,Italy,55,4.0,4.0,3.7,Hotel,2017,11,0
15264,Rome,Italy,81,2.7,,,Apartment,2017,11,0
15266,Rome,Italy,55,3.6,,3.7,Apartment,2017,11,0
15268,Rome,Italy,55,2.2,,5.0,Guest House,2017,11,0
15270,Rome,Italy,42,3.2,1.0,3.4,Hotel,2017,11,0
15273,Rome,Italy,58,2.1,,,Guest House,2017,11,0
15275,Rome,Italy,74,3.7,3.0,3.7,Hotel,2017,11,0
15277,Rome,Italy,73,2.8,4.0,4.0,Hotel,2017,11,0
15279,Rome,Italy,72,2.9,3.0,3.4,Hotel,2017,11,0
15286,Rome,Italy,73,1.7,,4.4,Bed and breakfast,2017,11,0
15288,Rome,Italy,574,2.1,,4.4,Bed and breakfast,2017,11,0
15289,Rome,Italy,51,2.2,,3.9,Guest House,2017,11,0
15291,Rome,Italy,72,1.9,,2.0,Apartment,2017,11,0
15292,Rome,Italy,116,1.8,3.0,4.0,Hotel,2017,11,0
15302,Rome,Italy,61,2.1,,3.2,Guest House,2017,11,0
15303,Rome,Italy,59,2.1,,3.7,Bed and breakfast,2017,11,0
15305,Rome,Italy,91,2.1,,4.8,Bed and breakfast,2017,11,0
15309,Rome,Italy,121,1.7,,4.8,Guest House,2017,11,0
15312,Rome,Italy,72,2.2,,3.7,Bed and breakfast,2017,11,0
15314,Rome,Italy,78,2.2,,4.0,Guest House,2017,11,0
15316,Rome,Italy,49,2.2,,4.3,Guest House,2017,11,0
15318,Rome,Italy,101,2.2,,4.8,Guest House,2017,11,0
15320,Rome,Italy,55,2.2,,2.5,Guest House,2017,11,0
15322,Rome,Italy,43,2.2,,3.7,Guest House,2017,11,0
15325,Rome,Italy,112,1.4,,,Bed and breakfast,2017,11,0
15333,Rome,Italy,192,1.4,3.0,4.0,Hotel,2017,11,0
15335,Rome,Italy,156,1.8,,4.6,Guest House,2017,11,0
15336,Rome,Italy,50,2.3,,4.0,Guest House,2017,11,0
15339,Rome,Italy,44,1.6,,3.7,Bed and breakfast,2017,11,0
15341,Rome,Italy,126,1.6,,4.5,Guest House,2017,11,0
15343,Rome,Italy,81,1.6,,3.9,Guest House,2017,11,0
15342,Rome,Italy,81,1.6,,3.9,Guest House,2017,11,0
15345,Rome,Italy,66,1.5,1.0,4.4,Hotel,2017,11,0
15351,Rome,Italy,318,5.9,4.0,3.5,Hotel,2017,11,0
15353,Rome,Italy,219,6.8,4.0,4.5,Hotel,2017,11,0
15354,Rome,Italy,56,5.2,,,Apartment,2017,11,0
15355,Rome,Italy,86,6.2,4.0,3.2,Hotel,2017,11,0
15357,Rome,Italy,49,8.9,3.0,3.5,Hotel,2017,11,0
15360,Rome,Italy,79,5.1,,,Bed and breakfast,2017,11,0
15363,Rome,Italy,28,3.6,,3.9,Caravan Park,2017,11,0
15365,Rome,Italy,111,8.1,,4.9,,2017,11,0
15366,Rome,Italy,41,7.3,3.0,4.4,Hotel,2017,11,0
15368,Rome,Italy,1126,4.4,,,,2017,11,0
15370,Rome,Italy,24,6.9,,3.2,Apartment,2017,11,0
15371,Rome,Italy,60,7.1,,3.4,Apartment,2017,11,0
15375,Rome,Italy,41,8.7,3.0,3.5,Hotel,2017,11,0
15377,Rome,Italy,61,9.7,,4.3,Apartment,2017,11,0
15380,Rome,Italy,65,9.5,,4.3,Inn,2017,11,0
15381,Rome,Italy,61,10.0,,4.1,Guest House,2017,11,0
15383,Rome,Italy,66,9.5,2.0,3.4,Hotel,2017,11,0
15386,Rome,Italy,50,10.0,,4.4,Bed and breakfast,2017,11,0
15387,Rome,Italy,66,9.4,3.0,3.7,Hotel,2017,11,0
15389,Rome,Italy,70,9.3,,3.2,Hostel,2017,11,0
15391,Rome,Italy,55,11.0,,4.4,Bed and breakfast,2017,11,0
15393,Rome,Italy,70,5.8,,,Apartment,2017,11,0
15399,Rome,Italy,78,3.5,,4.5,Bed and breakfast,2017,11,0
15400,Rome,Italy,77,5.8,4.0,3.9,Hotel,2017,11,0
15402,Rome,Italy,56,4.4,,4.8,Guest House,2017,11,0
15408,Rome,Italy,66,6.4,3.0,2.5,Hotel,2017,11,0
15411,Rome,Italy,55,7.5,3.0,3.9,Hotel,2017,11,0
15412,Rome,Italy,44,3.7,,,Guest House,2017,11,0
15413,Rome,Italy,65,7.7,3.0,3.9,Hotel,2017,11,0
15414,Rome,Italy,104,7.2,,4.5,Apartment,2017,11,0
15417,Rome,Italy,58,5.6,4.0,4.0,Hotel,2017,11,0
15419,Rome,Italy,59,6.1,4.0,3.7,Hotel,2017,11,0
15421,Rome,Italy,44,6.8,3.0,3.5,Hotel,2017,11,0
15423,Rome,Italy,43,5.7,,,Bed and breakfast,2017,11,0
15424,Rome,Italy,68,5.3,,4.3,Guest House,2017,11,0
15427,Rome,Italy,77,5.4,,4.4,Guest House,2017,11,0
15428,Rome,Italy,43,4.6,3.0,3.2,Hotel,2017,11,0
15431,Rome,Italy,101,3.8,2.0,4.4,Hotel,2017,11,0
15435,Rome,Italy,48,3.6,,2.7,Guest House,2017,11,0
15437,Rome,Italy,73,5.8,,3.4,Bed and breakfast,2017,11,0
15438,Rome,Italy,46,4.7,,3.4,Guest House,2017,11,0
15441,Rome,Italy,46,6.6,4.0,3.4,Hotel,2017,11,0
15442,Rome,Italy,131,1.1,,,Apartment,2017,11,0
15445,Rome,Italy,101,1.3,,,Apartment,2017,11,0
15446,Rome,Italy,199,0.7,5.0,4.5,Hotel,2017,11,0
15447,Rome,Italy,66,0.8,2.0,4.3,Hotel,2017,11,0
15450,Rome,Italy,394,1.4,,3.0,Inn,2017,11,0
15453,Rome,Italy,69,0.9,,4.5,Inn,2017,11,0
15459,Rome,Italy,66,0.9,,4.1,Guest House,2017,11,0
15461,Rome,Italy,45,1.2,,3.7,Apartment,2017,11,0
15463,Rome,Italy,134,0.8,,4.9,Apartment,2017,11,0
15473,Rome,Italy,69,1.4,,,Guest House,2017,11,0
15476,Rome,Italy,61,1.4,,5.0,Guest House,2017,11,0
15477,Rome,Italy,54,1.4,,3.9,Bed and breakfast,2017,11,0
15480,Rome,Italy,72,1.4,3.0,3.7,Hotel,2017,11,0
15482,Rome,Italy,103,0.8,,4.3,Guest House,2017,11,0
15483,Rome,Italy,72,0.8,,3.2,Apartment,2017,11,0
15488,Rome,Italy,78,1.4,,4.3,Guest House,2017,11,0
15487,Rome,Italy,78,1.4,,4.3,Guest House,2017,11,0
15490,Rome,Italy,89,1.3,,4.5,Bed and breakfast,2017,11,0
15492,Rome,Italy,198,1.4,4.0,4.5,Hotel,2017,11,0
15491,Rome,Italy,198,1.4,4.0,4.5,Hotel,2017,11,0
15494,Rome,Italy,78,1.0,3.0,3.9,Hotel,2017,11,0
15497,Rome,Italy,80,1.0,3.0,2.9,Hotel,2017,11,0
15498,Rome,Italy,52,1.0,,3.4,Guest House,2017,11,0
15500,Rome,Italy,78,1.0,,4.0,Inn,2017,11,0
15503,Rome,Italy,135,1.0,,4.5,Bed and breakfast,2017,11,0
15505,Rome,Italy,73,1.0,,3.9,Guest House,2017,11,0
15507,Rome,Italy,239,0.9,4.0,4.0,Hotel,2017,11,0
15509,Rome,Italy,103,0.9,3.0,4.3,Hotel,2017,11,0
15510,Rome,Italy,87,0.9,2.0,4.4,Hotel,2017,11,0
15511,Rome,Italy,87,0.9,2.0,4.4,Hotel,2017,11,0
15513,Rome,Italy,110,0.9,,3.5,Guest House,2017,11,0
15514,Rome,Italy,80,0.9,,4.3,Guest House,2017,11,0
15516,Rome,Italy,78,0.9,,4.5,Guest House,2017,11,0
15517,Rome,Italy,77,0.9,,3.9,Guest House,2017,11,0
15522,Rome,Italy,83,0.9,,4.4,Bed and breakfast,2017,11,0
15526,Rome,Italy,117,1.0,,3.4,Guest House,2017,11,0
15527,Rome,Italy,109,0.9,,,Guest House,2017,11,0
15530,Rome,Italy,127,0.9,,5.0,Guest House,2017,11,0
15533,Rome,Italy,77,0.9,3.0,3.2,Hotel,2017,11,0
15534,Rome,Italy,83,0.9,,4.6,Guest House,2017,11,0
15536,Rome,Italy,77,0.9,2.0,3.9,Hotel,2017,11,0
15540,Rome,Italy,129,0.9,4.0,4.5,Hotel,2017,11,0
15542,Rome,Italy,62,1.4,,4.1,Guest House,2017,11,0
15546,Rome,Italy,66,0.8,3.0,4.0,Hotel,2017,11,0
15547,Rome,Italy,126,1.0,4.0,4.4,Vacation home Condo,2017,11,0
15552,Rome,Italy,54,1.6,,4.3,Guest House,2017,11,0
15554,Rome,Italy,62,1.5,,4.0,Bed and breakfast,2017,11,0
15556,Rome,Italy,86,1.0,3.0,3.7,Hotel,2017,11,0
15559,Rome,Italy,77,0.9,3.0,4.3,Hotel,2017,11,0
15561,Rome,Italy,77,1.1,,4.6,Bed and breakfast,2017,11,0
15563,Rome,Italy,105,1.1,,4.5,Bed and breakfast,2017,11,0
15564,Rome,Italy,77,1.2,,5.0,Guest House,2017,11,0
15566,Rome,Italy,163,1.0,,4.0,Apartment,2017,11,0
15569,Rome,Italy,127,1.4,4.0,4.3,Hotel,2017,11,0
15572,Rome,Italy,69,1.5,,4.4,Guest House,2017,11,0
15574,Rome,Italy,58,1.4,,,Guest House,2017,11,0
15578,Rome,Italy,118,0.9,4.0,4.1,Hotel,2017,11,0
15581,Rome,Italy,304,0.9,,,Apartment,2017,11,0
15583,Rome,Italy,100,1.1,4.0,3.5,Hotel,2017,11,0
15585,Rome,Italy,88,1.1,,4.5,Bed and breakfast,2017,11,0
15590,Rome,Italy,152,1.4,3.0,4.0,Hotel,2017,11,0
15594,Rome,Italy,83,1.3,,4.3,Guest House,2017,11,0
15596,Rome,Italy,98,1.3,,4.1,Guest House,2017,11,0
15599,Rome,Italy,314,1.1,,,Apartment,2017,11,0
15600,Rome,Italy,117,1.1,,4.6,Guest House,2017,11,0
15604,Rome,Italy,123,0.6,4.0,3.7,Hotel,2017,11,0
15606,Rome,Italy,101,1.4,,,Bed and breakfast,2017,11,0
15609,Rome,Italy,104,1.5,,,Apartment,2017,11,0
15611,Rome,Italy,95,1.2,,4.0,Guest House,2017,11,0
15614,Rome,Italy,77,1.1,3.0,3.7,Hotel,2017,11,0
15617,Rome,Italy,111,1.0,3.0,4.1,Hotel,2017,11,0
15620,Rome,Italy,93,1.4,,4.5,Guest House,2017,11,0
15622,Rome,Italy,123,0.8,,4.6,Bed and breakfast,2017,11,0
15623,Rome,Italy,336,0.8,3.0,4.5,Hotel,2017,11,0
15625,Rome,Italy,196,0.8,4.0,4.1,Hotel,2017,11,0
15628,Rome,Italy,95,0.9,3.0,3.9,Hotel,2017,11,0
15631,Rome,Italy,197,0.9,,4.1,Guest House,2017,11,0
15632,Rome,Italy,134,0.9,3.0,4.4,Hotel,2017,11,0
15636,Rome,Italy,58,0.9,,3.5,Guest House,2017,11,0
15639,Rome,Italy,81,0.9,,4.0,Bed and breakfast,2017,11,0
15641,Rome,Italy,225,0.9,4.0,4.8,Hotel,2017,11,0
15643,Rome,Italy,70,0.9,3.0,3.7,Hotel,2017,11,0
15645,Rome,Italy,111,1.4,,,Guest House,2017,11,0
15646,Rome,Italy,401,0.8,,4.6,Guest House,2017,11,0
15650,Rome,Italy,153,1.3,3.0,4.0,Hotel,2017,11,0
15652,Rome,Italy,53,0.9,,2.9,Guest House,2017,11,0
15656,Rome,Italy,81,0.8,3.0,3.5,Hotel,2017,11,0
15658,Rome,Italy,88,0.9,,4.1,Guest House,2017,11,0
15657,Rome,Italy,88,0.9,,4.1,Guest House,2017,11,0
15660,Rome,Italy,77,0.8,,4.5,Bed and breakfast,2017,11,0
15661,Rome,Italy,95,1.2,,3.7,Bed and breakfast,2017,11,0
15665,Rome,Italy,116,0.9,3.0,3.7,Hotel,2017,11,0
15668,Rome,Italy,95,1.1,,3.4,Guest House,2017,11,0
15670,Rome,Italy,177,0.8,3.0,4.0,Guest House,2017,11,0
15672,Rome,Italy,69,1.3,,4.3,Guest House,2017,11,0
15674,Rome,Italy,92,1.2,,3.5,Guest House,2017,11,0
15677,Rome,Italy,77,1.3,,,Guest House,2017,11,0
15679,Rome,Italy,194,1.0,4.0,4.3,Hotel,2017,11,0
15680,Rome,Italy,77,1.0,4.0,3.5,Hotel,2017,11,0
15682,Rome,Italy,69,1.0,,2.7,Guest House,2017,11,0
15685,Rome,Italy,106,0.9,,4.5,Apartment,2017,11,0
15684,Rome,Italy,106,0.9,,4.5,Apartment,2017,11,0
15686,Rome,Italy,145,3.6,4.0,4.0,Hotel,2017,11,0
15688,Rome,Italy,70,2.7,,,Guest House,2017,11,0
15691,Rome,Italy,59,5.5,3.0,4.0,Hotel,2017,11,0
15694,Rome,Italy,67,2.6,,,Apartment,2017,11,0
15698,Rome,Italy,77,3.9,,,Guest House,2017,11,0
15700,Rome,Italy,57,7.2,3.0,3.7,Hotel,2017,11,0
15701,Rome,Italy,57,7.2,3.0,3.7,Hotel,2017,11,0
15703,Rome,Italy,50,8.2,3.0,4.0,Hotel,2017,11,0
15704,Rome,Italy,62,8.2,4.0,4.3,Hotel,2017,11,0
15705,Rome,Italy,109,2.8,4.0,4.3,Hotel,2017,11,0
15709,Rome,Italy,72,3.3,4.0,4.5,Hotel,2017,11,0
15713,Rome,Italy,56,2.8,,3.7,Apartment,2017,11,0
15715,Rome,Italy,58,6.1,4.0,3.7,Hotel,2017,11,0
15717,Rome,Italy,100,7.2,4.0,4.0,Hotel,2017,11,0
15719,Rome,Italy,47,3.3,3.0,4.0,Hotel,2017,11,0
15720,Rome,Italy,72,4.9,3.0,3.7,Hotel,2017,11,0
15722,Rome,Italy,72,5.0,3.0,4.1,Hotel,2017,11,0
15723,Rome,Italy,84,7.7,4.0,3.7,Hotel,2017,11,0
15725,Rome,Italy,50,2.8,,4.0,Guest House,2017,11,0
15727,Rome,Italy,66,2.7,,4.0,Bed and breakfast,2017,11,0
15728,Rome,Italy,65,3.3,,4.6,Bed and breakfast,2017,11,0
15731,Rome,Italy,69,2.9,,4.0,Bed and breakfast,2017,11,0
15733,Rome,Italy,66,2.6,,2.5,Bed and breakfast,2017,11,0
15735,Rome,Italy,90,5.4,,3.5,Bed and breakfast,2017,11,0
15737,Rome,Italy,90,2.8,,5.0,Bed and breakfast,2017,11,0
15740,Rome,Italy,58,6.3,4.0,4.3,Hotel,2017,11,0
15744,Rome,Italy,73,2.6,,3.0,Bed and breakfast,2017,11,0
15745,Rome,Italy,73,2.7,,,Bed and breakfast,2017,11,0
15747,Rome,Italy,47,8.1,,,Guest House,2017,11,0
15746,Rome,Italy,47,8.1,,,Guest House,2017,11,0
15749,Rome,Italy,61,5.9,4.0,4.0,Hotel,2017,11,0
15751,Rome,Italy,127,7.0,4.0,3.5,Hotel,2017,11,0
15752,Rome,Italy,142,3.6,4.0,3.7,Hotel,2017,11,0
15754,Rome,Italy,72,3.4,4.0,3.7,Hotel,2017,11,0
15757,Rome,Italy,69,8.2,4.0,4.0,Hotel,2017,11,0
15758,Rome,Italy,66,3.9,4.0,3.7,Hotel,2017,11,0
15759,Rome,Italy,141,5.1,4.0,3.9,Hotel,2017,11,0
15761,Rome,Italy,69,6.3,,,Bed and breakfast,2017,11,0
15763,Rome,Italy,61,8.1,,4.0,Bed and breakfast,2017,11,0
15765,Rome,Italy,106,7.7,2.0,3.5,Hotel,2017,11,0
15766,Rome,Italy,91,3.8,,3.5,Guest House,2017,11,0
15768,Rome,Italy,69,3.3,,4.3,Guest House,2017,11,0
15769,Rome,Italy,114,6.5,4.0,3.7,Hotel,2017,11,0
15772,Rome,Italy,116,4.3,4.0,3.5,Hotel,2017,11,0
15773,Rome,Italy,146,4.9,,3.2,Apartment,2017,11,0
15776,Rome,Italy,119,6.8,4.0,4.0,Hotel,2017,11,0
15778,Rome,Italy,147,5.3,4.0,4.0,Hotel,2017,11,0
15779,Rome,Italy,87,8.5,4.0,3.9,Hotel,2017,11,0
15781,Rome,Italy,93,3.2,,3.5,Guest House,2017,11,0
15783,Rome,Italy,64,2.7,,3.7,Guest House,2017,11,0
15787,Rome,Italy,81,3.9,,3.7,Bed and breakfast,2017,11,0
15788,Rome,Italy,122,3.9,4.0,4.4,Hotel,2017,11,0
15791,Rome,Italy,77,3.1,,3.7,Bed and breakfast,2017,11,0
15793,Rome,Italy,215,5.7,4.0,4.3,Hotel,2017,11,0
15795,Rome,Italy,162,5.1,4.0,4.0,Hotel,2017,11,0
15796,Rome,Italy,92,5.1,,4.0,Guest House,2017,11,0
15800,Rome,Italy,73,3.5,,3.0,Bed and breakfast,2017,11,0
15802,Rome,Italy,61,16.0,,4.5,Guest House,2017,11,0
15806,Rome,Italy,100,12.0,,4.3,Apartment,2017,11,0
15810,Rome,Italy,56,15.0,2.0,2.7,Hotel,2017,11,0
15812,Rome,Italy,150,14.0,4.0,3.7,Hotel,2017,11,0
15813,Rome,Italy,83,15.0,4.0,4.1,Hotel,2017,11,0
15816,Rome,Italy,114,16.0,4.0,4.3,Hotel,2017,11,0
15818,Rome,Italy,76,15.0,,4.5,Bed and breakfast,2017,11,0
15817,Rome,Italy,76,15.0,,4.5,Bed and breakfast,2017,11,0
15819,Rome,Italy,76,15.0,3.0,3.5,Vacation home Condo,2017,11,0
15822,Rome,Italy,66,16.0,3.0,4.0,Hotel,2017,11,0
15824,Rome,Italy,76,16.0,3.0,3.9,Hotel,2017,11,0
15825,Rome,Italy,74,15.0,,3.7,Bed and breakfast,2017,11,0
15828,Rome,Italy,200,13.0,5.0,4.5,Hotel,2017,11,0
15830,Rome,Italy,75,15.0,4.0,3.7,Hotel,2017,11,0
15832,Rome,Italy,167,15.0,4.0,3.7,Hotel,2017,11,0
15833,Rome,Italy,73,15.0,3.0,3.7,Hotel,2017,11,0
15836,Rome,Italy,69,15.0,3.0,3.7,Hotel,2017,11,0
15837,Rome,Italy,100,11.0,,,Apartment,2017,11,0
15840,Rome,Italy,87,16.0,4.0,4.0,Hotel,2017,11,0
15841,Rome,Italy,133,13.0,4.0,4.0,Hotel,2017,11,0
15842,Rome,Italy,74,12.0,,4.3,Guest House,2017,11,0
15845,Rome,Italy,95,12.0,,4.1,Apartment,2017,11,0
15846,Rome,Italy,63,15.0,4.0,3.5,Hotel,2017,11,0
15849,Rome,Italy,106,15.0,,5.0,Guest House,2017,11,0
15851,Rome,Italy,113,16.0,,4.6,Guest House,2017,11,0
15854,Rome,Italy,132,16.0,,4.3,Bed and breakfast,2017,11,0
15856,Rome,Italy,126,16.0,4.0,4.3,Hotel,2017,11,0
15859,Rome,Italy,65,16.0,2.0,3.5,Hotel,2017,11,0
15860,Rome,Italy,78,16.0,,4.0,Inn,2017,11,0
15863,Rome,Italy,67,15.0,2.0,3.0,Hotel,2017,11,0
15865,Rome,Italy,73,16.0,3.0,4.1,Hotel,2017,11,0
15866,Rome,Italy,80,15.0,3.0,3.7,Hotel,2017,11,0
15868,Rome,Italy,61,16.0,3.0,4.4,Hotel,2017,11,0
15872,Rome,Italy,56,2.7,,3.0,Bed and breakfast,2017,11,0
15875,Rome,Italy,67,2.6,,4.1,Guest House,2017,11,0
15877,Rome,Italy,44,2.9,,2.5,Guest House,2017,11,0
15879,Rome,Italy,78,2.4,,4.5,Bed and breakfast,2017,11,0
15878,Rome,Italy,78,2.4,,4.5,Bed and breakfast,2017,11,0
15881,Rome,Italy,55,3.0,,4.0,Bed and breakfast,2017,11,0
15880,Rome,Italy,55,3.0,,4.0,Bed and breakfast,2017,11,0
15884,Rome,Italy,61,1.8,,4.3,Bed and breakfast,2017,11,0
15886,Rome,Italy,86,1.5,,4.6,Guest House,2017,11,0
15887,Rome,Italy,93,2.5,,,Apartment,2017,11,0
15889,Rome,Italy,67,3.1,,4.3,Apartment,2017,11,0
15892,Rome,Italy,45,2.3,,3.5,Vacation home Condo,2017,11,0
15894,Rome,Italy,152,3.1,4.0,4.5,Hotel,2017,11,0
15896,Rome,Italy,60,2.4,,4.4,Bed and breakfast,2017,11,0
15904,Rome,Italy,60,2.8,,3.4,Apartment,2017,11,0
15909,Rome,Italy,77,2.5,,3.5,Guest House,2017,11,0
15912,Rome,Italy,405,2.7,,3.9,Apartment,2017,11,0
15917,Rome,Italy,65,3.0,4.0,3.4,Hotel,2017,11,0
15920,Rome,Italy,69,2.9,,4.0,Bed and breakfast,2017,11,0
15922,Rome,Italy,92,3.0,,4.5,Guest House,2017,11,0
15925,Rome,Italy,101,1.8,,,Apartment,2017,11,0
15926,Rome,Italy,95,0.7,,,Apartment,2017,11,0
15929,Rome,Italy,207,0.7,4.0,4.0,Hotel,2017,11,0
15931,Rome,Italy,73,0.9,4.0,3.0,Hotel,2017,11,0
15933,Rome,Italy,138,0.8,4.0,4.5,Hotel,2017,11,0
15935,Rome,Italy,153,0.7,4.0,4.5,Hotel,2017,11,0
15936,Rome,Italy,76,0.8,,3.2,Bed and breakfast,2017,11,0
15939,Rome,Italy,59,1.0,,4.0,Guest House,2017,11,0
15940,Rome,Italy,130,0.7,4.0,4.4,Hotel,2017,11,0
15943,Rome,Italy,56,0.9,,3.5,Bed and breakfast,2017,11,0
15945,Rome,Italy,157,0.7,4.0,4.6,Hotel,2017,11,0
15946,Rome,Italy,266,0.5,5.0,4.6,Hotel,2017,11,0
15947,Rome,Italy,104,0.5,4.0,3.7,Hotel,2017,11,0
15948,Rome,Italy,124,0.5,4.0,4.3,Hotel,2017,11,0
15951,Rome,Italy,177,0.6,,4.9,Guest House,2017,11,0
15952,Rome,Italy,62,0.6,,3.5,Guest House,2017,11,0
15954,Rome,Italy,83,0.5,3.0,3.7,Hotel,2017,11,0
15956,Rome,Italy,70,0.5,,4.4,Bed and breakfast,2017,11,0
15961,Rome,Italy,280,0.6,5.0,4.4,Hotel,2017,11,0
15963,Rome,Italy,86,0.5,,4.4,Guest House,2017,11,0
15965,Rome,Italy,99,0.5,,3.7,Guest House,2017,11,0
15967,Rome,Italy,162,0.6,4.0,4.1,Hotel,2017,11,0
15970,Rome,Italy,124,0.5,,4.3,Bed and breakfast,2017,11,0
15971,Rome,Italy,161,0.5,4.0,4.0,Hotel,2017,11,0
15973,Rome,Italy,652,0.4,5.0,5.0,Hotel,2017,11,0
15975,Rome,Italy,103,0.8,4.0,3.7,Hotel,2017,11,0
15979,Rome,Italy,38,0.9,,3.9,Bed and breakfast,2017,11,0
15982,Rome,Italy,129,0.9,4.0,3.7,Hotel,2017,11,0
15984,Rome,Italy,83,0.7,,3.5,Guest House,2017,11,0
15986,Rome,Italy,88,0.8,,4.5,Guest House,2017,11,0
15988,Rome,Italy,64,0.8,,3.4,Bed and breakfast,2017,11,0
15989,Rome,Italy,61,0.8,,3.4,Bed and breakfast,2017,11,0
15991,Rome,Italy,77,0.8,,,Bed and breakfast,2017,11,0
15992,Rome,Italy,55,0.9,,3.0,Guest House,2017,11,0
15994,Rome,Italy,84,0.8,,4.3,Bed and breakfast,2017,11,0
15996,Rome,Italy,111,0.9,,5.0,Guest House,2017,11,0
15998,Rome,Italy,77,1.0,,,Guest House,2017,11,0
16001,Rome,Italy,147,0.9,,3.7,Guest House,2017,11,0
16002,Rome,Italy,43,0.9,,3.2,Guest House,2017,11,0
16005,Rome,Italy,69,0.9,,3.7,Guest House,2017,11,0
16008,Rome,Italy,320,0.8,,3.2,Guest House,2017,11,0
16009,Rome,Italy,94,0.7,,4.5,Guest House,2017,11,0
16012,Rome,Italy,141,0.7,,4.3,Guest House,2017,11,0
16013,Rome,Italy,230,0.7,,3.0,Apartment,2017,11,0
16016,Rome,Italy,140,0.7,,4.4,Guest House,2017,11,0
16018,Rome,Italy,372,0.6,5.0,4.0,Hotel,2017,11,0
16019,Rome,Italy,284,0.6,5.0,4.5,Hotel,2017,11,0
16022,Rome,Italy,478,0.6,,4.3,Guest House,2017,11,0
16023,Rome,Italy,335,0.6,4.0,4.4,Hotel,2017,11,0
16025,Rome,Italy,224,0.6,5.0,4.3,Hotel,2017,11,0
16027,Rome,Italy,391,0.6,5.0,4.5,Hotel,2017,11,0
16028,Rome,Italy,203,0.4,4.0,4.8,Hotel,2017,11,0
16033,Rome,Italy,78,0.5,3.0,3.7,Hotel,2017,11,0
16034,Rome,Italy,121,0.5,,4.4,Bed and breakfast,2017,11,0
16037,Rome,Italy,125,0.8,4.0,3.7,Hotel,2017,11,0
16038,Rome,Italy,64,0.6,,3.9,Guest House,2017,11,0
16040,Rome,Italy,202,0.5,,,Apartment,2017,11,0
16042,Rome,Italy,88,0.5,3.0,3.7,Hotel,2017,11,0
16043,Rome,Italy,102,0.5,4.0,3.9,Hotel,2017,11,0
16045,Rome,Italy,100,0.5,,4.5,Bed and breakfast,2017,11,0
16048,Rome,Italy,103,0.4,,4.0,Guest House,2017,11,0
16049,Rome,Italy,146,0.6,,4.5,Guest House,2017,11,0
16051,Rome,Italy,98,0.7,,4.5,Guest House,2017,11,0
16054,Rome,Italy,100,0.6,3.0,4.3,Hotel,2017,11,0
16056,Rome,Italy,344,0.5,4.0,4.6,Hotel,2017,11,0
16057,Rome,Italy,134,0.7,4.0,4.0,Hotel,2017,11,0
16059,Rome,Italy,90,0.7,,4.5,Guest House,2017,11,0
16061,Rome,Italy,273,0.4,5.0,4.0,Hotel,2017,11,0
16063,Rome,Italy,161,0.3,4.0,4.3,Hotel,2017,11,0
16065,Rome,Italy,167,0.3,3.0,4.3,Hotel,2017,11,0
16066,Rome,Italy,144,0.3,,4.3,Guest House,2017,11,0
16070,Rome,Italy,230,0.3,3.0,4.8,Hotel,2017,11,0
16072,Rome,Italy,90,0.5,,4.3,Guest House,2017,11,0
16074,Rome,Italy,187,0.2,4.0,3.7,Hotel,2017,11,0
16076,Rome,Italy,182,0.2,4.0,4.5,Hotel,2017,11,0
16078,Rome,Italy,92,0.2,,4.3,Bed and breakfast,2017,11,0
16080,Rome,Italy,174,0.6,,4.5,Bed and breakfast,2017,11,0
16082,Rome,Italy,190,0.6,,4.4,Guest House,2017,11,0
16085,Rome,Italy,130,0.6,,4.4,Guest House,2017,11,0
16087,Rome,Italy,115,0.6,,4.6,Guest House,2017,11,0
16088,Rome,Italy,166,0.3,,4.5,Guest House,2017,11,0
16090,Rome,Italy,140,0.4,,3.0,Guest House,2017,11,0
16092,Rome,Italy,128,0.7,,,Guest House,2017,11,0
16095,Rome,Italy,86,0.3,,4.0,Apartment,2017,11,0
16100,Rome,Italy,154,0.3,,3.0,Apartment,2017,11,0
16102,Rome,Italy,119,0.5,3.0,4.1,Hotel,2017,11,0
16103,Rome,Italy,98,0.8,,4.5,Bed and breakfast,2017,11,0
16107,Rome,Italy,61,0.7,2.0,3.2,Hotel,2017,11,0
16109,Rome,Italy,120,0.3,,4.1,Guest House,2017,11,0
16111,Rome,Italy,134,0.3,,4.1,Guest House,2017,11,0
16112,Rome,Italy,134,0.6,,4.0,Guest House,2017,11,0
16115,Rome,Italy,59,0.3,,3.2,Guest House,2017,11,0
16116,Rome,Italy,127,0.3,,4.5,Guest House,2017,11,0
16119,Rome,Italy,142,0.6,,4.5,Bed and breakfast,2017,11,0
16122,Rome,Italy,114,0.3,,4.0,Bed and breakfast,2017,11,0
16124,Rome,Italy,113,0.6,,4.5,Guest House,2017,11,0
16126,Rome,Italy,105,0.6,,,Guest House,2017,11,0
16129,Rome,Italy,101,0.7,,4.5,Bed and breakfast,2017,11,0
16131,Rome,Italy,127,0.6,,4.5,Guest House,2017,11,0
16136,Rome,Italy,113,0.7,,4.5,Guest House,2017,11,0
16138,Rome,Italy,135,0.4,,4.4,Guest House,2017,11,0
16140,Rome,Italy,185,0.4,3.0,4.5,Hotel,2017,11,0
16142,Rome,Italy,104,0.6,,4.5,Guest House,2017,11,0
16144,Rome,Italy,183,0.3,,4.0,Guest House,2017,11,0
16146,Rome,Italy,109,0.6,,3.5,Bed and breakfast,2017,11,0
16149,Rome,Italy,152,0.6,4.0,4.0,Hotel,2017,11,0
16151,Rome,Italy,106,0.7,3.0,4.3,Hotel,2017,11,0
16152,Rome,Italy,60,0.7,,3.4,Guest House,2017,11,0
16154,Rome,Italy,115,0.7,,4.6,Bed and breakfast,2017,11,0
16157,Rome,Italy,152,0.3,4.0,4.1,Hotel,2017,11,0
16159,Rome,Italy,258,0.3,,,Guest House,2017,11,0
16161,Rome,Italy,111,0.5,3.0,4.1,Hotel,2017,11,0
16163,Rome,Italy,103,0.5,,2.0,Guest House,2017,11,0
16166,Rome,Italy,195,0.3,3.0,4.5,Hotel,2017,11,0
16167,Rome,Italy,152,0.5,,4.5,Guest House,2017,11,0
16168,Rome,Italy,408,0.5,,4.5,Guest House,2017,11,0
16171,Rome,Italy,145,0.5,3.0,4.5,Hotel,2017,11,0
16172,Rome,Italy,118,0.5,,,Inn,2017,11,0
16174,Rome,Italy,141,0.3,,4.1,Bed and breakfast,2017,11,0
16177,Rome,Italy,114,0.5,,4.5,Guest House,2017,11,0
16179,Rome,Italy,143,0.8,,4.6,Guest House,2017,11,0
16182,Rome,Italy,207,0.8,4.0,4.5,Hotel,2017,11,0
16183,Rome,Italy,80,0.5,,4.8,Guest House,2017,11,0
16185,Rome,Italy,124,0.2,,4.3,Guest House,2017,11,0
16184,Rome,Italy,124,0.2,,4.3,Guest House,2017,11,0
16186,Rome,Italy,122,0.2,,4.5,Guest House,2017,11,0
16188,Rome,Italy,146,0.3,,4.5,Guest House,2017,11,0
16191,Rome,Italy,297,0.2,,3.9,Guest House,2017,11,0
16193,Rome,Italy,114,0.3,3.0,4.4,Hotel,2017,11,0
16195,Rome,Italy,97,0.8,,4.6,Guest House,2017,11,0
16202,Rome,Italy,86,0.4,1.0,4.0,Hotel,2017,11,0
16204,Rome,Italy,706,0.6,,4.5,Guest House,2017,11,0
16205,Rome,Italy,232,0.6,4.0,4.8,Hotel,2017,11,0
16208,Rome,Italy,99,0.5,,4.3,Bed and breakfast,2017,11,0
16207,Rome,Italy,99,0.5,,4.3,Bed and breakfast,2017,11,0
16209,Rome,Italy,106,0.3,3.0,4.4,Hotel,2017,11,0
16211,Rome,Italy,103,0.3,,3.9,Guest House,2017,11,0
16214,Rome,Italy,69,0.3,,4.3,Guest House,2017,11,0
16216,Rome,Italy,100,0.2,,,Apartment,2017,11,0
16217,Rome,Italy,121,0.6,,4.0,Inn,2017,11,0
16219,Rome,Italy,73,3.3,,,Bed and breakfast,2017,11,0
16225,Rome,Italy,52,3.5,,3.5,Guest House,2017,11,0
16227,Rome,Italy,92,3.7,,,Guest House,2017,11,0
16228,Rome,Italy,134,3.4,,,Apartment,2017,11,0
16230,Rome,Italy,90,1.3,3.0,3.9,Hotel,2017,11,0
16231,Rome,Italy,61,1.4,,,Bed and breakfast,2017,11,0
16233,Rome,Italy,132,2.0,3.0,4.5,Hotel,2017,11,0
16236,Rome,Italy,62,2.0,3.0,3.5,Hotel,2017,11,0
16238,Rome,Italy,69,1.8,3.0,3.2,Hotel,2017,11,0
16237,Rome,Italy,69,1.8,3.0,3.2,Hotel,2017,11,0
16241,Rome,Italy,65,1.4,,4.5,Bed and breakfast,2017,11,0
16243,Rome,Italy,90,2.3,4.0,4.3,Hotel,2017,11,0
16242,Rome,Italy,90,2.3,4.0,4.3,Hotel,2017,11,0
16245,Rome,Italy,87,3.6,3.0,3.5,Hotel,2017,11,0
16247,Rome,Italy,64,1.9,3.0,3.2,Hotel,2017,11,0
16248,Rome,Italy,66,1.9,3.0,4.4,Hotel,2017,11,0
16251,Rome,Italy,77,1.7,4.0,4.0,Hotel,2017,11,0
16254,Rome,Italy,49,1.7,,3.9,Bed and breakfast,2017,11,0
16256,Rome,Italy,106,2.1,3.0,4.1,Hotel,2017,11,0
16259,Rome,Italy,60,1.9,,4.0,Guest House,2017,11,0
16261,Rome,Italy,78,1.8,,4.1,Bed and breakfast,2017,11,0
16263,Rome,Italy,67,2.4,,4.0,Guest House,2017,11,0
16264,Rome,Italy,78,4.7,,5.0,Bed and breakfast,2017,11,0
16267,Rome,Italy,80,3.6,4.0,3.5,Hotel,2017,11,0
16270,Rome,Italy,90,1.4,3.0,3.7,Hotel,2017,11,0
16271,Rome,Italy,59,3.1,,4.0,Guest House,2017,11,0
16276,Rome,Italy,61,3.4,,3.7,Bed and breakfast,2017,11,0
16278,Rome,Italy,92,2.3,,,Inn,2017,11,0
16280,Rome,Italy,84,2.2,,3.0,Bed and breakfast,2017,11,0
16281,Rome,Italy,124,3.7,3.0,3.4,Hotel,2017,11,0
16284,Rome,Italy,49,1.4,,4.0,Guest House,2017,11,0
16286,Rome,Italy,104,1.3,3.0,3.5,Hotel,2017,11,0
16288,Rome,Italy,104,1.8,,,Guest House,2017,11,0
16290,Rome,Italy,95,2.9,,,Apartment,2017,11,0
16292,Rome,Italy,91,2.9,,3.7,Bed and breakfast,2017,11,0
16293,Rome,Italy,56,1.8,2.0,3.2,Hotel,2017,11,0
16296,Rome,Italy,95,4.6,,4.8,Guest House,2017,11,0
16298,Rome,Italy,91,3.2,,,Guest House,2017,11,0
16301,Rome,Italy,111,3.9,,,Hostel,2017,11,0
16303,Rome,Italy,59,1.4,,,Guest House,2017,11,0
16304,Rome,Italy,88,5.4,3.0,4.3,Hotel,2017,11,0
16306,Rome,Italy,99,3.4,,,Apartment,2017,11,0
16309,Rome,Italy,85,1.5,4.0,3.5,Hotel,2017,11,0
16310,Rome,Italy,89,2.3,,4.0,Bed and breakfast,2017,11,0
16313,Rome,Italy,78,2.3,4.0,3.9,Hotel,2017,11,0
16315,Rome,Italy,100,2.1,4.0,4.0,Hotel,2017,11,0
16319,Rome,Italy,70,2.6,,,Bed and breakfast,2017,11,0
16320,Rome,Italy,56,1.5,,3.5,Bed and breakfast,2017,11,0
16321,Rome,Italy,56,1.5,,3.5,Bed and breakfast,2017,11,0
16322,Rome,Italy,66,3.6,3.5,3.9,Hotel,2017,11,0
16325,Rome,Italy,225,1.4,,,Apartment,2017,11,0
16327,Rome,Italy,70,3.1,,4.0,Bed and breakfast,2017,11,0
16335,Rome,Italy,85,3.3,,,Bed and breakfast,2017,11,0
16334,Rome,Italy,85,3.3,,,Bed and breakfast,2017,11,0
16337,Rome,Italy,272,2.0,5.0,4.5,Hotel,2017,11,0
16336,Rome,Italy,272,2.0,5.0,4.5,Hotel,2017,11,0
16339,Rome,Italy,82,2.5,,4.5,Bed and breakfast,2017,11,0
16342,Rome,Italy,225,3.8,,,Bed and breakfast,2017,11,0
16344,Rome,Italy,44,3.0,3.0,,Hotel,2017,11,0
16345,Rome,Italy,90,3.4,,4.5,Bed and breakfast,2017,11,0
16347,Rome,Italy,82,2.5,4.0,4.0,Vacation home Condo,2017,11,0
16349,Rome,Italy,70,3.1,4.0,3.5,Hotel,2017,11,0
16351,Rome,Italy,74,3.4,4.0,3.7,Hotel,2017,11,0
16354,Rome,Italy,58,2.8,4.0,3.5,Hotel,2017,11,0
16357,Rome,Italy,88,2.9,,4.0,Bed and breakfast,2017,11,0
16359,Rome,Italy,101,2.6,,5.0,Bed and breakfast,2017,11,0
16360,Rome,Italy,127,3.1,4.0,4.1,Hotel,2017,11,0
16362,Rome,Italy,69,3.2,3.0,3.5,Hotel,2017,11,0
16365,Rome,Italy,135,2.7,,4.3,Bed and breakfast,2017,11,0
16364,Rome,Italy,135,2.7,,4.3,Bed and breakfast,2017,11,0
16367,Rome,Italy,150,3.2,3.0,2.5,Hotel,2017,11,0
16370,Rome,Italy,49,3.2,4.0,3.7,Hotel,2017,11,0
16372,Rome,Italy,73,3.7,,4.4,Apartment,2017,11,0
16376,Rome,Italy,65,3.5,,4.4,Guest House,2017,11,0
16378,Rome,Italy,60,2.7,4.0,3.7,Hotel,2017,11,0
16380,Rome,Italy,130,12.0,,,Guest House,2017,11,0
16383,Rome,Italy,67,16.0,4.0,3.9,Hotel,2017,11,0
16384,Rome,Italy,38,16.0,2.0,4.0,Hotel,2017,11,0
16386,Rome,Italy,43,16.0,3.0,3.9,Hotel,2017,11,0
16387,Rome,Italy,43,16.0,3.0,3.2,Hotel,2017,11,0
16388,Rome,Italy,37,16.0,3.0,3.5,Hotel,2017,11,0
16391,Rome,Italy,117,16.0,,4.0,Bed and breakfast,2017,11,0
16394,Rome,Italy,50,11.0,4.0,3.5,Hotel,2017,11,0
16395,Rome,Italy,67,16.0,,4.0,Bed and breakfast,2017,11,0
16397,Rome,Italy,49,13.0,3.0,3.4,Hotel,2017,11,0
16399,Rome,Italy,65,14.0,,4.3,Bed and breakfast,2017,11,0
16401,Rome,Italy,69,16.0,,5.0,Guest House,2017,11,0
16404,Rome,Italy,72,12.0,4.0,3.9,Hotel,2017,11,0
16406,Rome,Italy,54,13.0,,,Apartment,2017,11,0
16408,Rome,Italy,60,13.0,3.0,3.7,Hotel,2017,11,0
16410,Rome,Italy,60,12.0,,4.0,Apartment,2017,11,0
16411,Rome,Italy,56,13.0,,,Apartment,2017,11,0
16412,Rome,Italy,77,1.5,3.0,4.0,Hotel,2017,11,0
16415,Rome,Italy,109,1.4,4.0,3.7,Hotel,2017,11,0
16419,Rome,Italy,140,1.5,,,Bed and breakfast,2017,11,0
16424,Rome,Italy,105,1.3,4.0,4.0,Hotel,2017,11,0
16426,Rome,Italy,92,1.9,4.0,4.5,Hotel,2017,11,0
16428,Rome,Italy,81,1.6,,4.1,Guest House,2017,11,0
16429,Rome,Italy,115,1.4,4.0,4.1,Hotel,2017,11,0
16431,Rome,Italy,100,1.5,4.0,4.0,Hotel,2017,11,0
16432,Rome,Italy,104,1.6,,4.8,Guest House,2017,11,0
16434,Rome,Italy,78,1.5,4.0,4.0,Hotel,2017,11,0
16436,Rome,Italy,69,1.7,3.0,4.0,Hotel,2017,11,0
16438,Rome,Italy,205,1.1,5.0,4.5,Hotel,2017,11,0
16439,Rome,Italy,167,0.8,,,Apartment,2017,11,0
16440,Rome,Italy,248,1.6,5.0,3.9,Hotel,2017,11,0
16444,Rome,Italy,61,0.8,,,Guest House,2017,11,0
16446,Rome,Italy,142,1.5,4.0,3.5,Hotel,2017,11,0
16450,Rome,Italy,77,1.6,,4.3,Guest House,2017,11,0
16454,Rome,Italy,55,0.7,,4.0,Guest House,2017,11,0
16456,Rome,Italy,79,2.2,,4.4,Bed and breakfast,2017,11,0
16460,Rome,Italy,241,1.1,5.0,4.3,Hotel,2017,11,0
16461,Rome,Italy,563,0.7,,4.8,Guest House,2017,11,0
16465,Rome,Italy,210,0.8,5.0,4.6,Hotel,2017,11,0
16468,Rome,Italy,84,1.3,,,Guest House,2017,11,0
16470,Rome,Italy,64,1.3,,4.0,Guest House,2017,11,0
16473,Rome,Italy,68,1.7,4.0,4.0,Hotel,2017,11,0
16477,Rome,Italy,67,1.9,4.0,3.9,Hotel,2017,11,0
16478,Rome,Italy,91,1.3,,,Bed and breakfast,2017,11,0
16480,Rome,Italy,73,2.0,3.0,4.0,Hotel,2017,11,0
16482,Rome,Italy,83,1.3,4.0,4.0,Hotel,2017,11,0
16485,Rome,Italy,127,1.0,4.0,4.4,Apart-hotel,2017,11,0
16486,Rome,Italy,226,1.1,5.0,4.6,Hotel,2017,11,0
16487,Rome,Italy,120,1.5,4.0,4.0,Hotel,2017,11,0
16490,Rome,Italy,129,1.6,,5.0,Guest House,2017,11,0
16491,Rome,Italy,85,1.9,,4.0,Bed and breakfast,2017,11,0
16496,Rome,Italy,52,0.8,,3.4,Bed and breakfast,2017,11,0
16498,Rome,Italy,383,0.9,5.0,4.5,Hotel,2017,11,0
16500,Rome,Italy,94,0.8,3.0,4.5,Hotel,2017,11,0
16503,Rome,Italy,74,0.8,3.0,4.0,Hotel,2017,11,0
16504,Rome,Italy,206,0.8,,,Apartment,2017,11,0
16518,Rome,Italy,55,0.9,2.0,4.0,Hotel,2017,11,0
16520,Rome,Italy,74,0.9,4.0,3.5,Hotel,2017,11,0
16522,Rome,Italy,73,0.9,,3.9,Guest House,2017,11,0
16523,Rome,Italy,104,0.7,3.0,4.0,Hotel,2017,11,0
16525,Rome,Italy,67,0.6,1.0,3.9,Hotel,2017,11,0
16528,Rome,Italy,130,0.8,3.0,3.7,Hotel,2017,11,0
16530,Rome,Italy,61,0.8,3.0,3.7,Hotel,2017,11,0
16531,Rome,Italy,80,0.7,2.0,4.0,Hotel,2017,11,0
16534,Rome,Italy,101,0.7,,3.7,Guest House,2017,11,0
16533,Rome,Italy,101,0.7,,3.7,Guest House,2017,11,0
16535,Rome,Italy,50,0.7,2.0,3.4,Hotel,2017,11,0
16537,Rome,Italy,59,0.7,,3.5,Guest House,2017,11,0
16540,Rome,Italy,59,0.7,2.0,3.5,Hotel,2017,11,0
16539,Rome,Italy,59,0.7,2.0,3.5,Hotel,2017,11,0
16542,Rome,Italy,68,0.8,3.0,2.9,Hotel,2017,11,0
16544,Rome,Italy,63,0.7,2.0,4.3,Hotel,2017,11,0
16546,Rome,Italy,115,0.8,4.0,4.6,Hotel,2017,11,0
16548,Rome,Italy,96,0.7,,4.3,Guest House,2017,11,0
16550,Rome,Italy,143,0.7,4.0,4.5,Hotel,2017,11,0
16552,Rome,Italy,106,0.7,,4.8,Guest House,2017,11,0
16554,Rome,Italy,75,0.7,,4.4,Guest House,2017,11,0
16559,Rome,Italy,73,0.8,,4.0,Guest House,2017,11,0
16560,Rome,Italy,128,0.8,,4.5,Guest House,2017,11,0
16562,Rome,Italy,77,0.8,,4.5,Guest House,2017,11,0
16566,Rome,Italy,69,0.9,3.0,3.2,Hotel,2017,11,0
16568,Rome,Italy,152,0.8,4.0,4.5,Hotel,2017,11,0
16571,Rome,Italy,185,0.8,5.0,3.5,Hotel,2017,11,0
16573,Rome,Italy,203,0.8,,3.7,Guest House,2017,11,0
16575,Rome,Italy,95,0.6,,4.0,Guest House,2017,11,0
16577,Rome,Italy,111,0.8,3.0,4.4,Hotel,2017,11,0
16578,Rome,Italy,66,0.8,3.0,3.9,Hotel,2017,11,0
16579,Rome,Italy,66,0.8,3.0,3.9,Hotel,2017,11,0
16580,Rome,Italy,86,0.8,,4.3,Bed and breakfast,2017,11,0
16582,Rome,Italy,201,0.8,4.0,4.8,Hotel,2017,11,0
16585,Rome,Italy,80,0.7,,3.5,Guest House,2017,11,0
16586,Rome,Italy,75,0.8,3.0,4.0,Hotel,2017,11,0
16588,Rome,Italy,64,0.7,,4.0,Guest House,2017,11,0
16591,Rome,Italy,58,0.8,,3.5,Guest House,2017,11,0
16594,Rome,Italy,354,0.8,,3.5,Guest House,2017,11,0
16595,Rome,Italy,96,0.8,3.0,,Hotel,2017,11,0
16597,Rome,Italy,52,0.8,,3.0,Guest House,2017,11,0
16599,Rome,Italy,94,0.8,,4.5,Guest House,2017,11,0
16601,Rome,Italy,580,0.8,2.0,3.9,Hotel,2017,11,0
16603,Rome,Italy,63,0.8,,3.2,Guest House,2017,11,0
16606,Rome,Italy,71,0.8,3.0,3.4,Hotel,2017,11,0
16607,Rome,Italy,59,0.8,3.0,2.5,Hotel,2017,11,0
16610,Rome,Italy,94,0.7,1.0,3.4,Hotel,2017,11,0
16612,Rome,Italy,85,0.7,4.0,3.7,Hotel,2017,11,0
16614,Rome,Italy,60,0.6,3.0,3.5,Hotel,2017,11,0
16617,Rome,Italy,93,0.7,,4.5,Bed and breakfast,2017,11,0
16618,Rome,Italy,107,0.7,2.0,4.0,Hotel,2017,11,0
16621,Rome,Italy,117,0.7,3.0,4.0,Hotel,2017,11,0
16623,Rome,Italy,66,0.7,3.0,3.5,Hotel,2017,11,0
16625,Rome,Italy,137,0.7,3.0,3.5,Hotel,2017,11,0
16627,Rome,Italy,141,0.8,4.0,4.0,Hotel,2017,11,0
16629,Rome,Italy,206,0.7,4.0,4.6,Hotel,2017,11,0
16631,Rome,Italy,59,0.8,3.0,3.5,Hotel,2017,11,0
16632,Rome,Italy,123,0.7,3.0,3.9,Hotel,2017,11,0
16633,Rome,Italy,104,0.8,3.0,4.3,Hotel,2017,11,0
16636,Rome,Italy,202,0.7,4.0,4.3,Hotel,2017,11,0
16638,Rome,Italy,67,0.7,3.0,3.9,Hotel,2017,11,0
16640,Rome,Italy,128,0.8,,4.5,Guest House,2017,11,0
16642,Rome,Italy,61,0.8,3.0,3.7,Hotel,2017,11,0
16645,Rome,Italy,176,0.7,4.0,4.5,Hotel,2017,11,0
16646,Rome,Italy,75,0.8,2.0,3.9,Hotel,2017,11,0
16648,Rome,Italy,56,0.8,,4.0,Guest House,2017,11,0
16650,Rome,Italy,195,0.7,,4.9,Bed and breakfast,2017,11,0
16652,Rome,Italy,69,0.7,,3.7,Guest House,2017,11,0
16654,Rome,Italy,71,0.7,,4.4,Guest House,2017,11,0
16656,Rome,Italy,139,0.8,1.0,4.5,Hotel,2017,11,0
16658,Rome,Italy,111,0.8,3.0,3.4,Hotel,2017,11,0
16662,Rome,Italy,76,0.8,3.0,3.5,Hotel,2017,11,0
16663,Rome,Italy,147,0.8,,4.5,Bed and breakfast,2017,11,0
16665,Rome,Italy,111,0.8,,4.5,Bed and breakfast,2017,11,0
16667,Rome,Italy,92,0.8,2.0,3.5,Hotel,2017,11,0
16669,Rome,Italy,62,0.8,1.0,3.5,Hotel,2017,11,0
16671,Rome,Italy,106,0.8,,5.0,Bed and breakfast,2017,11,0
16673,Rome,Italy,70,0.8,2.0,4.0,Hotel,2017,11,0
16676,Rome,Italy,1145,0.8,5.0,4.5,Hotel,2017,11,0
16679,Rome,Italy,137,0.8,4.0,4.1,Hotel,2017,11,0
16681,Rome,Italy,92,0.8,,4.4,Guest House,2017,11,0
16680,Rome,Italy,92,0.8,,4.4,Guest House,2017,11,0
16683,Rome,Italy,70,0.7,,4.0,Guest House,2017,11,0
16686,Rome,Italy,441,0.9,,4.1,Guest House,2017,11,0
16688,Rome,Italy,90,0.9,,4.5,Bed and breakfast,2017,11,0
16690,Rome,Italy,85,0.9,4.0,4.0,Hotel,2017,11,0
16692,Rome,Italy,66,0.9,3.0,3.9,Hotel,2017,11,0
16695,Rome,Italy,123,0.9,3.0,4.0,Hotel,2017,11,0
16697,Rome,Italy,87,0.9,,3.5,Bed and breakfast,2017,11,0
16700,Rome,Italy,104,0.6,,4.5,Guest House,2017,11,0
16702,Rome,Italy,102,0.6,,4.5,Guest House,2017,11,0
16701,Rome,Italy,102,0.6,,4.5,Guest House,2017,11,0
16703,Rome,Italy,88,0.7,4.0,3.7,Hotel,2017,11,0
16706,Rome,Italy,76,0.7,3.0,3.7,Hotel,2017,11,0
16707,Rome,Italy,54,0.8,,3.2,Guest House,2017,11,0
16710,Rome,Italy,129,0.7,,4.8,Guest House,2017,11,0
16712,Rome,Italy,48,0.8,1.0,3.7,Hotel,2017,11,0
16714,Rome,Italy,121,0.8,,4.5,Guest House,2017,11,0
16716,Rome,Italy,86,0.7,2.0,4.5,Hotel,2017,11,0
16718,Rome,Italy,118,1.0,,,Apartment,2017,11,0
16720,Rome,Italy,61,1.6,,,Bed and breakfast,2017,11,0
16722,Rome,Italy,97,1.1,,4.1,Guest House,2017,11,0
16723,Rome,Italy,48,1.1,1.0,3.7,Hotel,2017,11,0
16725,Rome,Italy,592,1.1,,3.9,Guest House,2017,11,0
16728,Rome,Italy,157,1.0,4.0,4.1,Hotel,2017,11,0
16731,Rome,Italy,76,6.2,3.0,3.7,Hotel,2017,11,0
16734,Rome,Italy,87,4.2,,,Bed and breakfast,2017,11,0
16736,Rome,Italy,87,1.0,,3.2,Apartment,2017,11,0
16739,Rome,Italy,67,7.0,,4.5,Bed and breakfast,2017,11,0
16742,Rome,Italy,67,6.6,,2.0,Guest House,2017,11,0
16743,Rome,Italy,81,7.2,4.0,3.7,Hotel,2017,11,0
16746,Rome,Italy,72,8.7,,,Apartment,2017,11,0
16749,Rome,Italy,52,0.8,2.0,3.4,Hotel,2017,11,0
16750,Rome,Italy,68,0.8,,4.0,Bed and breakfast,2017,11,0
16752,Rome,Italy,61,1.1,,4.3,Guest House,2017,11,0
16755,Rome,Italy,59,1.0,,4.3,Bed and breakfast,2017,11,0
16759,Rome,Italy,49,1.7,2.0,3.7,Hotel,2017,11,0
16761,Rome,Italy,42,1.7,1.0,3.0,Hotel,2017,11,0
16762,Rome,Italy,103,0.9,,4.5,Guest House,2017,11,0
16764,Rome,Italy,130,1.2,4.0,4.1,Hotel,2017,11,0
16765,Rome,Italy,112,9.2,,2.2,Guest House,2017,11,0
16767,Rome,Italy,63,8.3,3.0,3.2,Hotel,2017,11,0
16770,Rome,Italy,61,1.0,,2.7,Guest House,2017,11,0
16771,Rome,Italy,48,1.0,,4.4,Bed and breakfast,2017,11,0
16773,Rome,Italy,50,1.0,,3.2,Guest House,2017,11,0
16777,Rome,Italy,92,1.0,1.0,3.2,Hotel,2017,11,0
16778,Rome,Italy,85,1.0,,4.6,Guest House,2017,11,0
16781,Rome,Italy,101,5.1,,5.0,Apartment,2017,11,0
16782,Rome,Italy,92,5.5,,4.0,,2017,11,0
16784,Rome,Italy,46,5.5,2.0,3.0,Hotel,2017,11,0
16786,Rome,Italy,58,1.6,,4.1,Guest House,2017,11,0
16788,Rome,Italy,56,1.6,,3.0,Guest House,2017,11,0
16787,Rome,Italy,56,1.6,,3.0,Guest House,2017,11,0
16789,Rome,Italy,48,1.6,,3.9,Bed and breakfast,2017,11,0
16790,Rome,Italy,52,1.6,,4.0,Guest House,2017,11,0
16794,Rome,Italy,43,5.9,3.0,2.7,Hotel,2017,11,0
16796,Rome,Italy,111,1.0,4.0,4.4,Hotel,2017,11,0
16799,Rome,Italy,78,0.9,4.0,4.1,Hotel,2017,11,0
16801,Rome,Italy,56,0.9,3.0,3.4,Hotel,2017,11,0
16803,Rome,Italy,50,1.0,,2.7,Guest House,2017,11,0
16804,Rome,Italy,60,1.0,2.0,3.0,Hotel,2017,11,0
16808,Rome,Italy,74,1.0,3.0,3.9,Hotel,2017,11,0
16813,Rome,Italy,66,3.8,,4.0,Guest House,2017,11,0
16814,Rome,Italy,192,0.7,,4.5,Guest House,2017,11,0
16819,Rome,Italy,59,1.8,,1.0,Guest House,2017,11,0
16821,Rome,Italy,52,1.7,2.0,3.5,Hotel,2017,11,0
16823,Rome,Italy,67,1.3,,3.7,Guest House,2017,11,0
16826,Rome,Italy,69,1.3,3.0,3.5,Hotel,2017,11,0
16827,Rome,Italy,81,1.3,,2.5,Bed and breakfast,2017,11,0
16829,Rome,Italy,110,7.2,4.0,3.9,Hotel,2017,11,0
16833,Rome,Italy,44,1.3,,3.0,Guest House,2017,11,0
16836,Rome,Italy,58,1.3,,4.0,Bed and breakfast,2017,11,0
16838,Rome,Italy,72,1.3,4.0,3.9,Hotel,2017,11,0
16837,Rome,Italy,72,1.3,4.0,3.9,Hotel,2017,11,0
16840,Rome,Italy,52,1.0,2.0,4.1,Hotel,2017,11,0
16842,Rome,Italy,86,1.1,4.0,3.9,Hotel,2017,11,0
16843,Rome,Italy,97,1.1,,4.6,Guest House,2017,11,0
16845,Rome,Italy,56,1.1,,3.5,Guest House,2017,11,0
16848,Rome,Italy,60,1.1,,3.7,Guest House,2017,11,0
16849,Rome,Italy,61,0.8,,4.1,Guest House,2017,11,0
16852,Rome,Italy,81,8.3,3.0,3.9,Hotel,2017,11,0
16854,Rome,Italy,101,0.9,,4.3,Apartment,2017,11,0
16855,Rome,Italy,101,0.9,,4.3,Apartment,2017,11,0
16857,Rome,Italy,62,0.9,3.0,3.2,Hotel,2017,11,0
16859,Rome,Italy,62,0.9,,3.4,Guest House,2017,11,0
16863,Rome,Italy,60,5.0,3.0,3.0,Hotel,2017,11,0
16864,Rome,Italy,150,6.0,4.0,3.9,Hotel,2017,11,0
16866,Rome,Italy,76,6.3,3.0,3.2,Hotel,2017,11,0
16868,Rome,Italy,80,0.9,,4.3,Guest House,2017,11,0
16870,Rome,Italy,82,7.8,3.0,3.7,Hotel,2017,11,0
16875,Rome,Italy,36,0.9,,3.2,Bed and breakfast,2017,11,0
16877,Rome,Italy,70,1.1,,4.3,Guest House,2017,11,0
16879,Rome,Italy,66,1.1,,3.4,Guest House,2017,11,0
16882,Rome,Italy,74,7.5,4.0,3.4,Hotel,2017,11,0
16885,Rome,Italy,55,0.7,,4.0,Guest House,2017,11,0
16887,Rome,Italy,68,1.2,,4.3,Guest House,2017,11,0
16889,Rome,Italy,55,1.0,3.0,4.0,Hotel,2017,11,0
16890,Rome,Italy,63,1.0,,4.0,Guest House,2017,11,0
16891,Rome,Italy,73,8.2,4.0,3.5,Hotel,2017,11,0
16894,Rome,Italy,73,1.0,,4.0,Guest House,2017,11,0
16896,Rome,Italy,58,1.0,3.0,4.1,Hotel,2017,11,0
16898,Rome,Italy,45,1.1,2.0,3.2,Hotel,2017,11,0
16899,Rome,Italy,143,1.1,4.0,4.5,Hotel,2017,11,0
16901,Rome,Italy,77,1.1,,2.9,Guest House,2017,11,0
16903,Rome,Italy,99,1.0,,4.1,Bed and breakfast,2017,11,0
16904,Rome,Italy,99,1.0,,4.1,Bed and breakfast,2017,11,0
16906,Rome,Italy,90,4.8,2.0,3.7,Hotel,2017,11,0
16908,Rome,Italy,90,7.0,,3.2,Caravan Park,2017,11,0
16910,Rome,Italy,62,4.0,,3.7,Bed and breakfast,2017,11,0
16912,Rome,Italy,50,4.2,4.0,4.0,Hotel,2017,11,0
16914,Rome,Italy,68,7.6,3.0,3.5,Hotel,2017,11,0
16917,Rome,Italy,32,5.8,1.0,2.7,Hotel,2017,11,0
16920,Rome,Italy,50,9.0,,3.0,Guest House,2017,11,0
16921,Rome,Italy,101,8.7,3.0,4.1,Hotel,2017,11,0
16923,Rome,Italy,60,3.6,,,Bed and breakfast,2017,11,0
16924,Rome,Italy,60,3.6,,,Bed and breakfast,2017,11,0
16926,Rome,Italy,47,6.2,3.0,4.0,Hotel,2017,11,0
16930,Rome,Italy,103,0.8,,3.5,Guest House,2017,11,0
16931,Rome,Italy,55,5.4,3.0,4.1,Hotel,2017,11,0
16933,Rome,Italy,67,1.1,,4.3,Bed and breakfast,2017,11,0
16936,Rome,Italy,56,0.9,,4.3,Bed and breakfast,2017,11,0
16938,Rome,Italy,70,0.4,,5.0,Guest House,2017,11,0
16942,Rome,Italy,137,0.4,,4.1,Guest House,2017,11,0
16944,Rome,Italy,62,0.7,,4.3,Guest House,2017,11,0
16947,Rome,Italy,112,0.6,,3.7,Guest House,2017,11,0
16950,Rome,Italy,117,0.6,,4.4,Bed and breakfast,2017,11,0
16954,Rome,Italy,163,0.7,,4.5,Bed and breakfast,2017,11,0
16958,Rome,Italy,80,0.8,,4.4,Guest House,2017,11,0
16960,Rome,Italy,111,0.8,,4.0,Guest House,2017,11,0
16962,Rome,Italy,77,0.5,,4.3,Guest House,2017,11,0
16961,Rome,Italy,77,0.5,,4.3,Guest House,2017,11,0
16963,Rome,Italy,94,0.3,,4.9,Guest House,2017,11,0
16964,Rome,Italy,94,0.3,,4.9,Guest House,2017,11,0
16965,Rome,Italy,90,1.0,,3.7,Guest House,2017,11,0
16967,Rome,Italy,131,0.4,,4.4,Guest House,2017,11,0
16969,Rome,Italy,109,0.9,,4.0,Guest House,2017,11,0
16970,Rome,Italy,67,0.6,,3.9,Guest House,2017,11,0
16972,Rome,Italy,133,0.7,,4.6,Guest House,2017,11,0
16973,Rome,Italy,135,0.7,,,Apartment,2017,11,0
16975,Rome,Italy,121,1.0,3.0,4.6,Hotel,2017,11,0
16977,Rome,Italy,92,0.6,,4.3,Bed and breakfast,2017,11,0
16978,Rome,Italy,166,0.7,,4.8,Guest House,2017,11,0
16981,Rome,Italy,103,0.4,,3.7,Guest House,2017,11,0
16983,Rome,Italy,404,0.4,,4.8,Guest House,2017,11,0
16984,Rome,Italy,456,0.5,,4.8,Guest House,2017,11,0
16986,Rome,Italy,80,0.7,,3.2,Guest House,2017,11,0
16988,Rome,Italy,90,0.6,2.0,4.0,Hotel,2017,11,0
16991,Rome,Italy,219,0.6,4.0,4.5,Hotel,2017,11,0
16992,Rome,Italy,129,0.6,3.0,4.8,Hotel,2017,11,0
16995,Rome,Italy,121,0.5,,4.6,Apartment,2017,11,0
16996,Rome,Italy,526,0.6,,4.5,Guest House,2017,11,0
16999,Rome,Italy,151,0.4,,5.0,Guest House,2017,11,0
17002,Rome,Italy,120,0.4,,,Bed and breakfast,2017,11,0
17008,Rome,Italy,85,0.8,,4.5,Apartment,2017,11,0
17017,Rome,Italy,91,0.5,,4.0,Guest House,2017,11,0
17016,Rome,Italy,91,0.5,,4.0,Guest House,2017,11,0
17019,Rome,Italy,225,1.0,,4.4,Guest House,2017,11,0
17022,Rome,Italy,111,1.0,,4.8,Guest House,2017,11,0
17023,Rome,Italy,103,0.7,,4.6,Bed and breakfast,2017,11,0
17024,Rome,Italy,103,0.7,,4.6,Bed and breakfast,2017,11,0
17027,Rome,Italy,100,0.5,,4.3,Guest House,2017,11,0
17029,Rome,Italy,130,0.5,,3.5,Guest House,2017,11,0
17032,Rome,Italy,190,0.4,,4.6,Guest House,2017,11,0
17031,Rome,Italy,190,0.4,,4.6,Guest House,2017,11,0
17034,Rome,Italy,177,0.8,4.0,4.4,Hotel,2017,11,0
17035,Rome,Italy,114,0.7,,4.8,Guest House,2017,11,0
17039,Rome,Italy,84,0.7,,4.5,Apartment,2017,11,0
17042,Rome,Italy,91,0.6,,4.0,Guest House,2017,11,0
17046,Rome,Italy,114,0.7,,3.4,Apartment,2017,11,0
17048,Rome,Italy,126,0.5,,4.4,Apartment,2017,11,0
17050,Rome,Italy,106,1.0,,4.4,Guest House,2017,11,0
17052,Rome,Italy,86,0.6,,4.3,Guest House,2017,11,0
17054,Rome,Italy,104,0.4,,4.0,Guest House,2017,11,0
17057,Rome,Italy,123,0.7,3.0,4.8,Hotel,2017,11,0
17059,Rome,Italy,111,0.8,,4.5,Guest House,2017,11,0
17060,Rome,Italy,310,0.8,5.0,4.5,Hotel,2017,11,0
17062,Rome,Italy,140,0.4,3.0,4.0,Hotel,2017,11,0
17065,Rome,Italy,113,0.4,4.0,3.9,Hotel,2017,11,0
17066,Rome,Italy,130,0.4,3.0,4.5,Hotel,2017,11,0
17068,Rome,Italy,105,0.4,,4.0,Bed and breakfast,2017,11,0
17072,Rome,Italy,68,0.4,,4.3,Guest House,2017,11,0
17075,Rome,Italy,143,0.7,,4.9,Apartment,2017,11,0
17078,Rome,Italy,69,0.4,3.0,4.4,Guest House,2017,11,0
17080,Rome,Italy,66,0.4,,4.5,Bed and breakfast,2017,11,0
17082,Rome,Italy,70,0.4,,4.5,Guest House,2017,11,0
17085,Rome,Italy,73,0.4,,3.5,Bed and breakfast,2017,11,0
17086,Rome,Italy,183,0.4,4.0,4.5,Hotel,2017,11,0
17088,Rome,Italy,68,0.4,,4.5,Guest House,2017,11,0
17090,Rome,Italy,72,0.4,,4.1,Guest House,2017,11,0
17093,Rome,Italy,77,0.4,,5.0,Guest House,2017,11,0
17094,Rome,Italy,82,0.7,,3.7,Bed and breakfast,2017,11,0
17098,Rome,Italy,99,0.4,,4.4,Bed and breakfast,2017,11,0
17100,Rome,Italy,212,0.5,4.0,4.6,Hotel,2017,11,0
17103,Rome,Italy,99,0.5,,4.1,Guest House,2017,11,0
17106,Rome,Italy,119,0.6,,4.8,Guest House,2017,11,0
17109,Rome,Italy,484,0.8,,3.5,Guest House,2017,11,0
17110,Rome,Italy,74,0.4,,4.0,Guest House,2017,11,0
17112,Rome,Italy,76,0.7,,4.4,Guest House,2017,11,0
17114,Rome,Italy,108,0.5,3.0,4.3,Hotel,2017,11,0
17117,Rome,Italy,111,0.8,,4.8,Guest House,2017,11,0
17118,Rome,Italy,100,0.8,,4.4,Guest House,2017,11,0
17121,Rome,Italy,73,0.4,3.0,4.0,Hotel,2017,11,0
17123,Rome,Italy,94,0.4,,4.3,Guest House,2017,11,0
17124,Rome,Italy,135,0.4,,,Guest House,2017,11,0
17127,Rome,Italy,135,0.6,,4.9,Guest House,2017,11,0
17129,Rome,Italy,120,0.8,,4.5,Bed and breakfast,2017,11,0
17130,Rome,Italy,101,0.7,,5.0,Inn,2017,11,0
17131,Rome,Italy,60,0.7,,3.5,Apartment,2017,11,0
17134,Rome,Italy,59,0.4,,4.5,Guest House,2017,11,0
17136,Rome,Italy,208,0.4,,4.9,Guest House,2017,11,0
17139,Rome,Italy,111,0.7,,4.4,Guest House,2017,11,0
17138,Rome,Italy,111,0.7,,4.4,Guest House,2017,11,0
17140,Rome,Italy,90,0.6,,4.1,Apartment,2017,11,0
17142,Rome,Italy,125,0.4,,4.4,Guest House,2017,11,0
17144,Rome,Italy,51,0.7,,3.0,Guest House,2017,11,0
17145,Rome,Italy,63,0.7,,4.5,Guest House,2017,11,0
17148,Rome,Italy,147,0.6,3.0,3.7,Hotel,2017,11,0
17150,Rome,Italy,117,0.6,,4.8,Guest House,2017,11,0
17152,Rome,Italy,239,1.0,5.0,4.4,Hotel,2017,11,0
17154,Rome,Italy,112,0.8,,,Guest House,2017,11,0
17156,Rome,Italy,77,0.6,,4.3,Guest House,2017,11,0
17158,Rome,Italy,155,0.6,,4.8,Guest House,2017,11,0
17161,Rome,Italy,146,0.6,,3.7,Apartment,2017,11,0
17165,Rome,Italy,142,0.7,,4.0,Apartment,2017,11,0
17167,Rome,Italy,140,0.5,,5.0,Guest House,2017,11,0
17170,Rome,Italy,80,0.4,,4.0,Bed and breakfast,2017,11,0
17172,Rome,Italy,133,0.3,3.0,4.5,Hotel,2017,11,0
17175,Rome,Italy,132,0.4,,3.9,Guest House,2017,11,0
17177,Rome,Italy,239,0.8,4.0,,Hotel,2017,11,0
17179,Rome,Italy,88,1.0,,4.5,Apartment,2017,11,0
17182,Rome,Italy,239,0.4,,4.0,Guest House,2017,11,0
17185,Rome,Italy,163,1.1,,4.6,Apartment,2017,11,0
17184,Rome,Italy,163,1.1,,4.6,Apartment,2017,11,0
17186,Rome,Italy,100,0.5,,4.3,Guest House,2017,11,0
17188,Rome,Italy,136,0.5,,5.0,Apartment,2017,11,0
17189,Rome,Italy,136,0.5,,5.0,Apartment,2017,11,0
17191,Rome,Italy,113,0.7,,4.4,Guest House,2017,11,0
17192,Rome,Italy,168,0.6,,4.5,Apartment,2017,11,0
17193,Rome,Italy,60,0.6,,4.0,Guest House,2017,11,0
17197,Rome,Italy,107,0.2,3.0,4.1,Hotel,2017,11,0
17201,Rome,Italy,108,0.6,,4.5,Bed and breakfast,2017,11,0
17202,Rome,Italy,133,0.5,,4.5,Inn,2017,11,0
17205,Rome,Italy,105,0.5,3.0,4.1,Hotel,2017,11,0
17207,Rome,Italy,213,0.5,,4.6,Guest House,2017,11,0
17213,Rome,Italy,82,0.5,,4.5,Guest House,2017,11,0
17214,Rome,Italy,146,0.5,,,Guest House,2017,11,0
17218,Rome,Italy,77,0.9,,4.3,Hostel,2017,11,0
17221,Rome,Italy,65,0.7,,3.7,Apartment,2017,11,0
17223,Rome,Italy,116,0.6,,4.5,Guest House,2017,11,0
17225,Rome,Italy,127,0.9,4.0,4.4,Hotel,2017,11,0
17227,Rome,Italy,118,0.7,,4.8,Guest House,2017,11,0
17230,Rome,Italy,117,0.5,3.0,4.3,Hotel,2017,11,0
17231,Rome,Italy,81,1.0,,3.7,Bed and breakfast,2017,11,0
17235,Rome,Italy,133,0.6,,4.9,Guest House,2017,11,0
17236,Rome,Italy,76,0.7,,,Apartment,2017,11,0
17240,Rome,Italy,59,0.3,,3.5,Guest House,2017,11,0
17246,Rome,Italy,386,0.8,5.0,4.5,Hotel,2017,11,0
17249,Rome,Italy,69,0.4,,4.5,Guest House,2017,11,0
17250,Rome,Italy,74,0.6,,4.0,Guest House,2017,11,0
17253,Rome,Italy,85,0.5,,4.5,Guest House,2017,11,0
17254,Rome,Italy,101,1.9,,,Apartment,2017,11,0
17256,Rome,Italy,120,1.3,,3.0,Guest House,2017,11,0
17257,Rome,Italy,68,1.1,3.0,3.9,Hotel,2017,11,0
17260,Rome,Italy,118,1.2,4.0,4.3,Hotel,2017,11,0
17262,Rome,Italy,91,1.2,,,Guest House,2017,11,0
17264,Rome,Italy,29,1.6,,2.7,Guest House,2017,11,0
17265,Rome,Italy,122,1.2,,3.5,Guest House,2017,11,0
17267,Rome,Italy,231,1.2,,3.2,Bed and breakfast,2017,11,0
17268,Rome,Italy,117,1.8,3.0,4.0,Hotel,2017,11,0
17270,Rome,Italy,60,1.3,,,Guest House,2017,11,0
17273,Rome,Italy,219,1.1,5.0,4.5,Hotel,2017,11,0
17274,Rome,Italy,126,1.2,4.0,4.3,Hotel,2017,11,0
17277,Rome,Italy,82,1.3,3.0,3.9,Hotel,2017,11,0
17278,Rome,Italy,675,1.3,,3.7,Guest House,2017,11,0
17281,Rome,Italy,45,1.3,2.0,3.0,Hotel,2017,11,0
17282,Rome,Italy,72,2.0,4.0,3.5,Hotel,2017,11,0
17284,Rome,Italy,50,1.1,,3.5,Guest House,2017,11,0
17285,Rome,Italy,61,1.1,,3.5,Guest House,2017,11,0
17290,Rome,Italy,103,1.4,4.0,4.4,Hotel,2017,11,0
17292,Rome,Italy,62,1.4,,2.9,Guest House,2017,11,0
17293,Rome,Italy,47,1.3,,3.7,Guest House,2017,11,0
17296,Rome,Italy,81,1.4,,4.4,Guest House,2017,11,0
17297,Rome,Italy,100,1.3,,3.9,Guest House,2017,11,0
17299,Rome,Italy,68,1.5,,3.7,Guest House,2017,11,0
17301,Rome,Italy,41,1.5,,2.5,Guest House,2017,11,0
17304,Rome,Italy,47,1.5,,3.4,Guest House,2017,11,0
17306,Rome,Italy,45,1.5,,2.7,Guest House,2017,11,0
17308,Rome,Italy,56,1.5,,4.0,Guest House,2017,11,0
17310,Rome,Italy,63,0.9,,4.3,Bed and breakfast,2017,11,0
17311,Rome,Italy,60,0.9,,3.5,Guest House,2017,11,0
17313,Rome,Italy,90,2.0,,4.9,Guest House,2017,11,0
17316,Rome,Italy,53,1.8,3.0,3.4,Hotel,2017,11,0
17318,Rome,Italy,45,1.1,,3.2,Bed and breakfast,2017,11,0
17320,Rome,Italy,97,1.3,,,Guest House,2017,11,0
17322,Rome,Italy,73,1.3,,1.0,Guest House,2017,11,0
17323,Rome,Italy,73,1.3,3.0,,Hotel,2017,11,0
17326,Rome,Italy,81,1.2,,2.4,Apartment,2017,11,0
17328,Rome,Italy,62,1.2,,3.9,Guest House,2017,11,0
17331,Rome,Italy,56,1.3,,1.5,Guest House,2017,11,0
17333,Rome,Italy,61,1.9,2.0,3.0,Hotel,2017,11,0
17335,Rome,Italy,47,1.9,3.0,3.2,Hotel,2017,11,0
17337,Rome,Italy,67,1.5,,,Bed and breakfast,2017,11,0
17339,Rome,Italy,67,1.4,,4.5,Guest House,2017,11,0
17341,Rome,Italy,72,1.0,,3.9,Bed and breakfast,2017,11,0
17343,Rome,Italy,39,1.7,,3.0,Guest House,2017,11,0
17344,Rome,Italy,42,1.4,,3.7,Guest House,2017,11,0
17346,Rome,Italy,42,1.4,,4.0,Guest House,2017,11,0
17348,Rome,Italy,75,1.4,,4.4,Bed and breakfast,2017,11,0
17350,Rome,Italy,61,1.4,3.0,3.5,Hotel,2017,11,0
17353,Rome,Italy,56,1.6,,1.0,Bed and breakfast,2017,11,0
17356,Rome,Italy,56,1.6,3.0,3.2,Hotel,2017,11,0
17357,Rome,Italy,337,1.6,,4.0,Bed and breakfast,2017,11,0
17359,Rome,Italy,55,1.6,3.0,3.7,Hotel,2017,11,0
17361,Rome,Italy,45,1.6,1.0,,Hotel,2017,11,0
17363,Rome,Italy,73,1.1,4.0,3.4,Hotel,2017,11,0
17365,Rome,Italy,46,1.0,2.0,3.7,Hotel,2017,11,0
17366,Rome,Italy,45,1.1,2.0,2.7,Hotel,2017,11,0
17369,Rome,Italy,50,1.1,2.0,3.5,Hotel,2017,11,0
17371,Rome,Italy,37,1.2,,2.4,Bed and breakfast,2017,11,0
17375,Rome,Italy,101,1.1,4.0,4.3,Hotel,2017,11,0
17377,Rome,Italy,67,1.2,,3.2,Guest House,2017,11,0
17378,Rome,Italy,55,1.2,,2.7,Guest House,2017,11,0
17381,Rome,Italy,62,1.2,3.0,3.5,Hotel,2017,11,0
17383,Rome,Italy,55,1.2,,3.9,Guest House,2017,11,0
17384,Rome,Italy,48,1.3,,3.5,Guest House,2017,11,0
17386,Rome,Italy,80,1.3,,3.0,Guest House,2017,11,0
17388,Rome,Italy,114,1.2,,3.5,Bed and breakfast,2017,11,0
17389,Rome,Italy,56,1.3,,2.0,Guest House,2017,11,0
17393,Rome,Italy,46,1.2,,3.5,Guest House,2017,11,0
17396,Rome,Italy,93,1.2,,5.0,Guest House,2017,11,0
17397,Rome,Italy,54,1.2,,3.5,Hostel,2017,11,0
17400,Rome,Italy,563,1.2,,3.9,Guest House,2017,11,0
17401,Rome,Italy,42,1.1,,3.7,Bed and breakfast,2017,11,0
17403,Rome,Italy,63,1.1,1.0,4.3,Hotel,2017,11,0
17406,Rome,Italy,46,1.1,1.0,3.9,Hotel,2017,11,0
17410,Rome,Italy,52,1.2,3.0,3.7,Hotel,2017,11,0
17412,Rome,Italy,94,1.1,3.0,4.0,Hotel,2017,11,0
17413,Rome,Italy,66,1.2,3.0,3.7,Hotel,2017,11,0
17414,Rome,Italy,124,1.0,4.0,4.0,Hotel,2017,11,0
17416,Rome,Italy,114,1.0,4.0,4.0,Hotel,2017,11,0
17418,Rome,Italy,112,1.0,4.0,4.0,Hotel,2017,11,0
17421,Rome,Italy,82,1.0,4.0,3.7,Hotel,2017,11,0
17420,Rome,Italy,82,1.0,4.0,3.7,Hotel,2017,11,0
17423,Rome,Italy,49,1.0,2.0,4.0,Hotel,2017,11,0
17426,Rome,Italy,58,1.0,2.0,4.0,Hotel,2017,11,0
17428,Rome,Italy,80,1.0,,,Bed and breakfast,2017,11,0
17429,Rome,Italy,92,1.0,,4.4,Guest House,2017,11,0
17432,Rome,Italy,47,1.0,1.0,4.1,Hotel,2017,11,0
17434,Rome,Italy,43,1.2,,3.4,Guest House,2017,11,0
17435,Rome,Italy,93,1.0,,4.1,Guest House,2017,11,0
17437,Rome,Italy,53,1.1,1.0,3.9,Hotel,2017,11,0
17439,Rome,Italy,169,1.1,,4.5,Guest House,2017,11,0
17441,Rome,Italy,61,1.6,,4.1,Guest House,2017,11,0
17443,Rome,Italy,56,1.0,3.0,2.9,Hotel,2017,11,0
17445,Rome,Italy,69,1.1,,3.0,Guest House,2017,11,0
17447,Rome,Italy,70,1.1,,4.4,Guest House,2017,11,0
17450,Rome,Italy,73,1.1,,3.7,Guest House,2017,11,0
17452,Rome,Italy,70,1.1,,3.7,Guest House,2017,11,0
17453,Rome,Italy,55,2.0,,3.7,Guest House,2017,11,0
17455,Rome,Italy,77,1.3,3.0,3.5,Hotel,2017,11,0
17456,Rome,Italy,67,1.2,2.0,2.9,Hotel,2017,11,0
17458,Rome,Italy,70,1.3,4.0,3.2,Hotel,2017,11,0
17460,Rome,Italy,54,1.4,,3.7,Bed and breakfast,2017,11,0
17462,Rome,Italy,46,1.1,,3.5,Guest House,2017,11,0
17465,Rome,Italy,67,1.3,1.0,3.7,Hotel,2017,11,0
17466,Rome,Italy,66,1.8,,3.9,Guest House,2017,11,0
17468,Rome,Italy,91,1.8,,4.0,Guest House,2017,11,0
17471,Rome,Italy,59,1.9,3.0,3.5,Hotel,2017,11,0
17473,Rome,Italy,57,1.2,,3.4,Guest House,2017,11,0
17475,Rome,Italy,67,1.3,,3.2,Guest House,2017,11,0
17477,Rome,Italy,78,1.3,,5.0,Guest House,2017,11,0
17479,Rome,Italy,304,1.3,,,Apartment,2017,11,0
17481,Rome,Italy,50,1.3,,3.7,Bed and breakfast,2017,11,0
17483,Rome,Italy,88,1.0,,4.6,Bed and breakfast,2017,11,0
17484,Rome,Italy,49,1.1,,3.2,Guest House,2017,11,0
17492,Rome,Italy,56,1.2,,3.2,Guest House,2017,11,0
17493,Rome,Italy,181,1.5,5.0,3.5,Hotel,2017,11,0
17496,Rome,Italy,102,1.2,4.0,4.0,Hotel,2017,11,0
17498,Rome,Italy,69,1.2,3.0,2.7,Hotel,2017,11,0
17500,Rome,Italy,142,1.4,,3.7,Apartment,2017,11,0
17502,Rome,Italy,225,1.2,,2.4,Bed and breakfast,2017,11,0
17503,Rome,Italy,59,1.3,,3.5,Bed and breakfast,2017,11,0
17504,Rome,Italy,55,2.0,,4.4,Bed and breakfast,2017,11,0
17507,Rome,Italy,74,1.1,,3.7,Guest House,2017,11,0
17509,Rome,Italy,87,1.1,2.0,3.7,Hotel,2017,11,0
17512,Rome,Italy,70,1.1,3.0,3.9,Hotel,2017,11,0
17513,Rome,Italy,198,1.1,3.0,3.2,Hotel,2017,11,0
17515,Rome,Italy,78,1.1,,4.8,Guest House,2017,11,0
17518,Rome,Italy,59,1.1,,3.7,Guest House,2017,11,0
17519,Rome,Italy,106,1.0,4.0,4.5,Hotel,2017,11,0
17522,Rome,Italy,72,1.1,,3.4,Bed and breakfast,2017,11,0
17523,Rome,Italy,45,1.0,,3.9,Bed and breakfast,2017,11,0
17526,Rome,Italy,47,1.0,3.0,2.9,Hotel,2017,11,0
17528,Rome,Italy,78,1.2,4.0,3.5,Hotel,2017,11,0
17531,Rome,Italy,128,1.2,4.0,4.5,Hotel,2017,11,0
17534,Rome,Italy,82,1.1,3.0,3.7,Hotel,2017,11,0
17535,Rome,Italy,100,1.1,4.0,3.7,Hotel,2017,11,0
17537,Rome,Italy,70,1.2,3.0,3.7,Hotel,2017,11,0
17539,Rome,Italy,52,1.1,1.0,3.4,Hotel,2017,11,0
17541,Rome,Italy,95,1.2,4.0,3.7,Hotel,2017,11,0
17543,Rome,Italy,45,1.1,,,Guest House,2017,11,0
17546,Rome,Italy,77,1.1,,3.9,Guest House,2017,11,0
17548,Rome,Italy,107,1.1,4.0,3.9,Hotel,2017,11,0
17550,Rome,Italy,63,1.1,2.0,3.2,Hotel,2017,11,0
17551,Rome,Italy,56,1.1,2.0,2.9,Hotel,2017,11,0
17556,Rome,Italy,101,1.0,3.0,4.0,Hotel,2017,11,0
17558,Rome,Italy,172,1.1,4.0,4.4,Hotel,2017,11,0
17559,Rome,Italy,88,1.6,,3.7,Guest House,2017,11,0
17561,Rome,Italy,85,1.2,,4.5,Bed and breakfast,2017,11,0
17564,Rome,Italy,58,1.4,,3.2,Bed and breakfast,2017,11,0
17567,Rome,Italy,55,1.7,,4.4,Bed and breakfast,2017,11,0
17569,Rome,Italy,54,1.9,3.0,2.7,Hotel,2017,11,0
17571,Rome,Italy,46,1.9,3.0,3.2,Hotel,2017,11,0
17572,Rome,Italy,50,1.2,,2.5,Hostel,2017,11,0
17574,Rome,Italy,61,1.7,,4.5,Bed and breakfast,2017,11,0
17578,Rome,Italy,124,1.1,,,Vacation home Condo,2017,11,0
17580,Rome,Italy,88,1.1,3.0,4.3,Hotel,2017,11,0
17582,Rome,Italy,96,1.5,,3.0,Guest House,2017,11,0
17585,Rome,Italy,39,1.2,,2.5,Guest House,2017,11,0
17588,Rome,Italy,80,1.2,3.0,3.9,Hotel,2017,11,0
17590,Rome,Italy,60,1.2,2.0,2.9,Hotel,2017,11,0
17591,Rome,Italy,47,1.2,1.0,3.0,Hotel,2017,11,0
17592,Rome,Italy,104,1.3,,,Apartment,2017,11,0
17595,Rome,Italy,83,1.3,3.0,3.0,Hotel,2017,11,0
17598,Rome,Italy,44,1.3,1.0,2.2,Hotel,2017,11,0
17601,Rome,Italy,58,1.2,2.0,2.0,Hotel,2017,11,0
17603,Rome,Italy,67,1.2,3.0,3.2,Hotel,2017,11,0
17605,Rome,Italy,40,1.2,,2.5,Guest House,2017,11,0
17607,Rome,Italy,83,1.3,4.0,3.2,Hotel,2017,11,0
17608,Rome,Italy,39,1.4,,2.9,Guest House,2017,11,0
17610,Rome,Italy,56,1.4,3.0,3.7,Hotel,2017,11,0
17611,Rome,Italy,67,1.1,,4.0,Guest House,2017,11,0
17613,Rome,Italy,43,1.2,2.0,2.5,Hotel,2017,11,0
17615,Rome,Italy,39,1.2,1.0,2.4,Hotel,2017,11,0
17617,Rome,Italy,77,1.2,3.0,3.5,Hotel,2017,11,0
17618,Rome,Italy,76,1.3,,3.4,Inn,2017,11,0
17620,Rome,Italy,77,1.3,3.0,4.3,Hotel,2017,11,0
17622,Rome,Italy,110,1.3,4.0,3.9,Hotel,2017,11,0
17624,Rome,Italy,104,1.3,4.0,4.0,Hotel,2017,11,0
17626,Rome,Italy,186,1.1,4.0,4.3,Hotel,2017,11,0
17628,Rome,Italy,68,1.2,3.0,3.4,Hotel,2017,11,0
17630,Rome,Italy,58,1.3,,3.0,Inn,2017,11,0
17631,Rome,Italy,58,1.3,1.0,2.5,Hotel,2017,11,0
17634,Rome,Italy,93,1.3,4.0,3.7,Hotel,2017,11,0
17637,Rome,Italy,50,1.3,1.0,3.4,Hotel,2017,11,0
17638,Rome,Italy,62,1.2,3.0,2.7,Hotel,2017,11,0
17641,Rome,Italy,44,1.2,2.0,2.7,Hotel,2017,11,0
17642,Rome,Italy,90,1.2,3.0,3.5,Hotel,2017,11,0
17647,Rome,Italy,113,1.2,3.0,4.3,Hotel,2017,11,0
17649,Rome,Italy,104,1.1,3.0,4.0,Hotel,2017,11,0
17651,Rome,Italy,62,1.3,,4.0,Guest House,2017,11,0
17652,Rome,Italy,59,1.8,1.0,3.5,Hotel,2017,11,0
17656,Rome,Italy,39,1.3,1.0,2.5,Hotel,2017,11,0
17658,Rome,Italy,51,1.3,,4.0,Guest House,2017,11,0
17660,Rome,Italy,52,1.3,2.0,4.0,Hotel,2017,11,0
17663,Rome,Italy,90,1.3,,3.7,Bed and breakfast,2017,11,0
17665,Rome,Italy,337,1.3,,2.5,Bed and breakfast,2017,11,0
17668,Rome,Italy,52,1.3,2.0,2.9,Hotel,2017,11,0
17670,Rome,Italy,44,1.3,2.0,2.4,Hotel,2017,11,0
17673,Rome,Italy,73,1.3,,1.0,Guest House,2017,11,0
17675,Rome,Italy,52,1.3,,2.5,Guest House,2017,11,0
17677,Rome,Italy,84,1.3,2.0,3.5,Hotel,2017,11,0
17681,Rome,Italy,42,1.3,,4.0,Guest House,2017,11,0
17683,Rome,Italy,81,1.3,,3.2,Bed and breakfast,2017,11,0
17685,Rome,Italy,311,1.3,2.0,3.2,Hotel,2017,11,0
17686,Rome,Italy,60,1.4,,4.1,Guest House,2017,11,0
17689,Rome,Italy,66,1.4,,5.0,Guest House,2017,11,0
17692,Rome,Italy,67,1.1,,4.3,Guest House,2017,11,0
17694,Rome,Italy,137,1.2,4.0,4.4,Hotel,2017,11,0
17696,Rome,Italy,45,1.1,2.0,3.2,Hotel,2017,11,0
17698,Rome,Italy,65,1.2,,3.9,Guest House,2017,11,0
17699,Rome,Italy,76,1.2,,4.0,Guest House,2017,11,0
17701,Rome,Italy,90,1.2,,,Guest House,2017,11,0
17700,Rome,Italy,90,1.2,,,Guest House,2017,11,0
17702,Rome,Italy,40,1.2,,3.7,Bed and breakfast,2017,11,0
17704,Rome,Italy,55,1.2,,4.0,Guest House,2017,11,0
17706,Rome,Italy,84,1.0,,3.7,Bed and breakfast,2017,11,0
17708,Rome,Italy,78,1.1,3.0,3.5,Hotel,2017,11,0
17710,Rome,Italy,39,1.3,1.0,1.0,Hotel,2017,11,0
17713,Rome,Italy,39,1.3,,2.5,Guest House,2017,11,0
17715,Rome,Italy,88,1.2,,3.5,Guest House,2017,11,0
17718,Rome,Italy,100,1.3,,4.4,Guest House,2017,11,0
17719,Rome,Italy,83,1.3,,4.4,Bed and breakfast,2017,11,0
17722,Rome,Italy,59,1.7,1.0,2.2,Hotel,2017,11,0
17723,Rome,Italy,107,1.2,3.0,4.5,Hotel,2017,11,0
17724,Rome,Italy,107,1.2,3.0,4.5,Hotel,2017,11,0
17725,Rome,Italy,54,1.2,2.0,2.7,Hotel,2017,11,0
17728,Rome,Italy,72,1.2,4.0,4.0,Hotel,2017,11,0
17729,Rome,Italy,75,1.1,,4.1,Guest House,2017,11,0
17733,Rome,Italy,55,1.2,,4.0,Bed and breakfast,2017,11,0
17741,Rome,Italy,61,1.3,,4.4,Guest House,2017,11,0
17743,Rome,Italy,45,1.3,2.0,3.9,Hotel,2017,11,0
17746,Rome,Italy,45,1.4,,3.5,Guest House,2017,11,0
17748,Rome,Italy,42,1.4,,1.8,Bed and breakfast,2017,11,0
17749,Rome,Italy,60,1.4,1.0,2.2,Hotel,2017,11,0
17752,Rome,Italy,69,1.4,3.0,3.4,Hotel,2017,11,0
17756,Rome,Italy,66,1.4,3.0,2.7,Hotel,2017,11,0
17758,Rome,Italy,50,1.4,3.0,2.5,Hotel,2017,11,0
17759,Rome,Italy,45,1.4,,3.2,Guest House,2017,11,0
17760,Rome,Italy,45,1.4,,3.2,Guest House,2017,11,0
17762,Rome,Italy,45,1.4,3.0,3.2,Hotel,2017,11,0
17761,Rome,Italy,45,1.4,3.0,3.2,Hotel,2017,11,0
17764,Rome,Italy,60,1.2,,4.1,Apartment,2017,11,0
17765,Rome,Italy,70,1.3,,4.0,Hostel,2017,11,0
17768,Rome,Italy,131,1.3,,1.0,Inn,2017,11,0
17769,Rome,Italy,95,1.4,3.0,3.2,Hotel,2017,11,0
17772,Rome,Italy,59,1.2,3.0,3.0,Hotel,2017,11,0
17774,Rome,Italy,39,1.3,,3.5,Bed and breakfast,2017,11,0
17775,Rome,Italy,63,1.5,,4.0,Hostel,2017,11,0
17777,Rome,Italy,139,0.9,4.0,4.3,Hotel,2017,11,0
17779,Rome,Italy,75,1.1,3.0,3.9,Hotel,2017,11,0
17781,Rome,Italy,111,1.0,4.0,3.9,Hotel,2017,11,0
17784,Rome,Italy,134,1.0,4.0,4.0,Hotel,2017,11,0
17785,Rome,Italy,57,1.1,3.0,3.4,Hotel,2017,11,0
17788,Rome,Italy,46,1.1,2.0,2.9,Hotel,2017,11,0
17790,Rome,Italy,82,1.1,3.0,3.7,Hotel,2017,11,0
17792,Rome,Italy,54,1.1,2.0,3.7,Hotel,2017,11,0
17793,Rome,Italy,39,1.1,2.0,3.0,Hotel,2017,11,0
17794,Rome,Italy,63,1.1,1.0,2.9,Hotel,2017,11,0
17796,Rome,Italy,62,1.1,2.0,4.0,Hotel,2017,11,0
17797,Rome,Italy,63,1.1,2.0,3.9,Hotel,2017,11,0
17800,Rome,Italy,48,1.2,2.0,3.7,Hotel,2017,11,0
17801,Rome,Italy,99,1.2,2.0,3.0,Hotel,2017,11,0
17806,Rome,Italy,64,1.2,3.0,3.5,Hotel,2017,11,0
17810,Rome,Italy,63,1.2,2.0,3.5,Hotel,2017,11,0
17812,Rome,Italy,60,1.2,,3.7,Guest House,2017,11,0
17811,Rome,Italy,60,1.2,,3.7,Guest House,2017,11,0
17813,Rome,Italy,125,1.2,,3.2,Guest House,2017,11,0
17815,Rome,Italy,64,1.2,,2.7,Inn,2017,11,0
17818,Rome,Italy,55,1.2,,4.0,Guest House,2017,11,0
17824,Rome,Italy,57,1.2,3.0,3.7,Hotel,2017,11,0
17826,Rome,Italy,70,1.0,2.0,3.0,Hotel,2017,11,0
17828,Rome,Italy,63,1.0,2.0,2.7,Hotel,2017,11,0
17832,Rome,Italy,46,1.2,,3.5,Guest House,2017,11,0
17834,Rome,Italy,54,1.0,3.0,3.2,Hotel,2017,11,0
17836,Rome,Italy,55,1.6,,3.2,Guest House,2017,11,0
17838,Rome,Italy,77,1.1,2.0,4.0,Hotel,2017,11,0
17839,Rome,Italy,45,1.1,2.0,2.5,Hotel,2017,11,0
17842,Rome,Italy,55,1.2,2.0,3.2,Hotel,2017,11,0
17843,Rome,Italy,72,1.0,4.0,3.2,Hotel,2017,11,0
17848,Rome,Italy,84,1.2,3.0,3.5,Hotel,2017,11,0
17850,Rome,Italy,50,1.6,,3.5,Bed and breakfast,2017,11,0
17852,Rome,Italy,33,1.6,,2.7,Bed and breakfast,2017,11,0
17854,Rome,Italy,56,1.6,2.0,3.7,Hotel,2017,11,0
17855,Rome,Italy,61,1.6,2.0,4.0,Hotel,2017,11,0
17858,Rome,Italy,65,1.7,3.0,4.1,Hotel,2017,11,0
17860,Rome,Italy,55,1.7,,3.7,Bed and breakfast,2017,11,0
17863,Rome,Italy,112,1.3,,3.4,Guest House,2017,11,0
17864,Rome,Italy,55,1.3,,4.5,Bed and breakfast,2017,11,0
17865,Rome,Italy,58,1.3,,3.9,Guest House,2017,11,0
17866,Rome,Italy,123,1.3,,3.2,Bed and breakfast,2017,11,0
17869,Rome,Italy,57,1.5,,,Bed and breakfast,2017,11,0
17871,Rome,Italy,68,1.3,,,Guest House,2017,11,0
17873,Rome,Italy,56,1.3,3.0,3.7,Hotel,2017,11,0
17874,Rome,Italy,30,1.1,,3.0,Guest House,2017,11,0
17876,Rome,Italy,56,1.1,,3.4,Guest House,2017,11,0
17877,Rome,Italy,45,1.8,,3.4,Guest House,2017,11,0
17878,Rome,Italy,78,1.7,,4.0,Guest House,2017,11,0
17880,Rome,Italy,115,0.9,4.0,3.7,Hotel,2017,11,0
17884,Rome,Italy,104,1.2,4.0,3.9,Hotel,2017,11,0
17886,Rome,Italy,72,1.3,4.0,3.0,Hotel,2017,11,0
17888,Rome,Italy,106,1.4,,4.0,Guest House,2017,11,0
17890,Rome,Italy,69,1.3,,3.0,Guest House,2017,11,0
17892,Rome,Italy,40,1.3,,3.5,Bed and breakfast,2017,11,0
17891,Rome,Italy,40,1.3,,3.5,Bed and breakfast,2017,11,0
17896,Rome,Italy,48,1.4,,,Guest House,2017,11,0
17898,Rome,Italy,40,1.2,,2.5,Inn,2017,11,0
17899,Rome,Italy,57,1.2,,3.7,Bed and breakfast,2017,11,0
17902,Rome,Italy,72,1.2,3.0,3.7,Hotel,2017,11,0
17903,Rome,Italy,60,1.3,,3.5,Hostel,2017,11,0
17905,Rome,Italy,102,1.4,3.0,4.5,Hotel,2017,11,0
17907,Rome,Italy,60,1.2,,3.0,Guest House,2017,11,0
17908,Rome,Italy,40,1.2,,2.5,Guest House,2017,11,0
17911,Rome,Italy,60,1.2,,2.7,Guest House,2017,11,0
17912,Rome,Italy,73,1.2,3.0,3.5,Hotel,2017,11,0
17915,Rome,Italy,77,1.3,3.0,3.7,Hotel,2017,11,0
17917,Rome,Italy,56,1.3,1.0,2.9,Hotel,2017,11,0
17918,Rome,Italy,72,1.3,3.0,3.9,Hotel,2017,11,0
17920,Rome,Italy,82,1.4,4.0,3.7,Hotel,2017,11,0
17921,Rome,Italy,60,1.3,3.0,4.0,Hotel,2017,11,0
17924,Rome,Italy,82,1.0,,,Guest House,2017,11,0
17925,Rome,Italy,43,1.0,1.0,3.5,Hotel,2017,11,0
17927,Rome,Italy,113,1.1,,3.9,Guest House,2017,11,0
17932,Rome,Italy,67,1.0,,4.3,Bed and breakfast,2017,11,0
17933,Rome,Italy,83,1.1,3.0,3.7,Hotel,2017,11,0
17935,Rome,Italy,52,1.6,,3.2,Guest House,2017,11,0
17938,Rome,Italy,112,2.0,,3.2,Inn,2017,11,0
17940,Rome,Italy,63,1.9,,3.9,Bed and breakfast,2017,11,0
17942,Rome,Italy,74,2.0,3.0,4.0,Hotel,2017,11,0
17943,Rome,Italy,90,1.4,,2.7,Guest House,2017,11,0
17946,Rome,Italy,56,1.4,1.0,2.0,Hotel,2017,11,0
17950,Rome,Italy,41,1.4,,3.2,Guest House,2017,11,0
17952,Rome,Italy,44,1.4,,3.2,Guest House,2017,11,0
17954,Rome,Italy,313,1.2,,3.7,Bed and breakfast,2017,11,0
17956,Rome,Italy,55,1.3,,4.0,Guest House,2017,11,0
17957,Rome,Italy,55,1.3,,4.0,Guest House,2017,11,0
17959,Rome,Italy,84,1.2,,,Guest House,2017,11,0
17961,Rome,Italy,177,1.7,4.0,3.9,Hotel,2017,11,0
17963,Rome,Italy,43,1.4,1.0,3.0,Hotel,2017,11,0
17966,Rome,Italy,50,1.4,,2.5,Guest House,2017,11,0
17967,Rome,Italy,60,1.1,,3.7,Guest House,2017,11,0
17970,Rome,Italy,64,1.1,3.0,3.5,Hotel,2017,11,0
17971,Rome,Italy,46,1.1,,3.7,Bed and breakfast,2017,11,0
17973,Rome,Italy,101,0.9,3.0,4.1,Hotel,2017,11,0
17976,Rome,Italy,84,0.9,3.0,3.9,Hotel,2017,11,0
17977,Rome,Italy,56,0.9,3.0,4.0,Hotel,2017,11,0
17980,Rome,Italy,104,0.9,3.0,3.9,Hotel,2017,11,0
17981,Rome,Italy,76,1.1,,,Guest House,2017,11,0
17984,Rome,Italy,56,1.3,2.0,3.7,Hotel,2017,11,0
17986,Rome,Italy,63,1.8,,4.1,Bed and breakfast,2017,11,0
17988,Rome,Italy,47,1.9,,3.0,Bed and breakfast,2017,11,0
17991,Rome,Italy,87,1.3,,4.0,Guest House,2017,11,0
17993,Rome,Italy,105,1.1,,4.6,Guest House,2017,11,0
17992,Rome,Italy,105,1.1,,4.6,Guest House,2017,11,0
17994,Rome,Italy,63,1.1,2.0,3.9,Hotel,2017,11,0
18001,Rome,Italy,54,1.4,,3.7,Guest House,2017,11,0
18002,Rome,Italy,43,1.4,1.0,2.7,Hotel,2017,11,0
18005,Rome,Italy,50,1.4,1.0,,Hotel,2017,11,0
18007,Rome,Italy,42,1.4,,3.4,Guest House,2017,11,0
18009,Rome,Italy,69,1.4,3.0,3.5,Hotel,2017,11,0
18012,Rome,Italy,54,2.1,2.0,4.4,Hotel,2017,11,0
18016,Rome,Italy,75,1.5,,4.0,Guest House,2017,11,0
18018,Rome,Italy,90,1.5,,4.6,Guest House,2017,11,0
18019,Rome,Italy,90,1.5,,4.3,Guest House,2017,11,0
18022,Rome,Italy,72,1.5,,4.0,Guest House,2017,11,0
18024,Rome,Italy,78,1.5,,4.3,Guest House,2017,11,0
18026,Rome,Italy,76,1.5,,4.3,Guest House,2017,11,0
18030,Rome,Italy,332,1.1,5.0,4.4,Hotel,2017,11,0
18031,Rome,Italy,68,1.2,,4.0,Guest House,2017,11,0
18033,Rome,Italy,53,1.2,1.0,3.5,Hotel,2017,11,0
18036,Rome,Italy,61,1.4,,3.0,Bed and breakfast,2017,11,0
18037,Rome,Italy,56,1.5,,4.0,Guest House,2017,11,0
18039,Rome,Italy,55,1.1,,,Bed and breakfast,2017,11,0
18042,Rome,Italy,94,1.2,3.0,4.1,Hotel,2017,11,0
18043,Rome,Italy,118,1.1,,3.9,Guest House,2017,11,0
18044,Rome,Italy,118,1.1,,3.9,Guest House,2017,11,0
18045,Rome,Italy,39,1.3,,2.0,Guest House,2017,11,0
18047,Rome,Italy,49,1.3,,2.9,Bed and breakfast,2017,11,0
18049,Rome,Italy,58,1.3,,3.0,Guest House,2017,11,0
18051,Rome,Italy,83,1.9,,4.5,Guest House,2017,11,0
18053,Rome,Italy,91,1.2,4.0,3.0,Hotel,2017,11,0
18052,Rome,Italy,91,1.2,4.0,3.0,Hotel,2017,11,0
18054,Rome,Italy,76,1.6,,5.0,Guest House,2017,11,0
18056,Rome,Italy,123,1.3,,,Apartment,2017,11,0
18059,Rome,Italy,65,1.3,2.0,3.0,Hotel,2017,11,0
18060,Rome,Italy,84,2.7,3.0,3.0,Hotel,2017,11,0
18064,Rome,Italy,116,3.0,,,Apartment,2017,11,0
18067,Rome,Italy,77,2.9,4.0,3.7,Hotel,2017,11,0
18070,Rome,Italy,64,2.3,3.0,3.2,Hotel,2017,11,0
18072,Rome,Italy,81,2.9,3.0,4.1,Hotel,2017,11,0
18076,Rome,Italy,85,1.9,,2.2,Bed and breakfast,2017,11,0
18080,Rome,Italy,88,2.1,,,Guest House,2017,11,0
18085,Rome,Italy,67,2.2,,3.7,Guest House,2017,11,0
18086,Rome,Italy,91,2.1,,3.2,Guest House,2017,11,0
18088,Rome,Italy,56,3.6,,4.0,Bed and breakfast,2017,11,0
18089,Rome,Italy,69,2.1,,,Bed and breakfast,2017,11,0
18093,Rome,Italy,95,3.0,,4.0,Bed and breakfast,2017,11,0
18095,Rome,Italy,77,2.9,3.0,3.2,Hotel,2017,11,0
18097,Rome,Italy,54,2.1,3.0,2.9,Hotel,2017,11,0
18099,Rome,Italy,46,2.8,,4.4,Apartment,2017,11,0
18101,Rome,Italy,84,2.6,3.0,3.7,Hotel,2017,11,0
18103,Rome,Italy,49,2.1,,3.9,Guest House,2017,11,0
18104,Rome,Italy,67,2.3,,2.5,Hostel,2017,11,0
18107,Rome,Italy,77,2.3,,4.8,Bed and breakfast,2017,11,0
18106,Rome,Italy,77,2.3,,4.8,Bed and breakfast,2017,11,0
18110,Rome,Italy,58,2.3,,3.0,Bed and breakfast,2017,11,0
18113,Rome,Italy,67,2.4,,4.0,Bed and breakfast,2017,11,0
18114,Rome,Italy,66,3.1,,3.9,Bed and breakfast,2017,11,0
18117,Rome,Italy,77,2.3,,4.5,Bed and breakfast,2017,11,0
18116,Rome,Italy,77,2.3,,4.5,Bed and breakfast,2017,11,0
18119,Rome,Italy,104,3.1,,4.3,Guest House,2017,11,0
18122,Rome,Italy,48,2.5,,4.1,Guest House,2017,11,0
18123,Rome,Italy,58,2.6,,4.5,Guest House,2017,11,0
18125,Rome,Italy,132,2.2,,4.5,Bed and breakfast,2017,11,0
18127,Rome,Italy,102,2.1,3.0,4.0,Hotel,2017,11,0
18129,Rome,Italy,63,3.2,,4.0,Bed and breakfast,2017,11,0
18133,Rome,Italy,71,2.5,,,Guest House,2017,11,0
18139,Rome,Italy,97,2.0,3.0,4.1,Hotel,2017,11,0
18142,Rome,Italy,77,2.2,4.0,3.9,Hotel,2017,11,0
18144,Rome,Italy,63,2.8,,2.2,Guest House,2017,11,0
18146,Rome,Italy,73,3.2,,,Bed and breakfast,2017,11,0
18147,Rome,Italy,78,3.7,,,Apartment,2017,11,0
18150,Rome,Italy,101,1.7,,,Apartment,2017,11,0
18152,Rome,Italy,78,1.7,,,Apartment,2017,11,0
18154,Rome,Italy,101,2.0,,,Bed and breakfast,2017,11,0
18157,Rome,Italy,84,2.8,,,Apartment,2017,11,0
18161,Rome,Italy,80,2.6,,4.0,Apartment,2017,11,0
18162,Rome,Italy,61,1.8,,4.6,Bed and breakfast,2017,11,0
18164,Rome,Italy,92,2.0,,,Guest House,2017,11,0
18166,Rome,Italy,696,1.8,,4.0,Guest House,2017,11,0
18168,Rome,Italy,66,1.8,,4.6,Guest House,2017,11,0
18169,Rome,Italy,52,2.4,1.0,3.2,Hotel,2017,11,0
18171,Rome,Italy,81,2.3,,3.5,Guest House,2017,11,0
18173,Rome,Italy,67,1.8,,5.0,Guest House,2017,11,0
18174,Rome,Italy,54,2.1,3.0,4.0,Hotel,2017,11,0
18177,Rome,Italy,580,2.1,,3.2,Bed and breakfast,2017,11,0
18179,Rome,Italy,67,2.4,,,Bed and breakfast,2017,11,0
18180,Rome,Italy,70,2.9,,,Guest House,2017,11,0
18183,Rome,Italy,111,1.7,,,Guest House,2017,11,0
18184,Rome,Italy,56,1.8,,3.0,Guest House,2017,11,0
18187,Rome,Italy,71,1.8,,4.1,Bed and breakfast,2017,11,0
18188,Rome,Italy,88,1.7,,,Guest House,2017,11,0
18191,Rome,Italy,44,2.6,,4.0,Guest House,2017,11,0
18192,Rome,Italy,52,1.8,,3.5,Guest House,2017,11,0
18195,Rome,Italy,69,3.4,,,Bed and breakfast,2017,11,0
18198,Rome,Italy,48,1.5,,,Bed and breakfast,2017,11,0
18200,Rome,Italy,55,2.1,,4.0,Apartment,2017,11,0
18204,Rome,Italy,112,1.8,,,Apartment,2017,11,0
18206,Rome,Italy,63,2.0,,2.7,Bed and breakfast,2017,11,0
18208,Rome,Italy,65,2.3,,3.7,Guest House,2017,11,0
18211,Rome,Italy,67,2.3,,4.8,Guest House,2017,11,0
18213,Rome,Italy,95,2.5,,4.0,Bed and breakfast,2017,11,0
18212,Rome,Italy,95,2.5,,4.0,Bed and breakfast,2017,11,0
18217,Rome,Italy,106,3.0,3.0,4.8,Hotel,2017,11,0
18218,Rome,Italy,168,3.2,,4.5,Apartment,2017,11,0
18220,Rome,Italy,110,2.1,,,Guest House,2017,11,0
18223,Rome,Italy,61,2.1,,4.5,Guest House,2017,11,0
18224,Rome,Italy,43,3.7,,3.2,Guest House,2017,11,0
18226,Rome,Italy,61,2.1,,4.5,Guest House,2017,11,0
18228,Rome,Italy,37,2.2,,2.7,Guest House,2017,11,0
18232,Rome,Italy,65,2.9,,3.9,Bed and breakfast,2017,11,0
18233,Rome,Italy,92,2.9,3.0,3.7,Hotel,2017,11,0
18237,Rome,Italy,47,3.1,,4.5,Guest House,2017,11,0
18239,Rome,Italy,47,2.0,,,Guest House,2017,11,0
18241,Rome,Italy,39,2.3,,,Guest House,2017,11,0
18243,Rome,Italy,61,2.5,4.0,4.0,Hotel,2017,11,0
18246,Rome,Italy,56,2.2,,4.6,Bed and breakfast,2017,11,0
18248,Rome,Italy,55,2.5,3.0,3.9,Hotel,2017,11,0
18252,Rome,Italy,50,2.0,,4.1,Bed and breakfast,2017,11,0
18254,Rome,Italy,67,2.3,,3.7,Bed and breakfast,2017,11,0
18257,Rome,Italy,406,3.0,3.0,4.0,Hotel,2017,11,0
18258,Rome,Italy,103,1.7,4.0,4.0,Hotel,2017,11,0
18260,Rome,Italy,83,1.7,,4.0,Apartment,2017,11,0
18264,Rome,Italy,110,1.8,,4.0,Guest House,2017,11,0
18266,Rome,Italy,67,1.9,,4.5,Guest House,2017,11,0
18268,Rome,Italy,113,1.7,4.0,4.0,Hotel,2017,11,0
18272,Rome,Italy,61,1.8,,3.4,Bed and breakfast,2017,11,0
18273,Rome,Italy,52,1.6,,4.3,Guest House,2017,11,0
18275,Rome,Italy,78,1.7,,,Guest House,2017,11,0
18277,Rome,Italy,88,1.6,,4.5,Guest House,2017,11,0
18280,Rome,Italy,100,1.8,,4.1,Guest House,2017,11,0
18281,Rome,Italy,92,3.2,,4.0,Bed and breakfast,2017,11,0
18284,Rome,Italy,76,2.3,,4.5,Guest House,2017,11,0
18285,Rome,Italy,146,2.1,,4.0,Apartment,2017,11,0
18287,Rome,Italy,72,2.2,,,Bed and breakfast,2017,11,0
18289,Rome,Italy,67,2.2,,,Bed and breakfast,2017,11,0
18290,Rome,Italy,69,2.2,,,Bed and breakfast,2017,11,0
18293,Rome,Italy,45,1.9,,3.4,Apartment,2017,11,0
18296,Rome,Italy,45,2.0,,4.0,Guest House,2017,11,0
18297,Rome,Italy,45,2.4,,4.6,Bed and breakfast,2017,11,0
18303,Rome,Italy,65,2.3,,4.6,Bed and breakfast,2017,11,0
18307,Rome,Italy,84,2.3,,,Bed and breakfast,2017,11,0
18308,Rome,Italy,61,2.7,,4.5,Guest House,2017,11,0
18311,Rome,Italy,56,1.5,,3.2,Bed and breakfast,2017,11,0
18313,Rome,Italy,46,2.2,,4.0,Bed and breakfast,2017,11,0
18315,Rome,Italy,87,2.2,3.0,4.0,Hotel,2017,11,0
18317,Rome,Italy,60,2.1,,3.7,Guest House,2017,11,0
18324,Rome,Italy,58,1.5,,3.0,Bed and breakfast,2017,11,0
18327,Rome,Italy,63,1.5,,3.7,Guest House,2017,11,0
18329,Rome,Italy,52,1.3,,3.7,Guest House,2017,11,0
18330,Rome,Italy,81,1.4,,4.0,Guest House,2017,11,0
18333,Rome,Italy,59,2.0,,4.3,Bed and breakfast,2017,11,0
18334,Rome,Italy,42,2.5,,3.2,Guest House,2017,11,0
18337,Rome,Italy,60,2.8,,2.2,Bed and breakfast,2017,11,0
18339,Rome,Italy,72,2.6,,4.4,Bed and breakfast,2017,11,0
18341,Rome,Italy,54,2.5,,,Guest House,2017,11,0
18342,Rome,Italy,58,2.6,2.0,4.0,Hotel,2017,11,0
18344,Rome,Italy,51,3.0,,2.7,Guest House,2017,11,0
18345,Rome,Italy,45,2.8,,2.7,Bed and breakfast,2017,11,0
18347,Rome,Italy,77,2.5,,4.3,Guest House,2017,11,0
18349,Rome,Italy,66,2.4,,4.5,Guest House,2017,11,0
18351,Rome,Italy,60,2.1,,4.5,Bed and breakfast,2017,11,0
18353,Rome,Italy,356,2.2,,4.5,Bed and breakfast,2017,11,0
18356,Rome,Italy,58,1.9,3.0,3.2,Hotel,2017,11,0
18359,Rome,Italy,56,2.6,,,Bed and breakfast,2017,11,0
18363,Rome,Italy,69,2.6,,,Guest House,2017,11,0
18365,Rome,Italy,55,1.9,4.0,3.9,Hotel,2017,11,0
18366,Rome,Italy,60,2.0,,3.7,Guest House,2017,11,0
18367,Rome,Italy,337,2.2,,4.0,Bed and breakfast,2017,11,0
18368,Rome,Italy,337,2.2,,4.1,Bed and breakfast,2017,11,0
18370,Rome,Italy,67,3.0,,4.3,Guest House,2017,11,0
18372,Rome,Italy,56,1.8,,4.1,Guest House,2017,11,0
18373,Rome,Italy,90,1.8,,4.0,Bed and breakfast,2017,11,0
18375,Rome,Italy,87,2.6,4.0,4.0,Hotel,2017,11,0
18377,Rome,Italy,57,2.7,3.0,4.0,Hotel,2017,11,0
18381,Rome,Italy,77,2.5,3.0,4.3,Hotel,2017,11,0
18383,Rome,Italy,55,2.4,,4.5,Guest House,2017,11,0
18387,Rome,Italy,62,1.7,,4.3,Guest House,2017,11,0
18388,Rome,Italy,57,1.7,,3.5,Guest House,2017,11,0
18394,Rome,Italy,69,2.3,,4.4,Bed and breakfast,2017,11,0
18395,Rome,Italy,29,1.7,,3.9,Hostel,2017,11,0
18398,Rome,Italy,78,1.8,3.0,3.7,Hotel,2017,11,0
18400,Rome,Italy,65,2.1,,4.0,Guest House,2017,11,0
18401,Rome,Italy,103,1.7,4.0,3.7,Hotel,2017,11,0
18403,Rome,Italy,61,1.8,,4.4,Guest House,2017,11,0
18409,Rome,Italy,75,1.8,,4.0,Guest House,2017,11,0
18411,Rome,Italy,44,1.8,3.0,3.2,Bed and breakfast,2017,11,0
18412,Rome,Italy,81,2.1,,,Bed and breakfast,2017,11,0
18414,Rome,Italy,88,0.1,,4.4,Guest House,2017,11,0
18418,Rome,Italy,348,0.1,,,Guest House,2017,11,0
18423,Rome,Italy,270,0.1,,5.0,Apartment,2017,11,0
18426,Rome,Italy,213,0.2,,4.9,Guest House,2017,11,0
18427,Rome,Italy,213,0.2,,4.9,Guest House,2017,11,0
18429,Rome,Italy,152,0.2,,4.0,Guest House,2017,11,0
18431,Rome,Italy,812,0.2,,4.8,Guest House,2017,11,0
18432,Rome,Italy,147,0.2,,4.0,Guest House,2017,11,0
18436,Rome,Italy,119,0.0,,4.5,Bed and breakfast,2017,11,0
18437,Rome,Italy,98,0.3,3.0,4.5,Hotel,2017,11,0
18439,Rome,Italy,120,0.3,,4.5,Bed and breakfast,2017,11,0
18441,Rome,Italy,106,0.2,,4.8,Guest House,2017,11,0
18442,Rome,Italy,163,0.2,,,Vacation home Condo,2017,11,0
18444,Rome,Italy,304,0.2,3.0,4.5,Guest House,2017,11,0
18446,Rome,Italy,129,0.2,,4.5,Guest House,2017,11,0
18450,Rome,Italy,88,0.6,,4.5,Guest House,2017,11,0
18451,Rome,Italy,150,0.2,,4.9,Inn,2017,11,0
18454,Rome,Italy,157,0.3,,2.2,Bed and breakfast,2017,11,0
18461,Rome,Italy,102,0.3,,3.9,Apartment,2017,11,0
18464,Rome,Italy,129,0.4,,5.0,Guest House,2017,11,0
18467,Rome,Italy,146,0.4,,3.7,Apartment,2017,11,0
18468,Rome,Italy,101,0.4,,4.6,Guest House,2017,11,0
18469,Rome,Italy,176,0.4,,4.0,Apartment,2017,11,0
18471,Rome,Italy,99,0.4,,,Guest House,2017,11,0
18473,Rome,Italy,122,0.4,,4.0,Guest House,2017,11,0
18477,Rome,Italy,101,0.1,3.0,4.0,Hotel,2017,11,0
18479,Rome,Italy,96,0.1,,5.0,Apartment,2017,11,0
18481,Rome,Italy,264,0.1,5.0,3.7,Hotel,2017,11,0
18484,Rome,Italy,80,0.2,,4.3,Guest House,2017,11,0
18485,Rome,Italy,668,0.1,,4.9,Vacation home Condo,2017,11,0
18488,Rome,Italy,104,0.3,3.0,3.9,Hotel,2017,11,0
18489,Rome,Italy,71,0.3,,3.9,Guest House,2017,11,0
18492,Rome,Italy,95,0.3,4.0,3.7,Hotel,2017,11,0
18493,Rome,Italy,91,0.7,,4.0,Guest House,2017,11,0
18495,Rome,Italy,1206,0.2,,4.5,Guest House,2017,11,0
18496,Rome,Italy,90,0.1,3.0,3.5,Hotel,2017,11,0
18499,Rome,Italy,561,0.3,,4.6,Guest House,2017,11,0
18501,Rome,Italy,269,0.4,4.0,4.6,Hotel,2017,11,0
18503,Rome,Italy,171,0.3,,4.5,Guest House,2017,11,0
18505,Rome,Italy,264,0.3,,4.5,Apartment,2017,11,0
18507,Rome,Italy,241,0.2,4.0,4.5,Hotel,2017,11,0
18510,Rome,Italy,214,0.1,5.0,3.5,Hotel,2017,11,0
18513,Rome,Italy,94,0.3,,3.9,Bed and breakfast,2017,11,0
18515,Rome,Italy,101,0.1,3.0,3.9,Hotel,2017,11,0
18516,Rome,Italy,99,0.1,,4.3,Guest House,2017,11,0
18518,Rome,Italy,105,0.2,,4.0,Inn,2017,11,0
18520,Rome,Italy,93,0.2,,4.4,Guest House,2017,11,0
18521,Rome,Italy,138,0.4,4.0,4.0,Hotel,2017,11,0
18523,Rome,Italy,281,0.5,4.0,3.9,Hotel,2017,11,0
18525,Rome,Italy,92,0.5,2.0,4.3,Hotel,2017,11,0
18528,Rome,Italy,133,0.1,3.0,4.4,Hotel,2017,11,0
18529,Rome,Italy,168,0.1,,4.3,Apartment,2017,11,0
18532,Rome,Italy,147,0.0,,,Guest House,2017,11,0
18534,Rome,Italy,122,0.2,4.0,3.7,Hotel,2017,11,0
18535,Rome,Italy,167,0.2,,4.3,Guest House,2017,11,0
18537,Rome,Italy,102,0.1,2.0,3.9,Hotel,2017,11,0
18539,Rome,Italy,111,0.3,,5.0,Guest House,2017,11,0
18540,Rome,Italy,108,0.2,4.0,4.1,Hotel,2017,11,0
18543,Rome,Italy,81,0.6,,3.7,Apartment,2017,11,0
18542,Rome,Italy,81,0.6,,3.7,Apartment,2017,11,0
18545,Rome,Italy,106,0.7,,5.0,Guest House,2017,11,0
18547,Rome,Italy,111,0.7,,4.5,Guest House,2017,11,0
18549,Rome,Italy,135,0.7,4.0,4.4,Hotel,2017,11,0
18551,Rome,Italy,54,0.7,,4.0,Bed and breakfast,2017,11,0
18554,Rome,Italy,1015,0.1,,,Bed and breakfast,2017,11,0
18556,Rome,Italy,300,0.1,,4.1,Bed and breakfast,2017,11,0
18557,Rome,Italy,120,0.6,,4.5,Guest House,2017,11,0
18559,Rome,Italy,92,0.3,3.0,3.7,Hotel,2017,11,0
18561,Rome,Italy,55,0.3,,3.0,Guest House,2017,11,0
18563,Rome,Italy,85,0.3,2.0,4.0,Hotel,2017,11,0
18565,Rome,Italy,84,0.4,,3.9,Guest House,2017,11,0
18566,Rome,Italy,90,0.1,,4.4,Guest House,2017,11,0
18568,Rome,Italy,212,0.1,4.0,4.4,Hotel,2017,11,0
18570,Rome,Italy,125,0.1,,4.6,Guest House,2017,11,0
18572,Rome,Italy,119,0.1,,4.5,Bed and breakfast,2017,11,0
18573,Rome,Italy,119,0.1,,4.5,Bed and breakfast,2017,11,0
18575,Rome,Italy,153,0.1,,4.3,Guest House,2017,11,0
18577,Rome,Italy,122,0.1,,4.0,Guest House,2017,11,0
18578,Rome,Italy,167,0.1,,4.0,Bed and breakfast,2017,11,0
18584,Rome,Italy,130,0.0,,,Guest House,2017,11,0
18587,Rome,Italy,126,0.1,,4.0,Guest House,2017,11,0
18590,Rome,Italy,85,0.1,,4.0,Guest House,2017,11,0
18591,Rome,Italy,130,0.1,4.0,3.9,Hotel,2017,11,0
18593,Rome,Italy,95,0.7,,4.3,Bed and breakfast,2017,11,0
18596,Rome,Italy,154,0.7,,4.8,Guest House,2017,11,0
18597,Rome,Italy,174,0.3,3.0,4.5,Hotel,2017,11,0
18601,Rome,Italy,153,0.3,,4.8,Guest House,2017,11,0
18603,Rome,Italy,117,0.3,,4.4,Guest House,2017,11,0
18605,Rome,Italy,86,0.3,3.0,4.0,Hotel,2017,11,0
18607,Rome,Italy,457,0.4,5.0,4.8,Hotel,2017,11,0
18611,Rome,Italy,208,0.3,,4.1,Guest House,2017,11,0
18612,Rome,Italy,306,0.3,4.0,4.3,Hotel,2017,11,0
18614,Rome,Italy,110,0.3,3.0,4.0,Hotel,2017,11,0
18616,Rome,Italy,169,0.3,3.0,4.5,Hotel,2017,11,0
18619,Rome,Italy,78,0.5,,4.8,Guest House,2017,11,0
18620,Rome,Italy,275,0.2,,4.9,Guest House,2017,11,0
18623,Rome,Italy,102,0.2,3.0,4.1,Hotel,2017,11,0
18624,Rome,Italy,125,0.2,3.0,4.1,Hotel,2017,11,0
18626,Rome,Italy,83,0.1,,4.3,Guest House,2017,11,0
18628,Rome,Italy,129,0.1,,4.4,Guest House,2017,11,0
18630,Rome,Italy,125,0.2,,4.5,Guest House,2017,11,0
18633,Rome,Italy,162,0.2,3.0,4.1,Hotel,2017,11,0
18634,Rome,Italy,183,0.2,2.0,4.5,Hotel,2017,11,0
18637,Rome,Italy,138,0.2,,4.4,Apartment,2017,11,0
18639,Rome,Italy,75,0.6,,4.5,Guest House,2017,11,0
18640,Rome,Italy,123,0.3,,4.0,Guest House,2017,11,0
18642,Rome,Italy,88,0.4,3.0,3.5,Hotel,2017,11,0
18643,Rome,Italy,123,0.4,4.0,3.5,Hotel,2017,11,0
18645,Rome,Italy,111,0.3,,4.4,Guest House,2017,11,0
18647,Rome,Italy,106,0.4,,4.5,Guest House,2017,11,0
18648,Rome,Italy,99,0.4,,3.5,Guest House,2017,11,0
18650,Rome,Italy,141,0.4,,4.5,Bed and breakfast,2017,11,0
18654,Rome,Italy,187,0.4,4.0,4.5,Hotel,2017,11,0
18655,Rome,Italy,180,0.3,,5.0,Bed and breakfast,2017,11,0
18658,Rome,Italy,95,0.2,,4.5,Guest House,2017,11,0
18659,Rome,Italy,90,0.2,,4.0,Guest House,2017,11,0
18662,Rome,Italy,107,0.2,,4.0,Guest House,2017,11,0
18663,Rome,Italy,130,0.4,,4.5,Guest House,2017,11,0
18665,Rome,Italy,143,0.4,4.0,4.3,Hotel,2017,11,0
18666,Rome,Italy,98,0.0,,4.3,Guest House,2017,11,0
18669,Rome,Italy,245,0.3,4.0,4.5,Hotel,2017,11,0
18670,Rome,Italy,156,0.2,,5.0,Guest House,2017,11,0
18672,Rome,Italy,113,0.3,3.0,4.3,Apartment,2017,11,0
18673,Rome,Italy,113,0.3,3.0,4.3,Apartment,2017,11,0
18674,Rome,Italy,107,0.3,4.0,4.3,Hotel,2017,11,0
18675,Rome,Italy,114,0.2,,4.9,Bed and breakfast,2017,11,0
18677,Rome,Italy,109,0.3,,4.3,Guest House,2017,11,0
18678,Rome,Italy,148,0.3,,4.9,Guest House,2017,11,0
18681,Rome,Italy,674,0.4,5.0,4.5,Hotel,2017,11,0
18684,Rome,Italy,127,0.3,,4.1,Guest House,2017,11,0
18686,Rome,Italy,140,0.4,4.0,4.1,Hotel,2017,11,0
18687,Rome,Italy,113,0.3,,,Guest House,2017,11,0
18689,Rome,Italy,66,0.2,2.0,3.5,Hotel,2017,11,0
18691,Rome,Italy,225,0.3,,,Apartment,2017,11,0
18694,Rome,Italy,102,0.1,,4.1,Bed and breakfast,2017,11,0
18695,Rome,Italy,80,0.1,,3.9,Bed and breakfast,2017,11,0
18697,Rome,Italy,90,0.4,,4.3,Bed and breakfast,2017,11,0
18699,Rome,Italy,88,0.4,,4.5,Guest House,2017,11,0
18703,Rome,Italy,135,0.3,,4.6,Guest House,2017,11,0
18704,Rome,Italy,86,0.3,,4.5,Apartment,2017,11,0
18706,Rome,Italy,85,0.2,,4.0,Guest House,2017,11,0
18707,Rome,Italy,85,0.2,,4.0,Guest House,2017,11,0
18708,Rome,Italy,82,0.2,3.0,3.9,Hotel,2017,11,0
18717,Rome,Italy,180,0.4,,3.2,Guest House,2017,11,0
18719,Rome,Italy,106,0.3,,,Guest House,2017,11,0
18720,Rome,Italy,149,0.3,,4.6,Apartment,2017,11,0
18722,Rome,Italy,110,0.4,,4.5,Guest House,2017,11,0
18726,Rome,Italy,149,0.3,,4.5,Guest House,2017,11,0
18727,Rome,Italy,154,0.2,,4.1,Bed and breakfast,2017,11,0
18730,Rome,Italy,130,0.1,,4.3,Bed and breakfast,2017,11,0
18732,Rome,Italy,411,0.4,5.0,4.6,Hotel,2017,11,0
18733,Rome,Italy,411,0.4,5.0,4.6,Hotel,2017,11,0
18734,Rome,Italy,75,0.4,,4.1,Guest House,2017,11,0
18737,Rome,Italy,168,0.3,,,Apartment,2017,11,0
18738,Rome,Italy,155,0.1,,4.3,Bed and breakfast,2017,11,0
18740,Rome,Italy,118,0.4,,4.8,Guest House,2017,11,0
18743,Rome,Italy,214,0.1,,4.6,Bed and breakfast,2017,11,0
18745,Rome,Italy,148,0.2,,4.6,Guest House,2017,11,0
18747,Rome,Italy,100,0.2,,4.5,Guest House,2017,11,0
18754,Rome,Italy,191,0.3,,,Guest House,2017,11,0
18757,Rome,Italy,157,0.2,3.0,4.0,Hotel,2017,11,0
18760,Rome,Italy,185,0.4,,4.9,Guest House,2017,11,0
18763,Rome,Italy,213,0.1,,4.5,Apartment,2017,11,0
18766,Rome,Italy,122,0.1,,4.9,Guest House,2017,11,0
18769,Rome,Italy,127,0.2,4.0,2.9,Hotel,2017,11,0
18768,Rome,Italy,127,0.2,4.0,2.9,Hotel,2017,11,0
18770,Rome,Italy,118,0.1,3.0,4.3,Hotel,2017,11,0
18772,Rome,Italy,377,0.3,4.0,4.0,Hotel,2017,11,0
18774,Rome,Italy,112,0.1,,3.9,Guest House,2017,11,0
18776,Rome,Italy,135,0.1,2.0,4.6,Hotel,2017,11,0
18778,Rome,Italy,97,0.3,3.0,3.5,Hotel,2017,11,0
18782,Rome,Italy,123,0.3,,3.5,Apartment,2017,11,0
18784,Rome,Italy,506,0.1,5.0,5.0,Hotel,2017,11,0
18786,Rome,Italy,95,0.4,,4.8,Bed and breakfast,2017,11,0
18788,Rome,Italy,91,0.2,,3.9,Apartment,2017,11,0
18790,Rome,Italy,114,0.4,,4.5,Bed and breakfast,2017,11,0
18792,Rome,Italy,90,0.3,,,Guest House,2017,11,0
18794,Rome,Italy,225,0.3,4.0,4.0,Apart-hotel,2017,11,0
18797,Rome,Italy,100,0.4,,4.5,Guest House,2017,11,0
18800,Rome,Italy,95,0.3,,4.5,Bed and breakfast,2017,11,0
18799,Rome,Italy,95,0.3,,4.5,Bed and breakfast,2017,11,0
18802,Rome,Italy,99,0.2,,4.4,Bed and breakfast,2017,11,0
18804,Rome,Italy,188,0.4,,5.0,Bed and breakfast,2017,11,0
18805,Rome,Italy,157,0.3,3.0,4.4,Hotel,2017,11,0
18809,Rome,Italy,97,0.1,,5.0,Guest House,2017,11,0
18811,Rome,Italy,236,0.3,,5.0,Guest House,2017,11,0
18814,Rome,Italy,101,0.2,,4.4,Guest House,2017,11,0
18813,Rome,Italy,101,0.2,,4.4,Guest House,2017,11,0
18815,Rome,Italy,101,0.2,,4.5,Guest House,2017,11,0
18817,Rome,Italy,139,0.2,,4.6,Guest House,2017,11,0
18820,Rome,Italy,248,0.2,,4.1,Guest House,2017,11,0
18819,Rome,Italy,248,0.2,,4.1,Guest House,2017,11,0
18822,Rome,Italy,1013,0.7,,4.0,Apartment,2017,11,0
18824,Rome,Italy,65,0.6,,3.5,Guest House,2017,11,0
18826,Rome,Italy,82,0.3,,3.5,Guest House,2017,11,0
18833,Rome,Italy,564,0.5,,3.7,Guest House,2017,11,0
18835,Rome,Italy,229,3.9,,,Apartment,2017,11,0
18837,Rome,Italy,56,4.6,3.0,3.5,Hotel,2017,11,0
18839,Rome,Italy,49,3.7,,3.0,Guest House,2017,11,0
18842,Rome,Italy,52,4.9,,4.4,Guest House,2017,11,0
18844,Rome,Italy,84,3.6,,,Guest House,2017,11,0
18846,Rome,Italy,48,3.6,4.0,3.2,Hotel,2017,11,0
18849,Rome,Italy,133,6.4,4.0,4.0,Hotel,2017,11,0
18852,Rome,Italy,70,4.7,4.0,3.9,Hotel,2017,11,0
18853,Rome,Italy,68,4.8,4.0,4.0,Hotel,2017,11,0
18854,Rome,Italy,80,5.5,3.0,4.0,Hotel,2017,11,0
18856,Rome,Italy,56,5.7,4.0,4.1,Hotel,2017,11,0
18859,Rome,Italy,52,4.1,,4.4,Guest House,2017,11,0
18861,Rome,Italy,57,4.9,3.0,3.5,Hotel,2017,11,0
18862,Rome,Italy,70,5.8,4.0,3.5,Hotel,2017,11,0
18864,Rome,Italy,66,5.7,,,Guest House,2017,11,0
18867,Rome,Italy,78,1.3,,,Guest House,2017,11,0
18868,Rome,Italy,84,2.1,,4.3,Apartment,2017,11,0
18870,Rome,Italy,80,2.2,,4.0,Bed and breakfast,2017,11,0
18872,Rome,Italy,149,1.1,,5.0,Guest House,2017,11,0
18873,Rome,Italy,53,1.1,,3.9,Bed and breakfast,2017,11,0
18877,Rome,Italy,157,1.7,4.0,4.0,Hotel,2017,11,0
18880,Rome,Italy,135,1.0,,4.5,Guest House,2017,11,0
18881,Rome,Italy,100,1.1,,4.8,Guest House,2017,11,0
18883,Rome,Italy,55,1.1,,4.1,Guest House,2017,11,0
18884,Rome,Italy,111,1.1,,4.8,Guest House,2017,11,0
18886,Rome,Italy,77,1.2,,3.7,Bed and breakfast,2017,11,0
18887,Rome,Italy,139,1.2,,2.9,Guest House,2017,11,0
18889,Rome,Italy,87,2.4,,3.2,Bed and breakfast,2017,11,0
18892,Rome,Italy,84,1.0,,,Apartment,2017,11,0
18898,Rome,Italy,48,1.7,,,Bed and breakfast,2017,11,0
18901,Rome,Italy,103,2.6,4.0,4.3,Hotel,2017,11,0
18903,Rome,Italy,49,2.5,,4.1,Apartment,2017,11,0
18904,Rome,Italy,78,2.3,,3.0,Bed and breakfast,2017,11,0
18906,Rome,Italy,45,2.3,2.0,3.2,Hotel,2017,11,0
18909,Rome,Italy,82,1.6,,3.7,Guest House,2017,11,0
18911,Rome,Italy,140,1.6,,4.5,Guest House,2017,11,0
18914,Rome,Italy,56,1.3,,,Guest House,2017,11,0
18916,Rome,Italy,70,2.0,,4.3,Guest House,2017,11,0
18920,Rome,Italy,114,1.5,4.0,3.7,Hotel,2017,11,0
18923,Rome,Italy,133,1.0,,4.3,Guest House,2017,11,0
18925,Rome,Italy,56,1.3,,,Guest House,2017,11,0
18927,Rome,Italy,80,1.9,,4.4,Hostel,2017,11,0
18928,Rome,Italy,73,1.3,,4.5,Guest House,2017,11,0
18930,Rome,Italy,141,1.2,4.0,4.5,Hotel,2017,11,0
18932,Rome,Italy,139,1.2,,,Apartment,2017,11,0
18933,Rome,Italy,127,1.4,,4.8,Guest House,2017,11,0
18935,Rome,Italy,56,2.1,,3.7,Bed and breakfast,2017,11,0
18936,Rome,Italy,117,1.3,,,Apartment,2017,11,0
18938,Rome,Italy,408,1.3,1.0,3.2,Hotel,2017,11,0
18941,Rome,Italy,67,1.0,2.0,3.7,Hotel,2017,11,0
18943,Rome,Italy,119,1.4,3.0,4.1,Hotel,2017,11,0
18945,Rome,Italy,99,1.2,3.0,3.9,Hotel,2017,11,0
18951,Rome,Italy,77,1.2,,4.3,Bed and breakfast,2017,11,0
18952,Rome,Italy,72,2.2,3.0,4.5,Hotel,2017,11,0
18954,Rome,Italy,150,1.3,,,Apartment,2017,11,0
18956,Rome,Italy,116,1.1,,4.3,Guest House,2017,11,0
18959,Rome,Italy,139,1.9,,4.5,Apartment,2017,11,0
18963,Rome,Italy,86,1.1,,4.6,Guest House,2017,11,0
18964,Rome,Italy,65,1.1,,4.3,Guest House,2017,11,0
18966,Rome,Italy,56,2.4,,4.0,Guest House,2017,11,0
18968,Rome,Italy,202,1.1,,,Apartment,2017,11,0
18970,Rome,Italy,137,1.0,,4.3,Bed and breakfast,2017,11,0
18969,Rome,Italy,137,1.0,,4.3,Bed and breakfast,2017,11,0
18974,Rome,Italy,74,1.1,,4.0,Guest House,2017,11,0
18976,Rome,Italy,100,1.2,,2.5,Guest House,2017,11,0
18977,Rome,Italy,89,1.0,,4.0,Guest House,2017,11,0
18979,Rome,Italy,74,1.6,,3.5,Bed and breakfast,2017,11,0
18981,Rome,Italy,67,2.0,,3.9,Bed and breakfast,2017,11,0
18986,Rome,Italy,60,1.5,,3.9,Guest House,2017,11,0
18988,Rome,Italy,70,1.5,,3.7,Guest House,2017,11,0
18989,Rome,Italy,85,1.5,,4.3,Guest House,2017,11,0
18991,Rome,Italy,52,1.3,,3.0,Bed and breakfast,2017,11,0
18994,Rome,Italy,61,1.3,,4.4,Guest House,2017,11,0
18996,Rome,Italy,108,1.1,,4.9,Guest House,2017,11,0
19000,Rome,Italy,56,1.6,,4.6,Guest House,2017,11,0
19001,Rome,Italy,67,2.0,,4.5,Guest House,2017,11,0
19007,Rome,Italy,75,1.5,,4.3,Bed and breakfast,2017,11,0
19009,Rome,Italy,72,2.1,,2.0,Bed and breakfast,2017,11,0
19013,Rome,Italy,113,1.1,3.0,4.8,Hotel,2017,11,0
19016,Rome,Italy,83,1.1,,4.4,Bed and breakfast,2017,11,0
19017,Rome,Italy,114,0.4,3.0,4.5,Hotel,2017,11,0
19019,Rome,Italy,334,0.3,3.0,3.7,Hotel,2017,11,0
19021,Rome,Italy,281,0.4,,4.9,Guest House,2017,11,0
19023,Rome,Italy,114,0.4,,4.8,Bed and breakfast,2017,11,0
19025,Rome,Italy,136,0.4,,,Apartment,2017,11,0
19030,Rome,Italy,118,0.4,4.0,3.7,Hotel,2017,11,0
19031,Rome,Italy,98,0.3,4.0,3.7,Hotel,2017,11,0
19035,Rome,Italy,156,0.3,,4.4,Guest House,2017,11,0
19037,Rome,Italy,112,0.3,,4.3,Guest House,2017,11,0
19038,Rome,Italy,151,0.4,4.0,4.1,Hotel,2017,11,0
19040,Rome,Italy,109,0.6,4.0,3.5,Hotel,2017,11,0
19042,Rome,Italy,111,0.3,,4.8,Guest House,2017,11,0
19044,Rome,Italy,123,0.5,4.0,2.7,Hotel,2017,11,0
19045,Rome,Italy,113,0.6,,4.8,Guest House,2017,11,0
19046,Rome,Italy,110,0.3,,4.0,Bed and breakfast,2017,11,0
19048,Rome,Italy,74,0.3,,4.4,Inn,2017,11,0
19050,Rome,Italy,63,0.3,,4.4,Guest House,2017,11,0
19052,Rome,Italy,129,0.3,,4.3,Bed and breakfast,2017,11,0
19054,Rome,Italy,115,0.5,4.0,3.7,Hotel,2017,11,0
19056,Rome,Italy,113,0.3,4.0,4.0,Hotel,2017,11,0
19058,Rome,Italy,370,0.6,,4.8,Vacation home Condo,2017,11,0
19061,Rome,Italy,124,0.2,4.0,4.1,Hotel,2017,11,0
19063,Rome,Italy,90,0.5,3.0,3.5,Hotel,2017,11,0
19064,Rome,Italy,86,0.6,,3.5,Inn,2017,11,0
19066,Rome,Italy,94,0.4,3.0,3.5,Hotel,2017,11,0
19068,Rome,Italy,123,0.5,,4.6,Apartment,2017,11,0
19069,Rome,Italy,95,0.5,3.0,3.9,Hotel,2017,11,0
19072,Rome,Italy,145,0.5,4.0,4.0,Hotel,2017,11,0
19073,Rome,Italy,207,0.4,,4.0,Guest House,2017,11,0
19075,Rome,Italy,60,0.5,,3.9,Guest House,2017,11,0
19077,Rome,Italy,82,0.4,3.0,4.0,Hotel,2017,11,0
19080,Rome,Italy,125,0.5,4.0,3.9,Hotel,2017,11,0
19082,Rome,Italy,125,0.5,3.0,4.4,Hotel,2017,11,0
19084,Rome,Italy,145,0.6,2.0,4.6,Hotel,2017,11,0
19086,Rome,Italy,145,0.6,3.0,4.0,Hotel,2017,11,0
19087,Rome,Italy,130,0.2,,5.0,Guest House,2017,11,0
19090,Rome,Italy,120,0.2,,4.3,Guest House,2017,11,0
19091,Rome,Italy,96,0.3,,4.5,Guest House,2017,11,0
19095,Rome,Italy,108,0.4,,4.8,Guest House,2017,11,0
19096,Rome,Italy,114,0.3,,4.8,Guest House,2017,11,0
19098,Rome,Italy,91,0.3,3.0,4.5,Hotel,2017,11,0
19100,Rome,Italy,159,0.3,3.0,4.1,Hotel,2017,11,0
19102,Rome,Italy,180,0.3,4.0,4.6,Hotel,2017,11,0
19105,Rome,Italy,143,0.5,,4.5,Apartment,2017,11,0
19106,Rome,Italy,185,0.5,4.0,4.5,Hotel,2017,11,0
19109,Rome,Italy,80,0.4,,3.9,Bed and breakfast,2017,11,0
19110,Rome,Italy,91,0.2,3.0,3.7,Hotel,2017,11,0
19112,Rome,Italy,142,0.3,,4.8,Guest House,2017,11,0
19114,Rome,Italy,143,0.4,4.0,4.3,Hotel,2017,11,0
19115,Rome,Italy,78,0.4,,4.3,Guest House,2017,11,0
19117,Rome,Italy,109,0.3,,4.8,Guest House,2017,11,0
19119,Rome,Italy,152,0.3,3.0,4.4,Hotel,2017,11,0
19121,Rome,Italy,106,0.3,,4.3,Guest House,2017,11,0
19123,Rome,Italy,173,0.3,4.0,3.7,Hotel,2017,11,0
19124,Rome,Italy,78,0.6,,3.7,Guest House,2017,11,0
19127,Rome,Italy,146,0.6,,5.0,Guest House,2017,11,0
19129,Rome,Italy,98,0.5,,4.0,Guest House,2017,11,0
19130,Rome,Italy,118,0.5,1.0,4.0,Vacation home Condo,2017,11,0
19133,Rome,Italy,161,0.6,,4.4,Guest House,2017,11,0
19132,Rome,Italy,161,0.6,,4.4,Guest House,2017,11,0
19135,Rome,Italy,304,0.1,,4.8,Apartment,2017,11,0
19136,Rome,Italy,101,0.3,,3.7,Guest House,2017,11,0
19139,Rome,Italy,114,0.3,,4.0,Guest House,2017,11,0
19144,Rome,Italy,123,0.3,,4.5,Guest House,2017,11,0
19145,Rome,Italy,95,0.3,3.5,3.5,Hotel,2017,11,0
19147,Rome,Italy,93,0.4,,4.1,Guest House,2017,11,0
19150,Rome,Italy,158,1.3,,,Apartment,2017,11,0
19152,Rome,Italy,116,0.8,,,Guest House,2017,11,0
19156,Rome,Italy,101,1.2,,,Apartment,2017,11,0
19158,Rome,Italy,50,1.4,,,Guest House,2017,11,0
19159,Rome,Italy,101,1.6,,,Guest House,2017,11,0
19161,Rome,Italy,122,1.1,,5.0,Bed and breakfast,2017,11,0
19164,Rome,Italy,68,1.8,,5.0,Bed and breakfast,2017,11,0
19166,Rome,Italy,66,1.4,,,Guest House,2017,11,0
19167,Rome,Italy,126,1.0,,4.3,Bed and breakfast,2017,11,0
19170,Rome,Italy,101,0.9,,,Apartment,2017,11,0
19172,Rome,Italy,115,0.9,4.0,4.5,Hotel,2017,11,0
19173,Rome,Italy,92,0.9,,4.6,Bed and breakfast,2017,11,0
19176,Rome,Italy,134,0.9,,5.0,Bed and breakfast,2017,11,0
19177,Rome,Italy,123,1.0,,,Bed and breakfast,2017,11,0
19179,Rome,Italy,78,1.0,,3.0,Guest House,2017,11,0
19182,Rome,Italy,43,1.6,,4.5,Guest House,2017,11,0
19183,Rome,Italy,73,1.6,,4.1,Bed and breakfast,2017,11,0
19185,Rome,Italy,62,1.6,,4.4,Guest House,2017,11,0
19188,Rome,Italy,64,1.7,,4.4,Guest House,2017,11,0
19187,Rome,Italy,64,1.7,,4.4,Guest House,2017,11,0
19195,Rome,Italy,99,1.0,4.0,4.0,Hotel,2017,11,0
19196,Rome,Italy,78,0.6,,5.0,Bed and breakfast,2017,11,0
19197,Rome,Italy,71,0.6,,4.9,Bed and breakfast,2017,11,0
19199,Rome,Italy,87,0.6,,4.6,Bed and breakfast,2017,11,0
19202,Rome,Italy,109,0.5,,4.0,Guest House,2017,11,0
19203,Rome,Italy,92,1.0,,4.5,Bed and breakfast,2017,11,0
19207,Rome,Italy,55,1.7,,4.5,Bed and breakfast,2017,11,0
19211,Rome,Italy,66,1.1,,4.5,Bed and breakfast,2017,11,0
19214,Rome,Italy,78,1.1,,4.0,Guest House,2017,11,0
19215,Rome,Italy,57,1.1,,4.1,Guest House,2017,11,0
19217,Rome,Italy,75,1.2,,4.5,Guest House,2017,11,0
19219,Rome,Italy,53,1.2,,3.5,Guest House,2017,11,0
19222,Rome,Italy,49,1.1,,4.3,Guest House,2017,11,0
19223,Rome,Italy,146,1.1,,5.0,Guest House,2017,11,0
19228,Rome,Italy,56,1.0,,4.4,Bed and breakfast,2017,11,0
19229,Rome,Italy,563,0.9,,5.0,Guest House,2017,11,0
19231,Rome,Italy,150,0.9,,4.5,Apartment,2017,11,0
19232,Rome,Italy,76,1.6,,,Guest House,2017,11,0
19236,Rome,Italy,73,1.6,,4.0,Guest House,2017,11,0
19238,Rome,Italy,62,1.5,,2.9,Apartment,2017,11,0
19240,Rome,Italy,86,1.5,,2.9,Apartment,2017,11,0
19242,Rome,Italy,64,2.0,,5.0,Bed and breakfast,2017,11,0
19245,Rome,Italy,101,1.6,,,Bed and breakfast,2017,11,0
19248,Rome,Italy,56,1.7,,5.0,Guest House,2017,11,0
19250,Rome,Italy,83,1.0,,4.3,Bed and breakfast,2017,11,0
19251,Rome,Italy,50,1.3,,4.8,Guest House,2017,11,0
19253,Rome,Italy,48,1.1,,3.0,Guest House,2017,11,0
19256,Rome,Italy,55,1.1,,3.0,Guest House,2017,11,0
19260,Rome,Italy,60,0.4,,4.0,Bed and breakfast,2017,11,0
19267,Rome,Italy,143,0.8,,4.0,Guest House,2017,11,0
19271,Rome,Italy,130,0.8,,4.3,Guest House,2017,11,0
19273,Rome,Italy,100,0.7,3.0,4.0,Hotel,2017,11,0
19274,Rome,Italy,111,0.8,4.0,4.4,Hotel,2017,11,0
19277,Rome,Italy,92,0.7,,4.9,Guest House,2017,11,0
19279,Rome,Italy,70,2.0,,4.3,Guest House,2017,11,0
19282,Rome,Italy,101,1.9,,,Guest House,2017,11,0
19286,Rome,Italy,78,1.3,,4.0,Inn,2017,11,0
19288,Rome,Italy,224,1.6,,,Apartment,2017,11,0
19289,Rome,Italy,56,1.5,,4.0,Guest House,2017,11,0
19291,Rome,Italy,67,1.8,,5.0,Bed and breakfast,2017,11,0
19295,Rome,Italy,100,1.6,,4.0,Guest House,2017,11,0
19297,Rome,Italy,98,1.6,,3.7,Bed and breakfast,2017,11,0
19300,Rome,Italy,69,1.2,,4.4,Bed and breakfast,2017,11,0
19302,Rome,Italy,61,1.2,,4.0,Bed and breakfast,2017,11,0
19304,Rome,Italy,81,0.8,,4.0,Bed and breakfast,2017,11,0
19306,Rome,Italy,60,1.5,,4.1,Guest House,2017,11,0
19311,Rome,Italy,76,1.9,,4.1,Bed and breakfast,2017,11,0
19313,Rome,Italy,563,1.9,,2.5,Guest House,2017,11,0
19315,Rome,Italy,67,1.9,,2.9,Bed and breakfast,2017,11,0
19317,Rome,Italy,72,1.4,,3.2,Bed and breakfast,2017,11,0
19320,Rome,Italy,109,1.6,4.0,4.3,Vacation home Condo,2017,11,0
19323,Rome,Italy,73,1.7,,4.0,Bed and breakfast,2017,11,0
19324,Rome,Italy,55,2.2,,4.6,Bed and breakfast,2017,11,0
19326,Rome,Italy,70,2.2,,4.3,Bed and breakfast,2017,11,0
19328,Rome,Italy,63,2.2,,,Guest House,2017,11,0
19331,Rome,Italy,62,1.6,,4.3,Bed and breakfast,2017,11,0
19333,Rome,Italy,65,1.6,,4.5,Guest House,2017,11,0
19334,Rome,Italy,55,1.3,,4.4,Bed and breakfast,2017,11,0
19338,Rome,Italy,50,0.8,2.0,3.7,Hotel,2017,11,0
19339,Rome,Italy,61,0.7,,4.0,Guest House,2017,11,0
19341,Rome,Italy,83,0.7,,4.5,Bed and breakfast,2017,11,0
19344,Rome,Italy,81,1.4,,3.9,Bed and breakfast,2017,11,0
19345,Rome,Italy,116,1.4,,,Apartment,2017,11,0
19349,Rome,Italy,73,1.0,,3.2,Guest House,2017,11,0
19351,Rome,Italy,73,1.0,,4.6,Guest House,2017,11,0
19355,Rome,Italy,64,1.5,,3.7,Bed and breakfast,2017,11,0
19359,Rome,Italy,57,1.4,,4.0,Vacation home Condo,2017,11,0
19360,Rome,Italy,75,1.3,,4.8,Bed and breakfast,2017,11,0
19363,Rome,Italy,63,1.3,,2.2,Bed and breakfast,2017,11,0
19364,Rome,Italy,58,1.3,,1.5,Apartment,2017,11,0
19365,Rome,Italy,78,1.4,,4.5,Inn,2017,11,0
19368,Rome,Italy,100,1.3,,3.9,Guest House,2017,11,0
19373,Rome,Italy,151,1.5,,5.0,Apartment,2017,11,0
19376,Rome,Italy,59,0.8,,4.6,Guest House,2017,11,0
19378,Rome,Italy,65,1.1,,4.1,Guest House,2017,11,0
19379,Rome,Italy,90,1.1,3.0,4.0,Hotel,2017,11,0
19382,Rome,Italy,55,1.1,,3.0,Guest House,2017,11,0
19383,Rome,Italy,77,0.6,,4.0,Guest House,2017,11,0
19386,Rome,Italy,116,0.6,4.0,4.5,Hotel,2017,11,0
19387,Rome,Italy,136,0.6,4.0,3.7,Hotel,2017,11,0
19391,Rome,Italy,91,0.6,,4.6,Guest House,2017,11,0
19394,Rome,Italy,84,0.6,1.0,3.0,Hotel,2017,11,0
19395,Rome,Italy,77,0.6,,3.5,Guest House,2017,11,0
19398,Rome,Italy,48,1.7,,4.5,Guest House,2017,11,0
19400,Rome,Italy,66,1.5,3.0,3.7,Hotel,2017,11,0
19403,Rome,Italy,64,1.3,3.0,4.0,Hotel,2017,11,0
19405,Rome,Italy,88,0.8,,3.7,Bed and breakfast,2017,11,0
19406,Rome,Italy,54,0.9,2.0,3.5,Hotel,2017,11,0
19411,Rome,Italy,70,0.8,,4.5,Bed and breakfast,2017,11,0
19414,Rome,Italy,84,0.9,,4.5,Guest House,2017,11,0
19416,Rome,Italy,68,0.9,,4.5,Guest House,2017,11,0
19418,Rome,Italy,104,0.9,,4.1,Guest House,2017,11,0
19419,Rome,Italy,105,0.6,4.0,4.0,Hotel,2017,11,0
19422,Rome,Italy,80,0.6,,4.8,Guest House,2017,11,0
19425,Rome,Italy,111,0.6,,,Guest House,2017,11,0
19426,Rome,Italy,80,0.8,,4.5,Bed and breakfast,2017,11,0
19430,Rome,Italy,239,1.0,4.0,4.5,Hotel,2017,11,0
19433,Rome,Italy,110,1.4,,4.3,Guest House,2017,11,0
19436,Rome,Italy,73,0.7,,4.4,Bed and breakfast,2017,11,0
19438,Rome,Italy,55,0.9,,3.9,Guest House,2017,11,0
19440,Rome,Italy,70,0.9,4.0,3.5,Hotel,2017,11,0
19442,Rome,Italy,92,1.0,,,Bed and breakfast,2017,11,0
19445,Rome,Italy,90,1.0,4.0,3.7,Hotel,2017,11,0
19447,Rome,Italy,87,1.0,2.0,4.0,Hotel,2017,11,0
19449,Rome,Italy,73,0.9,,3.4,Guest House,2017,11,0
19451,Rome,Italy,51,1.5,,4.0,Guest House,2017,11,0
19453,Rome,Italy,55,1.1,,4.5,Bed and breakfast,2017,11,0
19454,Rome,Italy,117,1.1,,3.2,Bed and breakfast,2017,11,0
19458,Rome,Italy,69,1.1,,4.3,Bed and breakfast,2017,11,0
19461,Rome,Italy,88,0.7,4.0,4.1,Hotel,2017,11,0
19464,Rome,Italy,100,1.2,,4.8,Bed and breakfast,2017,11,0
19468,Rome,Italy,66,1.1,,4.3,Bed and breakfast,2017,11,0
19470,Rome,Italy,62,1.1,,4.4,Guest House,2017,11,0
19473,Rome,Italy,79,1.3,,4.5,Guest House,2017,11,0
19476,Rome,Italy,134,0.7,4.0,3.7,Hotel,2017,11,0
19478,Rome,Italy,96,1.1,,4.0,Guest House,2017,11,0
19480,Rome,Italy,69,2.3,,4.5,Guest House,2017,11,0
19483,Rome,Italy,110,0.9,4.0,3.9,Hotel,2017,11,0
19484,Rome,Italy,146,1.4,,5.0,Apartment,2017,11,0
19487,Rome,Italy,56,1.4,,4.3,Guest House,2017,11,0
19488,Rome,Italy,121,1.3,4.0,4.5,Hotel,2017,11,0
19490,Rome,Italy,63,1.3,,4.0,Bed and breakfast,2017,11,0
19492,Rome,Italy,40,1.3,,4.0,Bed and breakfast,2017,11,0
19493,Rome,Italy,93,1.2,3.0,3.5,Hotel,2017,11,0
19495,Rome,Italy,61,1.2,,4.3,Bed and breakfast,2017,11,0
19498,Rome,Italy,88,2.2,,3.2,Vacation home Condo,2017,11,0
19501,Rome,Italy,69,0.9,,3.9,Guest House,2017,11,0
19502,Rome,Italy,69,0.9,,4.4,Bed and breakfast,2017,11,0
19504,Rome,Italy,63,1.4,,4.5,Bed and breakfast,2017,11,0
19505,Rome,Italy,76,0.8,,4.3,Bed and breakfast,2017,11,0
19508,Rome,Italy,56,0.8,,3.4,Bed and breakfast,2017,11,0
19509,Rome,Italy,56,0.8,,3.7,Guest House,2017,11,0
19511,Rome,Italy,78,0.9,,4.5,Guest House,2017,11,0
19513,Rome,Italy,49,1.0,,4.5,Guest House,2017,11,0
19515,Rome,Italy,67,1.0,,4.6,Guest House,2017,11,0
19516,Rome,Italy,56,0.9,,3.7,Guest House,2017,11,0
19518,Rome,Italy,93,1.0,,4.5,Guest House,2017,11,0
19520,Rome,Italy,65,0.9,,4.5,Bed and breakfast,2017,11,0
19522,Rome,Italy,98,1.2,,4.0,Bed and breakfast,2017,11,0
19525,Rome,Italy,110,1.2,,4.8,Guest House,2017,11,0
19526,Rome,Italy,191,0.5,4.0,4.3,Hotel,2017,11,0
19529,Rome,Italy,76,1.7,,,Guest House,2017,11,0
19532,Rome,Italy,78,0.5,,,Bed and breakfast,2017,11,0
19534,Rome,Italy,64,1.8,,5.0,Guest House,2017,11,0
19535,Rome,Italy,118,0.9,,3.5,Inn,2017,11,0
19537,Rome,Italy,74,0.8,2.0,3.4,Hotel,2017,11,0
19539,Rome,Italy,84,1.0,,3.7,Guest House,2017,11,0
19541,Rome,Italy,108,1.0,,4.6,Guest House,2017,11,0
19544,Rome,Italy,144,1.0,,4.6,Bed and breakfast,2017,11,0
19546,Rome,Italy,90,1.0,,4.5,Guest House,2017,11,0
19548,Rome,Italy,76,0.9,3.0,4.1,Hotel,2017,11,0
19550,Rome,Italy,66,0.9,1.0,3.5,Hotel,2017,11,0
19552,Rome,Italy,65,1.2,,3.9,Inn,2017,11,0
19554,Rome,Italy,76,1.1,3.0,3.7,Hotel,2017,11,0
19556,Rome,Italy,58,1.1,3.0,3.5,Hotel,2017,11,0
19560,Rome,Italy,77,0.9,2.0,3.0,Hotel,2017,11,0
19562,Rome,Italy,653,0.9,,5.0,Guest House,2017,11,0
19564,Rome,Italy,55,1.2,,2.4,Bed and breakfast,2017,11,0
19566,Rome,Italy,105,0.5,,5.0,Guest House,2017,11,0
19568,Rome,Italy,58,1.5,,3.9,Guest House,2017,11,0
19569,Rome,Italy,58,1.5,,3.9,Guest House,2017,11,0
19576,Rome,Italy,135,1.6,,,Apartment,2017,11,0
19577,Rome,Italy,136,1.1,2.0,4.3,Vacation home Condo,2017,11,0
19579,Rome,Italy,177,0.9,4.0,3.7,Hotel,2017,11,0
19582,Rome,Italy,56,0.9,,3.7,Bed and breakfast,2017,11,0
19585,Rome,Italy,77,1.6,4.0,3.4,Hotel,2017,11,0
19588,Rome,Italy,86,2.2,,4.0,Bed and breakfast,2017,11,0
19589,Rome,Italy,101,1.0,,4.0,Guest House,2017,11,0
19591,Rome,Italy,84,1.0,,4.0,Guest House,2017,11,0
19593,Rome,Italy,101,1.0,,3.7,Guest House,2017,11,0
19596,Rome,Italy,101,0.5,,3.7,Guest House,2017,11,0
19597,Rome,Italy,65,1.6,,4.5,Bed and breakfast,2017,11,0
19599,Rome,Italy,77,1.9,,4.8,Bed and breakfast,2017,11,0
19601,Rome,Italy,77,1.9,,4.8,Bed and breakfast,2017,11,0
19604,Rome,Italy,55,1.6,,4.5,Guest House,2017,11,0
19605,Rome,Italy,56,1.8,,2.7,Guest House,2017,11,0
19607,Rome,Italy,70,1.6,,4.1,Guest House,2017,11,0
19610,Rome,Italy,50,1.6,,3.0,Bed and breakfast,2017,11,0
19614,Rome,Italy,80,1.8,,3.2,Bed and breakfast,2017,11,0
19617,Rome,Italy,66,2.1,4.0,4.0,Hotel,2017,11,0
19623,Rome,Italy,67,1.3,,5.0,Bed and breakfast,2017,11,0
19626,Rome,Italy,61,1.8,,4.5,Guest House,2017,11,0
19628,Rome,Italy,40,1.8,,4.3,Bed and breakfast,2017,11,0
19630,Rome,Italy,75,1.8,,4.0,Bed and breakfast,2017,11,0
19631,Rome,Italy,56,1.8,,4.3,Bed and breakfast,2017,11,0
19635,Rome,Italy,99,1.5,,4.3,Bed and breakfast,2017,11,0
19637,Rome,Italy,116,1.4,3.0,4.1,Hotel,2017,11,0
19640,Rome,Italy,38,1.5,3.0,4.4,Hotel,2017,11,0
19641,Rome,Italy,74,1.4,,4.6,Apartment,2017,11,0
19643,Rome,Italy,60,1.5,,5.0,Guest House,2017,11,0
19646,Rome,Italy,67,1.5,,4.5,Apartment,2017,11,0
19651,Rome,Italy,209,1.3,,,Apartment,2017,11,0
19652,Rome,Italy,44,1.6,3.0,3.7,Vacation home Condo,2017,11,0
19654,Rome,Italy,67,1.0,,4.3,Guest House,2017,11,0
19656,Rome,Italy,75,0.7,,4.0,Bed and breakfast,2017,11,0
19657,Rome,Italy,104,0.8,,4.5,Guest House,2017,11,0
19659,Rome,Italy,77,0.6,,3.9,Bed and breakfast,2017,11,0
19662,Rome,Italy,58,1.4,,5.0,Bed and breakfast,2017,11,0
19664,Rome,Italy,58,1.3,,4.3,Guest House,2017,11,0
19666,Rome,Italy,57,1.3,,,Bed and breakfast,2017,11,0
19668,Rome,Italy,61,1.2,,4.0,Guest House,2017,11,0
19670,Rome,Italy,75,1.2,,4.4,Bed and breakfast,2017,11,0
19675,Rome,Italy,77,1.2,,4.3,Bed and breakfast,2017,11,0
19678,Rome,Italy,121,1.2,,4.6,Guest House,2017,11,0
19680,Rome,Italy,109,1.1,,4.8,Guest House,2017,11,0
19681,Rome,Italy,61,1.1,,3.9,Bed and breakfast,2017,11,0
19682,Rome,Italy,61,1.1,,3.7,Guest House,2017,11,0
19685,Rome,Italy,62,1.8,,4.3,Bed and breakfast,2017,11,0
19687,Rome,Italy,70,0.8,,4.4,Guest House,2017,11,0
19689,Rome,Italy,87,0.9,,4.5,Guest House,2017,11,0
19691,Rome,Italy,66,1.8,,,Bed and breakfast,2017,11,0
19692,Rome,Italy,74,1.8,,4.5,Bed and breakfast,2017,11,0
19694,Rome,Italy,212,1.2,,4.5,Inn,2017,11,0
19700,Rome,Italy,84,0.7,,4.3,Bed and breakfast,2017,11,0
19701,Rome,Italy,88,1.9,,4.0,Bed and breakfast,2017,11,0
19705,Rome,Italy,89,0.8,,3.7,Bed and breakfast,2017,11,0
19709,Rome,Italy,81,1.5,,3.7,Guest House,2017,11,0
19710,Rome,Italy,100,0.9,4.0,3.2,Hotel,2017,11,0
19712,Rome,Italy,136,0.9,,4.9,Guest House,2017,11,0
19714,Rome,Italy,93,1.5,3.0,4.1,Hotel,2017,11,0
19715,Rome,Italy,78,1.7,,3.7,Bed and breakfast,2017,11,0
19721,Rome,Italy,47,1.7,,4.3,Guest House,2017,11,0
19722,Rome,Italy,63,1.4,,4.8,Guest House,2017,11,0
19724,Rome,Italy,161,1.2,,,Apartment,2017,11,0
19727,Rome,Italy,42,1.7,,3.7,Bed and breakfast,2017,11,0
19731,Rome,Italy,87,1.3,3.0,4.5,Hotel,2017,11,0
19730,Rome,Italy,87,1.3,3.0,4.5,Hotel,2017,11,0
19733,Rome,Italy,76,1.4,,,Bed and breakfast,2017,11,0
19736,Rome,Italy,68,1.4,,,Apartment,2017,11,0
19737,Rome,Italy,82,1.4,,4.5,Bed and breakfast,2017,11,0
19739,Rome,Italy,61,1.4,,5.0,Bed and breakfast,2017,11,0
19740,Rome,Italy,116,1.3,,4.0,Bed and breakfast,2017,11,0
19745,Rome,Italy,80,1.8,,4.8,Guest House,2017,11,0
19747,Rome,Italy,78,1.5,,4.9,Guest House,2017,11,0
19749,Rome,Italy,149,0.8,,,Guest House,2017,11,0
19752,Rome,Italy,66,1.1,2.0,4.0,Hotel,2017,11,0
19754,Rome,Italy,164,1.2,,,Guest House,2017,11,0
19756,Rome,Italy,83,0.6,,4.0,Guest House,2017,11,0
19758,Rome,Italy,101,0.6,,4.1,Guest House,2017,11,0
19760,Rome,Italy,69,0.7,,,Guest House,2017,11,0
19761,Rome,Italy,90,0.9,,4.6,Bed and breakfast,2017,11,0
19763,Rome,Italy,58,0.9,,2.9,Guest House,2017,11,0
19764,Rome,Italy,59,0.9,,4.1,Guest House,2017,11,0
19766,Rome,Italy,105,1.4,,4.6,Guest House,2017,11,0
19768,Rome,Italy,78,1.4,,4.6,Bed and breakfast,2017,11,0
19770,Rome,Italy,88,1.4,,4.5,Guest House,2017,11,0
19773,Rome,Italy,67,1.4,3.0,4.0,Hotel,2017,11,0
19776,Rome,Italy,77,0.7,,3.5,Guest House,2017,11,0
19778,Rome,Italy,103,1.0,4.0,3.7,Hotel,2017,11,0
19780,Rome,Italy,84,1.2,,5.0,Guest House,2017,11,0
19783,Rome,Italy,47,1.2,,4.9,Apartment,2017,11,0
19786,Rome,Italy,104,1.2,3.0,4.5,Hotel,2017,11,0
19788,Rome,Italy,103,1.2,4.0,4.5,Hotel,2017,11,0
19790,Rome,Italy,54,0.8,,4.5,Bed and breakfast,2017,11,0
19792,Rome,Italy,63,0.8,,4.0,Guest House,2017,11,0
19793,Rome,Italy,188,0.7,4.0,4.3,Hotel,2017,11,0
19795,Rome,Italy,55,0.9,2.0,3.5,Hotel,2017,11,0
19800,Rome,Italy,62,1.1,,4.3,Bed and breakfast,2017,11,0
19803,Rome,Italy,111,1.0,,,Apartment,2017,11,0
19804,Rome,Italy,91,1.0,,4.0,Guest House,2017,11,0
19806,Rome,Italy,122,1.0,,4.6,Guest House,2017,11,0
19808,Rome,Italy,121,0.8,3.0,4.1,Hotel,2017,11,0
19811,Rome,Italy,67,0.7,,4.5,Guest House,2017,11,0
19813,Rome,Italy,45,1.1,,4.5,Guest House,2017,11,0
19815,Rome,Italy,55,1.1,,4.5,Guest House,2017,11,0
19819,Rome,Italy,156,1.3,,4.6,Bed and breakfast,2017,11,0
19818,Rome,Italy,156,1.3,,4.6,Bed and breakfast,2017,11,0
19821,Rome,Italy,111,0.8,3.0,4.0,Hotel,2017,11,0
19825,Rome,Italy,62,2.3,,4.5,Hostel,2017,11,0
19826,Rome,Italy,72,1.6,3.0,4.4,Hotel,2017,11,0
19828,Rome,Italy,90,1.6,,,Bed and breakfast,2017,11,0
19829,Rome,Italy,117,1.1,,4.9,Guest House,2017,11,0
19833,Rome,Italy,126,1.1,,4.5,Bed and breakfast,2017,11,0
19836,Rome,Italy,71,1.5,3.0,3.9,Hotel,2017,11,0
19839,Rome,Italy,111,0.9,,4.5,Bed and breakfast,2017,11,0
19841,Rome,Italy,68,1.5,,4.0,Guest House,2017,11,0
19845,Rome,Italy,48,1.5,,3.5,Guest House,2017,11,0
19847,Rome,Italy,78,1.5,,3.5,Guest House,2017,11,0
19848,Rome,Italy,327,1.5,,4.4,Guest House,2017,11,0
19852,Rome,Italy,84,1.3,,2.0,Guest House,2017,11,0
19853,Rome,Italy,91,1.3,,4.5,Guest House,2017,11,0
19855,Rome,Italy,111,1.2,,3.0,Bed and breakfast,2017,11,0
19861,Rome,Italy,80,1.5,,3.2,Inn,2017,11,0
19863,Rome,Italy,64,1.5,,4.0,Guest House,2017,11,0
19864,Rome,Italy,62,0.8,,3.5,Guest House,2017,11,0
19867,Rome,Italy,52,1.2,,4.5,Guest House,2017,11,0
19870,Rome,Italy,68,1.4,,4.5,Guest House,2017,11,0
19873,Rome,Italy,87,1.6,4.0,3.9,Hotel,2017,11,0
19876,Rome,Italy,70,1.6,,4.4,Guest House,2017,11,0
19875,Rome,Italy,70,1.6,,4.4,Guest House,2017,11,0
19878,Rome,Italy,111,1.2,,4.0,Apartment,2017,11,0
19879,Rome,Italy,59,1.2,,4.3,Guest House,2017,11,0
19882,Rome,Italy,61,1.2,,3.2,Guest House,2017,11,0
19883,Rome,Italy,60,1.7,,4.3,Bed and breakfast,2017,11,0
19887,Rome,Italy,84,1.0,,,Guest House,2017,11,0
19889,Rome,Italy,101,1.1,,4.6,Guest House,2017,11,0
19894,Rome,Italy,101,1.2,,4.0,Bed and breakfast,2017,11,0
19897,Rome,Italy,80,1.1,,3.2,Guest House,2017,11,0
19900,Rome,Italy,92,1.2,,4.3,Guest House,2017,11,0
19904,Rome,Italy,68,1.2,,4.1,Bed and breakfast,2017,11,0
19906,Rome,Italy,47,1.2,,3.7,Bed and breakfast,2017,11,0
19908,Rome,Italy,54,0.8,,4.3,Guest House,2017,11,0
19911,Rome,Italy,109,0.9,,4.3,Guest House,2017,11,0
19910,Rome,Italy,109,0.9,,4.3,Guest House,2017,11,0
19912,Rome,Italy,87,0.9,,4.0,Guest House,2017,11,0
19914,Rome,Italy,87,0.9,,4.9,Guest House,2017,11,0
19916,Rome,Italy,69,0.8,,,Bed and breakfast,2017,11,0
19918,Rome,Italy,90,1.2,,5.0,Guest House,2017,11,0
19920,Rome,Italy,61,1.2,,4.1,Guest House,2017,11,0
19924,Rome,Italy,69,1.2,,4.0,Guest House,2017,11,0
19927,Rome,Italy,135,1.2,,,Guest House,2017,11,0
19929,Rome,Italy,58,1.0,,4.5,Guest House,2017,11,0
19932,Rome,Italy,75,1.2,,3.5,Guest House,2017,11,0
19933,Rome,Italy,101,0.8,,4.8,Guest House,2017,11,0
19934,Rome,Italy,56,1.8,3.0,3.5,Hotel,2017,11,0
19936,Rome,Italy,45,2.0,3.0,3.4,Vacation home Condo,2017,11,0
19938,Rome,Italy,67,0.8,2.0,3.5,Hotel,2017,11,0
19940,Rome,Italy,80,2.0,,4.3,Guest House,2017,11,0
19943,Rome,Italy,91,1.7,,5.0,Guest House,2017,11,0
19945,Rome,Italy,123,1.6,,4.0,Apartment,2017,11,0
19947,Rome,Italy,73,1.5,,4.5,Bed and breakfast,2017,11,0
19948,Rome,Italy,75,1.5,,4.5,Guest House,2017,11,0
19949,Rome,Italy,60,1.5,,4.3,Guest House,2017,11,0
19953,Rome,Italy,61,1.5,,4.1,Bed and breakfast,2017,11,0
19956,Rome,Italy,50,1.6,,3.5,Inn,2017,11,0
19957,Rome,Italy,196,1.4,4.0,4.5,Hotel,2017,11,0
19960,Rome,Italy,77,1.2,,4.0,Guest House,2017,11,0
19962,Rome,Italy,74,1.2,,4.0,Guest House,2017,11,0
19963,Rome,Italy,79,1.2,,3.7,Guest House,2017,11,0
19970,Rome,Italy,66,0.9,,4.1,Guest House,2017,11,0
19973,Rome,Italy,130,1.1,,4.4,Guest House,2017,11,0
19974,Rome,Italy,58,1.0,,4.5,Guest House,2017,11,0
19976,Rome,Italy,185,1.8,,4.0,Apartment,2017,11,0
19978,Rome,Italy,50,0.8,,3.7,Guest House,2017,11,0
19979,Rome,Italy,213,1.0,,4.0,Apartment,2017,11,0
19981,Rome,Italy,172,1.3,,5.0,Bed and breakfast,2017,11,0
19986,Rome,Italy,99,0.9,,4.5,Guest House,2017,11,0
19988,Rome,Italy,152,0.8,,4.0,Bed and breakfast,2017,11,0
19989,Rome,Italy,62,1.1,,4.5,Guest House,2017,11,0
19991,Rome,Italy,73,1.8,,4.4,Guest House,2017,11,0
20001,Rome,Italy,75,1.3,3.0,3.9,Hotel,2017,11,0
20002,Rome,Italy,63,0.7,,,Bed and breakfast,2017,11,0
20004,Rome,Italy,97,1.3,,4.9,Guest House,2017,11,0
20006,Rome,Italy,62,1.1,,4.5,Guest House,2017,11,0
20007,Rome,Italy,84,1.4,,,Guest House,2017,11,0
20008,Rome,Italy,55,1.6,,3.9,Guest House,2017,11,0
20010,Rome,Italy,61,1.4,,4.0,Bed and breakfast,2017,11,0
20012,Rome,Italy,50,1.2,,3.4,Guest House,2017,11,0
20014,Rome,Italy,149,1.0,3.0,4.5,Hotel,2017,11,0
20013,Rome,Italy,149,1.0,3.0,4.5,Hotel,2017,11,0
20015,Rome,Italy,86,1.4,,4.3,Guest House,2017,11,0
20018,Rome,Italy,60,1.0,,4.0,Guest House,2017,11,0
20019,Rome,Italy,50,1.3,,3.2,Bed and breakfast,2017,11,0
20023,Rome,Italy,87,1.0,,4.0,Guest House,2017,11,0
20025,Rome,Italy,81,1.2,,5.0,Guest House,2017,11,0
20027,Rome,Italy,92,0.5,,4.3,Bed and breakfast,2017,11,0
20029,Rome,Italy,260,0.5,5.0,4.0,Hotel,2017,11,0
20031,Rome,Italy,86,0.5,,3.7,Guest House,2017,11,0
20033,Rome,Italy,116,0.5,,4.1,Guest House,2017,11,0
20035,Rome,Italy,202,0.5,4.0,4.8,Hotel,2017,11,0
20037,Rome,Italy,88,0.5,,4.6,Guest House,2017,11,0
20040,Rome,Italy,113,0.5,3.0,4.0,Hotel,2017,11,0
20042,Rome,Italy,131,0.5,4.0,3.9,Hotel,2017,11,0
20045,Rome,Italy,260,0.5,5.0,4.4,Hotel,2017,11,0
20046,Rome,Italy,100,0.5,,4.1,Guest House,2017,11,0
20048,Rotterdam,Netherlands,69,13.0,4.0,4.4,Hotel,2017,11,0
20049,Rotterdam,Netherlands,102,4.5,4.0,4.0,Hotel,2017,11,0
20050,Rotterdam,Netherlands,108,0.3,4.0,3.9,Hotel,2017,11,0
20051,Rotterdam,Netherlands,76,0.6,3.0,3.2,Hotel,2017,11,0
20052,Rotterdam,Netherlands,150,0.6,3.5,4.5,Apartment,2017,11,0
20053,Rotterdam,Netherlands,109,0.6,3.0,4.0,Hotel,2017,11,0
20055,Rotterdam,Netherlands,83,0.8,2.5,3.4,Hotel,2017,11,0
20056,Rotterdam,Netherlands,120,0.7,4.0,4.5,Hotel,2017,11,0
20058,Rotterdam,Netherlands,70,0.8,4.0,3.7,Hotel,2017,11,0
20059,Rotterdam,Netherlands,80,0.1,3.0,2.7,Hotel,2017,11,0
20060,Rotterdam,Netherlands,172,0.8,5.0,4.6,Hotel,2017,11,0
20062,Rotterdam,Netherlands,106,0.7,3.0,4.0,Hotel,2017,11,0
20063,Rotterdam,Netherlands,116,0.5,3.0,4.1,Hotel,2017,11,0
20064,Rotterdam,Netherlands,116,0.4,2.5,3.5,Hotel,2017,11,0
20065,Rotterdam,Netherlands,49,0.7,2.0,3.7,Hostel,2017,11,0
20066,Rotterdam,Netherlands,92,1.4,3.0,1.3,Hotel,2017,11,0
20067,Rotterdam,Netherlands,187,0.1,5.0,4.5,Hotel,2017,11,0
20068,Rotterdam,Netherlands,104,0.4,3.0,3.5,Bed and breakfast,2017,11,0
20069,Rotterdam,Netherlands,107,0.1,3.0,4.1,Hotel,2017,11,0
20070,Rotterdam,Netherlands,186,0.1,5.0,4.5,Hotel,2017,11,0
20071,Rotterdam,Netherlands,149,0.2,4.0,4.9,Apartment,2017,11,0
20072,Rotterdam,Netherlands,55,0.5,2.0,3.5,Hotel,2017,11,0
20073,Rotterdam,Netherlands,166,0.5,4.0,4.0,Hotel,2017,11,0
20074,Rotterdam,Netherlands,103,0.7,3.0,4.4,Hotel,2017,11,0
20075,Rotterdam,Netherlands,87,0.7,3.0,4.0,Hotel,2017,11,0
20076,Rotterdam,Netherlands,113,1.0,3.0,3.7,Hotel,2017,11,0
20078,Rotterdam,Netherlands,104,0.6,3.5,4.3,Apartment,2017,11,0
20079,Rotterdam,Netherlands,87,0.7,3.0,4.4,Hotel,2017,11,0
20082,Rotterdam,Netherlands,119,1.5,4.0,4.1,Hotel,2017,11,0
20083,Rotterdam,Netherlands,114,1.3,2.0,2.5,Hotel,2017,11,0
20084,Rotterdam,Netherlands,79,0.6,3.0,4.0,Hotel,2017,11,0
20085,Rotterdam,Netherlands,133,11.0,3.0,3.9,Hotel,2017,11,0
20086,Rotterdam,Netherlands,55,14.0,2.0,3.4,Hostel,2017,11,0
20087,Rotterdam,Netherlands,88,12.0,3.0,3.7,Hotel,2017,11,0
20089,Rotterdam,Netherlands,145,12.0,3.5,4.5,Hotel,2017,11,0
20090,Rotterdam,Netherlands,103,13.0,3.0,4.0,Hotel,2017,11,0
20091,Rotterdam,Netherlands,100,13.0,3.0,3.5,Hotel,2017,11,0
20092,Rotterdam,Netherlands,121,13.0,3.0,3.7,Hotel,2017,11,0
20093,Rotterdam,Netherlands,83,13.0,3.0,3.0,Hotel,2017,11,0
20094,Rotterdam,Netherlands,131,17.0,3.0,3.7,Hotel,2017,11,0
20095,Rotterdam,Netherlands,68,23.0,3.0,3.2,Hotel,2017,11,0
20096,Rotterdam,Netherlands,82,12.0,2.0,3.7,Hotel,2017,11,0
20097,Rotterdam,Netherlands,121,12.0,4.0,4.5,Hotel,2017,11,0
20099,Rotterdam,Netherlands,80,17.0,3.5,4.0,Hotel,2017,11,0
20100,Rotterdam,Netherlands,145,17.0,4.0,4.4,Resort,2017,11,0
20102,Rotterdam,Netherlands,145,5.3,4.0,4.5,Hotel,2017,11,0
20103,Rotterdam,Netherlands,92,4.3,2.0,4.0,Hotel,2017,11,0
20104,Rotterdam,Netherlands,88,4.9,3.0,3.7,Hotel,2017,11,0
20105,Rotterdam,Netherlands,156,9.1,4.0,4.4,Hotel,2017,11,0
20106,Rotterdam,Netherlands,156,1.4,4.0,4.4,Hotel,2017,11,0
20107,Rotterdam,Netherlands,148,1.4,4.0,3.7,Bed and breakfast,2017,11,0
20109,Rotterdam,Netherlands,139,1.3,4.0,4.8,Hotel,2017,11,0
20110,Rotterdam,Netherlands,196,1.3,4.0,4.3,Hotel,2017,11,0
20111,Rotterdam,Netherlands,95,9.1,4.0,4.0,Hotel,2017,11,0
20112,Rotterdam,Netherlands,98,8.7,3.0,4.0,Bed and breakfast,2017,11,0
20113,Rotterdam,Netherlands,69,22.0,3.0,3.4,Hotel,2017,11,0
20114,Rotterdam,Netherlands,46,7.5,3.5,,,2017,11,0
20115,Rotterdam,Netherlands,106,7.3,4.0,4.4,Hotel,2017,11,0
20116,Rotterdam,Netherlands,176,1.4,4.0,4.0,Hotel,2017,11,0
20118,Rotterdam,Netherlands,69,0.4,2.0,3.9,Hotel,2017,11,0
20119,Rotterdam,Netherlands,133,14.0,4.0,4.9,Hotel,2017,11,0
20120,Rotterdam,Netherlands,168,27.0,3.0,4.5,,2017,11,0
20121,Rotterdam,Netherlands,133,24.0,4.0,4.4,Hotel,2017,11,0
20122,Rotterdam,Netherlands,119,10.0,4.0,4.3,Hotel,2017,11,0
20124,Rotterdam,Netherlands,104,18.0,3.5,,Hotel,2017,11,0
20125,Rotterdam,Netherlands,85,3.0,4.0,3.7,Hotel,2017,11,0
20126,Rotterdam,Netherlands,133,2.4,4.0,4.4,Hotel,2017,11,0
20127,Rotterdam,Netherlands,64,3.4,3.0,3.4,Hotel,2017,11,0
20128,Rotterdam,Netherlands,58,2.0,4.0,3.5,Hotel,2017,11,0
20129,Rotterdam,Netherlands,119,2.3,4.0,4.5,Hotel,2017,11,0
20130,Rotterdam,Netherlands,59,2.3,3.0,,Hotel,2017,11,0
20131,Rotterdam,Netherlands,120,2.6,4.0,4.0,Hotel,2017,11,0
20132,Rotterdam,Netherlands,84,1.3,3.0,4.1,Hotel,2017,11,0
20134,Rotterdam,Netherlands,64,1.0,2.0,3.7,Hostel,2017,11,0
20135,Rotterdam,Netherlands,110,4.2,4.0,4.1,Hotel,2017,11,0
20136,Rotterdam,Netherlands,152,8.7,4.0,4.0,Hotel,2017,11,0
20137,Rotterdam,Netherlands,127,8.2,3.0,3.7,Hotel,2017,11,0
20138,Rotterdam,Netherlands,64,4.7,3.0,3.4,Hotel,2017,11,0
20139,Rotterdam,Netherlands,129,5.8,4.0,4.1,Hotel,2017,11,0
20141,Rotterdam,Netherlands,91,6.0,3.0,3.9,Hotel,2017,11,0
20146,Salzburg,Austria,92,8.8,3.0,4.9,Apartment,2017,11,0
20147,Salzburg,Austria,149,33.0,4.0,4.0,Hotel,2017,11,0
20151,Salzburg,Austria,173,0.6,4.0,4.5,Hotel,2017,11,0
20152,Salzburg,Austria,319,0.3,5.0,4.5,Hotel,2017,11,0
20153,Salzburg,Austria,236,0.3,4.0,4.5,Hotel,2017,11,0
20154,Salzburg,Austria,212,0.2,4.0,4.6,Hotel,2017,11,0
20155,Salzburg,Austria,159,0.2,4.0,4.4,Hotel,2017,11,0
20156,Salzburg,Austria,100,0.4,4.0,3.7,Hotel,2017,11,0
20157,Salzburg,Austria,103,0.3,4.0,4.3,Hotel,2017,11,0
20158,Salzburg,Austria,172,0.2,5.0,4.0,Hotel,2017,11,0
20159,Salzburg,Austria,163,4.5,4.0,4.3,Hotel,2017,11,0
20160,Salzburg,Austria,159,4.0,4.0,4.0,Hotel,2017,11,0
20161,Salzburg,Austria,80,3.0,3.0,4.0,Hotel,2017,11,0
20162,Salzburg,Austria,120,3.6,3.0,4.3,Hotel,2017,11,0
20163,Salzburg,Austria,100,4.3,3.5,4.6,Hotel,2017,11,0
20164,Salzburg,Austria,150,5.2,3.0,3.5,Hotel,2017,11,0
20165,Salzburg,Austria,118,4.0,4.0,4.1,Hotel,2017,11,0
20186,Salzburg,Austria,69,49.0,3.0,3.2,Pension,2017,11,0
20188,Salzburg,Austria,153,44.0,4.0,4.1,Hotel,2017,11,0
20191,Salzburg,Austria,92,44.0,3.0,4.3,Hotel,2017,11,0
20192,Salzburg,Austria,204,44.0,4.5,4.8,Hotel,2017,11,0
20193,Salzburg,Austria,41,44.0,4.0,4.0,Apartment,2017,11,0
20200,Salzburg,Austria,146,43.0,4.0,3.5,Hotel,2017,11,0
20201,Salzburg,Austria,56,43.0,3.0,3.9,Hotel,2017,11,0
20202,Salzburg,Austria,52,44.0,3.0,3.0,Apart-hotel,2017,11,0
20205,Salzburg,Austria,70,3.0,3.0,4.0,Hotel,2017,11,0
20206,Salzburg,Austria,62,37.0,2.5,4.4,Bed and breakfast,2017,11,0
20207,Salzburg,Austria,134,37.0,3.0,4.1,Hotel,2017,11,0
20208,Salzburg,Austria,104,37.0,3.0,3.4,Hotel,2017,11,0
20209,Salzburg,Austria,239,0.4,5.0,4.5,Hotel,2017,11,0
20210,Salzburg,Austria,128,0.4,4.0,4.6,Hotel,2017,11,0
20211,Salzburg,Austria,111,0.1,3.0,4.1,Guest House,2017,11,0
20212,Salzburg,Austria,139,0.1,3.0,4.5,Hotel,2017,11,0
20213,Salzburg,Austria,117,0.3,4.0,4.0,Hotel,2017,11,0
20214,Salzburg,Austria,98,0.3,4.0,4.4,Hotel,2017,11,0
20215,Salzburg,Austria,97,0.4,4.0,4.3,Hotel,2017,11,0
20216,Salzburg,Austria,84,0.5,3.5,3.5,Hotel,2017,11,0
20217,Salzburg,Austria,426,0.4,3.5,4.0,Apartment,2017,11,0
20218,Salzburg,Austria,179,0.1,4.0,4.4,Hotel,2017,11,0
20219,Salzburg,Austria,90,0.1,3.0,3.7,Hotel,2017,11,0
20221,Salzburg,Austria,146,0.2,4.0,4.1,Hotel,2017,11,0
20222,Salzburg,Austria,313,0.1,5.0,4.5,Hotel,2017,11,0
20223,Salzburg,Austria,99,0.5,4.0,4.0,Hotel,2017,11,0
20224,Salzburg,Austria,109,0.5,4.0,4.3,Hotel,2017,11,0
20225,Salzburg,Austria,101,0.2,4.0,4.0,Hotel,2017,11,0
20226,Salzburg,Austria,76,0.5,3.0,3.7,Hotel,2017,11,0
20227,Salzburg,Austria,130,0.4,4.0,4.4,Hotel,2017,11,0
20228,Salzburg,Austria,107,0.5,4.0,4.1,Hotel,2017,11,0
20229,Salzburg,Austria,125,0.0,3.0,4.5,Hotel,2017,11,0
20230,Salzburg,Austria,112,0.4,4.0,4.0,Hotel,2017,11,0
20231,Salzburg,Austria,67,0.3,3.0,4.0,Hotel,2017,11,0
20232,Salzburg,Austria,417,0.1,5.0,4.6,Hotel,2017,11,0
20233,Salzburg,Austria,152,0.2,4.0,4.1,Hotel,2017,11,0
20234,Salzburg,Austria,72,39.0,4.0,4.3,Hotel,2017,11,0
20238,Salzburg,Austria,97,0.7,3.0,4.4,Hotel,2017,11,0
20239,Salzburg,Austria,85,0.8,2.0,3.9,Guest House,2017,11,0
20240,Salzburg,Austria,203,1.0,4.0,4.0,Hotel,2017,11,0
20242,Salzburg,Austria,142,0.9,4.0,3.9,Hotel,2017,11,0
20243,Salzburg,Austria,64,0.8,2.0,3.7,Hostel,2017,11,0
20244,Salzburg,Austria,118,0.9,4.0,4.3,Hotel,2017,11,0
20245,Salzburg,Austria,157,0.8,4.0,3.7,Hotel,2017,11,0
20246,Salzburg,Austria,111,0.7,4.0,4.3,Hotel,2017,11,0
20247,Salzburg,Austria,89,0.6,3.0,2.7,Hotel,2017,11,0
20248,Salzburg,Austria,72,0.7,3.0,3.5,Hotel,2017,11,0
20249,Salzburg,Austria,102,0.6,4.0,4.1,Hotel,2017,11,0
20250,Salzburg,Austria,94,0.8,4.0,4.1,Hotel,2017,11,0
20251,Salzburg,Austria,229,4.7,4.5,4.5,Hotel,2017,11,0
20252,Salzburg,Austria,105,6.1,3.0,4.6,Hotel,2017,11,0
20263,Salzburg,Austria,110,12.0,4.0,4.1,Hotel,2017,11,0
20265,Salzburg,Austria,197,9.4,4.0,4.5,Hotel,2017,11,0
20266,Salzburg,Austria,377,9.7,5.0,4.8,Hotel,2017,11,0
20267,Salzburg,Austria,69,1.1,2.0,4.0,Hostel,2017,11,0
20269,Salzburg,Austria,67,1.6,3.0,4.0,Apartment,2017,11,0
20270,Salzburg,Austria,74,1.5,3.0,3.5,Guest House,2017,11,0
20271,Salzburg,Austria,124,1.0,3.5,4.0,Hotel,2017,11,0
20272,Salzburg,Austria,108,15.0,3.0,4.1,Hotel,2017,11,0
20273,Salzburg,Austria,150,5.2,4.0,4.4,Hotel,2017,11,0
20275,Salzburg,Austria,135,5.2,3.0,,Hotel,2017,11,0
20280,Salzburg,Austria,241,39.0,4.5,4.8,Hotel,2017,11,0
20281,Salzburg,Austria,100,8.4,3.0,4.3,Hotel,2017,11,0
20282,Salzburg,Austria,81,6.8,3.0,4.3,Pension,2017,11,0
20284,Salzburg,Austria,84,7.3,2.5,5.0,Guest House,2017,11,0
20285,Salzburg,Austria,96,47.0,3.0,5.0,Apartment,2017,11,0
20286,Salzburg,Austria,90,47.0,3.0,,Apartment,2017,11,0
20287,Salzburg,Austria,188,39.0,4.0,4.0,Hotel,2017,11,0
20288,Salzburg,Austria,131,39.0,4.0,,Apartment,2017,11,0
20289,Salzburg,Austria,131,39.0,4.0,,Apartment,2017,11,0
20290,Salzburg,Austria,123,39.0,3.0,4.6,Pension,2017,11,0
20291,Salzburg,Austria,250,39.0,4.0,,Apartment,2017,11,0
20293,Salzburg,Austria,113,40.0,3.5,5.0,Apartment,2017,11,0
20294,Salzburg,Austria,109,40.0,4.0,4.6,Apart-hotel,2017,11,0
20295,Salzburg,Austria,131,39.0,4.0,5.0,Apartment,2017,11,0
20297,Salzburg,Austria,111,40.0,2.0,4.3,Hotel,2017,11,0
20298,Salzburg,Austria,113,40.0,3.5,3.0,Apartment,2017,11,0
20300,Salzburg,Austria,155,40.0,4.0,4.1,Hotel,2017,11,0
20301,Salzburg,Austria,97,39.0,3.0,4.1,Pension,2017,11,0
20302,Salzburg,Austria,220,39.0,3.5,,Apartment,2017,11,0
20304,Salzburg,Austria,185,39.0,4.0,5.0,Hotel,2017,11,0
20305,Salzburg,Austria,161,39.0,4.0,4.3,Hotel,2017,11,0
20306,Salzburg,Austria,147,39.0,4.0,4.0,Hotel,2017,11,0
20307,Salzburg,Austria,141,39.0,4.0,4.3,Hotel,2017,11,0
20309,Salzburg,Austria,197,39.0,4.0,4.4,Hotel,2017,11,0
20310,Salzburg,Austria,334,38.0,4.5,4.6,Hotel,2017,11,0
20313,Salzburg,Austria,93,4.7,2.0,4.5,Guest House,2017,11,0
20315,Salzburg,Austria,416,30.0,4.0,5.0,Hotel,2017,11,0
20318,Salzburg,Austria,248,29.0,4.0,,Apartment,2017,11,0
20319,Salzburg,Austria,377,29.0,4.5,,Hotel,2017,11,0
20321,Salzburg,Austria,152,29.0,4.0,5.0,Hotel,2017,11,0
20323,Salzburg,Austria,182,1.9,4.0,4.5,Hotel,2017,11,0
20324,Salzburg,Austria,197,0.9,3.0,4.5,Hotel,2017,11,0
20325,Salzburg,Austria,101,1.6,4.0,3.7,Hotel,2017,11,0
20326,Salzburg,Austria,113,1.6,4.0,4.5,Hotel,2017,11,0
20327,Salzburg,Austria,93,1.7,3.0,4.1,Hotel,2017,11,0
20328,Salzburg,Austria,121,2.3,3.0,4.0,Hotel,2017,11,0
20329,Salzburg,Austria,78,2.6,3.0,3.7,Hotel,2017,11,0
20332,Salzburg,Austria,69,22.0,3.0,,Apartment,2017,11,0
20336,Salzburg,Austria,139,27.0,4.0,5.0,Apart-hotel,2017,11,0
20342,Salzburg,Austria,66,1.2,2.5,3.7,Hotel,2017,11,0
20343,Salzburg,Austria,104,1.0,3.0,4.0,Hotel,2017,11,0
20344,Salzburg,Austria,79,1.1,3.0,3.7,Hotel,2017,11,0
20345,Salzburg,Austria,77,1.2,3.0,4.1,Hotel,2017,11,0
20346,Salzburg,Austria,197,0.8,3.5,4.4,Apartment,2017,11,0
20347,Salzburg,Austria,110,45.0,3.0,3.5,Pension,2017,11,0
20348,Salzburg,Austria,89,45.0,3.0,5.0,Guest House,2017,11,0
20349,Salzburg,Austria,253,44.0,4.0,4.9,Hotel,2017,11,0
20351,Salzburg,Austria,78,41.0,2.5,,Pension,2017,11,0
20352,Salzburg,Austria,101,1.5,4.0,4.1,Hotel,2017,11,0
20353,Salzburg,Austria,95,0.7,2.0,3.7,Hotel,2017,11,0
20354,Salzburg,Austria,109,0.9,4.0,4.0,Hotel,2017,11,0
20355,Salzburg,Austria,566,39.0,4.0,,Chalet,2017,11,0
20357,Salzburg,Austria,159,6.2,3.0,4.5,Pension,2017,11,0
20358,Salzburg,Austria,130,6.2,3.0,4.1,Pension,2017,11,0
20359,Salzburg,Austria,66,5.2,3.0,3.7,Hotel,2017,11,0
20360,Salzburg,Austria,225,5.6,4.0,4.6,Hotel,2017,11,0
20361,Salzburg,Austria,65,36.0,3.0,4.5,Hotel,2017,11,0
20371,Salzburg,Austria,185,36.0,4.0,4.5,Hotel,2017,11,0
20380,Salzburg,Austria,116,28.0,4.0,3.7,Hotel,2017,11,0
20382,Salzburg,Austria,222,28.0,4.5,4.5,Hotel,2017,11,0
20383,Salzburg,Austria,192,27.0,4.0,4.5,Hotel,2017,11,0
20384,Salzburg,Austria,104,1.4,3.0,4.3,Hotel,2017,11,0
20385,Salzburg,Austria,66,1.4,2.0,3.5,Hotel,2017,11,0
20386,Salzburg,Austria,463,2.3,4.0,3.9,Hotel,2017,11,0
20387,Salzburg,Austria,115,1.0,4.0,4.0,Hotel,2017,11,0
20388,Salzburg,Austria,85,1.9,3.0,4.3,Hotel,2017,11,0
20389,Salzburg,Austria,88,1.3,3.0,3.7,Hotel,2017,11,0
20390,Salzburg,Austria,94,2.1,3.0,3.5,Hotel,2017,11,0
20391,Salzburg,Austria,161,2.4,4.0,3.5,Hotel,2017,11,0
20392,Salzburg,Austria,58,1.9,2.0,3.5,Hostel,2017,11,0
20393,Salzburg,Austria,173,2.6,4.0,4.5,Hotel,2017,11,0
20396,Salzburg,Austria,96,0.5,3.0,4.0,Hotel,2017,11,0
20397,Salzburg,Austria,77,1.1,3.0,3.4,Hotel,2017,11,0
20398,Salzburg,Austria,121,1.8,3.0,4.0,Hotel,2017,11,0
20400,Salzburg,Austria,81,0.9,3.0,,Apartment,2017,11,0
20401,Salzburg,Austria,102,1.4,4.0,4.1,Hotel,2017,11,0
20403,Salzburg,Austria,68,0.5,4.0,3.4,Hotel,2017,11,0
20404,Salzburg,Austria,197,0.7,3.5,4.0,Apartment,2017,11,0
20405,Salzburg,Austria,89,2.1,3.0,3.9,Hotel,2017,11,0
20407,Salzburg,Austria,95,34.0,3.0,4.4,Pension,2017,11,0
20408,Salzburg,Austria,211,34.0,4.0,4.5,Hotel,2017,11,0
20410,Salzburg,Austria,204,34.0,4.5,4.6,Hotel,2017,11,0
20413,Salzburg,Austria,139,32.0,4.0,4.3,Hotel,2017,11,0
20417,Salzburg,Austria,109,57.0,3.0,4.6,Hotel,2017,11,0
20419,Salzburg,Austria,105,0.5,4.0,4.0,Hotel,2017,11,0
20420,Salzburg,Austria,110,0.6,3.0,4.5,Hotel,2017,11,0
20421,Salzburg,Austria,97,0.6,3.0,4.0,Hotel,2017,11,0
20422,Salzburg,Austria,106,0.6,4.0,3.9,Hotel,2017,11,0
20423,Salzburg,Austria,88,0.6,4.0,4.0,Hotel,2017,11,0
20424,Salzburg,Austria,69,0.6,3.0,3.5,Pension,2017,11,0
20425,Salzburg,Austria,65,0.9,1.0,3.7,Guest House,2017,11,0
20426,Salzburg,Austria,63,0.6,3.0,3.7,Hotel,2017,11,0
20427,Salzburg,Austria,61,1.2,4.0,2.7,Hotel,2017,11,0
20428,Salzburg,Austria,104,43.0,3.0,,Pension,2017,11,0
20433,Salzburg,Austria,148,45.0,4.0,4.8,Hotel,2017,11,0
20442,Salzburg,Austria,125,3.9,3.0,4.4,Hotel,2017,11,0
20443,Salzburg,Austria,101,2.9,3.0,4.0,Hotel,2017,11,0
20445,Salzburg,Austria,179,4.5,4.0,4.6,Hotel,2017,11,0
20446,Salzburg,Austria,149,4.1,4.0,4.5,Hotel,2017,11,0
20447,Salzburg,Austria,162,3.8,4.0,3.7,Hotel,2017,11,0
20448,Salzburg,Austria,319,2.6,4.0,3.9,Hotel,2017,11,0
20450,Salzburg,Austria,176,25.0,4.0,4.5,Hotel,2017,11,0
20453,Salzburg,Austria,145,15.0,3.5,,Apartment,2017,11,0
20454,Salzburg,Austria,171,15.0,4.0,4.5,Hotel,2017,11,0
20456,Salzburg,Austria,169,36.0,4.0,4.0,Hotel,2017,11,0
20458,Salzburg,Austria,172,35.0,4.5,4.3,Hotel,2017,11,0
20467,Salzburg,Austria,154,36.0,3.0,4.0,Hotel,2017,11,0
20468,Salzburg,Austria,165,37.0,4.0,4.0,Hotel,2017,11,0
20474,Salzburg,Austria,95,35.0,4.0,4.0,Hotel,2017,11,0
20475,Salzburg,Austria,232,35.0,3.5,,Vacation home Condo,2017,11,0
20477,Salzburg,Austria,234,35.0,4.0,,Apartment,2017,11,0
20481,Samara,Russia,67,0.9,3.0,4.5,Hotel,2017,11,0
20482,Samara,Russia,61,6.1,2.0,,Hotel,2017,11,0
20483,Samara,Russia,51,12.0,3.0,4.1,Hotel,2017,11,0
20484,Samara,Russia,50,5.1,3.0,3.7,Hotel,2017,11,0
20485,Samara,Russia,27,5.0,3.0,,Hotel,2017,11,0
20486,Samara,Russia,51,0.6,3.0,5.0,Hotel,2017,11,0
20487,Samara,Russia,52,0.4,3.0,,Hotel,2017,11,0
20488,Samara,Russia,34,8.9,3.0,,Hotel,2017,11,0
20489,Samara,Russia,85,0.4,4.0,4.3,Hotel,2017,11,0
20490,Samara,Russia,25,0.5,2.0,,Hostel,2017,11,0
20491,Samara,Russia,30,0.5,2.0,5.0,Hotel,2017,11,0
20492,Samara,Russia,34,0.6,2.0,3.9,Hotel,2017,11,0
20493,Samara,Russia,39,8.7,3.0,,Hotel,2017,11,0
20494,Samara,Russia,34,4.0,3.0,4.0,Hotel,2017,11,0
20495,Samara,Russia,33,7.9,3.0,3.0,Hotel,2017,11,0
20496,Samara,Russia,54,7.5,3.0,,Hotel,2017,11,0
20497,Samara,Russia,44,8.1,3.0,4.0,Hotel,2017,11,0
20498,Samara,Russia,40,0.3,2.0,,Hotel,2017,11,0
20499,Samara,Russia,43,0.6,3.0,5.0,Hotel,2017,11,0
20500,Samara,Russia,48,3.3,3.0,,Hotel,2017,11,0
20501,Samara,Russia,46,4.6,3.0,3.9,Hotel,2017,11,0
20502,Samara,Russia,82,4.7,4.0,4.1,Hotel,2017,11,0
20503,Samara,Russia,55,3.6,3.0,4.5,Hotel,2017,11,0
20504,Samara,Russia,60,5.1,3.0,3.5,Hotel,2017,11,0
20505,Samara,Russia,37,7.6,3.0,5.0,Hotel,2017,11,0
20506,Samara,Russia,87,0.3,4.0,4.4,Hotel,2017,11,0
20507,Samara,Russia,27,5.0,3.0,,Guest House,2017,11,0
20508,Samara,Russia,33,4.8,3.0,,Hotel,2017,11,0
20509,Samara,Russia,29,2.0,2.5,4.0,Hotel,2017,11,0
20510,Samara,Russia,31,1.0,1.0,4.0,Hotel,2017,11,0
20511,Samara,Russia,41,1.6,3.0,,Hotel,2017,11,0
20512,Samara,Russia,46,1.6,3.0,3.2,Hotel,2017,11,0
20513,Samara,Russia,53,1.0,2.0,4.0,Hotel,2017,11,0
20514,Samara,Russia,60,1.6,3.0,,Hotel,2017,11,0
20515,Seville,Spain,71,0.8,3.0,4.0,Hotel,2017,11,0
20516,Seville,Spain,108,0.9,1.0,4.4,Hostel,2017,11,0
20518,Seville,Spain,69,0.9,3.5,3.7,Apartment,2017,11,0
20519,Seville,Spain,81,1.0,4.0,3.9,Apartment,2017,11,0
20521,Seville,Spain,76,1.0,3.0,4.1,Hotel,2017,11,0
20522,Seville,Spain,40,0.5,1.0,3.0,Pension,2017,11,0
20523,Seville,Spain,40,0.4,2.0,2.7,Guest House,2017,11,0
20524,Seville,Spain,148,0.4,3.0,4.0,Hotel,2017,11,0
20525,Seville,Spain,122,0.5,2.0,4.4,Apartment,2017,11,0
20526,Seville,Spain,62,0.4,1.0,3.9,Hotel,2017,11,0
20527,Seville,Spain,40,0.4,2.5,3.2,Pension,2017,11,0
20528,Seville,Spain,50,4.3,3.0,3.7,Hotel,2017,11,0
20529,Seville,Spain,53,4.8,3.0,4.0,Hotel,2017,11,0
20530,Seville,Spain,46,4.3,1.0,3.0,Hotel,2017,11,0
20531,Seville,Spain,35,4.6,2.5,3.2,Apartment,2017,11,0
20533,Seville,Spain,122,0.3,3.0,3.7,Apartment,2017,11,0
20534,Seville,Spain,75,0.1,1.0,3.5,Hostel,2017,11,0
20537,Seville,Spain,97,0.2,1.0,4.0,Hotel,2017,11,0
20538,Seville,Spain,87,0.3,3.0,4.4,Hotel,2017,11,0
20539,Seville,Spain,114,0.1,3.5,4.3,Apartment,2017,11,0
20544,Seville,Spain,138,0.1,3.0,4.5,Hotel,2017,11,0
20545,Seville,Spain,82,0.2,3.0,4.4,Hotel,2017,11,0
20547,Seville,Spain,167,0.4,3.5,4.8,Apartment,2017,11,0
20548,Seville,Spain,243,0.3,4.0,4.5,Hotel,2017,11,0
20549,Seville,Spain,152,0.3,4.0,4.0,Hotel,2017,11,0
20550,Seville,Spain,567,0.3,5.0,5.0,Hotel,2017,11,0
20551,Seville,Spain,87,0.4,3.5,,Apartment,2017,11,0
20552,Seville,Spain,87,0.2,3.5,,Apartment,2017,11,0
20554,Seville,Spain,58,0.2,1.0,3.7,Hotel,2017,11,0
20555,Seville,Spain,58,0.4,2.0,4.3,Hostel,2017,11,0
20557,Seville,Spain,84,0.6,3.0,3.7,Apartment,2017,11,0
20558,Seville,Spain,114,0.4,3.5,4.3,Apartment,2017,11,0
20559,Seville,Spain,58,0.5,1.0,3.7,Hostel,2017,11,0
20560,Seville,Spain,127,0.5,3.0,3.7,Hotel,2017,11,0
20564,Seville,Spain,132,0.4,4.0,4.4,Hotel,2017,11,0
20567,Seville,Spain,140,0.1,3.5,,Apartment,2017,11,0
20569,Seville,Spain,156,0.1,2.0,4.1,Hotel,2017,11,0
20571,Seville,Spain,92,0.2,3.0,3.7,Apartment,2017,11,0
20573,Seville,Spain,242,0.3,4.0,4.3,Hotel,2017,11,0
20574,Seville,Spain,60,0.3,1.0,3.5,Hostel,2017,11,0
20575,Seville,Spain,103,0.5,4.0,4.4,Hotel,2017,11,0
20576,Seville,Spain,407,0.3,5.0,4.8,Hotel,2017,11,0
20578,Seville,Spain,122,0.3,3.0,4.4,Apartment,2017,11,0
20580,Seville,Spain,75,1.9,4.0,4.1,Hotel,2017,11,0
20581,Seville,Spain,100,0.8,4.0,3.7,Hotel,2017,11,0
20582,Seville,Spain,54,0.5,2.0,4.0,Hotel,2017,11,0
20583,Seville,Spain,63,0.6,2.0,4.0,Hotel,2017,11,0
20584,Seville,Spain,61,0.6,2.0,4.0,Hotel,2017,11,0
20585,Seville,Spain,160,0.5,4.0,4.0,Hotel,2017,11,0
20586,Seville,Spain,61,0.6,2.5,3.9,Hotel,2017,11,0
20588,Seville,Spain,183,0.6,4.0,4.6,Hotel,2017,11,0
20589,Seville,Spain,87,0.6,2.0,3.9,Hotel,2017,11,0
20591,Seville,Spain,91,0.6,3.5,5.0,Apartment,2017,11,0
20592,Seville,Spain,125,0.5,3.0,4.0,Apartment,2017,11,0
20594,Seville,Spain,39,0.5,1.0,3.7,Pension,2017,11,0
20595,Seville,Spain,91,0.6,4.0,3.7,Hotel,2017,11,0
20596,Seville,Spain,78,0.6,3.0,3.9,Hotel,2017,11,0
20599,Seville,Spain,162,0.5,4.0,4.0,Hotel,2017,11,0
20600,Seville,Spain,125,0.5,3.0,4.0,Hotel,2017,11,0
20601,Seville,Spain,121,0.6,3.0,4.0,Hotel,2017,11,0
20602,Seville,Spain,105,0.6,4.0,3.9,Hotel,2017,11,0
20603,Seville,Spain,76,3.7,4.0,4.1,Hotel,2017,11,0
20604,Seville,Spain,60,3.9,4.0,4.0,Hotel,2017,11,0
20605,Seville,Spain,102,3.0,4.0,3.9,Hotel,2017,11,0
20607,Seville,Spain,76,0.9,3.5,5.0,Apartment,2017,11,0
20608,Seville,Spain,69,0.7,3.5,,Apartment,2017,11,0
20611,Seville,Spain,176,1.2,4.0,4.3,Hotel,2017,11,0
20612,Seville,Spain,78,2.3,4.0,4.0,Hotel,2017,11,0
20613,Seville,Spain,138,2.2,3.0,4.5,Hotel,2017,11,0
20614,Seville,Spain,81,0.3,3.0,3.7,Hotel,2017,11,0
20615,Seville,Spain,161,0.1,3.0,4.0,Hotel,2017,11,0
20616,Seville,Spain,134,0.1,4.0,4.3,Hotel,2017,11,0
20617,Seville,Spain,66,0.4,1.0,4.8,Pension,2017,11,0
20619,Seville,Spain,209,0.1,3.5,5.0,Apartment,2017,11,0
20620,Seville,Spain,87,0.1,3.0,3.9,Hotel,2017,11,0
20621,Seville,Spain,241,0.2,2.0,4.8,Hostel,2017,11,0
20622,Seville,Spain,87,0.2,1.0,3.5,Hostel,2017,11,0
20624,Seville,Spain,91,0.2,2.0,4.0,Hotel,2017,11,0
20625,Seville,Spain,47,0.2,2.0,3.4,Hostel,2017,11,0
20626,Seville,Spain,150,0.2,3.5,5.0,Hotel,2017,11,0
20628,Seville,Spain,80,0.1,2.0,4.1,Hotel,2017,11,0
20629,Seville,Spain,121,0.1,3.0,4.4,Apartment,2017,11,0
20630,Seville,Spain,258,0.1,4.0,4.6,Hotel,2017,11,0
20632,Seville,Spain,172,0.1,4.0,4.5,Hotel,2017,11,0
20633,Seville,Spain,131,0.1,3.5,4.6,Apartment,2017,11,0
20634,Seville,Spain,147,0.1,4.0,4.0,Hotel,2017,11,0
20638,Seville,Spain,371,0.2,4.0,4.8,Hotel,2017,11,0
20639,Seville,Spain,157,0.0,4.0,4.1,Hotel,2017,11,0
20640,Seville,Spain,122,0.3,3.0,3.7,Apartment,2017,11,0
20641,Seville,Spain,121,0.2,3.5,4.3,Apartment,2017,11,0
20642,Seville,Spain,103,0.3,2.0,4.5,Hotel,2017,11,0
20643,Seville,Spain,110,0.1,4.0,4.3,Hotel,2017,11,0
20644,Seville,Spain,145,0.1,3.5,4.0,Hotel,2017,11,0
20649,Seville,Spain,104,1.0,4.0,4.1,Hotel,2017,11,0
20650,Seville,Spain,78,1.3,3.0,3.7,Hotel,2017,11,0
20651,Seville,Spain,117,0.8,4.0,4.1,Hotel,2017,11,0
20652,Seville,Spain,98,0.9,4.0,4.0,Hotel,2017,11,0
20653,Seville,Spain,145,1.1,4.0,4.0,Hotel,2017,11,0
20654,Seville,Spain,183,0.7,4.0,4.4,Hotel,2017,11,0
20655,Seville,Spain,100,0.9,4.0,4.1,Hotel,2017,11,0
20657,Seville,Spain,46,0.4,1.0,1.2,Hostel,2017,11,0
20659,Seville,Spain,45,0.4,1.0,2.7,Hostel,2017,11,0
20660,Seville,Spain,61,1.2,4.0,4.0,Hotel,2017,11,0
20661,Seville,Spain,115,1.7,5.0,4.3,Hotel,2017,11,0
20663,Seville,Spain,83,0.6,1.0,4.0,Hotel,2017,11,0
20665,Seville,Spain,116,0.5,2.0,3.5,Hostel,2017,11,0
20666,Seville,Spain,66,0.5,2.0,4.4,Hotel,2017,11,0
20667,Seville,Spain,54,0.6,1.0,3.9,Pension,2017,11,0
20668,Seville,Spain,96,0.7,4.0,4.0,Hotel,2017,11,0
20669,Seville,Spain,58,0.6,1.0,2.7,Hostel,2017,11,0
20671,Seville,Spain,261,0.5,5.0,4.6,Hotel,2017,11,0
20672,Seville,Spain,85,0.5,2.0,4.0,Hotel,2017,11,0
20673,Seville,Spain,69,0.6,2.0,3.2,Hostel,2017,11,0
20674,Seville,Spain,58,0.6,1.0,3.5,Hotel,2017,11,0
20676,Seville,Spain,80,0.6,3.0,3.7,Hotel,2017,11,0
20677,Seville,Spain,85,1.4,1.0,4.5,Hostel,2017,11,0
20678,Seville,Spain,133,1.1,4.0,4.1,Hotel,2017,11,0
20679,Seville,Spain,52,3.8,3.0,3.7,Apart-hotel,2017,11,0
20680,Seville,Spain,79,3.8,2.0,4.3,Apart-hotel,2017,11,0
20681,Seville,Spain,522,3.5,3.5,3.7,Apart-hotel,2017,11,0
20682,Seville,Spain,203,0.3,4.0,4.9,Apartment,2017,11,0
20683,Seville,Spain,120,0.3,3.0,4.0,Hotel,2017,11,0
20684,Seville,Spain,54,0.4,2.0,3.5,Hostel,2017,11,0
20685,Seville,Spain,179,0.2,3.0,4.5,Hotel,2017,11,0
20686,Seville,Spain,52,0.4,1.0,3.5,Hostel,2017,11,0
20687,Seville,Spain,58,0.3,2.0,3.2,Pension,2017,11,0
20688,Seville,Spain,106,0.2,4.0,4.3,Hotel,2017,11,0
20689,Seville,Spain,52,0.4,2.5,3.0,Pension,2017,11,0
20692,Seville,Spain,40,0.4,2.0,2.9,Pension,2017,11,0
20694,Seville,Spain,141,0.4,4.0,4.3,Hotel,2017,11,0
20697,Seville,Spain,44,0.3,2.0,3.4,Pension,2017,11,0
20698,Seville,Spain,133,0.2,4.0,4.1,Hotel,2017,11,0
20699,Seville,Spain,46,0.3,2.0,2.5,Pension,2017,11,0
20701,Seville,Spain,121,0.5,4.0,3.7,Hotel,2017,11,0
20704,Seville,Spain,69,1.0,3.5,4.5,Apartment,2017,11,0
20705,Seville,Spain,83,1.1,4.0,4.0,Hotel,2017,11,0
20707,Seville,Spain,98,0.9,2.0,3.9,Apartment,2017,11,0
20710,Seville,Spain,98,0.8,3.5,,Apartment,2017,11,0
20711,Seville,Spain,128,1.0,3.0,3.7,Hotel,2017,11,0
20712,Seville,Spain,180,0.7,4.0,3.9,Hotel,2017,11,0
20713,Seville,Spain,69,0.6,4.0,3.5,Hotel,2017,11,0
20714,Seville,Spain,73,0.8,3.5,,Apartment,2017,11,0
20716,Seville,Spain,162,0.8,3.0,2.0,Apartment,2017,11,0
20717,Seville,Spain,47,0.7,2.0,4.1,Hostel,2017,11,0
20719,Seville,Spain,46,2.7,3.0,3.0,Hotel,2017,11,0
20721,Seville,Spain,167,0.5,1.0,4.3,Hotel,2017,11,0
20722,Seville,Spain,255,0.5,5.0,4.6,Hotel,2017,11,0
20724,Seville,Spain,92,0.7,3.0,4.0,Hotel,2017,11,0
20725,Seville,Spain,156,0.5,3.0,3.9,Hotel,2017,11,0
20726,Seville,Spain,220,0.5,4.0,4.3,Hotel,2017,11,0
20727,Seville,Spain,66,0.5,2.0,3.7,Hotel,2017,11,0
20728,Seville,Spain,51,0.6,2.0,3.5,Hotel,2017,11,0
20730,Seville,Spain,107,1.6,4.0,4.0,Hotel,2017,11,0
20732,Seville,Spain,161,3.1,4.0,4.4,Hotel,2017,11,0
20733,Seville,Spain,66,2.7,1.0,4.1,Hotel,2017,11,0
20734,Seville,Spain,52,0.5,3.0,3.2,Apartment,2017,11,0
20736,Seville,Spain,52,0.6,3.0,3.2,Apartment,2017,11,0
20737,Seville,Spain,95,0.7,4.0,4.4,Hotel,2017,11,0
20738,Seville,Spain,94,0.7,4.0,4.0,Hotel,2017,11,0
20739,Seville,Spain,118,0.7,3.0,4.1,Apartment,2017,11,0
20740,Seville,Spain,72,1.6,4.0,4.0,Hotel,2017,11,0
20741,Seville,Spain,95,0.9,4.0,4.5,Hotel,2017,11,0
20742,Seville,Spain,51,2.2,4.0,3.5,Hotel,2017,11,0
20746,Sofia,Bulgaria,86,1.4,3.0,3.7,Hotel,2017,11,0
20747,Sofia,Bulgaria,78,1.3,3.0,4.1,Hotel,2017,11,0
20748,Sofia,Bulgaria,55,1.8,3.0,3.7,Hotel,2017,11,0
20750,Sofia,Bulgaria,108,33.0,4.0,5.0,Hotel,2017,11,0
20751,Sofia,Bulgaria,192,1.2,5.0,4.3,Hotel,2017,11,0
20752,Sofia,Bulgaria,185,0.3,5.0,4.5,Hotel,2017,11,0
20753,Sofia,Bulgaria,67,3.3,4.0,3.7,Hotel,2017,11,0
20754,Sofia,Bulgaria,156,1.8,5.0,3.5,Hotel,2017,11,0
20755,Sofia,Bulgaria,123,0.9,4.0,4.4,Hotel,2017,11,0
20756,Sofia,Bulgaria,107,4.1,4.0,4.5,Hotel,2017,11,0
20758,Sofia,Bulgaria,135,5.7,5.0,4.5,Hotel,2017,11,0
20759,Sofia,Bulgaria,163,4.2,4.0,4.6,Hotel,2017,11,0
20760,Sofia,Bulgaria,41,7.5,3.0,,Hotel,2017,11,0
20761,Sofia,Bulgaria,74,0.7,4.0,3.7,Hotel,2017,11,0
20762,Sofia,Bulgaria,72,3.9,3.0,4.0,Hotel,2017,11,0
20763,Sofia,Bulgaria,123,0.8,4.0,4.4,Hotel,2017,11,0
20765,Sofia,Bulgaria,51,0.9,3.0,3.4,Hotel,2017,11,0
20766,Sofia,Bulgaria,54,0.7,3.0,4.9,Bed and breakfast,2017,11,0
20767,Sofia,Bulgaria,56,0.5,3.0,4.3,Hotel,2017,11,0
20768,Sofia,Bulgaria,243,0.5,5.0,4.5,Hotel,2017,11,0
20769,Sofia,Bulgaria,72,0.6,3.0,4.4,Hotel,2017,11,0
20770,Sofia,Bulgaria,62,3.3,4.0,4.3,Hotel,2017,11,0
20771,Sofia,Bulgaria,83,3.0,4.0,4.5,Hotel,2017,11,0
20772,Sofia,Bulgaria,47,0.4,3.0,3.7,Hotel,2017,11,0
20773,Sofia,Bulgaria,47,5.2,3.0,4.0,Hotel,2017,11,0
20774,Sofia,Bulgaria,213,0.3,5.0,4.1,Hotel,2017,11,0
20775,Sofia,Bulgaria,39,0.7,2.0,4.3,Hotel,2017,11,0
20776,Sofia,Bulgaria,73,0.7,3.0,4.5,Hotel,2017,11,0
20777,Sofia,Bulgaria,120,0.3,4.0,4.4,Hotel,2017,11,0
20778,Sofia,Bulgaria,66,3.6,4.0,4.0,Hotel,2017,11,0
20779,Sofia,Bulgaria,101,0.8,4.0,3.7,Hotel,2017,11,0
20780,Sofia,Bulgaria,72,0.2,4.0,3.7,Hotel,2017,11,0
20781,Sofia,Bulgaria,98,0.4,4.0,4.5,Hotel,2017,11,0
20782,Sofia,Bulgaria,44,1.4,3.0,2.7,Hotel,2017,11,0
20783,Sofia,Bulgaria,49,6.2,3.0,3.5,Hotel,2017,11,0
20784,Sofia,Bulgaria,51,0.4,3.0,4.3,Hotel,2017,11,0
20785,Sofia,Bulgaria,52,0.6,3.0,4.4,Apartment,2017,11,0
20787,Sofia,Bulgaria,138,0.6,5.0,4.0,Hotel,2017,11,0
20788,Sofia,Bulgaria,38,2.8,3.0,3.9,Guest House,2017,11,0
20789,Sofia,Bulgaria,585,0.4,5.0,4.1,Apartment,2017,11,0
20790,Sofia,Bulgaria,49,1.5,3.0,3.9,Hotel,2017,11,0
20791,Sofia,Bulgaria,72,0.7,3.5,4.0,Hotel,2017,11,0
20792,Sofia,Bulgaria,78,1.9,1.0,,Apart-hotel,2017,11,0
20793,Sofia,Bulgaria,36,0.5,2.0,3.5,Hotel,2017,11,0
20794,Sofia,Bulgaria,145,0.0,5.0,4.0,Hotel,2017,11,0
20795,Sofia,Bulgaria,63,2.4,4.0,3.7,Hotel,2017,11,0
20796,Sofia,Bulgaria,93,0.3,4.0,4.3,Hotel,2017,11,0
20797,Sofia,Bulgaria,58,2.4,3.0,4.0,Hotel,2017,11,0
20798,Sofia,Bulgaria,94,0.5,4.0,3.9,Hotel,2017,11,0
20799,Sofia,Bulgaria,85,2.8,4.0,4.1,Hotel,2017,11,0
20800,Sofia,Bulgaria,80,0.5,3.0,3.7,Hotel,2017,11,0
20801,Sofia,Bulgaria,87,1.2,4.0,4.6,Hotel,2017,11,0
20802,Sofia,Bulgaria,92,4.2,4.0,4.5,Hotel,2017,11,0
20803,Sofia,Bulgaria,68,0.6,3.0,4.3,Hotel,2017,11,0
20804,Sofia,Bulgaria,42,3.4,3.0,4.0,Hotel,2017,11,0
20806,Sofia,Bulgaria,29,0.3,1.0,1.8,Hostel,2017,11,0
20807,Sofia,Bulgaria,27,4.6,3.0,,Hotel,2017,11,0
20809,Sofia,Bulgaria,92,3.0,4.0,4.3,Hotel,2017,11,0
20810,Sofia,Bulgaria,83,1.8,4.0,4.0,Hotel,2017,11,0
20812,Sofia,Bulgaria,77,3.4,4.0,3.7,Hotel,2017,11,0
20813,Sofia,Bulgaria,43,2.0,4.0,3.7,Hotel,2017,11,0
20814,Sofia,Bulgaria,57,0.7,3.0,4.5,Hotel,2017,11,0
20815,Sofia,Bulgaria,90,2.2,4.0,4.3,Hotel,2017,11,0
20817,Sofia,Bulgaria,98,0.3,4.0,3.9,Hotel,2017,11,0
20819,Sofia,Bulgaria,20,1.9,2.0,4.0,Hostel,2017,11,0
20820,Sofia,Bulgaria,65,0.2,3.0,4.0,Hotel,2017,11,0
20821,Sofia,Bulgaria,78,0.6,3.0,3.9,Hotel,2017,11,0
20822,Sofia,Bulgaria,47,1.4,3.0,3.7,Hotel,2017,11,0
20827,Sofia,Bulgaria,60,0.6,3.0,2.7,Hotel,2017,11,0
20828,Sofia,Bulgaria,51,2.1,3.0,3.9,Hotel,2017,11,0
20829,Sofia,Bulgaria,47,4.8,3.0,2.7,Hotel,2017,11,0
20830,Sofia,Bulgaria,48,3.9,3.0,3.5,Apartment,2017,11,0
20831,Sofia,Bulgaria,54,2.2,3.0,3.5,Hotel,2017,11,0
20832,Sofia,Bulgaria,62,0.7,3.0,4.0,Hotel,2017,11,0
20833,Sofia,Bulgaria,41,0.4,3.0,2.7,Hotel,2017,11,0
20834,Sofia,Bulgaria,122,0.4,4.0,4.4,Hotel,2017,11,0
20835,Sofia,Bulgaria,73,0.4,3.0,4.5,Apartment,2017,11,0
20837,Sofia,Bulgaria,75,0.5,3.5,,Apartment,2017,11,0
20839,Sofia,Bulgaria,27,0.4,2.0,4.0,Hostel,2017,11,0
20840,Sofia,Bulgaria,111,1.1,3.0,4.8,Hotel,2017,11,0
20841,Sofia,Bulgaria,39,0.6,2.5,5.0,Guest House,2017,11,0
20842,Sofia,Bulgaria,33,0.3,1.0,2.7,Hostel,2017,11,0
20843,Sofia,Bulgaria,123,5.1,4.0,4.0,Hotel,2017,11,0
20845,Sofia,Bulgaria,59,0.6,3.0,4.5,Hotel,2017,11,0
20846,Sofia,Bulgaria,29,1.0,1.0,3.4,Hotel,2017,11,0
20847,St. Petersburg,Russia,363,0.4,5.0,4.9,Hotel,2017,11,0
20848,St. Petersburg,Russia,16,0.3,2.5,4.0,Hostel,2017,11,0
20849,St. Petersburg,Russia,92,0.3,3.0,3.7,Hotel,2017,11,0
20850,St. Petersburg,Russia,78,0.5,3.0,3.9,Hotel,2017,11,0
20851,St. Petersburg,Russia,98,0.3,5.0,4.5,Hotel,2017,11,0
20852,St. Petersburg,Russia,31,1.5,3.0,2.7,Hotel,2017,11,0
20853,St. Petersburg,Russia,68,1.7,4.0,4.1,Hotel,2017,11,0
20854,St. Petersburg,Russia,25,1.3,3.0,3.4,Hotel,2017,11,0
20855,St. Petersburg,Russia,136,0.4,4.0,4.4,Hotel,2017,11,0
20856,St. Petersburg,Russia,70,0.4,3.0,4.1,Hotel,2017,11,0
20857,St. Petersburg,Russia,136,1.5,4.0,4.9,Hotel,2017,11,0
20858,St. Petersburg,Russia,73,1.6,4.0,4.5,Hotel,2017,11,0
20859,St. Petersburg,Russia,80,0.4,3.0,4.5,Hotel,2017,11,0
20860,St. Petersburg,Russia,51,0.6,3.0,4.0,Hotel,2017,11,0
20861,St. Petersburg,Russia,45,1.3,3.0,4.0,Hotel,2017,11,0
20862,St. Petersburg,Russia,47,1.9,3.0,4.5,Hotel,2017,11,0
20863,St. Petersburg,Russia,46,0.2,2.5,4.1,Hotel,2017,11,0
20864,St. Petersburg,Russia,56,1.8,4.0,3.7,Hotel,2017,11,0
20865,St. Petersburg,Russia,37,1.7,2.5,,Guest House,2017,11,0
20866,St. Petersburg,Russia,58,0.3,3.0,3.9,Hotel,2017,11,0
20867,St. Petersburg,Russia,51,0.5,3.0,4.0,Hotel,2017,11,0
20868,St. Petersburg,Russia,66,1.1,3.0,4.4,Hotel,2017,11,0
20869,St. Petersburg,Russia,30,1.0,3.0,3.7,Bed and breakfast,2017,11,0
20870,St. Petersburg,Russia,25,1.1,3.0,3.5,Hotel,2017,11,0
20871,St. Petersburg,Russia,98,1.0,4.0,4.3,Hotel,2017,11,0
20872,St. Petersburg,Russia,102,0.5,4.0,4.5,Hotel,2017,11,0
20873,St. Petersburg,Russia,193,0.3,5.0,4.5,Hotel,2017,11,0
20874,St. Petersburg,Russia,243,0.4,5.0,4.4,Hotel,2017,11,0
20875,St. Petersburg,Russia,48,1.8,3.0,3.4,Hotel,2017,11,0
20876,St. Petersburg,Russia,13,1.9,3.0,4.5,Hotel,2017,11,0
20877,St. Petersburg,Russia,45,1.0,3.0,3.9,Hotel,2017,11,0
20878,St. Petersburg,Russia,30,1.9,2.5,,Hotel,2017,11,0
20879,St. Petersburg,Russia,22,1.9,3.0,4.4,Hotel,2017,11,0
20880,St. Petersburg,Russia,35,1.7,3.0,3.7,Hotel,2017,11,0
20881,St. Petersburg,Russia,16,0.5,2.0,,Hostel,2017,11,0
20882,St. Petersburg,Russia,35,1.1,3.0,4.4,Hotel,2017,11,0
20883,St. Petersburg,Russia,102,0.4,4.0,4.1,Hotel,2017,11,0
20885,St. Petersburg,Russia,30,1.1,2.5,3.0,Hotel,2017,11,0
20886,St. Petersburg,Russia,21,0.7,2.0,4.0,Hostel,2017,11,0
20887,St. Petersburg,Russia,60,1.8,4.0,4.1,Hotel,2017,11,0
20888,St. Petersburg,Russia,41,0.3,3.5,5.0,Apartment,2017,11,0
20889,St. Petersburg,Russia,55,0.4,3.0,4.4,Hotel,2017,11,0
20890,St. Petersburg,Russia,30,0.4,2.0,,Hotel,2017,11,0
20891,St. Petersburg,Russia,54,0.4,,,Hotel,2017,11,0
20892,St. Petersburg,Russia,80,0.4,2.5,4.4,Bed and breakfast,2017,11,0
20894,St. Petersburg,Russia,41,1.2,3.0,1.0,Hotel,2017,11,0
20895,St. Petersburg,Russia,50,1.6,3.0,4.3,Hotel,2017,11,0
20896,St. Petersburg,Russia,86,1.9,2.5,,Hotel,2017,11,0
20897,St. Petersburg,Russia,39,1.0,2.5,,Hotel,2017,11,0
20898,St. Petersburg,Russia,35,1.0,3.0,4.3,Hotel,2017,11,0
20899,St. Petersburg,Russia,25,1.0,3.0,,Hotel,2017,11,0
20900,St. Petersburg,Russia,39,1.1,3.0,,Hotel,2017,11,0
20901,St. Petersburg,Russia,34,1.2,2.5,,Hotel,2017,11,0
20902,St. Petersburg,Russia,30,1.2,3.0,4.3,Hotel,2017,11,0
20903,St. Petersburg,Russia,56,0.3,3.0,3.7,Hotel,2017,11,0
20904,St. Petersburg,Russia,60,1.0,3.0,,Hotel,2017,11,0
20905,St. Petersburg,Russia,72,0.3,3.0,4.4,Hotel,2017,11,0
20907,St. Petersburg,Russia,15,0.3,2.0,4.5,Hostel,2017,11,0
20908,St. Petersburg,Russia,46,1.1,2.5,5.0,Apart-hotel,2017,11,0
20909,St. Petersburg,Russia,35,0.6,2.0,4.0,Hotel,2017,11,0
20910,St. Petersburg,Russia,20,0.6,3.0,3.7,Hotel,2017,11,0
20911,St. Petersburg,Russia,25,2.0,2.0,5.0,Hostel,2017,11,0
20912,St. Petersburg,Russia,41,0.5,2.0,4.0,Hotel,2017,11,0
20913,St. Petersburg,Russia,63,1.1,2.5,5.0,Hotel,2017,11,0
20914,St. Petersburg,Russia,20,0.6,2.5,4.3,Hotel,2017,11,0
20915,St. Petersburg,Russia,24,0.6,2.5,3.2,Hotel,2017,11,0
20916,St. Petersburg,Russia,36,2.5,2.0,3.7,Hotel,2017,11,0
20917,St. Petersburg,Russia,39,0.2,3.0,4.1,Hotel,2017,11,0
20918,St. Petersburg,Russia,59,2.4,4.0,3.5,Hotel,2017,11,0
20920,St. Petersburg,Russia,48,1.1,3.0,2.7,Hotel,2017,11,0
20921,St. Petersburg,Russia,79,1.1,4.0,3.5,Hotel,2017,11,0
20922,St. Petersburg,Russia,25,0.8,1.0,3.5,Hotel,2017,11,0
20923,St. Petersburg,Russia,51,0.6,3.5,4.0,Hotel,2017,11,0
20924,St. Petersburg,Russia,22,0.8,2.5,4.0,Hotel,2017,11,0
20925,St. Petersburg,Russia,39,0.4,3.0,4.0,Apart-hotel,2017,11,0
20926,St. Petersburg,Russia,65,0.3,4.0,5.0,Apart-hotel,2017,11,0
20927,St. Petersburg,Russia,50,0.2,2.5,3.7,Hotel,2017,11,0
20928,St. Petersburg,Russia,23,0.2,3.0,1.8,Apartment,2017,11,0
20929,St. Petersburg,Russia,55,0.2,3.0,4.0,Guest House,2017,11,0
20930,St. Petersburg,Russia,65,0.2,3.0,3.7,Hotel,2017,11,0
20933,St. Petersburg,Russia,33,1.7,2.0,,Hotel,2017,11,0
20934,St. Petersburg,Russia,37,1.7,3.0,4.5,Hotel,2017,11,0
20935,St. Petersburg,Russia,42,2.4,3.0,4.0,Apart-hotel,2017,11,0
20936,St. Petersburg,Russia,33,1.4,2.5,,Hotel,2017,11,0
20937,St. Petersburg,Russia,43,1.0,3.0,3.2,Hotel,2017,11,0
20938,St. Petersburg,Russia,45,2.2,3.0,4.6,Hotel,2017,11,0
20939,St. Petersburg,Russia,28,1.2,3.0,3.5,Hotel,2017,11,0
20940,St. Petersburg,Russia,30,2.8,2.5,,Hotel,2017,11,0
20941,St. Petersburg,Russia,62,0.2,3.0,4.3,Bed and breakfast,2017,11,0
20942,St. Petersburg,Russia,51,0.2,3.0,4.4,Hotel,2017,11,0
20943,St. Petersburg,Russia,49,0.2,3.0,4.3,Hotel,2017,11,0
20944,St. Petersburg,Russia,58,0.2,3.0,4.6,Hotel,2017,11,0
20945,St. Petersburg,Russia,59,0.7,3.0,4.3,Hotel,2017,11,0
20946,St. Petersburg,Russia,49,1.6,3.0,4.4,Hotel,2017,11,0
20947,St. Petersburg,Russia,36,1.3,3.0,4.0,Hotel,2017,11,0
20948,St. Petersburg,Russia,28,1.9,2.5,4.5,Hotel,2017,11,0
20949,St. Petersburg,Russia,100,1.0,3.5,3.7,Apartment,2017,11,0
20950,St. Petersburg,Russia,27,1.8,3.0,,Apartment,2017,11,0
20951,St. Petersburg,Russia,57,0.7,3.0,4.1,Hotel,2017,11,0
20952,St. Petersburg,Russia,31,0.7,3.0,4.0,Guest House,2017,11,0
20953,St. Petersburg,Russia,36,1.2,3.0,3.7,Hotel,2017,11,0
20954,St. Petersburg,Russia,116,0.7,4.0,4.6,Hotel,2017,11,0
20955,St. Petersburg,Russia,40,2.1,3.0,4.0,Apart-hotel,2017,11,0
20957,St. Petersburg,Russia,27,0.8,2.0,4.0,Hotel,2017,11,0
20958,St. Petersburg,Russia,24,0.8,2.0,4.8,Hotel,2017,11,0
20959,St. Petersburg,Russia,57,0.2,3.0,4.1,Hotel,2017,11,0
20960,St. Petersburg,Russia,24,2.1,3.0,4.8,Hotel,2017,11,0
20961,St. Petersburg,Russia,20,1.1,1.0,4.0,Hostel,2017,11,0
20962,St. Petersburg,Russia,21,1.3,2.0,4.6,Hostel,2017,11,0
20963,St. Petersburg,Russia,49,1.3,3.0,4.3,Hotel,2017,11,0
20964,St. Petersburg,Russia,50,1.2,2.5,4.0,Hotel,2017,11,0
20965,St. Petersburg,Russia,34,1.4,3.0,4.4,Hotel,2017,11,0
20966,St. Petersburg,Russia,123,2.1,4.0,4.8,Apart-hotel,2017,11,0
20967,St. Petersburg,Russia,50,1.5,3.0,4.5,Hotel,2017,11,0
20968,St. Petersburg,Russia,16,1.6,2.0,,Hostel,2017,11,0
20969,St. Petersburg,Russia,55,14.0,3.5,1.0,Hotel,2017,11,0
20970,St. Petersburg,Russia,41,16.0,3.0,,Hotel,2017,11,0
20971,St. Petersburg,Russia,60,5.3,3.5,,Apartment,2017,11,0
20972,St. Petersburg,Russia,30,7.6,1.0,4.5,Guest House,2017,11,0
20973,St. Petersburg,Russia,39,2.3,3.0,4.4,Hotel,2017,11,0
20974,St. Petersburg,Russia,21,2.3,3.0,3.0,Apartment,2017,11,0
20975,St. Petersburg,Russia,31,2.2,3.0,3.9,Hotel,2017,11,0
20976,St. Petersburg,Russia,57,5.0,3.5,,Apartment,2017,11,0
20977,St. Petersburg,Russia,60,5.0,3.5,,Apartment,2017,11,0
20978,St. Petersburg,Russia,75,4.7,3.5,,Apartment,2017,11,0
20979,St. Petersburg,Russia,53,2.4,3.0,3.5,Hotel,2017,11,0
20980,St. Petersburg,Russia,58,2.4,2.0,3.0,Hotel,2017,11,0
20981,St. Petersburg,Russia,26,2.4,3.0,4.0,Hotel,2017,11,0
20982,St. Petersburg,Russia,46,5.3,3.0,,Hotel,2017,11,0
20983,St. Petersburg,Russia,58,2.2,4.0,4.0,Hotel,2017,11,0
20984,St. Petersburg,Russia,20,2.2,3.0,3.5,Hotel,2017,11,0
20985,St. Petersburg,Russia,40,2.1,3.5,,Apart-hotel,2017,11,0
20986,St. Petersburg,Russia,49,2.4,3.0,5.0,Hotel,2017,11,0
20987,St. Petersburg,Russia,58,18.0,3.0,,Hotel,2017,11,0
20988,St. Petersburg,Russia,50,17.0,3.0,4.0,Hotel,2017,11,0
20989,St. Petersburg,Russia,18,1.7,3.0,2.2,Apartment,2017,11,0
20990,St. Petersburg,Russia,97,1.7,4.0,4.5,Hotel,2017,11,0
20991,St. Petersburg,Russia,53,1.7,3.0,4.1,Hotel,2017,11,0
20992,St. Petersburg,Russia,31,1.7,3.0,3.2,Hotel,2017,11,0
20993,St. Petersburg,Russia,51,1.7,3.0,4.3,Hotel,2017,11,0
20994,St. Petersburg,Russia,44,1.7,3.0,4.3,Hotel,2017,11,0
20995,St. Petersburg,Russia,43,1.6,3.0,2.0,Hotel,2017,11,0
20996,St. Petersburg,Russia,30,1.7,3.0,3.4,Hotel,2017,11,0
20997,St. Petersburg,Russia,25,1.6,2.0,2.5,Hotel,2017,11,0
20998,St. Petersburg,Russia,34,1.6,3.0,4.1,Hotel,2017,11,0
20999,St. Petersburg,Russia,46,1.7,3.0,,Hotel,2017,11,0
21000,St. Petersburg,Russia,28,1.8,3.0,3.0,Hotel,2017,11,0
21001,St. Petersburg,Russia,30,1.8,3.0,3.9,Hotel,2017,11,0
21002,St. Petersburg,Russia,33,1.7,2.0,3.0,Hotel,2017,11,0
21003,St. Petersburg,Russia,37,1.6,3.0,,Apart-hotel,2017,11,0
21005,St. Petersburg,Russia,25,1.7,2.5,,Guest House,2017,11,0
21006,St. Petersburg,Russia,33,1.7,3.0,5.0,Hotel,2017,11,0
21007,St. Petersburg,Russia,55,1.7,3.0,4.0,Hotel,2017,11,0
21008,St. Petersburg,Russia,59,1.7,3.0,4.0,Hotel,2017,11,0
21009,St. Petersburg,Russia,84,1.7,4.0,4.0,Hotel,2017,11,0
21010,St. Petersburg,Russia,52,1.7,3.0,3.7,Hotel,2017,11,0
21011,St. Petersburg,Russia,36,1.8,3.0,,Hotel,2017,11,0
21012,St. Petersburg,Russia,19,1.6,2.0,,Hostel,2017,11,0
21013,St. Petersburg,Russia,15,1.6,2.5,,Hotel,2017,11,0
21015,St. Petersburg,Russia,34,1.8,3.0,3.0,Hotel,2017,11,0
21016,St. Petersburg,Russia,50,1.7,3.0,4.0,Hotel,2017,11,0
21017,St. Petersburg,Russia,58,1.3,3.5,4.3,Hotel,2017,11,0
21018,St. Petersburg,Russia,51,1.0,3.0,4.3,Hotel,2017,11,0
21019,St. Petersburg,Russia,48,1.1,3.0,3.5,Hotel,2017,11,0
21020,St. Petersburg,Russia,51,1.3,3.0,4.3,Hotel,2017,11,0
21021,St. Petersburg,Russia,12,1.1,2.0,4.3,Hostel,2017,11,0
21022,St. Petersburg,Russia,18,1.3,2.5,4.0,Hotel,2017,11,0
21023,St. Petersburg,Russia,49,1.3,4.0,4.4,Guest House,2017,11,0
21024,St. Petersburg,Russia,21,1.1,2.5,,Hotel,2017,11,0
21025,St. Petersburg,Russia,34,1.1,3.0,4.0,Hotel,2017,11,0
21026,St. Petersburg,Russia,43,1.0,3.0,4.3,Bed and breakfast,2017,11,0
21028,St. Petersburg,Russia,19,1.0,2.5,4.0,Apart-hotel,2017,11,0
21029,St. Petersburg,Russia,14,1.2,2.5,5.0,Hotel,2017,11,0
21030,St. Petersburg,Russia,22,1.3,3.0,,Hotel,2017,11,0
21031,St. Petersburg,Russia,72,1.3,3.5,4.5,Hotel,2017,11,0
21032,St. Petersburg,Russia,41,1.3,3.0,2.7,Hotel,2017,11,0
21033,St. Petersburg,Russia,20,1.2,2.0,,Hostel,2017,11,0
21034,St. Petersburg,Russia,21,4.5,2.0,3.2,Hotel,2017,11,0
21035,St. Petersburg,Russia,79,9.2,4.0,4.4,Hotel,2017,11,0
21036,St. Petersburg,Russia,80,3.1,5.0,4.0,Hotel,2017,11,0
21037,St. Petersburg,Russia,41,4.4,3.0,4.3,Hotel,2017,11,0
21038,St. Petersburg,Russia,89,9.7,4.0,4.4,Hotel,2017,11,0
21039,St. Petersburg,Russia,115,3.2,5.0,4.5,Apart-hotel,2017,11,0
21040,St. Petersburg,Russia,80,6.7,4.0,3.7,Hotel,2017,11,0
21041,St. Petersburg,Russia,48,13.0,3.0,3.9,Hotel,2017,11,0
21042,St. Petersburg,Russia,35,7.5,3.0,4.0,Apart-hotel,2017,11,0
21043,St. Petersburg,Russia,56,13.0,3.0,,Hotel,2017,11,0
21044,St. Petersburg,Russia,26,7.4,3.5,4.0,Apart-hotel,2017,11,0
21045,St. Petersburg,Russia,264,0.6,5.0,4.8,Hotel,2017,11,0
21046,St. Petersburg,Russia,41,0.3,3.0,3.9,Hotel,2017,11,0
21047,St. Petersburg,Russia,41,0.3,3.0,3.5,Hotel,2017,11,0
21048,St. Petersburg,Russia,56,2.2,3.0,4.4,Hotel,2017,11,0
21049,St. Petersburg,Russia,108,1.5,4.0,4.6,Hotel,2017,11,0
21050,St. Petersburg,Russia,20,1.5,2.5,3.9,Guest House,2017,11,0
21051,St. Petersburg,Russia,20,2.4,3.0,,Hotel,2017,11,0
21052,St. Petersburg,Russia,37,0.3,2.5,4.4,Hotel,2017,11,0
21053,St. Petersburg,Russia,58,1.4,3.0,4.1,Hotel,2017,11,0
21054,St. Petersburg,Russia,66,1.6,4.0,4.5,Hotel,2017,11,0
21055,St. Petersburg,Russia,18,1.1,3.0,3.7,Hotel,2017,11,0
21056,St. Petersburg,Russia,41,1.7,3.0,2.0,Hotel,2017,11,0
21057,St. Petersburg,Russia,215,0.1,5.0,4.5,Hotel,2017,11,0
21058,St. Petersburg,Russia,41,0.3,3.0,3.5,Hotel,2017,11,0
21059,St. Petersburg,Russia,155,1.2,5.0,4.1,Hotel,2017,11,0
21060,St. Petersburg,Russia,69,1.2,4.0,4.4,Hotel,2017,11,0
21061,St. Petersburg,Russia,41,1.3,3.0,3.9,Hotel,2017,11,0
21062,St. Petersburg,Russia,60,1.4,4.0,4.4,Hotel,2017,11,0
21063,St. Petersburg,Russia,20,1.2,2.0,4.0,Apartment,2017,11,0
21064,St. Petersburg,Russia,29,0.9,3.0,3.5,Apartment,2017,11,0
21065,St. Petersburg,Russia,86,0.4,3.0,4.4,Bed and breakfast,2017,11,0
21066,St. Petersburg,Russia,52,1.2,3.0,3.7,Hotel,2017,11,0
21067,St. Petersburg,Russia,26,1.2,3.0,3.9,Hotel,2017,11,0
21068,St. Petersburg,Russia,39,1.6,3.0,3.7,Hotel,2017,11,0
21069,St. Petersburg,Russia,51,1.3,3.0,4.1,Hotel,2017,11,0
21070,St. Petersburg,Russia,104,1.2,5.0,4.5,Hotel,2017,11,0
21071,St. Petersburg,Russia,50,1.4,3.0,3.5,Hotel,2017,11,0
21072,St. Petersburg,Russia,75,1.4,3.0,,Hotel,2017,11,0
21074,St. Petersburg,Russia,222,0.3,3.5,4.0,Hotel,2017,11,0
21075,St. Petersburg,Russia,54,0.3,3.0,,Hotel,2017,11,0
21076,St. Petersburg,Russia,16,0.3,2.0,3.0,Hostel,2017,11,0
21077,St. Petersburg,Russia,30,1.0,2.5,4.5,Hotel,2017,11,0
21078,St. Petersburg,Russia,33,2.0,3.0,,Hotel,2017,11,0
21079,St. Petersburg,Russia,25,2.0,2.5,4.3,Hotel,2017,11,0
21080,St. Petersburg,Russia,25,0.4,2.5,4.4,Hotel,2017,11,0
21081,St. Petersburg,Russia,78,0.5,3.0,4.3,Hotel,2017,11,0
21083,St. Petersburg,Russia,27,0.7,2.0,4.1,Hostel,2017,11,0
21084,St. Petersburg,Russia,50,0.8,2.0,3.2,Hostel,2017,11,0
21085,St. Petersburg,Russia,61,0.7,3.0,5.0,Apartment,2017,11,0
21086,St. Petersburg,Russia,132,0.8,3.5,,Hotel,2017,11,0
21087,St. Petersburg,Russia,66,0.5,3.0,,Hotel,2017,11,0
21088,St. Petersburg,Russia,22,0.8,2.5,4.5,Hotel,2017,11,0
21090,St. Petersburg,Russia,53,0.9,3.0,3.5,Hotel,2017,11,0
21091,St. Petersburg,Russia,30,0.9,2.5,4.0,Hotel,2017,11,0
21092,St. Petersburg,Russia,215,0.9,4.0,,Apartment,2017,11,0
21093,St. Petersburg,Russia,41,2.2,3.0,,Hotel,2017,11,0
21094,St. Petersburg,Russia,24,1.2,2.0,5.0,Hostel,2017,11,0
21096,St. Petersburg,Russia,26,1.2,3.0,4.0,Hotel,2017,11,0
21097,St. Petersburg,Russia,29,1.2,3.0,,Hotel,2017,11,0
21098,St. Petersburg,Russia,19,0.4,2.5,4.5,Hostel,2017,11,0
21099,St. Petersburg,Russia,15,1.5,2.5,2.0,Hotel,2017,11,0
21100,St. Petersburg,Russia,58,1.5,3.0,3.7,Hotel,2017,11,0
21101,St. Petersburg,Russia,77,1.5,4.0,4.0,Hotel,2017,11,0
21102,St. Petersburg,Russia,61,1.5,2.0,4.5,Guest House,2017,11,0
21103,St. Petersburg,Russia,56,1.5,2.0,3.2,Hotel,2017,11,0
21104,St. Petersburg,Russia,66,1.5,3.0,3.5,Hotel,2017,11,0
21105,St. Petersburg,Russia,37,1.4,3.0,4.4,Guest House,2017,11,0
21106,St. Petersburg,Russia,45,0.4,3.0,3.4,Hotel,2017,11,0
21107,St. Petersburg,Russia,64,1.3,3.5,3.9,Hotel,2017,11,0
21110,St. Petersburg,Russia,31,1.5,2.5,4.6,Apart-hotel,2017,11,0
21111,St. Petersburg,Russia,63,1.4,3.0,4.0,Apartment,2017,11,0
21112,St. Petersburg,Russia,30,1.5,3.0,,Hotel,2017,11,0
21113,St. Petersburg,Russia,38,1.5,2.5,,Hotel,2017,11,0
21114,St. Petersburg,Russia,45,2.4,3.0,,Hotel,2017,11,0
21115,St. Petersburg,Russia,107,0.3,3.0,4.4,Hotel,2017,11,0
21116,St. Petersburg,Russia,15,1.1,2.5,,Hotel,2017,11,0
21117,St. Petersburg,Russia,42,2.4,3.0,4.1,Hotel,2017,11,0
21118,St. Petersburg,Russia,37,1.5,3.0,3.2,Hotel,2017,11,0
21120,St. Petersburg,Russia,34,2.5,3.0,,Hotel,2017,11,0
21122,St. Petersburg,Russia,39,0.3,2.0,4.1,Hotel,2017,11,0
21123,St. Petersburg,Russia,44,0.7,3.0,3.5,Hotel,2017,11,0
21124,St. Petersburg,Russia,38,1.2,3.0,5.0,Hotel,2017,11,0
21125,St. Petersburg,Russia,22,1.5,2.0,4.5,Hostel,2017,11,0
21126,St. Petersburg,Russia,22,1.2,2.0,3.7,Hostel,2017,11,0
21127,St. Petersburg,Russia,123,1.3,5.0,4.4,Hotel,2017,11,0
21128,St. Petersburg,Russia,31,0.9,3.0,3.2,Apartment,2017,11,0
21129,St. Petersburg,Russia,56,1.4,3.0,3.7,Hotel,2017,11,0
21130,St. Petersburg,Russia,24,1.4,3.0,3.7,Hotel,2017,11,0
21131,St. Petersburg,Russia,23,2.1,2.0,,Hostel,2017,11,0
21132,St. Petersburg,Russia,84,2.1,3.5,4.5,Apartment,2017,11,0
21133,St. Petersburg,Russia,31,1.2,2.5,4.3,Hotel,2017,11,0
21134,St. Petersburg,Russia,29,0.9,3.0,2.0,Apartment,2017,11,0
21135,St. Petersburg,Russia,59,1.1,2.5,3.5,Hotel,2017,11,0
21136,St. Petersburg,Russia,20,1.4,3.0,3.7,Hotel,2017,11,0
21137,St. Petersburg,Russia,65,1.4,3.0,4.1,Hotel,2017,11,0
21138,St. Petersburg,Russia,25,2.5,3.5,3.5,Hotel,2017,11,0
21139,St. Petersburg,Russia,29,2.0,2.5,4.0,Hotel,2017,11,0
21140,St. Petersburg,Russia,43,2.4,3.0,,Hotel,2017,11,0
21141,St. Petersburg,Russia,21,1.1,2.5,,Hotel,2017,11,0
21142,St. Petersburg,Russia,50,1.1,2.5,,Hotel,2017,11,0
21143,St. Petersburg,Russia,27,1.2,3.0,3.0,Apart-hotel,2017,11,0
21144,St. Petersburg,Russia,35,1.5,2.0,2.0,Hotel,2017,11,0
21145,St. Petersburg,Russia,33,2.2,2.5,1.0,Hotel,2017,11,0
21146,St. Petersburg,Russia,55,0.3,2.5,4.6,Hotel,2017,11,0
21148,St. Petersburg,Russia,21,2.4,1.5,4.3,Hostel,2017,11,0
21149,St. Petersburg,Russia,47,2.3,4.0,4.6,Hotel,2017,11,0
21150,St. Petersburg,Russia,77,0.3,3.0,,Apart-hotel,2017,11,0
21151,St. Petersburg,Russia,33,1.4,3.0,4.0,Hotel,2017,11,0
21152,St. Petersburg,Russia,30,2.2,2.0,,Hostel,2017,11,0
21153,St. Petersburg,Russia,61,1.2,3.5,3.0,Apart-hotel,2017,11,0
21154,St. Petersburg,Russia,46,1.2,3.0,4.0,Apartment,2017,11,0
21156,St. Petersburg,Russia,148,1.1,3.0,4.4,Hotel,2017,11,0
21157,St. Petersburg,Russia,48,1.2,2.0,2.0,Hotel,2017,11,0
21158,St. Petersburg,Russia,24,1.6,2.0,4.4,Hotel,2017,11,0
21159,St. Petersburg,Russia,18,1.6,2.0,4.6,Hostel,2017,11,0
21160,St. Petersburg,Russia,46,1.6,3.5,4.4,Hotel,2017,11,0
21161,St. Petersburg,Russia,23,1.5,1.0,4.5,Guest House,2017,11,0
21162,St. Petersburg,Russia,83,1.4,4.0,4.1,Hotel,2017,11,0
21163,St. Petersburg,Russia,36,1.2,3.0,4.8,Hotel,2017,11,0
21164,St. Petersburg,Russia,51,0.7,3.5,3.7,Hotel,2017,11,0
21165,St. Petersburg,Russia,87,13.0,4.0,4.0,Hotel,2017,11,0
21166,St. Petersburg,Russia,55,15.0,4.0,4.0,Hotel,2017,11,0
21167,St. Petersburg,Russia,78,15.0,4.0,4.3,Hotel,2017,11,0
21168,St. Petersburg,Russia,65,15.0,3.0,,Vacation home Condo,2017,11,0
21169,St. Petersburg,Russia,50,3.9,3.0,3.7,Hotel,2017,11,0
21170,St. Petersburg,Russia,43,2.1,3.0,,Hotel,2017,11,0
21171,St. Petersburg,Russia,46,2.1,3.0,3.7,Hotel,2017,11,0
21172,St. Petersburg,Russia,88,0.8,4.0,4.5,Hotel,2017,11,0
21173,St. Petersburg,Russia,48,1.9,3.0,4.4,Hotel,2017,11,0
21174,St. Petersburg,Russia,79,1.5,4.0,4.3,Hotel,2017,11,0
21175,St. Petersburg,Russia,33,1.6,2.5,,Hotel,2017,11,0
21176,St. Petersburg,Russia,50,2.1,3.0,4.3,Hotel,2017,11,0
21177,St. Petersburg,Russia,63,2.4,3.0,4.0,Hotel,2017,11,0
21178,St. Petersburg,Russia,46,1.2,2.0,4.1,Guest House,2017,11,0
21179,St. Petersburg,Russia,43,1.6,3.0,4.3,Hotel,2017,11,0
21180,St. Petersburg,Russia,49,1.7,3.0,4.0,Hotel,2017,11,0
21181,St. Petersburg,Russia,80,1.0,3.0,4.3,Apart-hotel,2017,11,0
21182,St. Petersburg,Russia,183,2.4,4.0,,Apartment,2017,11,0
21183,St. Petersburg,Russia,30,0.9,2.0,4.5,Bed and breakfast,2017,11,0
21184,St. Petersburg,Russia,31,0.9,3.0,,Apart-hotel,2017,11,0
21185,St. Petersburg,Russia,55,1.6,4.0,4.0,Hotel,2017,11,0
21186,St. Petersburg,Russia,65,1.4,3.0,,Hotel,2017,11,0
21187,St. Petersburg,Russia,48,1.9,4.0,,Hotel,2017,11,0
21189,St. Petersburg,Russia,58,1.6,3.0,3.0,Hotel,2017,11,0
21190,St. Petersburg,Russia,30,1.7,2.0,4.3,Bed and breakfast,2017,11,0
21191,St. Petersburg,Russia,41,1.5,3.0,4.5,Hotel,2017,11,0
21192,St. Petersburg,Russia,30,1.3,3.0,3.5,Bed and breakfast,2017,11,0
21193,St. Petersburg,Russia,46,1.7,3.0,,Hotel,2017,11,0
21194,St. Petersburg,Russia,24,1.6,2.5,3.2,Hotel,2017,11,0
21195,St. Petersburg,Russia,41,0.8,3.0,,Hotel,2017,11,0
21196,St. Petersburg,Russia,61,1.5,3.0,4.0,Hotel,2017,11,0
21197,St. Petersburg,Russia,20,1.9,2.5,,Hotel,2017,11,0
21198,St. Petersburg,Russia,52,2.0,3.0,3.7,Hotel,2017,11,0
21199,St. Petersburg,Russia,23,2.2,2.5,3.5,Hotel,2017,11,0
21200,St. Petersburg,Russia,21,1.3,2.0,,Hostel,2017,11,0
21202,St. Petersburg,Russia,25,1.3,2.0,4.1,Hotel,2017,11,0
21203,St. Petersburg,Russia,35,1.3,3.0,,Hotel,2017,11,0
21204,St. Petersburg,Russia,105,1.1,4.0,,Apartment,2017,11,0
21205,St. Petersburg,Russia,55,1.3,3.0,4.4,Hotel,2017,11,0
21206,St. Petersburg,Russia,61,1.4,3.0,,Apart-hotel,2017,11,0
21207,St. Petersburg,Russia,61,2.2,4.0,4.0,Hotel,2017,11,0
21208,St. Petersburg,Russia,85,2.9,4.0,4.5,Hotel,2017,11,0
21209,St. Petersburg,Russia,63,1.3,3.0,4.6,Hotel,2017,11,0
21210,St. Petersburg,Russia,28,1.1,3.0,,Apart-hotel,2017,11,0
21211,St. Petersburg,Russia,36,1.1,2.0,4.0,Hotel,2017,11,0
21212,St. Petersburg,Russia,180,5.4,3.5,,Hotel,2017,11,0
21213,St. Petersburg,Russia,68,4.1,3.0,,Hotel,2017,11,0
21214,St. Petersburg,Russia,48,6.9,4.0,3.5,Hotel,2017,11,0
21215,St. Petersburg,Russia,53,5.8,3.0,4.0,Hotel,2017,11,0
21216,St. Petersburg,Russia,41,6.6,3.0,,Hotel,2017,11,0
21218,St. Petersburg,Russia,33,7.5,3.5,4.5,Guest House,2017,11,0
21219,St. Petersburg,Russia,28,6.3,3.0,5.0,Guest House,2017,11,0
21220,St. Petersburg,Russia,34,3.4,2.0,4.0,Hotel,2017,11,0
21221,St. Petersburg,Russia,76,16.0,3.0,,Hotel,2017,11,0
21222,St. Petersburg,Russia,76,16.0,3.5,,Hotel,2017,11,0
21223,St. Petersburg,Russia,35,15.0,3.0,,Hotel,2017,11,0
21224,St. Petersburg,Russia,55,16.0,3.0,3.0,Hotel,2017,11,0
21225,St. Petersburg,Russia,54,1.0,3.0,4.0,Hotel,2017,11,0
21226,St. Petersburg,Russia,80,1.0,4.0,4.3,Hotel,2017,11,0
21227,St. Petersburg,Russia,36,0.8,2.0,,Hotel,2017,11,0
21228,St. Petersburg,Russia,27,1.0,2.5,,Hotel,2017,11,0
21229,St. Petersburg,Russia,41,0.8,3.0,4.0,Hotel,2017,11,0
21230,St. Petersburg,Russia,69,0.9,3.0,4.1,Hotel,2017,11,0
21231,St. Petersburg,Russia,43,1.1,4.0,3.9,Hotel,2017,11,0
21233,St. Petersburg,Russia,18,0.7,2.0,3.7,Hostel,2017,11,0
21234,St. Petersburg,Russia,72,0.7,3.0,4.0,Hotel,2017,11,0
21235,St. Petersburg,Russia,31,0.6,2.5,2.5,Hotel,2017,11,0
21236,St. Petersburg,Russia,45,0.8,3.0,4.1,Hotel,2017,11,0
21237,St. Petersburg,Russia,46,0.8,3.0,3.5,Hotel,2017,11,0
21238,St. Petersburg,Russia,37,0.8,3.0,4.4,Hotel,2017,11,0
21239,St. Petersburg,Russia,55,0.7,3.0,4.1,Hotel,2017,11,0
21240,St. Petersburg,Russia,34,0.9,3.0,4.6,Hotel,2017,11,0
21241,St. Petersburg,Russia,40,0.9,3.0,,Apartment,2017,11,0
21242,St. Petersburg,Russia,45,0.9,3.0,,Hotel,2017,11,0
21244,St. Petersburg,Russia,45,0.7,2.5,,Apart-hotel,2017,11,0
21245,St. Petersburg,Russia,32,0.7,3.0,4.0,Hotel,2017,11,0
21246,St. Petersburg,Russia,29,0.9,3.0,3.9,Hotel,2017,11,0
21247,St. Petersburg,Russia,31,0.8,3.0,4.3,Hotel,2017,11,0
21248,St. Petersburg,Russia,43,0.8,3.0,4.3,Hotel,2017,11,0
21249,St. Petersburg,Russia,46,0.7,3.0,4.0,Hotel,2017,11,0
21250,St. Petersburg,Russia,576,0.6,5.0,,Hotel,2017,11,0
21251,St. Petersburg,Russia,213,0.5,5.0,4.8,Hotel,2017,11,0
21252,St. Petersburg,Russia,102,0.7,5.0,4.6,Hotel,2017,11,0
21254,St. Petersburg,Russia,73,0.8,4.0,5.0,Guest House,2017,11,0
21255,St. Petersburg,Russia,31,0.6,3.0,4.0,Hotel,2017,11,0
21256,St. Petersburg,Russia,39,0.7,3.0,4.0,Hotel,2017,11,0
21258,St. Petersburg,Russia,75,0.7,3.0,4.0,Hotel,2017,11,0
21259,St. Petersburg,Russia,35,0.6,2.5,,Hotel,2017,11,0
21260,St. Petersburg,Russia,56,0.6,3.0,2.0,Apart-hotel,2017,11,0
21261,St. Petersburg,Russia,41,0.6,2.0,,Hotel,2017,11,0
21262,St. Petersburg,Russia,132,0.6,4.0,4.4,Hotel,2017,11,0
21263,St. Petersburg,Russia,33,0.6,2.0,4.0,Hotel,2017,11,0
21264,St. Petersburg,Russia,30,0.6,3.0,3.7,Hotel,2017,11,0
21265,St. Petersburg,Russia,82,0.7,4.0,4.3,Hotel,2017,11,0
21266,St. Petersburg,Russia,48,0.7,3.0,4.0,Hotel,2017,11,0
21267,St. Petersburg,Russia,14,0.6,2.5,,Hotel,2017,11,0
21268,St. Petersburg,Russia,60,0.6,3.0,4.1,Hotel,2017,11,0
21269,St. Petersburg,Russia,33,0.9,3.0,,Apartment,2017,11,0
21270,St. Petersburg,Russia,32,0.6,3.0,,Hotel,2017,11,0
21271,St. Petersburg,Russia,164,1.4,5.0,4.8,Hotel,2017,11,0
21272,St. Petersburg,Russia,41,2.1,3.0,4.0,Hotel,2017,11,0
21273,St. Petersburg,Russia,18,2.2,3.0,3.7,Hotel,2017,11,0
21274,St. Petersburg,Russia,58,3.5,3.0,4.4,Hotel,2017,11,0
21275,St. Petersburg,Russia,57,1.5,4.0,4.5,Hotel,2017,11,0
21277,St. Petersburg,Russia,25,1.4,2.0,4.4,Hostel,2017,11,0
21278,St. Petersburg,Russia,41,1.8,3.0,3.4,Hotel,2017,11,0
21279,St. Petersburg,Russia,63,1.6,3.0,4.1,Hotel,2017,11,0
21280,St. Petersburg,Russia,66,1.4,3.0,4.1,Hotel,2017,11,0
21281,St. Petersburg,Russia,121,1.2,4.0,4.6,Hotel,2017,11,0
21282,St. Petersburg,Russia,96,1.9,5.0,4.3,Hotel,2017,11,0
21283,St. Petersburg,Russia,68,0.4,3.5,4.0,Hotel,2017,11,0
21285,St. Petersburg,Russia,27,1.4,2.5,4.0,Hotel,2017,11,0
21286,St. Petersburg,Russia,22,1.5,2.0,4.0,Hostel,2017,11,0
21287,St. Petersburg,Russia,40,7.9,3.0,4.4,Hotel,2017,11,0
21288,St. Petersburg,Russia,30,4.3,3.0,3.7,Hotel,2017,11,0
21289,St. Petersburg,Russia,43,2.1,3.0,,Hotel,2017,11,0
21290,St. Petersburg,Russia,26,1.5,3.0,3.0,Apartment,2017,11,0
21291,St. Petersburg,Russia,27,1.4,3.0,4.1,Guest House,2017,11,0
21292,St. Petersburg,Russia,36,3.3,3.0,3.5,Hotel,2017,11,0
21293,St. Petersburg,Russia,26,2.0,3.0,,Hotel,2017,11,0
21294,St. Petersburg,Russia,43,4.5,3.0,3.7,Hotel,2017,11,0
21295,St. Petersburg,Russia,41,1.1,3.0,3.5,Bed and breakfast,2017,11,0
21296,St. Petersburg,Russia,18,1.4,2.0,4.0,Hostel,2017,11,0
21297,St. Petersburg,Russia,67,1.7,2.5,2.7,Hotel,2017,11,0
21298,St. Petersburg,Russia,52,0.4,3.0,4.0,Hotel,2017,11,0
21299,St. Petersburg,Russia,92,1.2,4.0,4.1,Hotel,2017,11,0
21300,St. Petersburg,Russia,42,1.4,3.0,3.2,Hotel,2017,11,0
21301,St. Petersburg,Russia,35,1.1,3.0,4.0,Hotel,2017,11,0
21302,St. Petersburg,Russia,23,1.6,2.0,,Hostel,2017,11,0
21303,St. Petersburg,Russia,44,1.8,3.0,3.0,Hotel,2017,11,0
21304,St. Petersburg,Russia,26,1.9,2.5,,Hotel,2017,11,0
21305,St. Petersburg,Russia,20,1.4,2.0,3.4,Hotel,2017,11,0
21306,St. Petersburg,Russia,45,1.9,2.0,,Hotel,2017,11,0
21307,St. Petersburg,Russia,51,2.0,3.5,4.8,Apart-hotel,2017,11,0
21308,St. Petersburg,Russia,65,1.9,3.0,3.0,Hotel,2017,11,0
21309,St. Petersburg,Russia,29,1.9,3.0,4.6,Hotel,2017,11,0
21310,St. Petersburg,Russia,37,1.9,3.0,4.1,Bed and breakfast,2017,11,0
21312,St. Petersburg,Russia,68,2.7,4.0,4.0,Hotel,2017,11,0
21313,St. Petersburg,Russia,29,1.6,3.0,,Hotel,2017,11,0
21314,St. Petersburg,Russia,33,1.4,2.5,,Hotel,2017,11,0
21315,St. Petersburg,Russia,65,1.6,3.0,4.0,Hotel,2017,11,0
21316,St. Petersburg,Russia,41,7.2,3.0,4.0,Hotel,2017,11,0
21317,St. Petersburg,Russia,77,4.5,3.0,4.0,Hotel,2017,11,0
21318,St. Petersburg,Russia,37,1.5,3.0,4.0,Hotel,2017,11,0
21319,St. Petersburg,Russia,57,2.3,3.0,,Hotel,2017,11,0
21320,St. Petersburg,Russia,41,4.8,2.5,1.0,Hotel,2017,11,0
21321,St. Petersburg,Russia,25,1.4,2.5,4.0,Apartment,2017,11,0
21322,St. Petersburg,Russia,63,1.8,2.0,4.5,Hotel,2017,11,0
21323,St. Petersburg,Russia,64,1.3,3.0,4.6,Hotel,2017,11,0
21324,St. Petersburg,Russia,100,0.9,4.0,4.8,Hotel,2017,11,0
21325,St. Petersburg,Russia,43,2.8,3.0,2.4,Hotel,2017,11,0
21326,St. Petersburg,Russia,53,2.7,3.0,2.0,Hotel,2017,11,0
21327,St. Petersburg,Russia,30,1.8,2.5,,Hostel,2017,11,0
21328,St. Petersburg,Russia,41,1.8,2.5,,Hotel,2017,11,0
21329,St. Petersburg,Russia,50,1.8,2.5,,Hotel,2017,11,0
21330,St. Petersburg,Russia,33,1.6,3.0,,Hotel,2017,11,0
21331,St. Petersburg,Russia,27,1.5,2.0,,Hostel,2017,11,0
21332,St. Petersburg,Russia,43,1.5,3.5,3.5,Hotel,2017,11,0
21333,St. Petersburg,Russia,38,1.4,3.0,4.0,Hotel,2017,11,0
21334,St. Petersburg,Russia,72,3.7,3.0,,Hotel,2017,11,0
21335,St. Petersburg,Russia,39,1.5,2.0,4.3,Bed and breakfast,2017,11,0
21336,St. Petersburg,Russia,29,1.5,2.0,4.8,Hotel,2017,11,0
21337,St. Petersburg,Russia,20,6.4,2.0,3.7,Hotel,2017,11,0
21338,St. Petersburg,Russia,58,2.3,3.0,,Apartment,2017,11,0
21339,St. Petersburg,Russia,61,6.3,3.0,4.4,Hotel,2017,11,0
21340,St. Petersburg,Russia,26,1.9,2.0,4.3,Hostel,2017,11,0
21341,St. Petersburg,Russia,42,1.6,2.5,,Guest House,2017,11,0
21342,St. Petersburg,Russia,28,1.4,2.5,,Hotel,2017,11,0
21343,St. Petersburg,Russia,61,1.4,3.0,4.0,Hotel,2017,11,0
21344,St. Petersburg,Russia,30,1.4,3.0,,Hotel,2017,11,0
21345,St. Petersburg,Russia,44,0.3,3.0,3.9,Hotel,2017,11,0
21346,St. Petersburg,Russia,108,0.4,4.0,4.8,Hotel,2017,11,0
21347,St. Petersburg,Russia,127,0.2,4.0,4.8,Hotel,2017,11,0
21348,St. Petersburg,Russia,52,1.8,4.0,3.7,Hotel,2017,11,0
21349,St. Petersburg,Russia,45,2.5,3.0,3.7,Hotel,2017,11,0
21350,St. Petersburg,Russia,43,5.8,3.0,,Apartment,2017,11,0
21351,St. Petersburg,Russia,24,1.8,2.0,4.3,Hotel,2017,11,0
21352,St. Petersburg,Russia,33,1.5,3.0,,Hotel,2017,11,0
21354,St. Petersburg,Russia,16,1.8,2.0,,Hostel,2017,11,0
21356,St. Petersburg,Russia,49,1.4,3.0,,Apartment,2017,11,0
21357,St. Petersburg,Russia,25,1.8,2.5,4.5,Hotel,2017,11,0
21359,St. Petersburg,Russia,20,1.8,2.0,,Hostel,2017,11,0
21360,St. Petersburg,Russia,63,1.8,3.0,5.0,Hotel,2017,11,0
21361,St. Petersburg,Russia,80,12.0,4.0,4.0,Hotel,2017,11,0
21362,St. Petersburg,Russia,71,12.0,3.0,4.5,Hotel,2017,11,0
21363,St. Petersburg,Russia,26,2.0,3.0,4.0,Hotel,2017,11,0
21364,St. Petersburg,Russia,46,4.8,3.0,4.3,Hotel,2017,11,0
21365,St. Petersburg,Russia,26,3.7,3.0,4.0,Hotel,2017,11,0
21366,St. Petersburg,Russia,48,5.1,3.0,1.0,Hotel,2017,11,0
21367,St. Petersburg,Russia,43,1.4,3.0,4.0,Hotel,2017,11,0
21368,St. Petersburg,Russia,48,5.6,3.0,,Hotel,2017,11,0
21369,St. Petersburg,Russia,40,5.8,3.0,3.2,Hotel,2017,11,0
21370,St. Petersburg,Russia,41,8.0,3.0,4.4,Hotel,2017,11,0
21371,St. Petersburg,Russia,38,1.3,2.0,4.0,Hotel,2017,11,0
21372,St. Petersburg,Russia,29,2.4,2.0,,Hotel,2017,11,0
21373,St. Petersburg,Russia,20,1.9,2.5,,Hostel,2017,11,0
21374,St. Petersburg,Russia,68,1.9,3.5,4.0,,2017,11,0
21375,St. Petersburg,Russia,58,2.0,3.0,4.3,Hotel,2017,11,0
21376,St. Petersburg,Russia,47,5.5,3.0,5.0,Hotel,2017,11,0
21377,St. Petersburg,Russia,50,3.7,3.0,4.0,Hotel,2017,11,0
21378,St. Petersburg,Russia,53,5.9,3.0,,Hotel,2017,11,0
21380,St. Petersburg,Russia,20,1.8,2.5,,Hotel,2017,11,0
21381,St. Petersburg,Russia,32,2.0,3.0,4.5,Hotel,2017,11,0
21382,St. Petersburg,Russia,41,1.5,3.0,4.5,Hotel,2017,11,0
21383,St. Petersburg,Russia,25,8.6,2.5,,Hotel,2017,11,0
21384,St. Petersburg,Russia,86,0.3,3.5,3.7,Apartment,2017,11,0
21385,St. Petersburg,Russia,58,1.8,3.5,,Hotel,2017,11,0
21386,St. Petersburg,Russia,49,1.6,3.0,4.0,Hotel,2017,11,0
21387,St. Petersburg,Russia,51,1.6,3.5,4.0,Hotel,2017,11,0
21388,St. Petersburg,Russia,33,1.5,3.0,,Apart-hotel,2017,11,0
21389,St. Petersburg,Russia,76,1.6,4.0,4.4,Hotel,2017,11,0
21390,St. Petersburg,Russia,46,1.5,3.0,4.1,Hotel,2017,11,0
21391,St. Petersburg,Russia,48,1.6,3.0,4.8,Hotel,2017,11,0
21392,St. Petersburg,Russia,20,1.6,2.5,,Hostel,2017,11,0
21393,St. Petersburg,Russia,53,13.0,3.0,3.7,Hotel,2017,11,0
21394,St. Petersburg,Russia,23,1.6,2.0,4.0,Hotel,2017,11,0
21395,St. Petersburg,Russia,28,5.9,3.0,4.3,Hotel,2017,11,0
21396,St. Petersburg,Russia,16,0.9,2.5,2.9,Hotel,2017,11,0
21397,St. Petersburg,Russia,21,1.5,2.0,4.5,Hostel,2017,11,0
21398,St. Petersburg,Russia,16,1.8,2.5,3.5,Hotel,2017,11,0
21399,St. Petersburg,Russia,50,12.0,3.0,,Hotel,2017,11,0
21400,St. Petersburg,Russia,41,10.0,2.5,,Hotel,2017,11,0
21401,St. Petersburg,Russia,31,2.8,3.0,3.5,Hotel,2017,11,0
21402,St. Petersburg,Russia,63,1.0,3.0,,Hotel,2017,11,0
21403,St. Petersburg,Russia,73,1.6,4.0,4.5,Hotel,2017,11,0
21404,St. Petersburg,Russia,66,1.5,4.0,4.0,Hotel,2017,11,0
21405,St. Petersburg,Russia,80,3.5,4.0,3.7,Hotel,2017,11,0
21406,St. Petersburg,Russia,22,0.5,2.0,,Hostel,2017,11,0
21407,St. Petersburg,Russia,40,1.9,3.0,4.0,Hotel,2017,11,0
21408,St. Petersburg,Russia,51,1.1,3.0,3.9,,2017,11,0
21409,St. Petersburg,Russia,67,1.1,3.0,3.2,Hotel,2017,11,0
21410,St. Petersburg,Russia,70,1.1,3.0,4.1,Hotel,2017,11,0
21411,St. Petersburg,Russia,58,1.3,2.0,,Hotel,2017,11,0
21412,St. Petersburg,Russia,48,1.3,3.0,4.0,Hotel,2017,11,0
21413,St. Petersburg,Russia,46,1.1,3.0,4.3,Hotel,2017,11,0
21414,St. Petersburg,Russia,30,1.1,3.0,3.7,Bed and breakfast,2017,11,0
21415,St. Petersburg,Russia,52,1.7,3.0,4.3,Hotel,2017,11,0
21416,St. Petersburg,Russia,86,1.4,4.0,4.4,Hotel,2017,11,0
21417,St. Petersburg,Russia,30,2.0,3.5,,Hotel,2017,11,0
21418,St. Petersburg,Russia,56,1.5,3.0,3.2,Hotel,2017,11,0
21419,St. Petersburg,Russia,39,1.5,2.5,,Hotel,2017,11,0
21420,St. Petersburg,Russia,110,0.8,5.0,4.3,Hotel,2017,11,0
21421,St. Petersburg,Russia,39,1.2,2.0,,Hotel,2017,11,0
21422,St. Petersburg,Russia,82,1.5,4.0,4.0,Hotel,2017,11,0
21423,St. Petersburg,Russia,63,1.6,2.0,3.7,Hotel,2017,11,0
21424,St. Petersburg,Russia,52,3.4,3.0,3.2,Hotel,2017,11,0
21425,St. Petersburg,Russia,46,3.7,3.0,4.5,Hotel,2017,11,0
21426,St. Petersburg,Russia,37,3.0,3.0,4.0,Hotel,2017,11,0
21427,St. Petersburg,Russia,51,2.8,3.0,2.7,Hotel,2017,11,0
21428,St. Petersburg,Russia,56,1.5,3.0,4.5,Hotel,2017,11,0
21429,St. Petersburg,Russia,55,1.6,3.0,3.4,Hotel,2017,11,0
21430,St. Petersburg,Russia,43,2.2,3.0,3.7,Hotel,2017,11,0
21431,St. Petersburg,Russia,29,0.8,3.0,4.4,Hotel,2017,11,0
21432,St. Petersburg,Russia,65,1.2,4.0,4.3,Hotel,2017,11,0
21433,St. Petersburg,Russia,58,1.0,3.0,,Hotel,2017,11,0
21434,St. Petersburg,Russia,51,4.8,3.0,3.2,Hotel,2017,11,0
21435,St. Petersburg,Russia,60,5.7,,,Apartment,2017,11,0
21436,St. Petersburg,Russia,61,6.4,3.0,,Apartment,2017,11,0
21437,St. Petersburg,Russia,66,6.4,,,Apartment,2017,11,0
21438,St. Petersburg,Russia,52,5.7,,,Apartment,2017,11,0
21439,St. Petersburg,Russia,52,5.7,,,Apartment,2017,11,0
21440,St. Petersburg,Russia,56,6.1,3.0,4.3,Hotel,2017,11,0
21441,St. Petersburg,Russia,42,6.1,,,Apartment,2017,11,0
21442,St. Petersburg,Russia,53,1.3,3.0,4.1,Hotel,2017,11,0
21443,St. Petersburg,Russia,22,1.2,3.0,3.5,Hotel,2017,11,0
21444,St. Petersburg,Russia,60,1.3,4.0,3.5,Hotel,2017,11,0
21445,St. Petersburg,Russia,48,1.2,3.0,4.3,Hotel,2017,11,0
21446,St. Petersburg,Russia,55,1.3,3.0,4.3,Hotel,2017,11,0
21447,St. Petersburg,Russia,16,1.4,2.0,,Hostel,2017,11,0
21448,St. Petersburg,Russia,23,1.4,2.0,5.0,Hostel,2017,11,0
21449,St. Petersburg,Russia,33,1.5,2.0,4.3,Hotel,2017,11,0
21450,St. Petersburg,Russia,12,1.5,2.0,4.6,Hostel,2017,11,0
21451,St. Petersburg,Russia,30,1.4,3.5,4.0,Apartment,2017,11,0
21452,St. Petersburg,Russia,24,1.3,2.0,1.0,Hostel,2017,11,0
21453,St. Petersburg,Russia,48,1.2,3.0,3.5,Hotel,2017,11,0
21454,St. Petersburg,Russia,65,1.2,3.0,5.0,Apart-hotel,2017,11,0
21455,St. Petersburg,Russia,25,1.2,2.0,,Hostel,2017,11,0
21457,St. Petersburg,Russia,33,1.5,2.0,2.0,Hotel,2017,11,0
21458,St. Petersburg,Russia,59,1.4,3.0,4.1,Hotel,2017,11,0
21459,St. Petersburg,Russia,57,1.2,3.0,,Hotel,2017,11,0
21460,St. Petersburg,Russia,29,1.3,2.5,,Hotel,2017,11,0
21461,St. Petersburg,Russia,17,1.3,2.0,4.0,Hostel,2017,11,0
21462,St. Petersburg,Russia,33,1.3,2.0,4.5,Hostel,2017,11,0
21463,St. Petersburg,Russia,54,1.3,3.0,3.9,Hotel,2017,11,0
21464,St. Petersburg,Russia,20,1.3,2.5,3.2,Hotel,2017,11,0
21465,St. Petersburg,Russia,50,1.3,3.0,4.3,Hotel,2017,11,0
21466,St. Petersburg,Russia,38,1.3,2.0,3.7,Hotel,2017,11,0
21467,St. Petersburg,Russia,24,1.3,2.5,4.0,Hotel,2017,11,0
21468,St. Petersburg,Russia,33,1.5,3.0,4.0,Hotel,2017,11,0
21470,St. Petersburg,Russia,31,1.8,3.0,4.3,Hotel,2017,11,0
21471,St. Petersburg,Russia,46,1.8,3.0,2.7,Hotel,2017,11,0
21472,St. Petersburg,Russia,67,1.7,4.0,3.5,Hotel,2017,11,0
21473,St. Petersburg,Russia,30,1.9,3.0,4.1,Bed and breakfast,2017,11,0
21474,St. Petersburg,Russia,21,1.9,3.0,3.5,Apartment,2017,11,0
21476,St. Petersburg,Russia,30,1.9,3.0,3.2,Hotel,2017,11,0
21477,St. Petersburg,Russia,20,1.8,2.0,,Hostel,2017,11,0
21478,St. Petersburg,Russia,41,1.8,3.0,3.5,Hotel,2017,11,0
21479,St. Petersburg,Russia,98,1.8,4.0,4.0,Hotel,2017,11,0
21481,St. Petersburg,Russia,31,1.8,2.5,3.0,Hotel,2017,11,0
21482,St. Petersburg,Russia,17,1.7,2.0,3.9,Hostel,2017,11,0
21483,St. Petersburg,Russia,59,1.7,4.0,4.1,Hotel,2017,11,0
21484,St. Petersburg,Russia,38,1.9,2.5,,Hotel,2017,11,0
21487,St. Petersburg,Russia,29,1.9,2.5,,Hotel,2017,11,0
21488,St. Petersburg,Russia,28,1.9,3.0,,Hotel,2017,11,0
21489,St. Petersburg,Russia,43,1.8,3.0,4.4,Hotel,2017,11,0
21490,St. Petersburg,Russia,15,1.9,2.5,,Hotel,2017,11,0
21491,St. Petersburg,Russia,86,1.9,3.0,,Hotel,2017,11,0
21492,St. Petersburg,Russia,21,1.9,3.0,,Hotel,2017,11,0
21493,St. Petersburg,Russia,55,1.7,3.0,4.8,Hotel,2017,11,0
21494,St. Petersburg,Russia,30,1.9,2.5,2.7,Hotel,2017,11,0
21495,St. Petersburg,Russia,34,1.9,3.0,4.0,Hotel,2017,11,0
21496,St. Petersburg,Russia,45,1.8,3.0,4.3,Hotel,2017,11,0
21497,St. Petersburg,Russia,55,1.8,3.0,3.9,Hotel,2017,11,0
21498,St. Petersburg,Russia,20,1.8,2.5,4.0,Hotel,2017,11,0
21499,St. Petersburg,Russia,28,1.9,2.5,,Hotel,2017,11,0
21500,St. Petersburg,Russia,23,1.8,2.0,,Hostel,2017,11,0
21501,St. Petersburg,Russia,23,1.8,2.5,,Hotel,2017,11,0
21502,St. Petersburg,Russia,60,2.0,4.0,3.7,Hotel,2017,11,0
21503,St. Petersburg,Russia,40,4.7,3.0,,Hotel,2017,11,0
21504,St. Petersburg,Russia,45,7.3,3.0,,Hotel,2017,11,0
21505,St. Petersburg,Russia,46,4.1,3.0,4.0,Hotel,2017,11,0
21506,St. Petersburg,Russia,65,1.5,3.0,3.4,Hotel,2017,11,0
21507,St. Petersburg,Russia,45,4.8,3.0,4.0,Hotel,2017,11,0
21508,St. Petersburg,Russia,34,7.9,3.5,5.0,Apart-hotel,2017,11,0
21509,St. Petersburg,Russia,45,19.0,2.5,,Cottage,2017,11,0
21510,Stockholm,Sweden,64,4.0,3.0,3.5,Hotel,2017,11,0
21512,Stockholm,Sweden,84,4.0,3.0,4.4,Hotel,2017,11,0
21513,Stockholm,Sweden,85,4.2,3.0,2.9,Hotel,2017,11,0
21514,Stockholm,Sweden,190,4.3,4.0,4.0,Hotel,2017,11,0
21515,Stockholm,Sweden,261,4.2,4.5,3.9,Hotel,2017,11,0
21516,Stockholm,Sweden,258,22.0,4.5,4.3,Hotel,2017,11,0
21517,Stockholm,Sweden,238,22.0,4.5,4.5,Hotel,2017,11,0
21518,Stockholm,Sweden,146,22.0,3.0,4.0,Hotel,2017,11,0
21520,Stockholm,Sweden,166,21.0,4.0,4.3,Hotel,2017,11,0
21521,Stockholm,Sweden,142,21.0,3.5,4.0,Hotel,2017,11,0
21522,Stockholm,Sweden,198,20.0,3.5,3.7,Hotel,2017,11,0
21523,Stockholm,Sweden,120,20.0,3.0,3.9,Hotel,2017,11,0
21525,Stockholm,Sweden,120,2.8,2.5,3.2,Hotel,2017,11,0
21526,Stockholm,Sweden,141,2.8,3.5,3.5,Hotel,2017,11,0
21527,Stockholm,Sweden,102,2.5,2.5,3.2,Hotel,2017,11,0
21528,Stockholm,Sweden,102,2.5,3.0,3.4,Hotel,2017,11,0
21529,Stockholm,Sweden,86,3.2,3.5,3.2,Hotel,2017,11,0
21530,Stockholm,Sweden,267,2.9,3.5,4.0,Hotel,2017,11,0
21531,Stockholm,Sweden,166,4.1,4.0,4.0,Hotel,2017,11,0
21532,Stockholm,Sweden,142,4.4,3.0,3.7,Hotel,2017,11,0
21534,Stockholm,Sweden,69,3.9,1.5,1.7,Hostel,2017,11,0
21535,Stockholm,Sweden,131,3.6,4.0,4.0,Hotel,2017,11,0
21537,Stockholm,Sweden,194,4.5,4.0,4.1,Hotel,2017,11,0
21538,Stockholm,Sweden,115,3.3,3.0,3.2,Hotel,2017,11,0
21539,Stockholm,Sweden,219,3.0,3.0,3.2,Apart-hotel,2017,11,0
21540,Stockholm,Sweden,106,3.4,3.0,4.0,Apart-hotel,2017,11,0
21541,Stockholm,Sweden,225,4.9,3.0,4.1,Hotel,2017,11,0
21543,Stockholm,Sweden,165,4.4,3.0,3.4,Hotel,2017,11,0
21544,Stockholm,Sweden,165,4.9,3.0,4.5,Hotel,2017,11,0
21545,Stockholm,Sweden,196,4.4,3.0,4.1,Hotel,2017,11,0
21546,Stockholm,Sweden,151,3.8,3.5,4.3,Hotel,2017,11,0
21547,Stockholm,Sweden,59,0.7,2.0,3.7,Hostel,2017,11,0
21548,Stockholm,Sweden,87,0.6,2.5,3.9,Hotel,2017,11,0
21550,Stockholm,Sweden,300,0.7,4.0,4.0,Hotel,2017,11,0
21552,Stockholm,Sweden,264,0.6,4.0,4.5,Hotel,2017,11,0
21553,Stockholm,Sweden,113,0.6,3.0,4.0,Hotel,2017,11,0
21554,Stockholm,Sweden,247,0.6,4.0,4.0,Hotel,2017,11,0
21556,Stockholm,Sweden,77,0.6,2.0,3.4,Hostel,2017,11,0
21557,Stockholm,Sweden,262,0.5,4.0,4.4,Hotel,2017,11,0
21558,Stockholm,Sweden,238,0.6,3.5,4.5,Hotel,2017,11,0
21559,Stockholm,Sweden,104,0.5,2.5,3.7,Hotel,2017,11,0
21560,Stockholm,Sweden,218,0.5,3.0,4.0,Hotel,2017,11,0
21561,Stockholm,Sweden,160,3.0,3.5,3.9,Hotel,2017,11,0
21562,Stockholm,Sweden,107,4.9,3.5,4.0,Hotel,2017,11,0
21563,Stockholm,Sweden,67,2.8,3.0,3.0,Hotel,2017,11,0
21564,Stockholm,Sweden,257,8.8,3.5,3.7,Bed and breakfast,2017,11,0
21565,Stockholm,Sweden,87,8.8,3.0,,Apart-hotel,2017,11,0
21566,Stockholm,Sweden,265,12.0,4.0,4.5,Hotel,2017,11,0
21567,Stockholm,Sweden,169,8.6,3.5,4.3,Hotel,2017,11,0
21568,Stockholm,Sweden,201,2.8,3.5,4.0,Hotel,2017,11,0
21569,Stockholm,Sweden,77,2.9,3.0,3.7,Hotel,2017,11,0
21570,Stockholm,Sweden,140,2.4,3.5,4.5,Apart-hotel,2017,11,0
21571,Stockholm,Sweden,255,6.4,4.0,4.0,Hotel,2017,11,0
21572,Stockholm,Sweden,243,6.6,4.0,4.0,Hotel,2017,11,0
21574,Stockholm,Sweden,124,7.3,3.0,3.4,Hotel,2017,11,0
21575,Stockholm,Sweden,241,6.3,3.5,4.1,Hotel,2017,11,0
21576,Stockholm,Sweden,119,7.5,2.5,3.4,Hotel,2017,11,0
21577,Stockholm,Sweden,188,6.2,3.0,4.0,Hotel,2017,11,0
21578,Stockholm,Sweden,186,6.6,3.0,4.1,Hotel,2017,11,0
21579,Stockholm,Sweden,106,7.0,3.0,3.2,Hotel,2017,11,0
21580,Stockholm,Sweden,208,6.6,3.5,3.7,Hotel,2017,11,0
21581,Stockholm,Sweden,155,1.3,3.0,3.9,Hotel,2017,11,0
21582,Stockholm,Sweden,56,1.2,2.0,4.0,Hostel,2017,11,0
21583,Stockholm,Sweden,107,0.7,2.0,4.0,Hostel,2017,11,0
21584,Stockholm,Sweden,59,0.8,1.0,2.7,Hostel,2017,11,0
21585,Stockholm,Sweden,118,1.2,3.0,4.4,Hotel,2017,11,0
21586,Stockholm,Sweden,96,0.6,2.0,3.2,Bed and breakfast,2017,11,0
21587,Stockholm,Sweden,309,0.7,3.5,3.9,Hotel,2017,11,0
21588,Stockholm,Sweden,302,1.5,4.0,4.3,Hotel,2017,11,0
21589,Stockholm,Sweden,112,1.1,3.0,3.0,Hotel,2017,11,0
21590,Stockholm,Sweden,143,1.2,3.0,3.7,Hotel,2017,11,0
21591,Stockholm,Sweden,171,5.3,2.0,3.9,Hotel,2017,11,0
21593,Stockholm,Sweden,241,2.8,4.0,4.0,Hotel,2017,11,0
21595,Stockholm,Sweden,121,3.9,3.0,3.0,Hotel,2017,11,0
21596,Stockholm,Sweden,242,6.2,4.0,3.9,Hotel,2017,11,0
21597,Stockholm,Sweden,88,22.0,3.0,3.5,Hotel,2017,11,0
21598,Stockholm,Sweden,118,5.1,3.0,3.0,Hotel,2017,11,0
21599,Stockholm,Sweden,215,3.6,4.0,4.5,Hotel,2017,11,0
21601,Stockholm,Sweden,192,2.6,4.0,3.7,Hotel,2017,11,0
21602,Stockholm,Sweden,298,0.5,4.5,4.0,Hotel,2017,11,0
21603,Stockholm,Sweden,225,0.3,3.5,4.0,Hotel,2017,11,0
21604,Stockholm,Sweden,310,0.3,4.5,3.9,Hotel,2017,11,0
21605,Stockholm,Sweden,192,0.1,3.5,4.4,Hotel,2017,11,0
21606,Stockholm,Sweden,283,0.1,5.0,4.5,Hotel,2017,11,0
21607,Stockholm,Sweden,310,0.1,3.5,4.5,Hotel,2017,11,0
21609,Stockholm,Sweden,54,0.8,2.0,4.3,Hostel,2017,11,0
21610,Stockholm,Sweden,249,0.5,3.5,4.0,Hotel,2017,11,0
21611,Stockholm,Sweden,125,0.3,3.0,2.7,Hotel,2017,11,0
21612,Stockholm,Sweden,187,0.3,3.0,3.5,Hotel,2017,11,0
21613,Stockholm,Sweden,298,0.4,4.0,3.9,Hotel,2017,11,0
21615,Stockholm,Sweden,162,0.3,2.5,3.5,Hotel,2017,11,0
21616,Stockholm,Sweden,240,0.2,4.0,4.4,Hotel,2017,11,0
21617,Stockholm,Sweden,63,0.5,2.0,3.0,Hostel,2017,11,0
21618,Stockholm,Sweden,123,0.5,3.0,3.5,Hotel,2017,11,0
21619,Stockholm,Sweden,114,0.2,2.0,2.7,Hostel,2017,11,0
21620,Stockholm,Sweden,369,0.2,4.0,4.5,Hotel,2017,11,0
21621,Stockholm,Sweden,285,0.3,3.0,3.7,Hotel,2017,11,0
21622,Stockholm,Sweden,203,0.2,3.5,4.0,Hotel,2017,11,0
21623,Stockholm,Sweden,311,0.3,4.0,4.1,Hotel,2017,11,0
21624,Stockholm,Sweden,50,0.3,2.0,3.7,Hostel,2017,11,0
21625,Stockholm,Sweden,225,0.6,4.0,4.0,Hotel,2017,11,0
21626,Stockholm,Sweden,201,0.6,3.5,4.0,Hotel,2017,11,0
21627,Stockholm,Sweden,115,0.6,2.0,3.7,Hotel,2017,11,0
21628,Stockholm,Sweden,321,0.4,4.0,4.5,Hotel,2017,11,0
21629,Stockholm,Sweden,327,0.3,5.0,4.3,Hotel,2017,11,0
21630,Stockholm,Sweden,214,0.6,3.0,4.0,Hotel,2017,11,0
21631,Stockholm,Sweden,93,0.7,2.0,2.9,Hostel,2017,11,0
21632,Stockholm,Sweden,125,1.0,2.5,3.5,Hotel,2017,11,0
21634,Stockholm,Sweden,271,0.4,4.0,4.5,Hotel,2017,11,0
21636,Stockholm,Sweden,217,0.3,3.5,4.4,Hotel,2017,11,0
21637,Stockholm,Sweden,346,0.5,5.0,4.9,Hotel,2017,11,0
21639,Stockholm,Sweden,297,0.3,5.0,4.1,Hotel,2017,11,0
21640,Stockholm,Sweden,76,0.6,2.0,3.9,Hotel,2017,11,0
21641,Stockholm,Sweden,215,0.6,3.0,4.0,Hotel,2017,11,0
21642,Stockholm,Sweden,115,0.5,2.0,4.0,Hostel,2017,11,0
21644,Stockholm,Sweden,191,0.5,2.0,3.5,Hotel,2017,11,0
21645,Stockholm,Sweden,106,0.4,2.0,4.3,Hostel,2017,11,0
21646,Stockholm,Sweden,218,0.4,3.5,4.1,Hotel,2017,11,0
21647,Stockholm,Sweden,286,0.2,4.5,4.1,Hotel,2017,11,0
21649,Stockholm,Sweden,261,0.2,3.5,4.4,Hotel,2017,11,0
21650,Stockholm,Sweden,230,0.3,4.0,4.3,Hotel,2017,11,0
21651,Stockholm,Sweden,305,0.3,4.0,4.1,Hotel,2017,11,0
21652,Stockholm,Sweden,309,0.3,4.0,4.0,Hotel,2017,11,0
21653,Stockholm,Sweden,289,0.3,4.0,4.0,Hotel,2017,11,0
21654,Stockholm,Sweden,189,0.4,3.0,3.7,Hotel,2017,11,0
21655,Stockholm,Sweden,222,0.4,3.5,3.7,Hotel,2017,11,0
21656,Stockholm,Sweden,297,0.4,4.0,4.0,Hotel,2017,11,0
21657,Stockholm,Sweden,104,9.2,3.0,3.5,Apartment,2017,11,0
21658,Stockholm,Sweden,138,9.4,3.0,3.5,Hotel,2017,11,0
21659,Stockholm,Sweden,254,0.4,4.0,4.0,Hotel,2017,11,0
21660,Stockholm,Sweden,214,0.4,4.0,4.1,Hotel,2017,11,0
21661,Stockholm,Sweden,323,0.4,4.0,4.0,Hotel,2017,11,0
21662,Stockholm,Sweden,181,0.4,3.0,3.7,Hotel,2017,11,0
21663,Stockholm,Sweden,278,0.4,4.0,3.9,Hotel,2017,11,0
21664,Stockholm,Sweden,289,0.7,4.0,3.9,Hotel,2017,11,0
21665,Stockholm,Sweden,237,1.1,4.0,4.0,Hotel,2017,11,0
21667,Stockholm,Sweden,104,1.0,3.5,,Apartment,2017,11,0
21668,Stockholm,Sweden,250,0.4,3.5,4.1,Hotel,2017,11,0
21669,Stockholm,Sweden,308,0.4,4.0,4.1,Hotel,2017,11,0
21670,Stockholm,Sweden,195,1.0,4.0,3.7,Hotel,2017,11,0
21672,Stockholm,Sweden,372,0.5,4.0,4.1,Hotel,2017,11,0
21673,Stockholm,Sweden,306,0.6,5.0,4.4,Hotel,2017,11,0
21674,Stockholm,Sweden,293,0.5,4.0,4.5,Hotel,2017,11,0
21675,Stockholm,Sweden,172,19.0,4.0,4.4,Hotel,2017,11,0
21676,Stockholm,Sweden,171,9.5,3.5,3.9,Hotel,2017,11,0
21677,Stockholm,Sweden,279,24.0,4.0,4.1,Hotel,2017,11,0
21681,Stockholm,Sweden,181,6.9,3.0,3.7,Hotel,2017,11,0
21682,Stockholm,Sweden,201,1.2,3.5,4.1,Hotel,2017,11,0
21683,Stockholm,Sweden,125,1.4,2.0,3.7,Hotel,2017,11,0
21685,Stockholm,Sweden,297,0.9,4.0,4.1,Hotel,2017,11,0
21686,Stockholm,Sweden,202,1.3,4.0,3.7,Hotel,2017,11,0
21688,Stockholm,Sweden,138,1.6,3.5,3.5,Hotel,2017,11,0
21689,Stockholm,Sweden,138,1.0,2.0,4.3,Hotel,2017,11,0
21690,Stockholm,Sweden,79,1.1,2.0,3.2,Hostel,2017,11,0
21692,Stockholm,Sweden,78,0.8,2.0,3.9,Hostel,2017,11,0
21693,Stockholm,Sweden,222,1.0,3.0,3.7,Hotel,2017,11,0
21694,Stockholm,Sweden,92,1.1,2.0,3.5,Hotel,2017,11,0
21695,Stockholm,Sweden,126,1.1,3.0,3.9,Hotel,2017,11,0
21696,Stockholm,Sweden,196,1.6,3.5,4.1,Hotel,2017,11,0
21697,Stockholm,Sweden,91,1.6,2.0,4.1,Hostel,2017,11,0
21698,Stockholm,Sweden,81,1.4,3.0,3.0,Hotel,2017,11,0
21699,Stockholm,Sweden,124,0.9,3.5,3.5,Hotel,2017,11,0
21700,Stockholm,Sweden,223,1.0,4.0,4.6,Hotel,2017,11,0
21701,Stockholm,Sweden,71,1.7,2.0,3.0,Hostel,2017,11,0
21702,Stockholm,Sweden,203,1.8,4.0,4.0,Hotel,2017,11,0
21703,Stockholm,Sweden,87,1.7,2.0,4.0,Hostel,2017,11,0
21704,Stockholm,Sweden,64,0.8,2.0,3.5,House boat,2017,11,0
21705,Stockholm,Sweden,81,1.2,2.0,3.0,Hostel,2017,11,0
21706,Stockholm,Sweden,262,1.3,4.0,4.3,Hotel,2017,11,0
21707,Stockholm,Sweden,121,1.3,2.0,3.9,Hostel,2017,11,0
21708,Stockholm,Sweden,180,1.3,2.5,3.5,Hotel,2017,11,0
21709,Stockholm,Sweden,195,1.1,3.5,4.0,Hotel,2017,11,0
21710,Stockholm,Sweden,173,1.4,3.5,4.1,Hotel,2017,11,0
21711,Stockholm,Sweden,76,1.4,2.0,4.0,Hostel,2017,11,0
21712,Stockholm,Sweden,115,1.7,3.0,3.2,Hotel,2017,11,0
21713,Stockholm,Sweden,140,1.6,3.5,3.5,Hotel,2017,11,0
21714,Stockholm,Sweden,278,7.6,3.5,3.7,Hotel,2017,11,0
21715,Stockholm,Sweden,152,11.0,2.5,3.5,Apart-hotel,2017,11,0
21716,Stockholm,Sweden,152,11.0,3.0,3.4,Apartment,2017,11,0
21718,Stockholm,Sweden,116,11.0,2.5,3.2,Hotel,2017,11,0
21719,Stockholm,Sweden,138,7.4,3.0,4.0,Hotel,2017,11,0
21721,Stockholm,Sweden,286,2.8,3.0,3.2,Hotel,2017,11,0
21723,Stockholm,Sweden,214,1.6,4.0,,Hotel,2017,11,0
21732,Stockholm,Sweden,118,3.0,3.0,4.0,Apartment,2017,11,0
21733,Stockholm,Sweden,263,3.7,4.0,3.5,Hotel,2017,11,0
21735,Stockholm,Sweden,106,7.9,2.5,2.5,Hotel,2017,11,0
21737,Stockholm,Sweden,209,1.3,4.0,4.4,Hotel,2017,11,0
21738,Stockholm,Sweden,80,0.8,2.0,4.3,Hostel,2017,11,0
21739,Stockholm,Sweden,644,0.9,4.0,4.5,Hotel,2017,11,0
21740,Stockholm,Sweden,84,2.2,3.0,4.4,Hotel,2017,11,0
21742,Stockholm,Sweden,231,1.3,4.0,3.9,Hotel,2017,11,0
21744,Stockholm,Sweden,154,2.6,4.0,4.1,Hotel,2017,11,0
21747,Stockholm,Sweden,103,1.7,2.5,4.0,Hotel,2017,11,0
21748,Stockholm,Sweden,170,1.8,4.0,4.3,Apartment,2017,11,0
21749,Stockholm,Sweden,218,2.0,3.0,3.7,Hotel,2017,11,0
21752,Stockholm,Sweden,240,4.0,4.0,4.1,Hotel,2017,11,0
21754,Stockholm,Sweden,278,7.0,3.5,3.9,Hotel,2017,11,0
21755,Stockholm,Sweden,172,10.0,4.0,4.5,Hotel,2017,11,0
21756,Stockholm,Sweden,246,14.0,3.5,4.0,Hotel,2017,11,0
21757,Stockholm,Sweden,198,13.0,3.5,3.9,Hotel,2017,11,0
21758,Stockholm,Sweden,321,7.7,4.0,3.7,Hotel,2017,11,0
21759,Stockholm,Sweden,225,1.5,4.0,4.5,Hotel,2017,11,0
21760,Stockholm,Sweden,104,0.9,2.0,4.4,Guest House,2017,11,0
21761,Stockholm,Sweden,225,1.3,4.0,4.1,Hotel,2017,11,0
21762,Stockholm,Sweden,151,1.3,3.0,3.5,Hotel,2017,11,0
21763,Stockholm,Sweden,184,1.0,4.0,4.5,Hotel,2017,11,0
21764,Stockholm,Sweden,209,0.9,4.0,3.7,Hotel,2017,11,0
21765,Stockholm,Sweden,80,1.1,2.0,2.7,Hotel,2017,11,0
21767,Stockholm,Sweden,231,1.2,4.0,4.3,Hotel,2017,11,0
21768,Stockholm,Sweden,209,0.9,3.0,3.7,Hotel,2017,11,0
21769,Tallin,Estonia,138,0.4,4.0,4.3,Hotel,2017,11,0
21770,Tallin,Estonia,185,0.2,3.5,,Apartment,2017,11,0
21771,Tallin,Estonia,92,0.1,4.0,4.0,Hotel,2017,11,0
21773,Tallin,Estonia,85,1.0,4.0,4.5,Hotel,2017,11,0
21774,Tallin,Estonia,85,1.1,4.0,4.1,Hotel,2017,11,0
21775,Tallin,Estonia,48,0.4,2.0,3.2,Hotel,2017,11,0
21776,Tallin,Estonia,139,0.3,4.0,4.8,Hotel,2017,11,0
21778,Tallin,Estonia,48,0.1,2.0,3.0,Hotel,2017,11,0
21779,Tallin,Estonia,38,1.0,2.0,3.5,Hotel,2017,11,0
21780,Tallin,Estonia,81,0.6,3.5,4.1,Hotel,2017,11,0
21781,Tallin,Estonia,47,0.4,3.5,3.7,Hotel,2017,11,0
21782,Tallin,Estonia,52,0.3,2.0,3.5,Hostel,2017,11,0
21783,Tallin,Estonia,65,0.5,3.5,4.8,Apart-hotel,2017,11,0
21784,Tallin,Estonia,82,0.9,4.0,4.0,Hotel,2017,11,0
21785,Tallin,Estonia,94,1.0,4.0,4.5,Hotel,2017,11,0
21786,Tallin,Estonia,110,1.0,4.0,3.7,Hotel,2017,11,0
21787,Tallin,Estonia,46,0.9,3.0,3.7,Hotel,2017,11,0
21788,Tallin,Estonia,354,0.6,4.5,4.6,Hotel,2017,11,0
21789,Tallin,Estonia,52,0.1,3.0,3.7,Apartment,2017,11,0
21790,Tallin,Estonia,134,0.2,4.5,4.4,Hotel,2017,11,0
21791,Tallin,Estonia,130,0.2,4.0,4.5,Hotel,2017,11,0
21792,Tallin,Estonia,136,0.2,4.0,4.0,Hotel,2017,11,0
21793,Tallin,Estonia,76,0.4,4.0,4.3,Hotel,2017,11,0
21794,Tallin,Estonia,100,0.6,4.0,3.9,Hotel,2017,11,0
21795,Tallin,Estonia,63,0.6,3.0,3.7,Hotel,2017,11,0
21796,Tallin,Estonia,56,0.6,3.0,3.7,Hotel,2017,11,0
21797,Tallin,Estonia,65,1.6,3.0,4.0,Hotel,2017,11,0
21798,Tallin,Estonia,31,1.7,3.0,3.0,Hotel,2017,11,0
21799,Tallin,Estonia,45,0.9,2.0,3.9,Hotel,2017,11,0
21800,Tallin,Estonia,41,0.7,1.5,3.5,Hostel,2017,11,0
21803,Tallin,Estonia,66,1.0,3.5,4.5,Apartment,2017,11,0
21804,Tallin,Estonia,46,8.6,3.0,3.2,Hotel,2017,11,0
21805,Tallin,Estonia,172,0.1,4.0,4.5,Hotel,2017,11,0
21806,Tallin,Estonia,156,0.2,5.0,4.8,Hotel,2017,11,0
21807,Tallin,Estonia,85,0.5,4.0,3.7,Hotel,2017,11,0
21808,Tallin,Estonia,67,0.4,3.0,3.9,Hotel,2017,11,0
21809,Tallin,Estonia,64,0.4,4.0,3.5,Hotel,2017,11,0
21810,Tallin,Estonia,80,0.5,2.5,3.5,Hotel,2017,11,0
21811,Tallin,Estonia,113,0.6,4.0,4.0,Hotel,2017,11,0
21812,Tallin,Estonia,61,0.8,3.0,4.1,Apartment,2017,11,0
21813,Tallin,Estonia,58,0.5,3.0,4.3,Apartment,2017,11,0
21814,Tallin,Estonia,116,0.5,3.5,4.1,Apartment,2017,11,0
21816,Tallin,Estonia,62,0.6,4.0,3.0,Apart-hotel,2017,11,0
21817,Tallin,Estonia,45,0.7,3.0,3.5,Hotel,2017,11,0
21818,Tallin,Estonia,55,0.4,3.5,4.3,Apartment,2017,11,0
21819,Tallin,Estonia,45,0.5,2.0,3.5,Hostel,2017,11,0
21820,Tallin,Estonia,90,0.7,4.0,4.1,Hotel,2017,11,0
21821,Tallin,Estonia,55,0.5,3.0,3.2,Hotel,2017,11,0
21822,Tallin,Estonia,71,0.6,3.5,3.9,Hotel,2017,11,0
21823,Tallin,Estonia,98,0.6,3.5,4.3,Apart-hotel,2017,11,0
21824,Tallin,Estonia,53,0.6,3.0,3.7,Hotel,2017,11,0
21825,Tallin,Estonia,354,0.6,5.0,4.5,Hotel,2017,11,0
21826,Tallin,Estonia,160,0.5,4.0,5.0,Apartment,2017,11,0
21827,Tallin,Estonia,172,0.5,5.0,4.8,Hotel,2017,11,0
21828,Tallin,Estonia,60,0.6,4.0,4.0,Apartment,2017,11,0
21829,Tallin,Estonia,31,0.6,2.5,3.9,Guest House,2017,11,0
21830,Tallin,Estonia,179,0.6,5.0,4.6,Hotel,2017,11,0
21831,Tallin,Estonia,31,0.5,2.0,3.0,Hostel,2017,11,0
21834,Tallin,Estonia,149,0.5,5.0,4.6,Hotel,2017,11,0
21835,Tallin,Estonia,81,0.7,3.5,4.3,Apartment,2017,11,0
21836,Tallin,Estonia,41,0.5,2.0,3.7,Hotel,2017,11,0
21837,Tallin,Estonia,140,0.4,3.0,4.1,Hotel,2017,11,0
21838,Tallin,Estonia,115,0.5,4.0,4.4,Hotel,2017,11,0
21839,Tallin,Estonia,75,0.5,4.0,4.3,Apartment,2017,11,0
21840,Tallin,Estonia,53,0.5,3.0,3.5,Hotel,2017,11,0
21841,Tallin,Estonia,150,0.5,5.0,4.6,Hotel,2017,11,0
21842,Tallin,Estonia,31,0.5,2.0,3.5,Hostel,2017,11,0
21843,Tallin,Estonia,116,0.5,4.0,4.4,Hotel,2017,11,0
21844,Tallin,Estonia,52,3.6,3.0,4.0,Apart-hotel,2017,11,0
21845,Tallin,Estonia,56,3.1,3.0,3.4,Hotel,2017,11,0
21846,Tallin,Estonia,43,5.7,3.0,3.2,Hotel,2017,11,0
21847,Tallin,Estonia,88,1.6,4.0,4.0,Hotel,2017,11,0
21848,Tallin,Estonia,65,3.8,4.0,4.0,Hotel,2017,11,0
21849,Tallin,Estonia,39,1.1,2.0,3.5,Hotel,2017,11,0
21850,Tallin,Estonia,52,4.2,2.5,3.4,Hotel,2017,11,0
21851,Tallin,Estonia,47,1.7,2.5,4.0,Guest House,2017,11,0
21852,Tallin,Estonia,57,2.2,3.5,4.1,Hotel,2017,11,0
21853,Tallin,Estonia,69,1.2,3.0,4.3,Apartment,2017,11,0
21854,Tallin,Estonia,208,2.2,3.0,3.0,Apartment,2017,11,0
21855,Tallin,Estonia,46,1.4,1.0,3.5,Guest House,2017,11,0
21856,Tallin,Estonia,49,0.8,3.0,3.5,Apartment,2017,11,0
21857,Tallin,Estonia,45,5.4,3.0,3.7,Hotel,2017,11,0
21858,Tallin,Estonia,88,1.3,4.0,4.5,Apartment,2017,11,0
21859,Valetta,Malta,194,0.2,4.0,4.6,Hotel,2017,11,0
21861,Valetta,Malta,168,0.2,3.5,,Apartment,2017,11,0
21862,Valetta,Malta,98,0.1,3.0,3.0,Apartment,2017,11,0
21863,Valetta,Malta,127,0.3,2.5,,Apartment,2017,11,0
21864,Valetta,Malta,104,0.2,3.5,4.0,Apartment,2017,11,0
21865,Valetta,Malta,176,0.1,,,Apartment,2017,11,0
21866,Valetta,Malta,197,0.2,4.0,4.1,Hotel,2017,11,0
21867,Valetta,Malta,92,0.0,2.5,,Apartment,2017,11,0
21869,Valetta,Malta,147,0.2,4.0,4.3,Guest House,2017,11,0
21870,Valetta,Malta,185,0.2,3.0,,Hotel,2017,11,0
21871,Valetta,Malta,264,0.3,4.5,4.4,Hotel,2017,11,0
21874,Valetta,Malta,110,0.1,3.5,,Apartment,2017,11,0
21876,Valetta,Malta,87,0.2,2.0,3.2,Hotel,2017,11,0
21877,Valetta,Malta,112,0.1,2.0,4.3,Hotel,2017,11,0
21878,Valetta,Malta,87,0.1,3.5,,Apartment,2017,11,0
21879,Valetta,Malta,133,0.1,3.5,,Apartment,2017,11,0
21880,Valetta,Malta,112,0.2,3.0,3.9,Hotel,2017,11,0
21882,Valetta,Malta,135,0.1,4.0,4.4,Hotel,2017,11,0
21883,Valetta,Malta,188,0.1,4.0,4.5,Hotel,2017,11,0
21884,Valetta,Malta,118,0.2,3.0,4.8,Apartment,2017,11,0
21885,Valetta,Malta,112,0.2,2.5,,Apartment,2017,11,0
21886,Valetta,Malta,337,0.1,4.0,4.5,Hotel,2017,11,0
21887,Valetta,Malta,219,0.2,4.0,4.9,Bed and breakfast,2017,11,0
21888,Valetta,Malta,161,0.3,4.5,3.9,Hotel,2017,11,0
21889,Valetta,Malta,184,0.2,3.5,4.5,Hotel,2017,11,0
21890,Valetta,Malta,143,0.1,3.5,,Apartment,2017,11,0
21891,Valetta,Malta,189,0.3,5.0,4.4,Hotel,2017,11,0
21892,Valetta,Malta,96,0.2,3.0,3.0,Apartment,2017,11,0
21893,Valetta,Malta,123,0.2,3.0,3.2,Apartment,2017,11,0
21894,Vienna,Austria,81,2.7,4.0,4.4,Apartment,2017,11,0
21897,Vienna,Austria,81,1.7,4.0,3.9,Hotel,2017,11,0
21901,Vienna,Austria,85,1.4,4.0,3.7,Hotel,2017,11,0
21902,Vienna,Austria,83,1.7,3.0,4.0,Hotel,2017,11,0
21903,Vienna,Austria,82,1.2,4.0,3.9,Hotel,2017,11,0
21904,Vienna,Austria,229,0.9,5.0,4.8,Apartment,2017,11,0
21906,Vienna,Austria,103,0.9,4.0,3.9,Hotel,2017,11,0
21907,Vienna,Austria,150,1.0,4.0,4.6,Hotel,2017,11,0
21908,Vienna,Austria,80,0.7,2.0,3.5,Hotel,2017,11,0
21910,Vienna,Austria,153,1.5,3.0,,Apartment,2017,11,0
21912,Vienna,Austria,60,1.1,4.0,4.1,Hotel,2017,11,0
21913,Vienna,Austria,128,0.8,4.0,4.0,Hotel,2017,11,0
21914,Vienna,Austria,100,1.0,4.0,4.5,Apartment,2017,11,0
21915,Vienna,Austria,143,1.2,2.0,3.7,Apartment,2017,11,0
21916,Vienna,Austria,106,0.7,2.5,,Hotel,2017,11,0
21917,Vienna,Austria,85,1.7,4.0,4.1,Hotel,2017,11,0
21918,Vienna,Austria,77,0.9,3.0,3.7,Hotel,2017,11,0
21919,Vienna,Austria,78,0.8,3.0,3.9,Hotel,2017,11,0
21920,Vienna,Austria,78,0.9,3.0,4.0,Hotel,2017,11,0
21921,Vienna,Austria,260,3.4,3.5,,Apartment,2017,11,0
21922,Vienna,Austria,158,3.4,3.0,4.8,Apartment,2017,11,0
21924,Vienna,Austria,77,4.2,3.0,3.9,Hotel,2017,11,0
21925,Vienna,Austria,77,3.9,3.0,2.7,Hotel,2017,11,0
21926,Vienna,Austria,95,3.6,4.0,4.3,Hotel,2017,11,0
21927,Vienna,Austria,156,3.8,3.0,3.0,Apartment,2017,11,0
21928,Vienna,Austria,145,3.5,3.0,3.5,Bed and breakfast,2017,11,0
21930,Vienna,Austria,208,2.9,4.0,4.1,Hotel,2017,11,0
21933,Vienna,Austria,87,3.4,3.0,3.7,Hotel,2017,11,0
21934,Vienna,Austria,131,2.3,2.0,3.5,Apartment,2017,11,0
21935,Vienna,Austria,54,2.0,3.0,3.5,Hotel,2017,11,0
21936,Vienna,Austria,139,2.4,2.0,3.0,Apartment,2017,11,0
21937,Vienna,Austria,184,2.8,2.0,3.2,Apartment,2017,11,0
21938,Vienna,Austria,127,2.9,3.0,1.0,Apartment,2017,11,0
21939,Vienna,Austria,95,2.5,3.0,,Apartment,2017,11,0
21940,Vienna,Austria,99,1.7,3.5,4.4,Hotel,2017,11,0
21941,Vienna,Austria,75,1.7,3.5,4.4,Hotel,2017,11,0
21943,Vienna,Austria,76,2.1,3.0,4.4,Hotel,2017,11,0
21945,Vienna,Austria,130,2.5,2.0,3.0,Apartment,2017,11,0
21946,Vienna,Austria,91,1.9,4.0,4.5,Hotel,2017,11,0
21947,Vienna,Austria,135,2.4,2.0,3.0,Apartment,2017,11,0
21948,Vienna,Austria,56,2.0,2.0,2.0,Hotel,2017,11,0
21949,Vienna,Austria,27,2.7,2.0,3.7,Hostel,2017,11,0
21950,Vienna,Austria,88,2.3,3.0,3.0,Apartment,2017,11,0
21951,Vienna,Austria,133,2.5,2.0,3.5,Apartment,2017,11,0
21956,Vienna,Austria,33,1.8,2.0,3.4,Hotel,2017,11,0
21958,Vienna,Austria,116,2.0,3.5,,Apartment,2017,11,0
21959,Vienna,Austria,71,1.7,4.0,4.0,Hotel,2017,11,0
21960,Vienna,Austria,90,2.7,3.5,3.5,Apartment,2017,11,0
21962,Vienna,Austria,84,1.9,4.0,4.1,Apartment,2017,11,0
21963,Vienna,Austria,63,2.3,3.0,4.3,Guest House,2017,11,0
21964,Vienna,Austria,59,13.0,3.0,3.0,Hotel,2017,11,0
21965,Vienna,Austria,113,0.2,3.0,4.4,Hotel,2017,11,0
21966,Vienna,Austria,218,0.1,4.5,4.1,Apartment,2017,11,0
21967,Vienna,Austria,299,0.1,5.0,4.5,Hotel,2017,11,0
21968,Vienna,Austria,156,0.3,3.0,4.5,Hotel,2017,11,0
21969,Vienna,Austria,513,0.3,5.0,4.8,Hotel,2017,11,0
21970,Vienna,Austria,133,0.3,4.0,4.3,Hotel,2017,11,0
21971,Vienna,Austria,123,0.5,4.0,4.1,Hotel,2017,11,0
21972,Vienna,Austria,219,0.3,4.0,4.5,Hotel,2017,11,0
21973,Vienna,Austria,152,0.3,4.0,4.3,Hotel,2017,11,0
21975,Vienna,Austria,115,0.1,4.0,4.3,Hotel,2017,11,0
21976,Vienna,Austria,806,0.3,5.0,4.5,Hotel,2017,11,0
21977,Vienna,Austria,138,0.2,4.0,4.5,Hotel,2017,11,0
21979,Vienna,Austria,95,0.4,3.0,3.7,Apartment,2017,11,0
21980,Vienna,Austria,146,0.1,4.0,4.4,Hotel,2017,11,0
21981,Vienna,Austria,103,0.7,3.0,4.0,Pension,2017,11,0
21983,Vienna,Austria,125,0.5,3.5,,Apartment,2017,11,0
21984,Vienna,Austria,98,0.5,3.0,3.7,Hotel,2017,11,0
21985,Vienna,Austria,121,0.3,3.5,4.5,Hotel,2017,11,0
21986,Vienna,Austria,149,0.2,4.0,4.0,Hotel,2017,11,0
21987,Vienna,Austria,120,0.3,3.0,3.9,Hotel,2017,11,0
21988,Vienna,Austria,157,0.4,3.0,4.4,Hotel,2017,11,0
21989,Vienna,Austria,261,0.3,5.0,4.8,Hotel,2017,11,0
21990,Vienna,Austria,145,0.7,3.5,4.1,Apartment,2017,11,0
21991,Vienna,Austria,275,0.2,4.0,4.3,Apartment,2017,11,0
21992,Vienna,Austria,253,0.2,3.5,,Apartment,2017,11,0
21993,Vienna,Austria,209,0.2,4.0,,Apartment,2017,11,0
21995,Vienna,Austria,112,0.2,4.0,4.0,Hotel,2017,11,0
21996,Vienna,Austria,138,0.3,4.0,4.3,Hotel,2017,11,0
21997,Vienna,Austria,84,0.4,3.0,4.0,Pension,2017,11,0
21998,Vienna,Austria,199,0.3,4.5,4.5,Hotel,2017,11,0
21999,Vienna,Austria,203,0.3,5.0,4.4,Hotel,2017,11,0
22001,Vienna,Austria,116,0.2,3.0,,Vacation home Condo,2017,11,0
22002,Vienna,Austria,107,0.2,3.5,,Apartment,2017,11,0
22003,Vienna,Austria,127,0.2,3.5,,Apartment,2017,11,0
22004,Vienna,Austria,104,0.2,3.5,,Apartment,2017,11,0
22005,Vienna,Austria,168,0.2,3.5,4.0,Apartment,2017,11,0
22006,Vienna,Austria,544,0.5,5.0,4.8,Hotel,2017,11,0
22007,Vienna,Austria,252,0.5,5.0,4.6,Hotel,2017,11,0
22008,Vienna,Austria,323,0.5,5.0,4.5,Hotel,2017,11,0
22009,Vienna,Austria,158,0.3,3.0,4.3,Hotel,2017,11,0
22010,Vienna,Austria,156,0.2,3.5,4.0,Apartment,2017,11,0
22011,Vienna,Austria,218,0.2,4.0,4.6,Hotel,2017,11,0
22012,Vienna,Austria,218,0.1,4.0,4.5,Hotel,2017,11,0
22013,Vienna,Austria,135,0.3,3.0,3.9,Hotel,2017,11,0
22014,Vienna,Austria,219,0.6,2.0,4.0,Apartment,2017,11,0
22016,Vienna,Austria,179,0.5,4.0,4.4,Hotel,2017,11,0
22017,Vienna,Austria,511,0.5,3.5,,Apartment,2017,11,0
22018,Vienna,Austria,157,0.7,4.0,4.5,Hotel,2017,11,0
22019,Vienna,Austria,146,0.3,4.0,4.5,Hotel,2017,11,0
22020,Vienna,Austria,200,0.4,5.0,4.3,Hotel,2017,11,0
22021,Vienna,Austria,157,0.1,4.0,4.1,Hotel,2017,11,0
22022,Vienna,Austria,138,0.3,4.0,,Apartment,2017,11,0
22023,Vienna,Austria,108,0.3,3.0,3.5,Hotel,2017,11,0
22025,Vienna,Austria,290,0.2,3.5,,Apartment,2017,11,0
22026,Vienna,Austria,127,0.8,4.0,4.0,Hotel,2017,11,0
22027,Vienna,Austria,114,0.7,3.0,3.0,Guest House,2017,11,0
22028,Vienna,Austria,163,0.4,4.0,4.1,Hotel,2017,11,0
22029,Vienna,Austria,116,0.2,4.0,4.5,Apart-hotel,2017,11,0
22030,Vienna,Austria,226,0.5,5.0,4.3,Hotel,2017,11,0
22031,Vienna,Austria,231,0.1,4.0,4.4,Hotel,2017,11,0
22032,Vienna,Austria,116,0.4,4.0,4.4,Hotel,2017,11,0
22033,Vienna,Austria,76,0.4,3.0,3.7,Guest House,2017,11,0
22034,Vienna,Austria,135,0.3,3.5,1.0,Apartment,2017,11,0
22035,Vienna,Austria,184,0.6,5.0,4.5,Hotel,2017,11,0
22036,Vienna,Austria,384,0.6,5.0,4.8,Hotel,2017,11,0
22037,Vienna,Austria,166,0.6,4.0,4.3,Hotel,2017,11,0
22038,Vienna,Austria,187,0.5,5.0,4.1,Hotel,2017,11,0
22039,Vienna,Austria,371,0.5,5.0,4.6,Hotel,2017,11,0
22040,Vienna,Austria,156,0.1,4.0,4.4,Pension,2017,11,0
22041,Vienna,Austria,220,0.3,3.5,,Apartment,2017,11,0
22042,Vienna,Austria,169,0.3,4.0,4.5,Hotel,2017,11,0
22043,Vienna,Austria,103,0.3,3.0,,Apartment,2017,11,0
22044,Vienna,Austria,266,0.3,5.0,4.5,Apartment,2017,11,0
22045,Vienna,Austria,131,0.1,3.0,3.9,Pension,2017,11,0
22046,Vienna,Austria,168,0.2,4.0,4.6,Apartment,2017,11,0
22047,Vienna,Austria,101,0.2,3.0,,Apartment,2017,11,0
22049,Vienna,Austria,364,0.2,3.5,,Apartment,2017,11,0
22050,Vienna,Austria,242,0.0,4.0,4.8,Hotel,2017,11,0
22051,Vienna,Austria,223,0.5,4.0,3.5,Hotel,2017,11,0
22052,Vienna,Austria,149,0.3,4.0,4.4,Hotel,2017,11,0
22053,Vienna,Austria,232,0.2,3.5,,Apartment,2017,11,0
22054,Vienna,Austria,114,0.5,4.0,4.0,Hotel,2017,11,0
22055,Vienna,Austria,253,0.1,3.5,2.0,Apartment,2017,11,0
22057,Vienna,Austria,163,0.3,4.0,4.4,Apart-hotel,2017,11,0
22059,Vienna,Austria,116,0.4,3.0,4.1,Pension,2017,11,0
22061,Vienna,Austria,139,0.2,4.0,3.5,Hotel,2017,11,0
22063,Vienna,Austria,91,0.2,3.5,3.2,Apartment,2017,11,0
22064,Vienna,Austria,79,1.4,3.0,3.5,Hotel,2017,11,0
22065,Vienna,Austria,66,1.1,4.0,3.7,Pension,2017,11,0
22066,Vienna,Austria,100,1.1,3.0,3.0,Apartment,2017,11,0
22067,Vienna,Austria,75,1.3,2.5,3.0,Pension,2017,11,0
22068,Vienna,Austria,73,1.2,2.0,3.5,Pension,2017,11,0
22069,Vienna,Austria,127,0.8,5.0,4.1,Hotel,2017,11,0
22071,Vienna,Austria,110,0.9,3.0,4.1,Hotel,2017,11,0
22072,Vienna,Austria,88,0.9,3.0,4.4,Hotel,2017,11,0
22073,Vienna,Austria,59,1.2,3.0,3.7,Pension,2017,11,0
22074,Vienna,Austria,355,1.6,4.0,,Apartment,2017,11,0
22075,Vienna,Austria,59,1.6,3.0,3.9,Hotel,2017,11,0
22076,Vienna,Austria,119,0.9,4.0,4.0,Hotel,2017,11,0
22077,Vienna,Austria,152,0.9,4.0,4.3,Hotel,2017,11,0
22078,Vienna,Austria,102,1.0,4.0,4.0,Hotel,2017,11,0
22079,Vienna,Austria,363,1.5,3.5,5.0,Apartment,2017,11,0
22080,Vienna,Austria,54,1.1,3.0,3.2,Hotel,2017,11,0
22081,Vienna,Austria,101,1.1,3.0,4.0,Apartment,2017,11,0
22082,Vienna,Austria,75,0.9,2.0,4.0,Hotel,2017,11,0
22083,Vienna,Austria,73,0.9,2.0,3.9,Hotel,2017,11,0
22084,Vienna,Austria,94,1.0,3.0,4.1,Hotel,2017,11,0
22085,Vienna,Austria,64,1.1,4.0,3.5,Pension,2017,11,0
22086,Vienna,Austria,81,1.0,3.5,3.7,Apart-hotel,2017,11,0
22087,Vienna,Austria,162,1.6,3.0,4.0,Apartment,2017,11,0
22088,Vienna,Austria,115,0.9,4.0,4.5,Hotel,2017,11,0
22089,Vienna,Austria,101,1.2,4.0,4.4,Apartment,2017,11,0
22090,Vienna,Austria,68,0.9,3.0,3.7,Hotel,2017,11,0
22092,Vienna,Austria,354,0.4,5.0,4.5,Hotel,2017,11,0
22093,Vienna,Austria,153,0.2,4.0,4.1,Hotel,2017,11,0
22094,Vienna,Austria,202,0.2,5.0,4.3,Hotel,2017,11,0
22095,Vienna,Austria,169,0.3,4.0,4.1,Hotel,2017,11,0
22097,Vienna,Austria,182,0.5,4.0,4.5,Hotel,2017,11,0
22098,Vienna,Austria,193,0.1,3.0,,Apartment,2017,11,0
22099,Vienna,Austria,138,0.2,4.0,4.1,Pension,2017,11,0
22100,Vienna,Austria,527,0.4,5.0,4.8,Hotel,2017,11,0
22101,Vienna,Austria,142,0.1,4.0,4.4,Hotel,2017,11,0
22102,Vienna,Austria,98,0.4,3.5,,Apartment,2017,11,0
22104,Vienna,Austria,110,0.6,4.0,4.3,Hotel,2017,11,0
22107,Vienna,Austria,82,1.9,3.5,4.1,Apartment,2017,11,0
22108,Vienna,Austria,91,0.9,3.5,2.5,Apartment,2017,11,0
22109,Vienna,Austria,150,1.6,3.5,,Apartment,2017,11,0
22110,Vienna,Austria,83,1.7,3.5,4.4,Apartment,2017,11,0
22111,Vienna,Austria,95,1.8,4.5,4.0,Apartment,2017,11,0
22112,Vienna,Austria,131,1.4,3.0,3.7,Apartment,2017,11,0
22113,Vienna,Austria,162,1.1,4.0,4.8,Bed and breakfast,2017,11,0
22114,Vienna,Austria,177,0.5,5.0,4.3,Hotel,2017,11,0
22115,Vienna,Austria,122,1.5,2.0,4.0,Apartment,2017,11,0
22116,Vienna,Austria,79,1.6,3.0,2.0,Apartment,2017,11,0
22117,Vienna,Austria,82,1.4,4.0,4.0,Hotel,2017,11,0
22118,Vienna,Austria,82,1.7,4.0,4.1,Hotel,2017,11,0
22119,Vienna,Austria,66,1.8,3.0,3.9,Hotel,2017,11,0
22120,Vienna,Austria,169,0.8,4.0,4.1,Hotel,2017,11,0
22122,Vienna,Austria,59,0.8,3.0,3.7,Guest House,2017,11,0
22123,Vienna,Austria,109,1.5,4.0,4.1,Hotel,2017,11,0
22125,Vienna,Austria,104,0.7,3.0,3.4,Hotel,2017,11,0
22126,Vienna,Austria,145,0.9,3.5,4.3,Hotel,2017,11,0
22127,Vienna,Austria,58,1.4,3.5,2.0,Apartment,2017,11,0
22129,Vienna,Austria,107,1.3,4.0,4.3,Vacation home Condo,2017,11,0
22130,Vienna,Austria,85,0.8,3.0,3.5,Hotel,2017,11,0
22131,Vienna,Austria,184,0.7,4.0,4.5,Apartment,2017,11,0
22132,Vienna,Austria,137,1.0,4.5,4.1,Hotel,2017,11,0
22134,Vienna,Austria,116,1.1,4.5,4.5,Hotel,2017,11,0
22135,Vienna,Austria,157,1.1,2.0,3.7,Apartment,2017,11,0
22136,Vienna,Austria,110,1.3,3.0,3.7,Hotel,2017,11,0
22138,Vienna,Austria,134,0.6,4.0,4.3,Hotel,2017,11,0
22140,Vienna,Austria,79,1.3,4.0,3.7,Hotel,2017,11,0
22141,Vienna,Austria,143,1.4,3.0,4.5,Apartment,2017,11,0
22142,Vienna,Austria,132,1.0,4.0,4.1,Hotel,2017,11,0
22143,Vienna,Austria,68,1.3,4.0,4.0,Apartment,2017,11,0
22144,Vienna,Austria,128,0.6,4.0,4.1,Hotel,2017,11,0
22145,Vienna,Austria,99,1.5,3.0,4.5,Hotel,2017,11,0
22148,Vienna,Austria,149,0.9,2.0,2.2,Apartment,2017,11,0
22149,Vienna,Austria,86,1.8,4.0,4.0,Hotel,2017,11,0
22150,Vienna,Austria,155,1.9,3.0,4.1,Apartment,2017,11,0
22152,Vienna,Austria,63,1.0,3.0,3.4,Hotel,2017,11,0
22153,Vienna,Austria,157,0.6,2.0,3.7,Apartment,2017,11,0
22155,Vienna,Austria,134,0.6,3.5,4.0,Hotel,2017,11,0
22156,Vienna,Austria,141,1.7,5.0,4.3,Apartment,2017,11,0
22157,Vienna,Austria,79,0.9,3.0,3.7,Hotel,2017,11,0
22158,Vienna,Austria,138,0.5,4.0,4.0,Hotel,2017,11,0
22159,Vienna,Austria,113,1.0,4.0,4.5,Hotel,2017,11,0
22160,Vienna,Austria,171,1.5,3.0,3.5,Apartment,2017,11,0
22161,Vienna,Austria,56,1.5,2.0,3.5,Hotel,2017,11,0
22162,Vienna,Austria,84,1.5,3.0,3.9,Hotel,2017,11,0
22163,Vienna,Austria,72,1.1,2.0,4.0,Hotel,2017,11,0
22164,Vienna,Austria,587,0.7,5.0,1.0,Hotel,2017,11,0
22165,Vienna,Austria,68,0.9,3.0,4.0,Hotel,2017,11,0
22166,Vienna,Austria,102,1.5,3.5,3.9,Hotel,2017,11,0
22167,Vienna,Austria,96,1.5,3.0,3.4,Apartment,2017,11,0
22168,Vienna,Austria,81,0.9,1.0,3.7,Hotel,2017,11,0
22169,Vienna,Austria,82,1.6,3.0,4.1,Hotel,2017,11,0
22170,Vienna,Austria,66,1.1,3.0,4.0,Hotel,2017,11,0
22171,Vienna,Austria,87,0.8,3.0,3.9,Apartment,2017,11,0
22173,Vienna,Austria,364,0.6,4.0,,Apartment,2017,11,0
22175,Vienna,Austria,240,0.4,5.0,4.5,Hotel,2017,11,0
22176,Vienna,Austria,113,0.8,3.0,4.5,Hotel,2017,11,0
22177,Vienna,Austria,106,1.0,3.0,4.5,Hotel,2017,11,0
22179,Vienna,Austria,89,1.6,3.0,4.1,Hotel,2017,11,0
22180,Vienna,Austria,61,0.9,2.0,4.0,Hotel,2017,11,0
22181,Vienna,Austria,92,0.8,3.5,4.5,Apartment,2017,11,0
22182,Vienna,Austria,106,0.8,4.0,4.1,Hotel,2017,11,0
22183,Vienna,Austria,100,0.8,4.0,4.0,Hotel,2017,11,0
22184,Vienna,Austria,75,0.7,3.0,4.1,Hotel,2017,11,0
22185,Vienna,Austria,84,0.8,3.0,2.2,Hotel,2017,11,0
22187,Vienna,Austria,151,0.5,4.0,4.6,Hotel,2017,11,0
22188,Vienna,Austria,87,0.9,3.0,3.5,Hotel,2017,11,0
22189,Vienna,Austria,117,0.5,4.0,4.4,Hotel,2017,11,0
22190,Vienna,Austria,120,1.9,4.0,4.5,Hotel,2017,11,0
22191,Vienna,Austria,132,0.8,3.5,,Apartment,2017,11,0
22192,Vienna,Austria,68,0.9,2.5,3.9,Hotel,2017,11,0
22193,Vienna,Austria,383,1.9,3.0,4.0,Hotel,2017,11,0
22194,Vienna,Austria,160,1.6,4.0,4.3,Apartment,2017,11,0
22195,Vienna,Austria,135,2.0,2.0,,Apartment,2017,11,0
22196,Vienna,Austria,111,2.0,4.5,4.5,Hotel,2017,11,0
22198,Vienna,Austria,174,1.5,4.0,4.3,Hotel,2017,11,0
22199,Vienna,Austria,63,2.0,3.0,3.5,Hotel,2017,11,0
22200,Vienna,Austria,73,1.4,3.0,4.3,Apartment,2017,11,0
22201,Vienna,Austria,100,1.5,3.5,4.5,Hotel,2017,11,0
22202,Vienna,Austria,162,1.7,3.5,,Apartment,2017,11,0
22203,Vienna,Austria,86,1.4,4.0,3.9,Hotel,2017,11,0
22204,Vienna,Austria,103,1.9,3.0,,Guest House,2017,11,0
22205,Vienna,Austria,67,1.8,3.0,4.0,Hotel,2017,11,0
22206,Vienna,Austria,129,1.3,4.0,4.1,Hotel,2017,11,0
22208,Vienna,Austria,80,1.9,3.0,4.1,Apartment,2017,11,0
22209,Vienna,Austria,131,1.9,2.0,3.2,Apartment,2017,11,0
22210,Vienna,Austria,150,1.6,3.5,5.0,Apartment,2017,11,0
22211,Vienna,Austria,159,1.1,3.0,4.6,Apartment,2017,11,0
22212,Vienna,Austria,86,1.3,3.0,4.0,Hotel,2017,11,0
22213,Vienna,Austria,96,0.9,2.0,3.7,Hotel,2017,11,0
22214,Vienna,Austria,131,0.7,4.0,4.1,Hotel,2017,11,0
22215,Vienna,Austria,103,2.0,4.0,4.1,Apartment,2017,11,0
22217,Vienna,Austria,85,1.0,2.0,4.0,Hotel,2017,11,0
22218,Vienna,Austria,80,1.4,3.0,3.9,Hotel,2017,11,0
22219,Vienna,Austria,93,1.1,4.0,4.0,Hotel,2017,11,0
22221,Vienna,Austria,81,1.8,3.5,4.5,Apartment,2017,11,0
22222,Vienna,Austria,77,1.9,3.0,4.0,Hotel,2017,11,0
22223,Vienna,Austria,140,0.8,4.0,4.8,Hotel,2017,11,0
22224,Vienna,Austria,99,1.0,4.0,4.0,Hotel,2017,11,0
22225,Vienna,Austria,75,1.1,4.0,4.1,Pension,2017,11,0
22226,Vienna,Austria,105,1.4,4.0,4.4,Hotel,2017,11,0
22227,Vienna,Austria,100,1.7,3.5,4.5,Hotel,2017,11,0
22228,Vienna,Austria,89,1.0,3.0,3.7,Pension,2017,11,0
22229,Vienna,Austria,82,1.1,3.0,3.9,Hotel,2017,11,0
22230,Vienna,Austria,82,1.8,4.0,3.9,Hotel,2017,11,0
22231,Vienna,Austria,88,1.8,3.0,,Apartment,2017,11,0
22233,Vienna,Austria,150,1.6,3.0,,Apartment,2017,11,0
22234,Vienna,Austria,134,1.6,2.0,3.7,Apartment,2017,11,0
22235,Vienna,Austria,87,1.9,4.0,3.5,Hotel,2017,11,0
22236,Vienna,Austria,100,1.6,4.0,3.7,Hotel,2017,11,0
22237,Vienna,Austria,84,1.6,4.0,4.3,Hotel,2017,11,0
22238,Vienna,Austria,52,0.9,2.0,3.7,Hotel,2017,11,0
22239,Vienna,Austria,98,0.8,4.0,3.7,Hotel,2017,11,0
22240,Vienna,Austria,333,0.7,5.0,4.9,Hotel,2017,11,0
22241,Vienna,Austria,99,1.8,3.0,4.1,Hotel,2017,11,0
22243,Vienna,Austria,77,1.5,3.0,4.0,Bed and breakfast,2017,11,0
22244,Vienna,Austria,160,1.6,3.5,4.6,Apartment,2017,11,0
22245,Vienna,Austria,160,1.6,3.5,5.0,Apartment,2017,11,0
22246,Vienna,Austria,76,1.6,3.0,3.5,Hotel,2017,11,0
22247,Vienna,Austria,89,1.6,3.0,4.4,Bed and breakfast,2017,11,0
22248,Vienna,Austria,113,0.8,3.0,3.7,Hotel,2017,11,0
22249,Vienna,Austria,110,0.9,4.0,4.4,Hotel,2017,11,0
22250,Vienna,Austria,184,1.0,4.0,4.6,Hotel,2017,11,0
22251,Vienna,Austria,33,1.7,2.0,3.2,Hotel,2017,11,0
22252,Vienna,Austria,1012,1.0,3.0,4.3,Hotel,2017,11,0
22253,Vienna,Austria,99,1.7,4.0,4.1,Hotel,2017,11,0
22254,Vienna,Austria,122,0.8,3.0,3.9,Hotel,2017,11,0
22255,Vienna,Austria,122,1.7,4.0,4.3,Hotel,2017,11,0
22256,Vienna,Austria,105,1.7,4.0,4.0,Hotel,2017,11,0
22257,Vienna,Austria,98,1.7,4.0,5.0,Apartment,2017,11,0
22258,Vienna,Austria,92,1.4,3.5,,Apartment,2017,11,0
22259,Vienna,Austria,109,1.4,4.0,4.0,Hotel,2017,11,0
22260,Vienna,Austria,105,1.2,3.0,4.1,Hotel,2017,11,0
22265,Vienna,Austria,133,2.0,2.0,3.2,Apartment,2017,11,0
22266,Vienna,Austria,133,2.3,2.5,4.3,Apartment,2017,11,0
22268,Vienna,Austria,52,3.1,3.0,3.5,Hotel,2017,11,0
22269,Vienna,Austria,134,1.8,2.0,3.7,Apartment,2017,11,0
22271,Vienna,Austria,80,4.1,4.0,4.0,Hotel,2017,11,0
22272,Vienna,Austria,91,2.9,2.0,4.0,Hotel,2017,11,0
22273,Vienna,Austria,129,2.6,4.0,,Apartment,2017,11,0
22274,Vienna,Austria,47,1.9,2.0,3.7,Hostel,2017,11,0
22275,Vienna,Austria,70,1.8,4.0,3.9,Hotel,2017,11,0
22276,Vienna,Austria,88,2.3,3.5,2.2,Apartment,2017,11,0
22277,Vienna,Austria,136,1.9,3.0,4.5,Hotel,2017,11,0
22279,Vienna,Austria,80,2.1,3.0,4.1,Hotel,2017,11,0
22280,Vienna,Austria,131,2.3,2.0,3.9,Apartment,2017,11,0
22281,Vienna,Austria,81,2.4,3.0,4.1,Hotel,2017,11,0
22284,Vienna,Austria,133,2.5,2.0,3.7,Apartment,2017,11,0
22285,Vienna,Austria,66,3.6,4.0,3.7,Hotel,2017,11,0
22286,Vienna,Austria,77,2.8,3.0,4.0,Hotel,2017,11,0
22287,Vienna,Austria,121,1.8,3.0,4.5,Apartment,2017,11,0
22288,Vienna,Austria,69,2.1,4.0,3.7,Hotel,2017,11,0
22289,Vienna,Austria,83,2.1,3.0,4.1,Hotel,2017,11,0
22290,Vienna,Austria,53,1.9,2.0,4.1,Hostel,2017,11,0
22291,Vienna,Austria,133,2.7,3.5,4.0,Apartment,2017,11,0
22293,Vienna,Austria,77,1.8,4.0,3.9,Hotel,2017,11,0
22294,Vienna,Austria,48,2.0,2.0,4.5,Hostel,2017,11,0
22295,Vienna,Austria,142,2.9,4.5,4.3,Hotel,2017,11,0
22296,Vienna,Austria,121,1.7,4.0,3.9,Hotel,2017,11,0
22299,Vienna,Austria,68,3.6,3.0,3.5,Hotel,2017,11,0
22300,Vienna,Austria,63,2.0,3.0,3.7,Hotel,2017,11,0
22301,Vienna,Austria,101,2.1,3.0,4.5,Hotel,2017,11,0
22302,Vienna,Austria,75,2.6,4.0,3.7,Hotel,2017,11,0
22303,Vienna,Austria,156,3.6,4.0,4.3,Hotel,2017,11,0
22304,Vienna,Austria,56,3.7,3.0,3.5,Hotel,2017,11,0
22306,Vienna,Austria,82,2.4,3.5,4.5,Hotel,2017,11,0
22307,Vienna,Austria,82,2.6,4.0,4.4,Hotel,2017,11,0
22309,Vienna,Austria,106,4.1,3.0,3.7,Hotel,2017,11,0
22310,Vienna,Austria,85,3.1,3.0,2.7,Hotel,2017,11,0
22311,Vienna,Austria,83,2.6,3.5,4.5,Hotel,2017,11,0
22312,Vienna,Austria,92,2.9,4.0,4.1,Hotel,2017,11,0
22314,Vienna,Austria,169,2.3,3.0,4.3,Apartment,2017,11,0
22315,Vienna,Austria,77,2.7,3.0,3.5,Guest House,2017,11,0
22317,Vienna,Austria,92,11.0,3.0,4.3,Hotel,2017,11,0
22318,Vienna,Austria,166,11.0,4.0,4.0,Hotel,2017,11,0
22319,Vienna,Austria,137,7.7,4.0,3.7,Hotel,2017,11,0
22320,Vienna,Austria,99,7.7,3.0,3.7,Hotel,2017,11,0
22321,Vienna,Austria,140,7.8,4.0,3.5,Hotel,2017,11,0
22322,Vienna,Austria,80,6.3,3.0,3.2,Hotel,2017,11,0
22323,Vienna,Austria,91,6.7,3.0,3.5,Hotel,2017,11,0
22324,Vienna,Austria,105,4.3,3.5,,Apartment,2017,11,0
22325,Vienna,Austria,130,2.6,2.0,4.0,Apartment,2017,11,0
22326,Vienna,Austria,110,4.7,3.0,4.3,Pension,2017,11,0
22328,Vienna,Austria,117,2.0,4.0,4.0,Hotel,2017,11,0
22330,Vienna,Austria,106,5.4,4.0,4.1,Pension,2017,11,0
22331,Vienna,Austria,66,3.9,3.0,3.7,Hotel,2017,11,0
22332,Vienna,Austria,266,3.5,5.0,4.6,Apartment,2017,11,0
22333,Vienna,Austria,58,2.4,2.0,3.5,Hotel,2017,11,0
22334,Vienna,Austria,81,3.7,3.5,4.1,Hotel,2017,11,0
22335,Vienna,Austria,109,3.5,4.0,4.0,Hotel,2017,11,0
22336,Vienna,Austria,114,2.3,4.5,4.3,Hotel,2017,11,0
22337,Vienna,Austria,125,2.3,3.5,4.4,Apart-hotel,2017,11,0
22338,Vienna,Austria,69,1.7,3.0,3.7,Guest House,2017,11,0
22339,Vienna,Austria,69,2.6,3.0,,Apartment,2017,11,0
22340,Vienna,Austria,97,3.1,4.0,4.0,Hotel,2017,11,0
22341,Vienna,Austria,74,4.8,4.0,3.9,Hotel,2017,11,0
22342,Vienna,Austria,69,3.7,4.0,3.7,Hotel,2017,11,0
22343,Vienna,Austria,83,3.9,4.0,4.0,Hotel,2017,11,0
22344,Vienna,Austria,50,3.9,3.0,3.9,Hotel,2017,11,0
22345,Vienna,Austria,130,4.7,2.0,3.2,Apartment,2017,11,0
22346,Vienna,Austria,134,3.7,3.0,3.0,Apartment,2017,11,0
22347,Vienna,Austria,134,6.9,3.0,4.0,Apartment,2017,11,0
22348,Vienna,Austria,77,3.7,3.0,4.0,Hotel,2017,11,0
22349,Vienna,Austria,102,5.3,3.0,4.0,Hotel,2017,11,0
22350,Vienna,Austria,56,2.5,3.5,3.2,Apartment,2017,11,0
22351,Vienna,Austria,185,2.7,3.0,3.0,Apartment,2017,11,0
22353,Vienna,Austria,130,6.6,3.0,4.4,Hotel,2017,11,0
22354,Vienna,Austria,78,3.2,3.0,4.3,Hotel,2017,11,0
22355,Vienna,Austria,76,3.3,3.0,3.7,Hotel,2017,11,0
22356,Vienna,Austria,68,4.5,4.0,4.0,Hotel,2017,11,0
22358,Vienna,Austria,116,2.7,4.0,4.0,Hotel,2017,11,0
22359,Vienna,Austria,172,2.2,4.0,4.1,Hotel,2017,11,0
22361,Vienna,Austria,80,5.2,2.0,3.2,Hostel,2017,11,0
22362,Vienna,Austria,87,2.4,3.0,4.0,Hotel,2017,11,0
22363,Vienna,Austria,90,4.6,3.0,3.0,Hotel,2017,11,0
22364,Vienna,Austria,100,2.7,3.5,4.4,Hotel,2017,11,0
22365,Vienna,Austria,173,3.1,2.0,3.2,Apartment,2017,11,0
22366,Vienna,Austria,92,2.5,2.0,3.2,Pension,2017,11,0
22369,Vienna,Austria,133,2.6,2.0,3.7,Apartment,2017,11,0
22370,Vienna,Austria,134,5.1,3.5,3.2,Apartment,2017,11,0
22371,Vienna,Austria,209,5.2,3.0,4.0,Apartment,2017,11,0
22372,Vienna,Austria,66,1.6,3.0,4.4,Apartment,2017,11,0
22373,Vienna,Austria,114,1.4,4.0,4.9,Apartment,2017,11,0
22377,Vienna,Austria,89,7.0,4.0,3.5,Hotel,2017,11,0
22378,Vienna,Austria,92,7.1,4.0,3.7,Hotel,2017,11,0
22380,Vienna,Austria,84,1.9,3.0,4.4,Hotel,2017,11,0
22381,Vienna,Austria,124,1.8,2.0,3.5,Apartment,2017,11,0
22382,Vienna,Austria,185,2.1,4.0,4.4,Hotel,2017,11,0
22384,Vienna,Austria,85,3.0,4.0,4.0,Hotel,2017,11,0
22385,Vienna,Austria,133,1.9,2.0,4.0,Apartment,2017,11,0
22386,Vienna,Austria,110,1.6,3.5,4.5,Hotel,2017,11,0
22387,Vienna,Austria,86,1.6,3.0,4.3,Hotel,2017,11,0
22388,Vienna,Austria,118,1.0,4.0,4.1,Hotel,2017,11,0
22389,Vienna,Austria,126,0.9,3.5,4.5,Hotel,2017,11,0
22390,Vienna,Austria,92,1.3,3.0,4.3,Hotel,2017,11,0
22391,Vienna,Austria,197,0.8,4.0,4.8,Hotel,2017,11,0
22393,Vienna,Austria,39,1.3,2.5,3.5,Guest House,2017,11,0
22394,Vienna,Austria,135,1.2,4.0,4.5,Hotel,2017,11,0
22395,Vienna,Austria,125,1.2,4.0,4.4,Hotel,2017,11,0
22396,Vienna,Austria,67,1.0,2.0,3.4,Hostel,2017,11,0
22397,Vienna,Austria,134,0.8,4.0,4.5,Hotel,2017,11,0
22398,Vienna,Austria,91,0.9,3.0,3.5,Hotel,2017,11,0
22399,Vienna,Austria,110,0.8,3.0,3.9,Hotel,2017,11,0
22400,Vienna,Austria,84,0.9,3.5,5.0,Apartment,2017,11,0
22401,Vienna,Austria,100,1.2,3.0,4.0,Hotel,2017,11,0
22402,Vienna,Austria,95,1.5,4.0,4.1,Hotel,2017,11,0
22403,Vienna,Austria,73,1.5,3.0,3.4,Hotel,2017,11,0
22404,Vienna,Austria,109,1.5,3.0,5.0,Apartment,2017,11,0
22406,Vienna,Austria,185,0.8,5.0,4.3,Hotel,2017,11,0
22407,Vienna,Austria,100,1.0,4.0,4.4,Hotel,2017,11,0
22408,Vienna,Austria,58,1.4,3.0,3.2,Hotel,2017,11,0
22409,Vienna,Austria,110,0.7,3.5,4.0,Apartment,2017,11,0
22410,Vilnius,Lithuania,130,1.4,3.5,5.0,Apartment,2017,11,0
22411,Vilnius,Lithuania,82,1.2,4.0,3.7,Hotel,2017,11,0
22412,Vilnius,Lithuania,116,1.2,4.0,4.4,Hotel,2017,11,0
22413,Vilnius,Lithuania,114,1.7,3.5,,Apartment,2017,11,0
22414,Vilnius,Lithuania,102,1.2,4.0,4.1,Hotel,2017,11,0
22415,Vilnius,Lithuania,43,1.2,3.0,3.7,Hotel,2017,11,0
22416,Vilnius,Lithuania,31,0.4,2.5,3.7,Hotel,2017,11,0
22417,Vilnius,Lithuania,88,0.2,4.0,4.0,Hotel,2017,11,0
22418,Vilnius,Lithuania,61,0.3,3.0,4.4,Hotel,2017,11,0
22419,Vilnius,Lithuania,68,0.3,4.0,4.3,Hotel,2017,11,0
22420,Vilnius,Lithuania,54,0.3,3.0,4.1,Hotel,2017,11,0
22421,Vilnius,Lithuania,31,0.4,2.0,4.1,Bed and breakfast,2017,11,0
22422,Vilnius,Lithuania,33,0.4,2.5,4.4,Hotel,2017,11,0
22423,Vilnius,Lithuania,145,0.4,4.0,4.6,Hotel,2017,11,0
22425,Vilnius,Lithuania,162,0.0,5.0,4.4,Hotel,2017,11,0
22426,Vilnius,Lithuania,120,0.1,3.5,4.9,Apartment,2017,11,0
22427,Vilnius,Lithuania,63,0.2,3.0,4.0,Hotel,2017,11,0
22428,Vilnius,Lithuania,177,0.2,5.0,4.5,Hotel,2017,11,0
22429,Vilnius,Lithuania,31,0.6,2.0,,Guest House,2017,11,0
22430,Vilnius,Lithuania,45,0.3,3.0,4.0,Hotel,2017,11,0
22431,Vilnius,Lithuania,80,0.2,3.0,4.0,Hotel,2017,11,0
22432,Vilnius,Lithuania,25,0.5,2.0,3.4,Hostel,2017,11,0
22433,Vilnius,Lithuania,83,0.2,4.0,4.5,Hotel,2017,11,0
22434,Vilnius,Lithuania,123,0.3,4.0,4.3,Hotel,2017,11,0
22435,Vilnius,Lithuania,145,0.3,5.0,4.5,Hotel,2017,11,0
22436,Vilnius,Lithuania,151,0.3,4.0,4.9,Hotel,2017,11,0
22437,Vilnius,Lithuania,38,0.3,3.0,3.5,Hotel,2017,11,0
22438,Vilnius,Lithuania,57,0.3,4.0,3.9,Hotel,2017,11,0
22439,Vilnius,Lithuania,54,0.3,3.5,4.0,Hotel,2017,11,0
22440,Vilnius,Lithuania,52,0.2,4.0,4.1,Hotel,2017,11,0
22441,Vilnius,Lithuania,52,0.4,3.0,4.5,Apartment,2017,11,0
22442,Vilnius,Lithuania,55,0.1,3.5,,Apartment,2017,11,0
22443,Vilnius,Lithuania,37,0.3,3.0,4.0,Guest House,2017,11,0
22444,Vilnius,Lithuania,42,0.4,3.5,3.7,Hotel,2017,11,0
22445,Vilnius,Lithuania,35,0.4,2.0,4.6,Hostel,2017,11,0
22446,Vilnius,Lithuania,25,0.4,2.0,,Hostel,2017,11,0
22447,Vilnius,Lithuania,27,0.4,3.0,4.5,Bed and breakfast,2017,11,0
22448,Vilnius,Lithuania,29,0.5,2.0,2.0,Hostel,2017,11,0
22449,Vilnius,Lithuania,80,0.1,3.0,4.3,Hotel,2017,11,0
22450,Vilnius,Lithuania,87,0.5,4.0,4.0,Hotel,2017,11,0
22451,Vilnius,Lithuania,141,0.1,5.0,4.4,Hotel,2017,11,0
22452,Vilnius,Lithuania,99,0.6,4.0,4.4,Hotel,2017,11,0
22453,Vilnius,Lithuania,128,0.4,4.0,4.1,Hotel,2017,11,0
22454,Vilnius,Lithuania,290,0.5,5.0,4.9,Hotel,2017,11,0
22455,Vilnius,Lithuania,80,0.3,3.0,5.0,Apartment,2017,11,0
22456,Vilnius,Lithuania,85,0.1,4.0,4.0,Apartment,2017,11,0
22457,Vilnius,Lithuania,34,0.2,3.0,4.5,Guest House,2017,11,0
22459,Vilnius,Lithuania,85,15.0,4.0,4.5,Hotel,2017,11,0
22460,Vilnius,Lithuania,40,15.0,3.0,4.5,Guest House,2017,11,0
22461,Vilnius,Lithuania,220,22.0,5.0,4.6,Hotel,2017,11,0
22462,Vilnius,Lithuania,80,14.0,4.0,4.4,Guest House,2017,11,0
22463,Vilnius,Lithuania,49,0.4,3.5,,Apartment,2017,11,0
22464,Vilnius,Lithuania,34,3.7,2.0,3.5,Hotel,2017,11,0
22465,Vilnius,Lithuania,40,0.8,3.0,4.1,Guest House,2017,11,0
22466,Vilnius,Lithuania,42,0.6,4.0,4.0,Hotel,2017,11,0
22467,Vilnius,Lithuania,43,2.9,3.5,4.1,Hotel,2017,11,0
22468,Vilnius,Lithuania,104,1.5,4.0,4.0,Hotel,2017,11,0
22471,Vilnius,Lithuania,118,0.6,4.5,4.6,Hotel,2017,11,0
22472,Vilnius,Lithuania,87,0.7,3.0,4.5,Hotel,2017,11,0
22473,Vilnius,Lithuania,104,1.1,4.0,4.5,Hotel,2017,11,0
22474,Vilnius,Lithuania,149,1.3,4.0,,Apartment,2017,11,0
22475,Vilnius,Lithuania,95,12.0,5.0,4.4,Resort,2017,11,0
22476,Vilnius,Lithuania,43,1.2,3.5,4.0,Hotel,2017,11,0
22477,Vilnius,Lithuania,45,1.3,3.0,4.1,Hotel,2017,11,0
22478,Vilnius,Lithuania,32,0.5,2.0,4.0,Hostel,2017,11,0
22479,Vilnius,Lithuania,88,0.6,3.5,4.5,Hotel,2017,11,0
22480,Vilnius,Lithuania,55,2.4,3.0,4.0,Hotel,2017,11,0
22481,Vilnius,Lithuania,27,0.6,2.0,4.0,Guest House,2017,11,0
22482,Vilnius,Lithuania,42,3.3,3.0,3.7,Hotel,2017,11,0
22483,Vilnius,Lithuania,36,0.4,2.5,4.5,Bed and breakfast,2017,11,0
22484,Vilnius,Lithuania,83,2.5,3.5,4.0,Hotel,2017,11,0
22485,Vilnius,Lithuania,56,1.4,3.0,3.5,Bed and breakfast,2017,11,0
22486,Vilnius,Lithuania,33,2.9,3.0,3.7,Hotel,2017,11,0
22487,Vilnius,Lithuania,78,6.5,3.0,,Guest House,2017,11,0
22488,Vilnius,Lithuania,46,0.8,3.0,4.0,Hotel,2017,11,0
22491,Vilnius,Lithuania,33,4.8,3.0,4.0,Apartment,2017,11,0
22492,Vilnius,Lithuania,44,4.8,3.0,4.0,Hotel,2017,11,0
22493,Vilnius,Lithuania,135,0.9,4.0,4.1,Hotel,2017,11,0
22494,Vilnius,Lithuania,59,0.3,3.5,4.4,Hotel,2017,11,0
22495,Vilnius,Lithuania,30,1.1,1.0,3.9,Hotel,2017,11,0
22496,Vilnius,Lithuania,42,0.9,3.0,4.1,Hotel,2017,11,0
22497,Vilnius,Lithuania,51,1.3,3.0,3.9,Hotel,2017,11,0
22499,Warsaw,Poland,118,0.6,3.5,3.7,Apartment,2017,11,0
22500,Warsaw,Poland,46,0.8,2.0,4.5,Hostel,2017,11,0
22501,Warsaw,Poland,124,1.0,3.5,5.0,Apartment,2017,11,0
22502,Warsaw,Poland,112,0.5,3.0,3.5,Apartment,2017,11,0
22503,Warsaw,Poland,78,1.3,3.0,,Apartment,2017,11,0
22504,Warsaw,Poland,58,1.1,3.0,,Apartment,2017,11,0
22505,Warsaw,Poland,57,1.5,3.0,3.7,Apartment,2017,11,0
22507,Warsaw,Poland,59,1.4,3.0,4.0,Apartment,2017,11,0
22508,Warsaw,Poland,57,1.5,2.0,4.0,Apartment,2017,11,0
22511,Warsaw,Poland,190,0.5,5.0,4.5,Hotel,2017,11,0
22512,Warsaw,Poland,41,0.8,2.5,3.5,Guest House,2017,11,0
22514,Warsaw,Poland,227,0.8,5.0,4.5,Hotel,2017,11,0
22515,Warsaw,Poland,108,0.4,,4.6,Apart-hotel,2017,11,0
22516,Warsaw,Poland,43,0.4,4.0,3.7,Guest House,2017,11,0
22517,Warsaw,Poland,109,0.3,3.0,,Apartment,2017,11,0
22518,Warsaw,Poland,59,0.3,3.5,,Apartment,2017,11,0
22519,Warsaw,Poland,127,0.9,,,Apartment,2017,11,0
22520,Warsaw,Poland,146,0.9,3.0,,Apartment,2017,11,0
22521,Warsaw,Poland,146,1.3,3.5,,Apartment,2017,11,0
22522,Warsaw,Poland,38,0.5,2.0,3.7,Hostel,2017,11,0
22525,Warsaw,Poland,76,1.2,3.0,,Apartment,2017,11,0
22527,Warsaw,Poland,100,1.0,3.0,4.1,Hotel,2017,11,0
22528,Warsaw,Poland,59,1.1,3.5,,Apartment,2017,11,0
22529,Warsaw,Poland,59,1.0,3.5,,Apartment,2017,11,0
22530,Warsaw,Poland,59,0.7,3.0,,Apartment,2017,11,0
22531,Warsaw,Poland,114,0.6,3.5,,Apartment,2017,11,0
22532,Warsaw,Poland,116,0.7,4.0,4.5,Hotel,2017,11,0
22533,Warsaw,Poland,80,0.5,3.5,3.5,Apartment,2017,11,0
22534,Warsaw,Poland,81,0.4,3.0,,Apartment,2017,11,0
22535,Warsaw,Poland,57,1.2,3.5,4.0,Apartment,2017,11,0
22537,Warsaw,Poland,131,0.8,3.5,3.0,Apartment,2017,11,0
22538,Warsaw,Poland,58,0.6,3.0,3.7,Apartment,2017,11,0
22539,Warsaw,Poland,131,0.6,3.0,3.5,Apartment,2017,11,0
22540,Warsaw,Poland,107,0.4,3.0,4.0,Hotel,2017,11,0
22542,Warsaw,Poland,59,1.0,3.0,,Apartment,2017,11,0
22543,Warsaw,Poland,145,0.5,4.0,2.2,Apartment,2017,11,0
22544,Warsaw,Poland,58,0.5,3.0,4.0,Apartment,2017,11,0
22545,Warsaw,Poland,75,0.4,3.5,4.0,Apartment,2017,11,0
22546,Warsaw,Poland,68,0.9,3.0,,Apartment,2017,11,0
22547,Warsaw,Poland,57,0.9,3.0,4.0,Guest House,2017,11,0
22548,Warsaw,Poland,59,1.0,3.5,,Apartment,2017,11,0
22549,Warsaw,Poland,325,0.9,4.0,4.3,Apartment,2017,11,0
22550,Warsaw,Poland,70,1.0,3.0,,Apartment,2017,11,0
22551,Warsaw,Poland,81,1.0,3.5,4.9,Apartment,2017,11,0
22552,Warsaw,Poland,147,1.1,4.0,4.1,Hotel,2017,11,0
22554,Warsaw,Poland,322,0.7,5.0,4.8,Hotel,2017,11,0
22555,Warsaw,Poland,46,0.8,2.0,4.5,Hostel,2017,11,0
22556,Warsaw,Poland,60,1.1,3.5,4.0,Apartment,2017,11,0
22557,Warsaw,Poland,60,0.7,3.5,4.0,Apartment,2017,11,0
22558,Warsaw,Poland,67,0.7,3.0,4.5,Apartment,2017,11,0
22559,Warsaw,Poland,59,0.7,3.0,4.0,Apartment,2017,11,0
22561,Warsaw,Poland,172,0.6,4.0,4.5,Hotel,2017,11,0
22562,Warsaw,Poland,81,0.7,3.0,5.0,Apartment,2017,11,0
22564,Warsaw,Poland,46,1.6,2.5,3.0,Guest House,2017,11,0
22565,Warsaw,Poland,135,0.7,3.0,4.4,Hotel,2017,11,0
22566,Warsaw,Poland,131,0.6,3.0,,Apartment,2017,11,0
22567,Warsaw,Poland,71,0.8,3.0,3.5,Apartment,2017,11,0
22568,Warsaw,Poland,127,0.8,3.0,3.2,Apartment,2017,11,0
22569,Warsaw,Poland,68,0.7,3.5,2.9,Apartment,2017,11,0
22570,Warsaw,Poland,60,0.8,3.5,2.7,Apartment,2017,11,0
22571,Warsaw,Poland,172,0.8,5.0,4.6,Hotel,2017,11,0
22572,Warsaw,Poland,64,0.6,3.5,,Apartment,2017,11,0
22573,Warsaw,Poland,70,0.7,3.0,,Apartment,2017,11,0
22574,Warsaw,Poland,65,1.0,1.0,3.7,Hotel,2017,11,0
22575,Warsaw,Poland,71,0.3,3.0,4.1,Hotel,2017,11,0
22576,Warsaw,Poland,70,0.5,3.0,,Apartment,2017,11,0
22577,Warsaw,Poland,66,1.5,3.5,,Apartment,2017,11,0
22578,Warsaw,Poland,140,0.3,4.0,4.4,Hotel,2017,11,0
22579,Warsaw,Poland,38,0.4,2.0,4.0,Hostel,2017,11,0
22580,Warsaw,Poland,66,0.4,2.0,4.0,Hotel,2017,11,0
22581,Warsaw,Poland,75,0.7,3.5,,Apartment,2017,11,0
22582,Warsaw,Poland,69,0.8,3.5,,Apartment,2017,11,0
22583,Warsaw,Poland,49,0.9,2.0,4.5,Hostel,2017,11,0
22584,Warsaw,Poland,113,0.9,4.0,4.0,Bed and breakfast,2017,11,0
22586,Warsaw,Poland,128,0.4,4.0,4.3,Hotel,2017,11,0
22587,Warsaw,Poland,40,0.9,3.0,3.9,Bed and breakfast,2017,11,0
22589,Warsaw,Poland,95,0.7,3.0,4.4,Bed and breakfast,2017,11,0
22590,Warsaw,Poland,105,0.1,4.0,4.1,Apartment,2017,11,0
22591,Warsaw,Poland,159,0.3,4.0,5.0,Apartment,2017,11,0
22592,Warsaw,Poland,98,0.7,3.0,,Apartment,2017,11,0
22593,Warsaw,Poland,124,0.6,3.5,3.5,Apartment,2017,11,0
22594,Warsaw,Poland,124,0.7,3.0,4.0,Apartment,2017,11,0
22595,Warsaw,Poland,124,1.3,4.0,,Apartment,2017,11,0
22596,Warsaw,Poland,124,0.4,3.0,4.0,Apartment,2017,11,0
22598,Warsaw,Poland,127,0.5,3.0,3.5,Apartment,2017,11,0
22599,Warsaw,Poland,124,0.5,3.5,,Apartment,2017,11,0
22602,Warsaw,Poland,124,0.4,3.0,,Apartment,2017,11,0
22604,Warsaw,Poland,195,0.4,4.0,4.5,Hotel,2017,11,0
22606,Warsaw,Poland,103,0.1,3.0,3.0,Apartment,2017,11,0
22608,Warsaw,Poland,128,0.8,3.5,,Apartment,2017,11,0
22609,Warsaw,Poland,159,0.3,4.0,,Apartment,2017,11,0
22610,Warsaw,Poland,213,0.5,5.0,4.5,Hotel,2017,11,0
22611,Warsaw,Poland,71,0.5,3.0,,Apartment,2017,11,0
22612,Warsaw,Poland,65,1.1,2.0,4.0,Hotel,2017,11,0
22613,Warsaw,Poland,74,0.4,3.5,2.0,Apartment,2017,11,0
22614,Warsaw,Poland,54,0.2,3.5,3.7,Apartment,2017,11,0
22615,Warsaw,Poland,59,0.2,3.0,,Apartment,2017,11,0
22616,Warsaw,Poland,55,0.2,3.5,4.0,Apartment,2017,11,0
22617,Warsaw,Poland,153,0.7,3.5,,Apartment,2017,11,0
22618,Warsaw,Poland,59,0.6,3.5,5.0,Apartment,2017,11,0
22619,Warsaw,Poland,59,0.7,3.0,3.7,Apartment,2017,11,0
22621,Warsaw,Poland,146,0.5,3.5,,Apartment,2017,11,0
22624,Warsaw,Poland,134,0.4,5.0,4.4,Hotel,2017,11,0
22625,Warsaw,Poland,135,0.6,3.5,3.0,Apartment,2017,11,0
22626,Warsaw,Poland,102,0.8,4.0,4.0,Hotel,2017,11,0
22627,Warsaw,Poland,44,0.4,,,Apartment,2017,11,0
22628,Warsaw,Poland,86,0.9,4.0,3.7,Apartment,2017,11,0
22629,Warsaw,Poland,105,0.9,4.0,4.0,Apartment,2017,11,0
22630,Warsaw,Poland,87,0.9,4.0,3.0,Apartment,2017,11,0
22631,Warsaw,Poland,212,1.0,4.0,4.5,Hotel,2017,11,0
22632,Warsaw,Poland,146,0.7,3.5,,Apartment,2017,11,0
22633,Warsaw,Poland,71,1.3,3.5,4.4,Apartment,2017,11,0
22634,Warsaw,Poland,97,1.3,3.0,,Apartment,2017,11,0
22635,Warsaw,Poland,69,1.3,3.5,4.8,Apartment,2017,11,0
22636,Warsaw,Poland,76,0.2,3.0,,Apartment,2017,11,0
22637,Warsaw,Poland,70,0.6,3.0,,Apartment,2017,11,0
22638,Warsaw,Poland,182,0.0,3.5,4.0,Apartment,2017,11,0
22639,Warsaw,Poland,213,0.1,3.5,,Apartment,2017,11,0
22640,Warsaw,Poland,89,0.1,3.5,5.0,Apartment,2017,11,0
22641,Warsaw,Poland,50,0.2,1.0,3.7,Hotel,2017,11,0
22642,Warsaw,Poland,65,1.1,3.0,,Apartment,2017,11,0
22643,Warsaw,Poland,68,0.4,3.5,4.0,Guest House,2017,11,0
22644,Warsaw,Poland,59,0.7,3.0,,Apartment,2017,11,0
22645,Warsaw,Poland,59,0.6,3.5,4.5,Apartment,2017,11,0
22646,Warsaw,Poland,63,0.4,3.5,4.1,Apartment,2017,11,0
22648,Warsaw,Poland,66,0.9,3.0,3.7,Apartment,2017,11,0
22649,Warsaw,Poland,58,0.2,3.0,,Apartment,2017,11,0
22650,Warsaw,Poland,46,0.1,2.0,4.0,Hostel,2017,11,0
22651,Warsaw,Poland,97,0.2,3.0,3.5,Hotel,2017,11,0
22653,Warsaw,Poland,58,0.4,3.0,,Apartment,2017,11,0
22654,Warsaw,Poland,138,0.6,3.5,,Apartment,2017,11,0
22655,Warsaw,Poland,38,0.6,2.0,4.1,Hostel,2017,11,0
22656,Warsaw,Poland,38,0.6,2.0,3.2,Hostel,2017,11,0
22657,Warsaw,Poland,59,0.4,3.5,,Apartment,2017,11,0
22658,Warsaw,Poland,81,0.4,3.0,5.0,Apartment,2017,11,0
22659,Warsaw,Poland,56,0.9,3.5,4.0,Apartment,2017,11,0
22660,Warsaw,Poland,122,1.0,3.5,,Apartment,2017,11,0
22661,Warsaw,Poland,88,1.1,4.0,4.0,Hotel,2017,11,0
22662,Warsaw,Poland,62,1.2,3.5,2.0,Apartment,2017,11,0
22663,Warsaw,Poland,66,1.2,3.0,4.0,Apartment,2017,11,0
22664,Warsaw,Poland,58,1.1,1.0,3.7,Hotel,2017,11,0
22665,Warsaw,Poland,77,1.1,3.0,4.0,Hotel,2017,11,0
22667,Warsaw,Poland,34,0.7,2.0,3.9,Hostel,2017,11,0
22668,Warsaw,Poland,209,1.0,3.5,4.5,Apartment,2017,11,0
22669,Warsaw,Poland,75,0.3,3.5,4.5,Apartment,2017,11,0
22670,Warsaw,Poland,71,0.5,3.5,3.5,Apartment,2017,11,0
22671,Warsaw,Poland,133,0.5,3.5,4.0,Apartment,2017,11,0
22673,Warsaw,Poland,73,1.0,4.0,3.4,Apartment,2017,11,0
22674,Warsaw,Poland,75,1.0,3.5,3.0,Apartment,2017,11,0
22676,Warsaw,Poland,72,0.8,4.0,3.2,Apartment,2017,11,0
22677,Warsaw,Poland,59,0.2,3.5,,Apartment,2017,11,0
22678,Warsaw,Poland,105,0.1,4.0,4.5,Apartment,2017,11,0
22679,Warsaw,Poland,58,0.7,3.0,2.0,Apartment,2017,11,0
22680,Warsaw,Poland,66,0.7,3.0,,Apartment,2017,11,0
22681,Warsaw,Poland,43,0.2,2.0,4.5,Hostel,2017,11,0
22683,Warsaw,Poland,121,0.9,4.0,4.0,Apartment,2017,11,0
22684,Warsaw,Poland,79,1.3,4.0,4.3,Apartment,2017,11,0
22685,Warsaw,Poland,80,1.4,3.0,4.5,Apartment,2017,11,0
22686,Warsaw,Poland,103,0.4,2.0,3.9,Hotel,2017,11,0
22687,Warsaw,Poland,83,0.5,3.5,3.5,Apartment,2017,11,0
22688,Warsaw,Poland,89,0.4,4.0,4.5,Apartment,2017,11,0
22690,Warsaw,Poland,37,0.7,2.0,4.3,Hostel,2017,11,0
22691,Warsaw,Poland,96,0.8,3.5,3.0,Apartment,2017,11,0
22692,Warsaw,Poland,66,0.2,3.0,,Apartment,2017,11,0
22694,Warsaw,Poland,32,1.0,2.0,3.9,Hostel,2017,11,0
22695,Warsaw,Poland,78,1.0,4.0,4.0,Apartment,2017,11,0
22696,Warsaw,Poland,95,1.0,3.0,,Guest House,2017,11,0
22697,Warsaw,Poland,73,0.8,3.0,4.3,Apart-hotel,2017,11,0
22700,Warsaw,Poland,68,0.6,4.0,4.3,Apartment,2017,11,0
22702,Warsaw,Poland,55,0.0,3.0,4.0,Apartment,2017,11,0
22703,Warsaw,Poland,69,12.0,4.0,4.4,Hotel,2017,11,0
22704,Warsaw,Poland,40,3.7,2.0,3.7,Hotel,2017,11,0
22705,Warsaw,Poland,154,4.0,4.0,5.0,Apartment,2017,11,0
22706,Warsaw,Poland,103,1.9,3.0,,Apartment,2017,11,0
22707,Warsaw,Poland,61,3.8,3.0,4.3,Hotel,2017,11,0
22708,Warsaw,Poland,31,2.8,2.0,,Hostel,2017,11,0
22709,Warsaw,Poland,59,3.4,3.5,4.3,Apartment,2017,11,0
22710,Warsaw,Poland,75,2.3,3.0,4.0,Apartment,2017,11,0
22711,Warsaw,Poland,109,3.3,4.0,4.0,Apartment,2017,11,0
22712,Warsaw,Poland,69,3.4,3.0,4.5,Apartment,2017,11,0
22713,Warsaw,Poland,32,3.8,1.0,3.5,Hotel,2017,11,0
22714,Warsaw,Poland,103,2.0,3.0,,Apartment,2017,11,0
22715,Warsaw,Poland,155,2.7,3.5,,Apartment,2017,11,0
22716,Warsaw,Poland,75,1.9,3.0,3.9,Hotel,2017,11,0
22717,Warsaw,Poland,85,3.6,4.0,4.0,Apartment,2017,11,0
22718,Warsaw,Poland,127,3.4,3.0,2.5,Apartment,2017,11,0
22720,Warsaw,Poland,33,3.0,2.0,4.9,Hostel,2017,11,0
22721,Warsaw,Poland,107,4.0,3.5,4.0,Apartment,2017,11,0
22722,Warsaw,Poland,132,4.0,4.0,,Apartment,2017,11,0
22723,Warsaw,Poland,209,2.0,4.0,,Apartment,2017,11,0
22724,Warsaw,Poland,98,4.5,3.5,4.5,Apartment,2017,11,0
22726,Warsaw,Poland,132,1.6,2.5,,Hotel,2017,11,0
22727,Warsaw,Poland,118,2.2,3.5,,Apartment,2017,11,0
22728,Warsaw,Poland,59,2.4,3.5,4.5,Apartment,2017,11,0
22729,Warsaw,Poland,63,2.9,4.0,4.0,Apartment,2017,11,0
22730,Warsaw,Poland,86,2.9,3.5,,Apartment,2017,11,0
22731,Warsaw,Poland,203,1.5,3.5,,Apartment,2017,11,0
22735,Warsaw,Poland,56,1.0,4.0,3.5,Apartment,2017,11,0
22736,Warsaw,Poland,45,0.7,2.0,4.5,Hostel,2017,11,0
22739,Warsaw,Poland,38,1.0,1.5,4.0,Hostel,2017,11,0
22740,Warsaw,Poland,235,0.6,5.0,4.6,Hotel,2017,11,0
22741,Warsaw,Poland,158,0.4,5.0,4.6,Hotel,2017,11,0
22742,Warsaw,Poland,92,0.8,4.0,3.5,Apartment,2017,11,0
22743,Warsaw,Poland,68,1.1,3.0,4.5,Apartment,2017,11,0
22744,Warsaw,Poland,79,1.4,3.0,4.0,Hotel,2017,11,0
22746,Warsaw,Poland,150,0.9,4.0,4.8,Apartment,2017,11,0
22747,Warsaw,Poland,152,1.0,5.0,5.0,Apartment,2017,11,0
22748,Warsaw,Poland,101,1.1,4.0,4.5,Apartment,2017,11,0
22750,Warsaw,Poland,97,0.9,3.0,4.0,Hotel,2017,11,0
22751,Warsaw,Poland,156,1.3,5.0,4.6,Hotel,2017,11,0
22752,Warsaw,Poland,65,0.7,3.0,2.7,Apartment,2017,11,0
22753,Warsaw,Poland,127,0.8,4.0,2.7,Apartment,2017,11,0
22754,Warsaw,Poland,168,0.8,3.5,3.7,Apartment,2017,11,0
22755,Warsaw,Poland,71,1.0,3.5,5.0,Apartment,2017,11,0
22756,Warsaw,Poland,103,0.8,3.0,3.9,Hotel,2017,11,0
22757,Warsaw,Poland,79,1.1,3.0,4.5,Apartment,2017,11,0
22758,Warsaw,Poland,226,0.7,5.0,4.6,Hotel,2017,11,0
22759,Warsaw,Poland,62,1.1,2.0,,Hostel,2017,11,0
22760,Warsaw,Poland,54,11.0,3.0,4.1,Hotel,2017,11,0
22761,Warsaw,Poland,88,9.0,4.0,4.0,Hotel,2017,11,0
22762,Warsaw,Poland,76,10.0,3.0,4.1,Hotel,2017,11,0
22764,Warsaw,Poland,34,1.8,1.0,3.4,Hostel,2017,11,0
22765,Warsaw,Poland,75,1.6,3.0,4.1,Hotel,2017,11,0
22766,Warsaw,Poland,33,3.3,3.0,2.5,Guest House,2017,11,0
22767,Warsaw,Poland,116,2.4,3.0,4.5,Hotel,2017,11,0
22768,Warsaw,Poland,44,1.8,2.0,4.6,Hostel,2017,11,0
22769,Warsaw,Poland,50,1.6,2.0,3.5,Hotel,2017,11,0
22770,Warsaw,Poland,136,2.2,3.5,5.0,Apartment,2017,11,0
22771,Warsaw,Poland,59,3.7,3.0,4.0,Hotel,2017,11,0
22772,Warsaw,Poland,31,1.6,2.0,4.4,Hostel,2017,11,0
22773,Warsaw,Poland,46,4.5,3.5,4.3,Apart-hotel,2017,11,0
22774,Warsaw,Poland,161,2.3,3.5,,Apartment,2017,11,0
22775,Warsaw,Poland,73,4.7,3.0,4.1,Hotel,2017,11,0
22777,Warsaw,Poland,39,1.7,3.0,4.3,Apartment,2017,11,0
22778,Warsaw,Poland,81,1.8,3.0,3.5,Hotel,2017,11,0
22780,Warsaw,Poland,43,2.3,2.0,4.4,Hostel,2017,11,0
22781,Warsaw,Poland,63,9.4,3.0,3.9,Hotel,2017,11,0
22782,Warsaw,Poland,51,7.7,3.5,3.0,Hotel,2017,11,0
22783,Warsaw,Poland,46,7.7,3.0,3.7,Hotel,2017,11,0
22784,Warsaw,Poland,63,3.9,3.0,3.2,Hotel,2017,11,0
22786,Warsaw,Poland,188,4.0,3.0,4.5,Hotel,2017,11,0
22787,Warsaw,Poland,119,4.1,4.0,4.4,Hotel,2017,11,0
22789,Warsaw,Poland,123,4.7,3.0,4.0,Hotel,2017,11,0
22791,Warsaw,Poland,125,3.6,3.0,4.3,Hotel,2017,11,0
22792,Warsaw,Poland,153,3.3,3.5,2.0,Apartment,2017,11,0
22793,Warsaw,Poland,79,5.6,2.0,4.5,Hotel,2017,11,0
22794,Warsaw,Poland,162,1.3,3.5,,Apartment,2017,11,0
22795,Warsaw,Poland,62,1.7,3.0,1.0,Apartment,2017,11,0
22796,Warsaw,Poland,77,1.7,3.0,2.9,Apart-hotel,2017,11,0
22797,Warsaw,Poland,113,3.9,3.5,4.6,Hotel,2017,11,0
22798,Warsaw,Poland,95,1.1,3.0,,Apartment,2017,11,0
22799,Warsaw,Poland,188,2.1,5.0,4.5,Hotel,2017,11,0
22800,Warsaw,Poland,76,1.3,3.5,,Apartment,2017,11,0
22801,Warsaw,Poland,107,1.5,3.5,2.0,Apartment,2017,11,0
22802,Warsaw,Poland,153,1.4,4.0,,Apartment,2017,11,0
22803,Warsaw,Poland,145,6.6,3.5,,Apartment,2017,11,0
22804,Warsaw,Poland,108,1.3,3.5,,Apartment,2017,11,0
22805,Warsaw,Poland,103,5.8,3.0,4.4,Hotel,2017,11,0
22808,Warsaw,Poland,127,1.7,4.0,3.2,Apartment,2017,11,0
22809,Warsaw,Poland,23,1.5,2.0,,Hostel,2017,11,0
22811,Warsaw,Poland,90,4.1,3.0,3.4,Hotel,2017,11,0
22812,Warsaw,Poland,86,6.1,3.0,3.9,Hotel,2017,11,0
22813,Warsaw,Poland,80,5.7,3.5,3.7,Hotel,2017,11,0
22814,Warsaw,Poland,35,3.5,2.0,3.7,Hostel,2017,11,0
22815,Warsaw,Poland,76,1.7,3.0,3.2,Hotel,2017,11,0
22816,Warsaw,Poland,107,5.5,3.0,4.4,Hotel,2017,11,0
22817,Warsaw,Poland,62,1.7,4.0,3.7,Apartment,2017,11,0
22819,Warsaw,Poland,178,4.7,4.0,4.4,Hotel,2017,11,0
22820,Warsaw,Poland,128,3.3,3.0,4.1,Hotel,2017,11,0
22821,Warsaw,Poland,48,4.0,3.0,4.4,Guest House,2017,11,0
22822,Warsaw,Poland,48,3.9,3.0,2.5,Guest House,2017,11,0
22823,Warsaw,Poland,35,3.9,2.5,4.4,Guest House,2017,11,0
22824,Warsaw,Poland,63,3.3,3.5,4.5,Apart-hotel,2017,11,0
22825,Warsaw,Poland,108,1.9,3.0,4.0,Hotel,2017,11,0
22826,Warsaw,Poland,57,4.3,3.0,3.0,Hotel,2017,11,0
22827,Warsaw,Poland,97,5.7,2.0,4.0,Hotel,2017,11,0
22828,Warsaw,Poland,78,5.5,3.0,3.9,Hotel,2017,11,0
22829,Warsaw,Poland,79,1.4,4.0,4.4,Apartment,2017,11,0
22830,Warsaw,Poland,16,3.5,2.0,2.2,Hostel,2017,11,0
22831,Warsaw,Poland,85,4.3,3.0,4.0,Hotel,2017,11,0
22832,Warsaw,Poland,27,2.6,2.0,3.0,Hostel,2017,11,0
22833,Warsaw,Poland,74,5.5,3.0,4.0,Hotel,2017,11,0
22834,Warsaw,Poland,46,5.1,3.0,3.9,Apartment,2017,11,0
22837,Warsaw,Poland,70,9.5,3.0,4.1,Hotel,2017,11,0
22838,Warsaw,Poland,95,1.3,3.5,,Apartment,2017,11,0
22840,Warsaw,Poland,185,6.0,3.5,2.0,Apartment,2017,11,0
22841,Warsaw,Poland,66,5.2,3.0,4.0,Hotel,2017,11,0
22842,Warsaw,Poland,54,8.6,3.0,4.3,Hotel,2017,11,0
22843,Zagreb,Croatia,63,0.3,1.0,,Hostel,2017,11,0
22844,Zagreb,Croatia,99,3.4,4.0,4.3,Hotel,2017,11,0
22845,Zagreb,Croatia,66,0.1,4.0,4.0,Apartment,2017,11,0
22846,Zagreb,Croatia,87,0.4,3.0,3.9,Hotel,2017,11,0
22847,Zagreb,Croatia,92,5.9,3.0,4.5,Hotel,2017,11,0
22848,Zagreb,Croatia,67,1.1,3.0,4.1,Hotel,2017,11,0
22849,Zagreb,Croatia,125,4.4,4.0,4.3,Hotel,2017,11,0
22851,Zagreb,Croatia,66,0.2,4.0,4.8,Apartment,2017,11,0
22852,Zagreb,Croatia,62,1.1,4.0,4.6,Bed and breakfast,2017,11,0
22853,Zagreb,Croatia,75,1.2,4.0,4.5,Apartment,2017,11,0
22854,Zagreb,Croatia,97,2.7,4.0,4.3,Hotel,2017,11,0
22855,Zagreb,Croatia,31,0.4,2.0,3.7,Hostel,2017,11,0
22856,Zagreb,Croatia,97,0.2,3.0,4.5,Hotel,2017,11,0
22857,Zagreb,Croatia,32,4.2,3.0,4.0,Bed and breakfast,2017,11,0
22858,Zagreb,Croatia,62,4.9,3.0,2.5,Hotel,2017,11,0
22859,Zagreb,Croatia,94,1.7,3.0,4.0,Hotel,2017,11,0
22860,Zagreb,Croatia,133,0.4,5.0,4.1,Hotel,2017,11,0
22861,Zagreb,Croatia,87,0.5,4.0,4.0,Hotel,2017,11,0
22862,Zagreb,Croatia,35,0.9,2.0,5.0,Hostel,2017,11,0
22863,Zagreb,Croatia,67,1.1,3.0,3.5,Hotel,2017,11,0
22864,Zagreb,Croatia,133,0.6,5.0,4.0,Hotel,2017,11,0
22865,Zagreb,Croatia,130,0.1,4.0,4.4,Hotel,2017,11,0
22866,Zagreb,Croatia,156,0.4,5.0,4.6,Hotel,2017,11,0
22867,Zagreb,Croatia,104,0.9,4.0,4.3,Hotel,2017,11,0
22868,Zagreb,Croatia,102,5.5,3.0,4.3,Hotel,2017,11,0
22869,Zagreb,Croatia,55,0.8,3.0,4.3,Apartment,2017,11,0
22870,Zagreb,Croatia,232,1.6,3.0,4.4,Hotel,2017,11,0
22871,Zagreb,Croatia,149,0.9,4.0,4.5,Hotel,2017,11,0
22872,Zagreb,Croatia,103,0.3,4.0,4.5,Hotel,2017,11,0
22873,Zagreb,Croatia,11,0.3,1.0,3.7,Hostel,2017,11,0
22874,Zagreb,Croatia,61,0.1,4.0,4.4,Guest House,2017,11,0
22875,Zagreb,Croatia,59,4.5,3.0,3.7,Hotel,2017,11,0
22876,Zagreb,Croatia,63,0.0,4.0,4.3,Apartment,2017,11,0
22877,Zagreb,Croatia,104,1.3,3.0,4.6,Hotel,2017,11,0
22878,Zagreb,Croatia,83,2.9,4.0,,Bed and breakfast,2017,11,0
22879,Zagreb,Croatia,46,1.4,2.0,4.0,Hostel,2017,11,0
22880,Zagreb,Croatia,90,1.7,3.0,2.2,Hotel,2017,11,0
22881,Zagreb,Croatia,80,7.2,4.0,4.0,Hotel,2017,11,0
22882,Zagreb,Croatia,63,6.2,3.0,4.0,Hotel,2017,11,0
22883,Zagreb,Croatia,77,1.0,3.0,3.0,Hotel,2017,11,0
22884,Zagreb,Croatia,40,0.5,2.0,3.0,Hostel,2017,11,0
22885,Zagreb,Croatia,46,0.3,2.0,3.7,Hostel,2017,11,0
22886,Zagreb,Croatia,110,0.2,4.0,4.3,Hotel,2017,11,0
22887,Zagreb,Croatia,74,1.3,4.0,3.9,Hotel,2017,11,0
22889,Zagreb,Croatia,89,0.8,3.0,5.0,Hotel,2017,11,0
22890,Zagreb,Croatia,290,0.7,2.0,4.0,Hostel,2017,11,0
22891,Zagreb,Croatia,74,2.9,3.0,3.4,Hotel,2017,11,0
22892,Zagreb,Croatia,75,0.7,3.5,3.9,Hotel,2017,11,0
22893,Zagreb,Croatia,105,1.1,3.0,3.5,Hotel,2017,11,0
22894,Zagreb,Croatia,146,1.3,4.0,4.5,Hotel,2017,11,0
22895,Zagreb,Croatia,60,1.1,4.0,4.8,Guest House,2017,11,0
22896,Zagreb,Croatia,77,0.3,3.0,4.0,Hotel,2017,11,0
22897,Zagreb,Croatia,58,0.4,2.0,4.0,Hostel,2017,11,0
22898,Zagreb,Croatia,33,0.2,2.0,3.7,Hostel,2017,11,0
22899,Zagreb,Croatia,77,4.0,3.0,,Apartment,2017,11,0
22901,Zagreb,Croatia,94,3.3,3.0,3.5,Hotel,2017,11,0
22902,Zagreb,Croatia,119,1.1,4.0,4.5,Hotel,2017,11,0
