sample,student_name,mean_reaction_time
1,Abderrahmane Boukhaled,1104.9
1,Basirat Adeyemo,2711.2
1,Charlotte Smith,1189.6
1,David Ekpo,2436.0
1,Emmanuela Odoh,895.0
1,Eno-obong Udofia,1332.5
1,Ethan Toudic,1571.5
1,Gianna Cavacuiti,2313.6
1,James hushon,1665.6
1,Joy Ojeabulu,192.2
1,Lesley Nyonggesa,1412.2
1,Luca Marlowe,1081.8
1,Michael Adewumi,1027.9
1,Mimy Kanza,1708.7
1,Otito,1242.7
1,Rael,205.7
1,Rashida kinattingalakath,1161.7
1,Remy,903.7
1,Rosie Birch,452.5
1,Rufkat Adetola oladipo,2150.2
1,Sally Muinami,809.5
1,Sodiq Salaudeen,1022.0
1,Soumaya,570.5
1,Steve Nolan,1219.1
2,Abderrahmane Boukhaled,802.1
2,Basirat Adeyemo,1638.5
2,Charlotte Smith,2282.6
2,David Ekpo,585.6
2,Emmanuela Odoh,1768.2
2,Eno-obong Udofia,969.8
2,Ethan Toudic,1776.7
2,Gianna Cavacuiti,1987.7
2,James hushon,2562.6
2,Joy Ojeabulu,2195.7
2,Lesley Nyonggesa,1164.7
2,Luca Marlowe,1313.8
2,Michael Adewumi,3228.3
2,Mimy Kanza,2131.4
2,Otito,2788.2
2,Rael,2337.0
2,Rashida kinattingalakath,254.3
2,Remy,779.5
2,Rosie Birch,1977.3
2,Rufkat Adetola oladipo,898.2
2,Sally Muinami,1725.8
2,Sodiq Salaudeen,505.7
2,Soumaya,1196.4
2,Steve Nolan,1582.3
3,Abderrahmane Boukhaled,943.5
3,Basirat Adeyemo,1800.3
3,Charlotte Smith,1173.2
3,David Ekpo,290.5
3,Emmanuela Odoh,822.8
3,Eno-obong Udofia,1317.6
3,Ethan Toudic,1906.5
3,Gianna Cavacuiti,1877.4
3,James hushon,863.9
3,Joy Ojeabulu,494.0
3,Lesley Nyonggesa,1945.6
3,Luca Marlowe,2237.1
3,Michael Adewumi,2376.5
3,Mimy Kanza,628.9
3,Otito,946.1
3,Rael,682.0
3,Rashida kinattingalakath,1921.7
3,Remy,1757.6
3,Rosie Birch,2117.3
3,Rufkat Adetola oladipo,1097.6
3,Sally Muinami,1861.1
3,Sodiq Salaudeen,2905.4
3,Soumaya,1459.7
3,Steve Nolan,1531.1
4,Abderrahmane Boukhaled,1210.0
4,Basirat Adeyemo,1331.4
4,Charlotte Smith,1528.4
4,David Ekpo,537.6
4,Emmanuela Odoh,1758.6
4,Eno-obong Udofia,343.5
4,Ethan Toudic,149.6
4,Gianna Cavacuiti,787.1
4,James hushon,562.2
4,Joy Ojeabulu,617.8
4,Lesley Nyonggesa,512.8
4,Luca Marlowe,993.4
4,Michael Adewumi,2127.1
4,Mimy Kanza,1228.6
4,Otito,2351.5
4,Rael,1777.2
4,Rashida kinattingalakath,2433.6
4,Remy,1657.4
4,Rosie Birch,706.9
4,Rufkat Adetola oladipo,1123.4
4,Sally Muinami,1379.0
4,Sodiq Salaudeen,1598.6
4,Soumaya,3445.4
4,Steve Nolan,1374.3
5,Abderrahmane Boukhaled,1344.8
5,Basirat Adeyemo,3111.5
5,Charlotte Smith,674.0
5,David Ekpo,1023.1
5,Emmanuela Odoh,1616.4
5,Eno-obong Udofia,1547.3
5,Ethan Toudic,1791.3
5,Gianna Cavacuiti,498.3
5,James hushon,2562.1
5,Joy Ojeabulu,1036.2
5,Lesley Nyonggesa,2342.5
5,Luca Marlowe,1495.7
5,Michael Adewumi,1551.6
5,Mimy Kanza,866.8
5,Otito,378.8
5,Rael,1026.2
5,Rashida kinattingalakath,1682.4
5,Remy,1113.9
5,Rosie Birch,1870.5
5,Rufkat Adetola oladipo,385.6
5,Sally Muinami,1118.1
5,Sodiq Salaudeen,596.2
5,Soumaya,714.7
5,Steve Nolan,453.7
6,Abderrahmane Boukhaled,2025.9
6,Basirat Adeyemo,612.4
6,Charlotte Smith,605.0
6,David Ekpo,1807.9
6,Emmanuela Odoh,742.1
6,Eno-obong Udofia,904.9
6,Ethan Toudic,2123.1
6,Gianna Cavacuiti,2782.6
6,James hushon,380.4
6,Joy Ojeabulu,1292.8
6,Lesley Nyonggesa,1656.5
6,Luca Marlowe,722.5
6,Michael Adewumi,400.4
6,Mimy Kanza,2112.7
6,Otito,1527.9
6,Rael,463.1
6,Rashida kinattingalakath,2902.0
6,Remy,369.2
6,Rosie Birch,1176.3
6,Rufkat Adetola oladipo,635.8
6,Sally Muinami,1580.2
6,Sodiq Salaudeen,1482.2
6,Soumaya,1128.3
6,Steve Nolan,2070.0
7,Abderrahmane Boukhaled,530.7
7,Basirat Adeyemo,1310.5
7,Charlotte Smith,1762.6
7,David Ekpo,1028.7
7,Emmanuela Odoh,617.4
7,Eno-obong Udofia,1253.5
7,Ethan Toudic,2309.4
7,Gianna Cavacuiti,1723.2
7,James hushon,1308.1
7,Joy Ojeabulu,997.0
7,Lesley Nyonggesa,1936.8
7,Luca Marlowe,1315.4
7,Michael Adewumi,1829.6
7,Mimy Kanza,252.6
7,Otito,813.8
7,Rael,1177.6
7,Rashida kinattingalakath,784.8
7,Remy,534.2
7,Rosie Birch,1559.5
7,Rufkat Adetola oladipo,1103.6
7,Sally Muinami,290.6
7,Sodiq Salaudeen,1678.3
7,Soumaya,1653.7
7,Steve Nolan,931.6
8,Abderrahmane Boukhaled,1655.7
8,Basirat Adeyemo,742.0
8,Charlotte Smith,243.6
8,David Ekpo,1129.7
8,Emmanuela Odoh,2361.4
8,Eno-obong Udofia,806.7
8,Ethan Toudic,1151.0
8,Gianna Cavacuiti,646.6
8,James hushon,1345.8
8,Joy Ojeabulu,661.5
8,Lesley Nyonggesa,2067.6
8,Luca Marlowe,1779.7
8,Michael Adewumi,1191.6
8,Mimy Kanza,748.4
8,Otito,612.8
8,Rael,864.2
8,Rashida kinattingalakath,973.8
8,Remy,1316.3
8,Rosie Birch,1417.0
8,Rufkat Adetola oladipo,2064.7
8,Sally Muinami,295.9
8,Sodiq Salaudeen,1148.8
8,Soumaya,1421.7
8,Steve Nolan,810.0
9,Abderrahmane Boukhaled,883.9
9,Basirat Adeyemo,590.1
9,Charlotte Smith,2022.6
9,David Ekpo,821.6
9,Emmanuela Odoh,594.7
9,Eno-obong Udofia,375.8
9,Ethan Toudic,1128.4
9,Gianna Cavacuiti,821.9
9,James hushon,3194.1
9,Joy Ojeabulu,1452.0
9,Lesley Nyonggesa,718.3
9,Luca Marlowe,1094.7
9,Michael Adewumi,2323.7
9,Mimy Kanza,1590.2
9,Otito,500.2
9,Rael,2558.0
9,Rashida kinattingalakath,1982.2
9,Remy,578.0
9,Rosie Birch,922.1
9,Rufkat Adetola oladipo,1617.5
9,Sally Muinami,1066.4
9,Sodiq Salaudeen,2628.9
9,Soumaya,676.9
9,Steve Nolan,1632.1
10,Abderrahmane Boukhaled,271.3
10,Basirat Adeyemo,2429.7
10,Charlotte Smith,510.5
10,David Ekpo,2008.9
10,Emmanuela Odoh,1497.2
10,Eno-obong Udofia,1208.2
10,Ethan Toudic,1440.3
10,Gianna Cavacuiti,430.2
10,James hushon,2793.6
10,Joy Ojeabulu,246.7
10,Lesley Nyonggesa,357.1
10,Luca Marlowe,2012.3
10,Michael Adewumi,2599.3
10,Mimy Kanza,1623.6
10,Otito,894.7
10,Rael,1506.2
10,Rashida kinattingalakath,1350.2
10,Remy,2382.8
10,Rosie Birch,1070.9
10,Rufkat Adetola oladipo,1590.7
10,Sally Muinami,847.7
10,Sodiq Salaudeen,1575.0
10,Soumaya,1663.7
10,Steve Nolan,817.4
11,Abderrahmane Boukhaled,1700.6
11,Basirat Adeyemo,1327.4
11,Charlotte Smith,1550.3
11,David Ekpo,1670.1
11,Emmanuela Odoh,2750.7
11,Eno-obong Udofia,2507.7
11,Ethan Toudic,2069.2
11,Gianna Cavacuiti,549.0
11,James hushon,1500.7
11,Joy Ojeabulu,1337.6
11,Lesley Nyonggesa,2370.0
11,Luca Marlowe,917.6
11,Michael Adewumi,1299.3
11,Mimy Kanza,365.2
11,Otito,738.0
11,Rael,2122.9
11,Rashida kinattingalakath,1913.3
11,Remy,997.0
11,Rosie Birch,1084.0
11,Rufkat Adetola oladipo,1416.7
11,Sally Muinami,565.3
11,Sodiq Salaudeen,2426.8
11,Soumaya,955.2
11,Steve Nolan,1589.9
12,Abderrahmane Boukhaled,1327.2
12,Basirat Adeyemo,1602.1
12,Charlotte Smith,896.2
12,David Ekpo,869.5
12,Emmanuela Odoh,2799.5
12,Eno-obong Udofia,1135.0
12,Ethan Toudic,1502.0
12,Gianna Cavacuiti,2117.3
12,James hushon,2403.4
12,Joy Ojeabulu,1621.7
12,Lesley Nyonggesa,1496.5
12,Luca Marlowe,2274.4
12,Michael Adewumi,698.0
12,Mimy Kanza,1080.4
12,Otito,1504.0
12,Rael,1734.8
12,Rashida kinattingalakath,2504.7
12,Remy,533.5
12,Rosie Birch,2684.0
12,Rufkat Adetola oladipo,2050.9
12,Sally Muinami,679.5
12,Sodiq Salaudeen,1603.6
12,Soumaya,996.7
12,Steve Nolan,932.9
13,Abderrahmane Boukhaled,2709.2
13,Basirat Adeyemo,1085.0
13,Charlotte Smith,1497.5
13,David Ekpo,1825.5
13,Emmanuela Odoh,553.7
13,Eno-obong Udofia,402.9
13,Ethan Toudic,332.1
13,Gianna Cavacuiti,1322.8
13,James hushon,1899.2
13,Joy Ojeabulu,1710.9
13,Lesley Nyonggesa,1438.3
13,Luca Marlowe,1469.6
13,Michael Adewumi,658.9
13,Mimy Kanza,834.0
13,Otito,2080.7
13,Rael,1369.2
13,Rashida kinattingalakath,1254.9
13,Remy,595.6
13,Rosie Birch,1763.0
13,Rufkat Adetola oladipo,704.2
13,Sally Muinami,1276.5
13,Sodiq Salaudeen,1174.4
13,Soumaya,1255.2
13,Steve Nolan,403.2
14,Abderrahmane Boukhaled,427.0
14,Basirat Adeyemo,1200.5
14,Charlotte Smith,1423.5
14,David Ekpo,1847.0
14,Emmanuela Odoh,141.2
14,Eno-obong Udofia,780.8
14,Ethan Toudic,2213.4
14,Gianna Cavacuiti,3389.4
14,James hushon,139.6
14,Joy Ojeabulu,1793.6
14,Lesley Nyonggesa,435.0
14,Luca Marlowe,1313.6
14,Michael Adewumi,272.1
14,Mimy Kanza,1648.0
14,Otito,2095.5
14,Rael,1676.4
14,Rashida kinattingalakath,1388.6
14,Remy,1138.2
14,Rosie Birch,691.1
14,Rufkat Adetola oladipo,1054.8
14,Sally Muinami,1415.0
14,Sodiq Salaudeen,1756.1
14,Soumaya,416.2
14,Steve Nolan,443.3
15,Abderrahmane Boukhaled,818.1
15,Basirat Adeyemo,2520.9
15,Charlotte Smith,2614.2
15,David Ekpo,1169.4
15,Emmanuela Odoh,2206.2
15,Eno-obong Udofia,2835.2
15,Ethan Toudic,1946.5
15,Gianna Cavacuiti,1646.5
15,James hushon,1400.9
15,Joy Ojeabulu,964.7
15,Lesley Nyonggesa,1211.3
15,Luca Marlowe,3089.1
15,Michael Adewumi,727.0
15,Mimy Kanza,759.0
15,Otito,1115.2
15,Rael,406.3
15,Rashida kinattingalakath,1052.9
15,Remy,1631.7
15,Rosie Birch,1177.5
15,Rufkat Adetola oladipo,936.8
15,Sally Muinami,1200.9
15,Sodiq Salaudeen,1453.7
15,Soumaya,2862.1
15,Steve Nolan,1085.5
16,Abderrahmane Boukhaled,1497.8
16,Basirat Adeyemo,3497.2
16,Charlotte Smith,274.4
16,David Ekpo,2824.7
16,Emmanuela Odoh,2489.6
16,Eno-obong Udofia,1558.7
16,Ethan Toudic,770.3
16,Gianna Cavacuiti,1754.0
16,James hushon,2056.2
16,Joy Ojeabulu,1691.5
16,Lesley Nyonggesa,1907.2
16,Luca Marlowe,1390.3
16,Michael Adewumi,1249.7
16,Mimy Kanza,524.8
16,Otito,1228.9
16,Rael,349.3
16,Rashida kinattingalakath,1249.4
16,Remy,1484.7
16,Rosie Birch,1698.7
16,Rufkat Adetola oladipo,222.2
16,Sally Muinami,1618.1
16,Sodiq Salaudeen,1878.7
16,Soumaya,647.0
16,Steve Nolan,439.2
17,Abderrahmane Boukhaled,1075.1
17,Basirat Adeyemo,784.8
17,Charlotte Smith,1272.4
17,David Ekpo,1145.2
17,Emmanuela Odoh,1745.9
17,Eno-obong Udofia,1970.9
17,Ethan Toudic,1970.4
17,Gianna Cavacuiti,316.3
17,James hushon,708.9
17,Joy Ojeabulu,1296.2
17,Lesley Nyonggesa,1198.7
17,Luca Marlowe,812.8
17,Michael Adewumi,942.1
17,Mimy Kanza,668.4
17,Otito,1511.4
17,Rael,3595.8
17,Rashida kinattingalakath,2452.8
17,Remy,1204.4
17,Rosie Birch,1040.6
17,Rufkat Adetola oladipo,643.2
17,Sally Muinami,1011.9
17,Sodiq Salaudeen,891.1
17,Soumaya,1452.1
17,Steve Nolan,1276.0
18,Abderrahmane Boukhaled,585.3
18,Basirat Adeyemo,284.7
18,Charlotte Smith,2705.1
18,David Ekpo,1773.6
18,Emmanuela Odoh,401.0
18,Eno-obong Udofia,946.8
18,Ethan Toudic,1164.7
18,Gianna Cavacuiti,597.9
18,James hushon,528.2
18,Joy Ojeabulu,445.6
18,Lesley Nyonggesa,727.2
18,Luca Marlowe,322.9
18,Michael Adewumi,538.0
18,Mimy Kanza,539.8
18,Otito,2165.1
18,Rael,129.2
18,Rashida kinattingalakath,1735.0
18,Remy,587.4
18,Rosie Birch,400.5
18,Rufkat Adetola oladipo,100.0
18,Sally Muinami,650.2
18,Sodiq Salaudeen,992.0
18,Soumaya,988.4
18,Steve Nolan,1020.3
19,Abderrahmane Boukhaled,1995.4
19,Basirat Adeyemo,2843.0
19,Charlotte Smith,1482.4
19,David Ekpo,954.9
19,Emmanuela Odoh,2088.5
19,Eno-obong Udofia,572.2
19,Ethan Toudic,490.8
19,Gianna Cavacuiti,816.0
19,James hushon,1296.4
19,Joy Ojeabulu,452.0
19,Lesley Nyonggesa,619.0
19,Luca Marlowe,1095.7
19,Michael Adewumi,1030.0
19,Mimy Kanza,202.2
19,Otito,1417.3
19,Rael,1531.2
19,Rashida kinattingalakath,744.9
19,Remy,922.9
19,Rosie Birch,678.5
19,Rufkat Adetola oladipo,1881.3
19,Sally Muinami,2572.2
19,Sodiq Salaudeen,1387.2
19,Soumaya,508.4
19,Steve Nolan,1148.6
20,Abderrahmane Boukhaled,2588.3
20,Basirat Adeyemo,1024.2
20,Charlotte Smith,193.3
20,David Ekpo,1040.9
20,Emmanuela Odoh,2010.8
20,Eno-obong Udofia,935.0
20,Ethan Toudic,1149.5
20,Gianna Cavacuiti,979.9
20,James hushon,2364.4
20,Joy Ojeabulu,952.8
20,Lesley Nyonggesa,824.9
20,Luca Marlowe,3091.5
20,Michael Adewumi,2684.7
20,Mimy Kanza,825.8
20,Otito,610.1
20,Rael,2342.6
20,Rashida kinattingalakath,448.4
20,Remy,242.8
20,Rosie Birch,445.8
20,Rufkat Adetola oladipo,1161.1
20,Sally Muinami,1709.9
20,Sodiq Salaudeen,941.2
20,Soumaya,234.8
20,Steve Nolan,1386.8
21,Abderrahmane Boukhaled,1130.5
21,Basirat Adeyemo,1136.2
21,Charlotte Smith,1212.2
21,David Ekpo,1886.7
21,Emmanuela Odoh,775.1
21,Eno-obong Udofia,952.1
21,Ethan Toudic,1342.4
21,Gianna Cavacuiti,1352.2
21,James hushon,1126.3
21,Joy Ojeabulu,2044.0
21,Lesley Nyonggesa,1084.6
21,Luca Marlowe,1552.0
21,Michael Adewumi,1605.9
21,Mimy Kanza,272.1
21,Otito,829.4
21,Rael,189.0
21,Rashida kinattingalakath,1990.0
21,Remy,898.4
21,Rosie Birch,930.9
21,Rufkat Adetola oladipo,986.7
21,Sally Muinami,1340.8
21,Sodiq Salaudeen,2610.6
21,Soumaya,2171.8
21,Steve Nolan,612.2
22,Abderrahmane Boukhaled,772.9
22,Basirat Adeyemo,1398.6
22,Charlotte Smith,679.0
22,David Ekpo,2689.4
22,Emmanuela Odoh,1203.2
22,Eno-obong Udofia,2361.2
22,Ethan Toudic,1312.5
22,Gianna Cavacuiti,768.6
22,James hushon,2617.3
22,Joy Ojeabulu,1322.6
22,Lesley Nyonggesa,409.8
22,Luca Marlowe,647.8
22,Michael Adewumi,1253.9
22,Mimy Kanza,1618.8
22,Otito,2772.0
22,Rael,1384.3
22,Rashida kinattingalakath,1272.7
22,Remy,389.0
22,Rosie Birch,762.2
22,Rufkat Adetola oladipo,1048.6
22,Sally Muinami,1642.3
22,Sodiq Salaudeen,2444.1
22,Soumaya,239.9
22,Steve Nolan,212.7
23,Abderrahmane Boukhaled,463.4
23,Basirat Adeyemo,679.1
23,Charlotte Smith,1136.2
23,David Ekpo,1489.8
23,Emmanuela Odoh,535.5
23,Eno-obong Udofia,563.5
23,Ethan Toudic,1651.3
23,Gianna Cavacuiti,1016.4
23,James hushon,1622.2
23,Joy Ojeabulu,1981.8
23,Lesley Nyonggesa,1328.9
23,Luca Marlowe,1258.5
23,Michael Adewumi,909.4
23,Mimy Kanza,694.8
23,Otito,462.3
23,Rael,412.0
23,Rashida kinattingalakath,857.1
23,Remy,2808.8
23,Rosie Birch,2002.6
23,Rufkat Adetola oladipo,355.5
23,Sally Muinami,714.7
23,Sodiq Salaudeen,2627.5
23,Soumaya,3206.2
23,Steve Nolan,1283.0
24,Abderrahmane Boukhaled,1322.6
24,Basirat Adeyemo,2225.8
24,Charlotte Smith,2627.3
24,David Ekpo,245.1
24,Emmanuela Odoh,1060.5
24,Eno-obong Udofia,3120.6
24,Ethan Toudic,747.1
24,Gianna Cavacuiti,263.6
24,James hushon,1336.3
24,Joy Ojeabulu,1143.0
24,Lesley Nyonggesa,1226.4
24,Luca Marlowe,1622.5
24,Michael Adewumi,2644.3
24,Mimy Kanza,1971.7
24,Otito,1634.9
24,Rael,883.9
24,Rashida kinattingalakath,1540.3
24,Remy,586.3
24,Rosie Birch,1421.1
24,Rufkat Adetola oladipo,488.7
24,Sally Muinami,1108.9
24,Sodiq Salaudeen,1144.1
24,Soumaya,679.2
24,Steve Nolan,1737.1
25,Abderrahmane Boukhaled,1964.4
25,Basirat Adeyemo,1798.6
25,Charlotte Smith,1100.4
25,David Ekpo,3042.3
25,Emmanuela Odoh,543.7
25,Eno-obong Udofia,2043.0
25,Ethan Toudic,1423.3
25,Gianna Cavacuiti,187.2
25,James hushon,1767.5
25,Joy Ojeabulu,1674.3
25,Lesley Nyonggesa,934.6
25,Luca Marlowe,1172.7
25,Michael Adewumi,237.4
25,Mimy Kanza,1388.7
25,Otito,1366.0
25,Rael,2498.7
25,Rashida kinattingalakath,2661.1
25,Remy,1072.6
25,Rosie Birch,1211.8
25,Rufkat Adetola oladipo,1699.3
25,Sally Muinami,988.2
25,Sodiq Salaudeen,1766.7
25,Soumaya,1017.3
25,Steve Nolan,1105.2
26,Abderrahmane Boukhaled,756.9
26,Basirat Adeyemo,570.8
26,Charlotte Smith,1213.9
26,David Ekpo,320.9
26,Emmanuela Odoh,2170.6
26,Eno-obong Udofia,3860.0
26,Ethan Toudic,637.4
26,Gianna Cavacuiti,1389.0
26,James hushon,409.8
26,Joy Ojeabulu,694.8
26,Lesley Nyonggesa,2251.9
26,Luca Marlowe,493.8
26,Michael Adewumi,1191.6
26,Mimy Kanza,1661.7
26,Otito,145.8
26,Rael,319.4
26,Rashida kinattingalakath,1029.6
26,Remy,1373.0
26,Rosie Birch,970.1
26,Rufkat Adetola oladipo,1260.9
26,Sally Muinami,864.1
26,Sodiq Salaudeen,799.4
26,Soumaya,3283.2
26,Steve Nolan,610.2
27,Abderrahmane Boukhaled,2124.8
27,Basirat Adeyemo,1679.8
27,Charlotte Smith,799.4
27,David Ekpo,1768.1
27,Emmanuela Odoh,1313.2
27,Eno-obong Udofia,1458.9
27,Ethan Toudic,1007.0
27,Gianna Cavacuiti,205.3
27,James hushon,402.8
27,Joy Ojeabulu,994.8
27,Lesley Nyonggesa,527.1
27,Luca Marlowe,232.0
27,Michael Adewumi,679.2
27,Mimy Kanza,615.4
27,Otito,2046.3
27,Rael,430.2
27,Rashida kinattingalakath,1381.2
27,Remy,193.9
27,Rosie Birch,1328.4
27,Rufkat Adetola oladipo,1868.9
27,Sally Muinami,1504.2
27,Sodiq Salaudeen,2053.2
27,Soumaya,822.6
27,Steve Nolan,779.6
28,Abderrahmane Boukhaled,1477.9
28,Basirat Adeyemo,1686.8
28,Charlotte Smith,2097.8
28,David Ekpo,785.0
28,Emmanuela Odoh,2705.2
28,Eno-obong Udofia,1821.0
28,Ethan Toudic,1195.7
28,Gianna Cavacuiti,1490.2
28,James hushon,1290.7
28,Joy Ojeabulu,263.4
28,Lesley Nyonggesa,2241.0
28,Luca Marlowe,749.1
28,Michael Adewumi,892.7
28,Mimy Kanza,851.4
28,Otito,379.4
28,Rael,1375.6
28,Rashida kinattingalakath,649.9
28,Remy,820.1
28,Rosie Birch,968.1
28,Rufkat Adetola oladipo,1276.3
28,Sally Muinami,1404.6
28,Sodiq Salaudeen,2376.3
28,Soumaya,1939.3
28,Steve Nolan,724.6
29,Abderrahmane Boukhaled,1166.7
29,Basirat Adeyemo,1903.4
29,Charlotte Smith,1007.7
29,David Ekpo,2191.1
29,Emmanuela Odoh,1699.8
29,Eno-obong Udofia,1373.3
29,Ethan Toudic,1035.8
29,Gianna Cavacuiti,409.0
29,James hushon,1615.1
29,Joy Ojeabulu,4015.2
29,Lesley Nyonggesa,1726.6
29,Luca Marlowe,593.1
29,Michael Adewumi,1528.5
29,Mimy Kanza,2872.8
29,Otito,1619.5
29,Rael,1718.6
29,Rashida kinattingalakath,447.4
29,Remy,1843.2
29,Rosie Birch,1715.4
29,Rufkat Adetola oladipo,381.7
29,Sally Muinami,396.2
29,Sodiq Salaudeen,2077.4
29,Soumaya,1168.8
29,Steve Nolan,615.4
30,Abderrahmane Boukhaled,2341.0
30,Basirat Adeyemo,1945.4
30,Charlotte Smith,1357.5
30,David Ekpo,992.5
30,Emmanuela Odoh,2194.4
30,Eno-obong Udofia,1651.6
30,Ethan Toudic,1448.5
30,Gianna Cavacuiti,3644.5
30,James hushon,1338.7
30,Joy Ojeabulu,2125.3
30,Lesley Nyonggesa,440.0
30,Luca Marlowe,677.3
30,Michael Adewumi,802.4
30,Mimy Kanza,719.6
30,Otito,1260.9
30,Rael,888.6
30,Rashida kinattingalakath,431.6
30,Remy,422.0
30,Rosie Birch,1432.9
30,Rufkat Adetola oladipo,685.2
30,Sally Muinami,1486.1
30,Sodiq Salaudeen,1948.0
30,Soumaya,2134.1
30,Steve Nolan,1176.8
31,Abderrahmane Boukhaled,2745.7
31,Basirat Adeyemo,1058.9
31,Charlotte Smith,746.0
31,David Ekpo,882.2
31,Emmanuela Odoh,1630.8
31,Eno-obong Udofia,224.0
31,Ethan Toudic,2063.6
31,Gianna Cavacuiti,740.8
31,James hushon,1243.9
31,Joy Ojeabulu,1582.8
31,Lesley Nyonggesa,1528.2
31,Luca Marlowe,437.0
31,Michael Adewumi,1044.0
31,Mimy Kanza,1830.1
31,Otito,522.4
31,Rael,1000.8
31,Rashida kinattingalakath,937.0
31,Remy,802.0
31,Rosie Birch,1917.9
31,Rufkat Adetola oladipo,334.8
31,Sally Muinami,2069.4
31,Sodiq Salaudeen,1070.4
31,Soumaya,2836.6
31,Steve Nolan,100.0
32,Abderrahmane Boukhaled,1337.2
32,Basirat Adeyemo,530.0
32,Charlotte Smith,1623.6
32,David Ekpo,623.2
32,Emmanuela Odoh,3469.6
32,Eno-obong Udofia,496.2
32,Ethan Toudic,2542.1
32,Gianna Cavacuiti,3006.8
32,James hushon,657.8
32,Joy Ojeabulu,401.9
32,Lesley Nyonggesa,457.0
32,Luca Marlowe,1876.4
32,Michael Adewumi,3099.2
32,Mimy Kanza,773.7
32,Otito,1310.4
32,Rael,2047.9
32,Rashida kinattingalakath,896.5
32,Remy,808.8
32,Rosie Birch,473.9
32,Rufkat Adetola oladipo,1625.2
32,Sally Muinami,1024.8
32,Sodiq Salaudeen,2328.9
32,Soumaya,1506.2
32,Steve Nolan,1488.8
33,Abderrahmane Boukhaled,759.6
33,Basirat Adeyemo,1749.0
33,Charlotte Smith,1225.4
33,David Ekpo,463.8
33,Emmanuela Odoh,2178.0
33,Eno-obong Udofia,462.1
33,Ethan Toudic,1696.3
33,Gianna Cavacuiti,399.4
33,James hushon,747.7
33,Joy Ojeabulu,1447.4
33,Lesley Nyonggesa,390.4
33,Luca Marlowe,499.8
33,Michael Adewumi,852.8
33,Mimy Kanza,613.4
33,Otito,2294.3
33,Rael,1411.8
33,Rashida kinattingalakath,334.7
33,Remy,586.2
33,Rosie Birch,874.0
33,Rufkat Adetola oladipo,942.0
33,Sally Muinami,2769.3
33,Sodiq Salaudeen,1224.4
33,Soumaya,1065.2
33,Steve Nolan,1316.7
34,Abderrahmane Boukhaled,1422.3
34,Basirat Adeyemo,732.5
34,Charlotte Smith,1096.8
34,David Ekpo,349.4
34,Emmanuela Odoh,1339.9
34,Eno-obong Udofia,810.1
34,Ethan Toudic,1206.7
34,Gianna Cavacuiti,222.3
34,James hushon,1239.6
34,Joy Ojeabulu,626.2
34,Lesley Nyonggesa,466.3
34,Luca Marlowe,494.3
34,Michael Adewumi,1135.2
34,Mimy Kanza,1440.8
34,Otito,816.4
34,Rael,1355.1
34,Rashida kinattingalakath,1490.0
34,Remy,1396.0
34,Rosie Birch,278.4
34,Rufkat Adetola oladipo,1388.7
34,Sally Muinami,1883.6
34,Sodiq Salaudeen,1267.0
34,Soumaya,1648.0
34,Steve Nolan,1258.4
35,Abderrahmane Boukhaled,2040.0
35,Basirat Adeyemo,1209.6
35,Charlotte Smith,1494.5
35,David Ekpo,1483.2
35,Emmanuela Odoh,717.1
35,Eno-obong Udofia,797.3
35,Ethan Toudic,1019.9
35,Gianna Cavacuiti,2311.4
35,James hushon,199.5
35,Joy Ojeabulu,2262.2
35,Lesley Nyonggesa,722.6
35,Luca Marlowe,1808.0
35,Michael Adewumi,1443.1
35,Mimy Kanza,1439.5
35,Otito,2382.8
35,Rael,748.7
35,Rashida kinattingalakath,843.8
35,Remy,2620.5
35,Rosie Birch,558.8
35,Rufkat Adetola oladipo,1726.4
35,Sally Muinami,460.0
35,Sodiq Salaudeen,1221.3
35,Soumaya,203.7
35,Steve Nolan,591.4
36,Abderrahmane Boukhaled,1629.9
36,Basirat Adeyemo,1707.5
36,Charlotte Smith,1099.5
36,David Ekpo,1692.6
36,Emmanuela Odoh,1193.6
36,Eno-obong Udofia,994.8
36,Ethan Toudic,1338.4
36,Gianna Cavacuiti,2458.6
36,James hushon,1627.9
36,Joy Ojeabulu,413.8
36,Lesley Nyonggesa,1911.0
36,Luca Marlowe,2752.4
36,Michael Adewumi,1265.2
36,Mimy Kanza,1079.4
36,Otito,977.4
36,Rael,974.7
36,Rashida kinattingalakath,627.2
36,Remy,1028.7
36,Rosie Birch,2346.7
36,Rufkat Adetola oladipo,1197.0
36,Sally Muinami,1690.6
36,Sodiq Salaudeen,926.1
36,Soumaya,2488.3
36,Steve Nolan,475.9
37,Abderrahmane Boukhaled,856.3
37,Basirat Adeyemo,242.4
37,Charlotte Smith,1197.6
37,David Ekpo,1506.7
37,Emmanuela Odoh,504.0
37,Eno-obong Udofia,1087.1
37,Ethan Toudic,2242.7
37,Gianna Cavacuiti,3144.6
37,James hushon,2692.1
37,Joy Ojeabulu,296.8
37,Lesley Nyonggesa,791.3
37,Luca Marlowe,978.4
37,Michael Adewumi,1088.3
37,Mimy Kanza,622.0
37,Otito,2651.0
37,Rael,1675.3
37,Rashida kinattingalakath,2287.6
37,Remy,1362.5
37,Rosie Birch,500.8
37,Rufkat Adetola oladipo,524.1
37,Sally Muinami,327.8
37,Sodiq Salaudeen,2463.3
37,Soumaya,2542.3
37,Steve Nolan,348.8
38,Abderrahmane Boukhaled,1884.4
38,Basirat Adeyemo,1470.8
38,Charlotte Smith,1493.5
38,David Ekpo,1589.3
38,Emmanuela Odoh,912.3
38,Eno-obong Udofia,1721.8
38,Ethan Toudic,2325.8
38,Gianna Cavacuiti,619.2
38,James hushon,2622.3
38,Joy Ojeabulu,131.6
38,Lesley Nyonggesa,1463.7
38,Luca Marlowe,1201.1
38,Michael Adewumi,711.9
38,Mimy Kanza,512.1
38,Otito,658.7
38,Rael,2384.4
38,Rashida kinattingalakath,875.8
38,Remy,304.6
38,Rosie Birch,1027.7
38,Rufkat Adetola oladipo,628.5
38,Sally Muinami,746.8
38,Sodiq Salaudeen,551.9
38,Soumaya,939.2
38,Steve Nolan,946.5
39,Abderrahmane Boukhaled,2676.7
39,Basirat Adeyemo,1124.8
39,Charlotte Smith,1796.4
39,David Ekpo,1973.6
39,Emmanuela Odoh,1846.6
39,Eno-obong Udofia,392.0
39,Ethan Toudic,1093.4
39,Gianna Cavacuiti,3378.3
39,James hushon,2822.2
39,Joy Ojeabulu,1016.0
39,Lesley Nyonggesa,1269.8
39,Luca Marlowe,522.6
39,Michael Adewumi,1143.9
39,Mimy Kanza,800.0
39,Otito,834.1
39,Rael,1848.1
39,Rashida kinattingalakath,1064.2
39,Remy,1524.9
39,Rosie Birch,980.1
39,Rufkat Adetola oladipo,2268.6
39,Sally Muinami,1189.7
39,Sodiq Salaudeen,1792.3
39,Soumaya,1372.8
39,Steve Nolan,1279.1
40,Abderrahmane Boukhaled,755.0
40,Basirat Adeyemo,2564.7
40,Charlotte Smith,515.2
40,David Ekpo,2118.3
40,Emmanuela Odoh,928.8
40,Eno-obong Udofia,460.0
40,Ethan Toudic,493.4
40,Gianna Cavacuiti,540.6
40,James hushon,1696.5
40,Joy Ojeabulu,1371.9
40,Lesley Nyonggesa,1902.1
40,Luca Marlowe,129.0
40,Michael Adewumi,1513.9
40,Mimy Kanza,574.5
40,Otito,1026.7
40,Rael,1054.8
40,Rashida kinattingalakath,1477.1
40,Remy,1328.6
40,Rosie Birch,2094.3
40,Rufkat Adetola oladipo,1246.6
40,Sally Muinami,664.1
40,Sodiq Salaudeen,1621.2
40,Soumaya,668.0
40,Steve Nolan,1433.4
41,Abderrahmane Boukhaled,1652.6
41,Basirat Adeyemo,930.1
41,Charlotte Smith,1032.0
41,David Ekpo,959.3
41,Emmanuela Odoh,442.8
41,Eno-obong Udofia,2079.1
41,Ethan Toudic,1418.4
41,Gianna Cavacuiti,2289.2
41,James hushon,2912.5
41,Joy Ojeabulu,1281.4
41,Lesley Nyonggesa,1765.7
41,Luca Marlowe,1071.2
41,Michael Adewumi,2113.2
41,Mimy Kanza,1045.5
41,Otito,1948.5
41,Rael,1841.0
41,Rashida kinattingalakath,1594.7
41,Remy,391.6
41,Rosie Birch,2261.7
41,Rufkat Adetola oladipo,1132.6
41,Sally Muinami,1365.1
41,Sodiq Salaudeen,2387.5
41,Soumaya,2275.7
41,Steve Nolan,689.6
42,Abderrahmane Boukhaled,2187.6
42,Basirat Adeyemo,1294.1
42,Charlotte Smith,1416.1
42,David Ekpo,1810.7
42,Emmanuela Odoh,975.8
42,Eno-obong Udofia,668.1
42,Ethan Toudic,1186.0
42,Gianna Cavacuiti,1191.9
42,James hushon,2051.3
42,Joy Ojeabulu,1364.4
42,Lesley Nyonggesa,535.0
42,Luca Marlowe,2124.9
42,Michael Adewumi,2690.3
42,Mimy Kanza,1687.8
42,Otito,1412.8
42,Rael,708.3
42,Rashida kinattingalakath,1149.6
42,Remy,1738.3
42,Rosie Birch,937.0
42,Rufkat Adetola oladipo,965.9
42,Sally Muinami,956.6
42,Sodiq Salaudeen,661.1
42,Soumaya,1278.3
42,Steve Nolan,1736.2
43,Abderrahmane Boukhaled,1343.3
43,Basirat Adeyemo,1254.0
43,Charlotte Smith,405.6
43,David Ekpo,1332.1
43,Emmanuela Odoh,875.4
43,Eno-obong Udofia,1245.6
43,Ethan Toudic,2097.0
43,Gianna Cavacuiti,1115.2
43,James hushon,1605.4
43,Joy Ojeabulu,1237.9
43,Lesley Nyonggesa,2689.0
43,Luca Marlowe,931.0
43,Michael Adewumi,1304.7
43,Mimy Kanza,1048.4
43,Otito,583.3
43,Rael,1738.1
43,Rashida kinattingalakath,1812.2
43,Remy,874.2
43,Rosie Birch,1351.4
43,Rufkat Adetola oladipo,1070.4
43,Sally Muinami,3161.7
43,Sodiq Salaudeen,1997.2
43,Soumaya,1054.2
43,Steve Nolan,1159.5
44,Abderrahmane Boukhaled,1120.4
44,Basirat Adeyemo,2513.7
44,Charlotte Smith,1731.8
44,David Ekpo,2051.4
44,Emmanuela Odoh,295.1
44,Eno-obong Udofia,2276.8
44,Ethan Toudic,1500.6
44,Gianna Cavacuiti,1708.8
44,James hushon,1860.1
44,Joy Ojeabulu,1029.2
44,Lesley Nyonggesa,1629.6
44,Luca Marlowe,1200.9
44,Michael Adewumi,1040.8
44,Mimy Kanza,1216.0
44,Otito,1153.2
44,Rael,1342.7
44,Rashida kinattingalakath,1415.7
44,Remy,676.1
44,Rosie Birch,534.9
44,Rufkat Adetola oladipo,1491.3
44,Sally Muinami,1066.4
44,Sodiq Salaudeen,1585.9
44,Soumaya,947.6
44,Steve Nolan,1052.2
45,Abderrahmane Boukhaled,2819.2
45,Basirat Adeyemo,1941.5
45,Charlotte Smith,1200.2
45,David Ekpo,2306.0
45,Emmanuela Odoh,896.0
45,Eno-obong Udofia,2741.1
45,Ethan Toudic,1066.2
45,Gianna Cavacuiti,752.1
45,James hushon,1298.6
45,Joy Ojeabulu,1230.3
45,Lesley Nyonggesa,958.8
45,Luca Marlowe,1249.6
45,Michael Adewumi,1180.7
45,Mimy Kanza,810.4
45,Otito,972.0
45,Rael,1604.1
45,Rashida kinattingalakath,1669.3
45,Remy,980.6
45,Rosie Birch,2056.5
45,Rufkat Adetola oladipo,1330.8
45,Sally Muinami,2047.9
45,Sodiq Salaudeen,1001.2
45,Soumaya,433.5
45,Steve Nolan,2329.4
46,Abderrahmane Boukhaled,552.0
46,Basirat Adeyemo,2027.0
46,Charlotte Smith,229.3
46,David Ekpo,2015.7
46,Emmanuela Odoh,838.4
46,Eno-obong Udofia,1185.2
46,Ethan Toudic,2016.4
46,Gianna Cavacuiti,190.6
46,James hushon,2446.4
46,Joy Ojeabulu,1590.5
46,Lesley Nyonggesa,220.7
46,Luca Marlowe,1331.6
46,Michael Adewumi,1272.8
46,Mimy Kanza,1189.5
46,Otito,1776.8
46,Rael,1567.9
46,Rashida kinattingalakath,547.0
46,Remy,272.5
46,Rosie Birch,2419.4
46,Rufkat Adetola oladipo,2390.6
46,Sally Muinami,1102.1
46,Sodiq Salaudeen,1542.8
46,Soumaya,1152.1
46,Steve Nolan,299.4
47,Abderrahmane Boukhaled,1539.8
47,Basirat Adeyemo,1049.3
47,Charlotte Smith,414.4
47,David Ekpo,877.7
47,Emmanuela Odoh,2174.8
47,Eno-obong Udofia,2111.9
47,Ethan Toudic,2023.6
47,Gianna Cavacuiti,298.2
47,James hushon,3083.6
47,Joy Ojeabulu,1623.4
47,Lesley Nyonggesa,1938.8
47,Luca Marlowe,376.9
47,Michael Adewumi,444.9
47,Mimy Kanza,1395.1
47,Otito,593.4
47,Rael,293.6
47,Rashida kinattingalakath,613.6
47,Remy,3070.0
47,Rosie Birch,1936.9
47,Rufkat Adetola oladipo,1240.6
47,Sally Muinami,1766.7
47,Sodiq Salaudeen,763.9
47,Soumaya,363.2
47,Steve Nolan,2721.8
48,Abderrahmane Boukhaled,1987.1
48,Basirat Adeyemo,618.2
48,Charlotte Smith,425.8
48,David Ekpo,128.7
48,Emmanuela Odoh,1744.2
48,Eno-obong Udofia,414.1
48,Ethan Toudic,1582.9
48,Gianna Cavacuiti,1860.9
48,James hushon,1012.7
48,Joy Ojeabulu,1290.9
48,Lesley Nyonggesa,1012.9
48,Luca Marlowe,1228.1
48,Michael Adewumi,1452.0
48,Mimy Kanza,1760.2
48,Otito,918.0
48,Rael,652.0
48,Rashida kinattingalakath,742.7
48,Remy,993.8
48,Rosie Birch,1217.0
48,Rufkat Adetola oladipo,772.6
48,Sally Muinami,172.4
48,Sodiq Salaudeen,1414.6
48,Soumaya,1975.3
48,Steve Nolan,204.8
49,Abderrahmane Boukhaled,594.0
49,Basirat Adeyemo,1861.5
49,Charlotte Smith,672.6
49,David Ekpo,2093.7
49,Emmanuela Odoh,1574.4
49,Eno-obong Udofia,871.0
49,Ethan Toudic,1155.5
49,Gianna Cavacuiti,425.4
49,James hushon,921.4
49,Joy Ojeabulu,511.2
49,Lesley Nyonggesa,842.1
49,Luca Marlowe,1063.4
49,Michael Adewumi,1255.7
49,Mimy Kanza,1022.6
49,Otito,976.4
49,Rael,1751.5
49,Rashida kinattingalakath,1372.9
49,Remy,1216.3
49,Rosie Birch,1546.7
49,Rufkat Adetola oladipo,1013.9
49,Sally Muinami,1755.5
49,Sodiq Salaudeen,508.7
49,Soumaya,1085.0
49,Steve Nolan,1648.6
50,Abderrahmane Boukhaled,1185.2
50,Basirat Adeyemo,1484.5
50,Charlotte Smith,1099.8
50,David Ekpo,895.6
50,Emmanuela Odoh,1808.0
50,Eno-obong Udofia,1424.6
50,Ethan Toudic,666.5
50,Gianna Cavacuiti,2042.6
50,James hushon,1312.2
50,Joy Ojeabulu,433.5
50,Lesley Nyonggesa,2024.9
50,Luca Marlowe,1200.3
50,Michael Adewumi,1184.2
50,Mimy Kanza,3258.7
50,Otito,543.6
50,Rael,230.0
50,Rashida kinattingalakath,613.0
50,Remy,761.6
50,Rosie Birch,508.6
50,Rufkat Adetola oladipo,707.5
50,Sally Muinami,438.0
50,Sodiq Salaudeen,804.4
50,Soumaya,1944.3
50,Steve Nolan,1287.6
51,Abderrahmane Boukhaled,1762.5
51,Basirat Adeyemo,551.8
51,Charlotte Smith,153.1
51,David Ekpo,402.7
51,Emmanuela Odoh,628.7
51,Eno-obong Udofia,2641.1
51,Ethan Toudic,518.6
51,Gianna Cavacuiti,1668.8
51,James hushon,414.4
51,Joy Ojeabulu,484.6
51,Lesley Nyonggesa,2260.2
51,Luca Marlowe,1323.0
51,Michael Adewumi,1141.4
51,Mimy Kanza,1039.9
51,Otito,446.7
51,Rael,1239.3
51,Rashida kinattingalakath,2058.4
51,Remy,1047.8
51,Rosie Birch,198.8
51,Rufkat Adetola oladipo,1043.2
51,Sally Muinami,1715.6
51,Sodiq Salaudeen,151.1
51,Soumaya,1655.7
51,Steve Nolan,1113.1
52,Abderrahmane Boukhaled,1394.1
52,Basirat Adeyemo,885.6
52,Charlotte Smith,606.8
52,David Ekpo,2717.6
52,Emmanuela Odoh,1005.2
52,Eno-obong Udofia,1927.2
52,Ethan Toudic,1708.0
52,Gianna Cavacuiti,1981.2
52,James hushon,1272.7
52,Joy Ojeabulu,2743.2
52,Lesley Nyonggesa,147.4
52,Luca Marlowe,103.7
52,Michael Adewumi,100.0
52,Mimy Kanza,1239.4
52,Otito,962.5
52,Rael,236.2
52,Rashida kinattingalakath,788.0
52,Remy,1958.2
52,Rosie Birch,1205.4
52,Rufkat Adetola oladipo,1765.6
52,Sally Muinami,1962.8
52,Sodiq Salaudeen,1785.9
52,Soumaya,595.2
52,Steve Nolan,2366.1
53,Abderrahmane Boukhaled,2803.2
53,Basirat Adeyemo,959.4
53,Charlotte Smith,2067.9
53,David Ekpo,791.3
53,Emmanuela Odoh,248.3
53,Eno-obong Udofia,501.7
53,Ethan Toudic,243.0
53,Gianna Cavacuiti,1169.4
53,James hushon,1967.9
53,Joy Ojeabulu,1220.4
53,Lesley Nyonggesa,965.6
53,Luca Marlowe,1336.5
53,Michael Adewumi,1425.4
53,Mimy Kanza,1348.0
53,Otito,1339.4
53,Rael,1776.0
53,Rashida kinattingalakath,1310.1
53,Remy,1152.6
53,Rosie Birch,1653.6
53,Rufkat Adetola oladipo,2149.8
53,Sally Muinami,898.2
53,Sodiq Salaudeen,643.8
53,Soumaya,1484.2
53,Steve Nolan,1264.0
54,Abderrahmane Boukhaled,578.0
54,Basirat Adeyemo,2784.9
54,Charlotte Smith,1075.0
54,David Ekpo,1755.8
54,Emmanuela Odoh,961.3
54,Eno-obong Udofia,446.4
54,Ethan Toudic,453.7
54,Gianna Cavacuiti,724.2
54,James hushon,1632.9
54,Joy Ojeabulu,2093.1
54,Lesley Nyonggesa,1832.5
54,Luca Marlowe,545.3
54,Michael Adewumi,1752.0
54,Mimy Kanza,1291.9
54,Otito,929.1
54,Rael,1087.2
54,Rashida kinattingalakath,1193.9
54,Remy,679.1
54,Rosie Birch,2127.2
54,Rufkat Adetola oladipo,1177.5
54,Sally Muinami,881.1
54,Sodiq Salaudeen,559.5
54,Soumaya,1255.1
54,Steve Nolan,929.8
55,Abderrahmane Boukhaled,1049.5
55,Basirat Adeyemo,645.7
55,Charlotte Smith,2181.6
55,David Ekpo,1552.5
55,Emmanuela Odoh,235.6
55,Eno-obong Udofia,1643.8
55,Ethan Toudic,979.4
55,Gianna Cavacuiti,1086.0
55,James hushon,214.0
55,Joy Ojeabulu,653.2
55,Lesley Nyonggesa,614.2
55,Luca Marlowe,1914.5
55,Michael Adewumi,1273.0
55,Mimy Kanza,981.0
55,Otito,875.1
55,Rael,1809.5
55,Rashida kinattingalakath,586.8
55,Remy,633.9
55,Rosie Birch,1440.9
55,Rufkat Adetola oladipo,2070.6
55,Sally Muinami,1445.2
55,Sodiq Salaudeen,604.9
55,Soumaya,1478.2
55,Steve Nolan,531.2
56,Abderrahmane Boukhaled,1516.3
56,Basirat Adeyemo,974.7
56,Charlotte Smith,854.3
56,David Ekpo,1505.2
56,Emmanuela Odoh,1734.2
56,Eno-obong Udofia,2343.5
56,Ethan Toudic,817.4
56,Gianna Cavacuiti,1438.2
56,James hushon,2072.4
56,Joy Ojeabulu,2205.1
56,Lesley Nyonggesa,785.0
56,Luca Marlowe,547.5
56,Michael Adewumi,361.4
56,Mimy Kanza,728.5
56,Otito,1763.0
56,Rael,1917.0
56,Rashida kinattingalakath,1012.3
56,Remy,1354.4
56,Rosie Birch,1274.6
56,Rufkat Adetola oladipo,365.6
56,Sally Muinami,1467.9
56,Sodiq Salaudeen,1002.8
56,Soumaya,2008.8
56,Steve Nolan,3159.0
57,Abderrahmane Boukhaled,2321.9
57,Basirat Adeyemo,1255.1
57,Charlotte Smith,1162.6
57,David Ekpo,581.2
57,Emmanuela Odoh,1486.6
57,Eno-obong Udofia,684.4
57,Ethan Toudic,813.7
57,Gianna Cavacuiti,1073.9
57,James hushon,2294.7
57,Joy Ojeabulu,906.7
57,Lesley Nyonggesa,860.0
57,Luca Marlowe,1778.9
57,Michael Adewumi,1029.1
57,Mimy Kanza,636.5
57,Otito,405.5
57,Rael,1511.3
57,Rashida kinattingalakath,1290.4
57,Remy,471.2
57,Rosie Birch,1156.4
57,Rufkat Adetola oladipo,1117.6
57,Sally Muinami,206.8
57,Sodiq Salaudeen,2305.2
57,Soumaya,1587.0
57,Steve Nolan,1413.6
58,Abderrahmane Boukhaled,2163.4
58,Basirat Adeyemo,970.7
58,Charlotte Smith,1763.5
58,David Ekpo,950.5
58,Emmanuela Odoh,2321.3
58,Eno-obong Udofia,495.4
58,Ethan Toudic,2638.4
58,Gianna Cavacuiti,1488.8
58,James hushon,1814.4
58,Joy Ojeabulu,984.4
58,Lesley Nyonggesa,1817.1
58,Luca Marlowe,741.9
58,Michael Adewumi,2144.5
58,Mimy Kanza,1218.3
58,Otito,2273.2
58,Rael,1220.8
58,Rashida kinattingalakath,964.5
58,Remy,573.1
58,Rosie Birch,2113.9
58,Rufkat Adetola oladipo,2457.5
58,Sally Muinami,714.6
58,Sodiq Salaudeen,2541.0
58,Soumaya,1346.3
58,Steve Nolan,1531.0
59,Abderrahmane Boukhaled,1397.8
59,Basirat Adeyemo,816.8
59,Charlotte Smith,1200.4
59,David Ekpo,1960.8
59,Emmanuela Odoh,1450.2
59,Eno-obong Udofia,1219.6
59,Ethan Toudic,2181.0
59,Gianna Cavacuiti,542.8
59,James hushon,1048.2
59,Joy Ojeabulu,770.4
59,Lesley Nyonggesa,2061.3
59,Luca Marlowe,1360.8
59,Michael Adewumi,955.6
59,Mimy Kanza,2681.6
59,Otito,503.3
59,Rael,582.3
59,Rashida kinattingalakath,1180.8
59,Remy,1922.5
59,Rosie Birch,662.4
59,Rufkat Adetola oladipo,975.5
59,Sally Muinami,350.7
59,Sodiq Salaudeen,1036.0
59,Soumaya,1678.7
59,Steve Nolan,1891.7
60,Abderrahmane Boukhaled,1198.6
60,Basirat Adeyemo,2315.4
60,Charlotte Smith,1569.3
60,David Ekpo,361.6
60,Emmanuela Odoh,1284.9
60,Eno-obong Udofia,216.3
60,Ethan Toudic,1257.9
60,Gianna Cavacuiti,1002.9
60,James hushon,2337.3
60,Joy Ojeabulu,1021.3
60,Lesley Nyonggesa,2593.1
60,Luca Marlowe,1788.0
60,Michael Adewumi,899.1
60,Mimy Kanza,1485.5
60,Otito,2275.6
60,Rael,1236.0
60,Rashida kinattingalakath,209.0
60,Remy,1910.9
60,Rosie Birch,1070.4
60,Rufkat Adetola oladipo,1631.7
60,Sally Muinami,1385.6
60,Sodiq Salaudeen,2312.9
60,Soumaya,2047.2
60,Steve Nolan,1864.7
61,Abderrahmane Boukhaled,497.4
61,Basirat Adeyemo,1465.5
61,Charlotte Smith,622.8
61,David Ekpo,1674.1
61,Emmanuela Odoh,1386.4
61,Eno-obong Udofia,1168.2
61,Ethan Toudic,1002.5
61,Gianna Cavacuiti,742.0
61,James hushon,495.4
61,Joy Ojeabulu,297.6
61,Lesley Nyonggesa,796.5
61,Luca Marlowe,1435.7
61,Michael Adewumi,515.8
61,Mimy Kanza,325.5
61,Otito,433.9
61,Rael,1055.6
61,Rashida kinattingalakath,559.8
61,Remy,339.7
61,Rosie Birch,834.2
61,Rufkat Adetola oladipo,1174.9
61,Sally Muinami,828.1
61,Sodiq Salaudeen,337.9
61,Soumaya,1054.6
61,Steve Nolan,1156.6
62,Abderrahmane Boukhaled,1976.6
62,Basirat Adeyemo,175.2
62,Charlotte Smith,1639.2
62,David Ekpo,970.3
62,Emmanuela Odoh,201.0
62,Eno-obong Udofia,1010.5
62,Ethan Toudic,860.4
62,Gianna Cavacuiti,1135.6
62,James hushon,2516.9
62,Joy Ojeabulu,2432.3
62,Lesley Nyonggesa,2874.0
62,Luca Marlowe,1658.8
62,Michael Adewumi,2286.4
62,Mimy Kanza,1549.6
62,Otito,1283.7
62,Rael,729.0
62,Rashida kinattingalakath,1377.8
62,Remy,379.2
62,Rosie Birch,967.8
62,Rufkat Adetola oladipo,872.3
62,Sally Muinami,1958.1
62,Sodiq Salaudeen,258.0
62,Soumaya,1237.7
62,Steve Nolan,1789.2
63,Abderrahmane Boukhaled,529.0
63,Basirat Adeyemo,1507.6
63,Charlotte Smith,209.1
63,David Ekpo,627.3
63,Emmanuela Odoh,593.9
63,Eno-obong Udofia,1377.4
63,Ethan Toudic,644.2
63,Gianna Cavacuiti,1179.6
63,James hushon,2332.4
63,Joy Ojeabulu,971.4
63,Lesley Nyonggesa,846.4
63,Luca Marlowe,1311.4
63,Michael Adewumi,667.5
63,Mimy Kanza,1079.2
63,Otito,1896.2
63,Rael,310.4
63,Rashida kinattingalakath,466.4
63,Remy,1779.2
63,Rosie Birch,1913.2
63,Rufkat Adetola oladipo,1241.5
63,Sally Muinami,859.6
63,Sodiq Salaudeen,1401.9
63,Soumaya,431.6
63,Steve Nolan,342.2
64,Abderrahmane Boukhaled,737.1
64,Basirat Adeyemo,1238.4
64,Charlotte Smith,533.6
64,David Ekpo,1281.2
64,Emmanuela Odoh,2598.4
64,Eno-obong Udofia,2102.2
64,Ethan Toudic,797.4
64,Gianna Cavacuiti,361.4
64,James hushon,2026.1
64,Joy Ojeabulu,785.1
64,Lesley Nyonggesa,1171.3
64,Luca Marlowe,1081.3
64,Michael Adewumi,112.9
64,Mimy Kanza,1071.3
64,Otito,1124.5
64,Rael,606.4
64,Rashida kinattingalakath,485.6
64,Remy,917.0
64,Rosie Birch,1561.0
64,Rufkat Adetola oladipo,842.6
64,Sally Muinami,300.3
64,Sodiq Salaudeen,1642.3
64,Soumaya,2622.5
64,Steve Nolan,602.0
65,Abderrahmane Boukhaled,1881.8
65,Basirat Adeyemo,1066.6
65,Charlotte Smith,1427.4
65,David Ekpo,1051.2
65,Emmanuela Odoh,770.6
65,Eno-obong Udofia,677.3
65,Ethan Toudic,1964.6
65,Gianna Cavacuiti,918.0
65,James hushon,425.7
65,Joy Ojeabulu,247.2
65,Lesley Nyonggesa,1395.8
65,Luca Marlowe,776.0
65,Michael Adewumi,1005.1
65,Mimy Kanza,1489.7
65,Otito,983.3
65,Rael,606.3
65,Rashida kinattingalakath,292.4
65,Remy,1378.5
65,Rosie Birch,657.9
65,Rufkat Adetola oladipo,999.4
65,Sally Muinami,1907.7
65,Sodiq Salaudeen,131.3
65,Soumaya,1520.9
65,Steve Nolan,1010.0
66,Abderrahmane Boukhaled,498.4
66,Basirat Adeyemo,838.5
66,Charlotte Smith,1059.4
66,David Ekpo,1100.2
66,Emmanuela Odoh,3341.8
66,Eno-obong Udofia,1308.2
66,Ethan Toudic,1806.9
66,Gianna Cavacuiti,2415.2
66,James hushon,1211.3
66,Joy Ojeabulu,2371.0
66,Lesley Nyonggesa,1369.6
66,Luca Marlowe,1236.3
66,Michael Adewumi,1030.7
66,Mimy Kanza,2080.5
66,Otito,639.5
66,Rael,981.1
66,Rashida kinattingalakath,560.5
66,Remy,1457.4
66,Rosie Birch,693.5
66,Rufkat Adetola oladipo,940.8
66,Sally Muinami,1471.1
66,Sodiq Salaudeen,1160.7
66,Soumaya,1759.9
66,Steve Nolan,1386.4
67,Abderrahmane Boukhaled,2653.8
67,Basirat Adeyemo,1781.8
67,Charlotte Smith,1244.5
67,David Ekpo,1519.3
67,Emmanuela Odoh,1729.4
67,Eno-obong Udofia,626.0
67,Ethan Toudic,791.3
67,Gianna Cavacuiti,1032.2
67,James hushon,539.2
67,Joy Ojeabulu,1559.1
67,Lesley Nyonggesa,1133.8
67,Luca Marlowe,1418.4
67,Michael Adewumi,1662.8
67,Mimy Kanza,1473.9
67,Otito,1192.1
67,Rael,933.2
67,Rashida kinattingalakath,1539.7
67,Remy,1184.6
67,Rosie Birch,1411.2
67,Rufkat Adetola oladipo,1881.5
67,Sally Muinami,805.3
67,Sodiq Salaudeen,909.3
67,Soumaya,1104.8
67,Steve Nolan,1743.9
68,Abderrahmane Boukhaled,377.3
68,Basirat Adeyemo,711.7
68,Charlotte Smith,209.3
68,David Ekpo,1546.3
68,Emmanuela Odoh,1034.6
68,Eno-obong Udofia,301.1
68,Ethan Toudic,1749.6
68,Gianna Cavacuiti,154.2
68,James hushon,1950.7
68,Joy Ojeabulu,707.7
68,Lesley Nyonggesa,2375.9
68,Luca Marlowe,695.5
68,Michael Adewumi,1136.0
68,Mimy Kanza,152.7
68,Otito,1941.4
68,Rael,2247.8
68,Rashida kinattingalakath,2045.5
68,Remy,1050.8
68,Rosie Birch,838.4
68,Rufkat Adetola oladipo,1839.8
68,Sally Muinami,1508.9
68,Sodiq Salaudeen,1935.9
68,Soumaya,1427.5
68,Steve Nolan,1798.4
69,Abderrahmane Boukhaled,382.7
69,Basirat Adeyemo,2424.1
69,Charlotte Smith,1212.8
69,David Ekpo,1119.8
69,Emmanuela Odoh,1166.7
69,Eno-obong Udofia,1688.2
69,Ethan Toudic,1624.8
69,Gianna Cavacuiti,1698.2
69,James hushon,1983.6
69,Joy Ojeabulu,2034.9
69,Lesley Nyonggesa,1293.8
69,Luca Marlowe,2333.2
69,Michael Adewumi,400.5
69,Mimy Kanza,454.4
69,Otito,1041.7
69,Rael,578.0
69,Rashida kinattingalakath,450.2
69,Remy,559.5
69,Rosie Birch,604.3
69,Rufkat Adetola oladipo,1714.8
69,Sally Muinami,1656.2
69,Sodiq Salaudeen,414.6
69,Soumaya,1213.4
69,Steve Nolan,319.1
70,Abderrahmane Boukhaled,969.6
70,Basirat Adeyemo,1330.8
70,Charlotte Smith,767.8
70,David Ekpo,312.6
70,Emmanuela Odoh,364.4
70,Eno-obong Udofia,920.3
70,Ethan Toudic,183.9
70,Gianna Cavacuiti,531.5
70,James hushon,662.2
70,Joy Ojeabulu,1893.9
70,Lesley Nyonggesa,947.2
70,Luca Marlowe,1397.8
70,Michael Adewumi,2243.7
70,Mimy Kanza,1473.5
70,Otito,504.0
70,Rael,1228.4
70,Rashida kinattingalakath,440.3
70,Remy,985.0
70,Rosie Birch,1151.5
70,Rufkat Adetola oladipo,812.6
70,Sally Muinami,2377.9
70,Sodiq Salaudeen,1949.5
70,Soumaya,2055.1
70,Steve Nolan,962.6
71,Abderrahmane Boukhaled,100.0
71,Basirat Adeyemo,903.1
71,Charlotte Smith,1544.7
71,David Ekpo,1241.2
71,Emmanuela Odoh,1566.9
71,Eno-obong Udofia,1087.5
71,Ethan Toudic,1476.5
71,Gianna Cavacuiti,666.0
71,James hushon,1460.5
71,Joy Ojeabulu,1543.0
71,Lesley Nyonggesa,1210.4
71,Luca Marlowe,1230.9
71,Michael Adewumi,201.6
71,Mimy Kanza,1121.0
71,Otito,1285.7
71,Rael,1510.5
71,Rashida kinattingalakath,1250.9
71,Remy,1849.4
71,Rosie Birch,649.0
71,Rufkat Adetola oladipo,2086.0
71,Sally Muinami,1064.6
71,Sodiq Salaudeen,1735.2
71,Soumaya,2839.7
71,Steve Nolan,2348.5
72,Abderrahmane Boukhaled,460.5
72,Basirat Adeyemo,840.3
72,Charlotte Smith,1110.4
72,David Ekpo,1254.7
72,Emmanuela Odoh,2318.0
72,Eno-obong Udofia,229.8
72,Ethan Toudic,322.6
72,Gianna Cavacuiti,469.2
72,James hushon,1154.9
72,Joy Ojeabulu,1259.1
72,Lesley Nyonggesa,2868.8
72,Luca Marlowe,2091.1
72,Michael Adewumi,1475.6
72,Mimy Kanza,668.8
72,Otito,1218.8
72,Rael,2240.0
72,Rashida kinattingalakath,2557.2
72,Remy,1052.0
72,Rosie Birch,990.9
72,Rufkat Adetola oladipo,1115.7
72,Sally Muinami,1925.8
72,Sodiq Salaudeen,2543.3
72,Soumaya,1954.6
72,Steve Nolan,1781.4
73,Abderrahmane Boukhaled,677.4
73,Basirat Adeyemo,2084.1
73,Charlotte Smith,1175.7
73,David Ekpo,1722.5
73,Emmanuela Odoh,1712.9
73,Eno-obong Udofia,2186.8
73,Ethan Toudic,1620.0
73,Gianna Cavacuiti,1140.7
73,James hushon,1702.9
73,Joy Ojeabulu,416.7
73,Lesley Nyonggesa,1843.2
73,Luca Marlowe,1683.2
73,Michael Adewumi,872.9
73,Mimy Kanza,348.1
73,Otito,1337.3
73,Rael,903.8
73,Rashida kinattingalakath,636.1
73,Remy,2270.7
73,Rosie Birch,979.2
73,Rufkat Adetola oladipo,903.9
73,Sally Muinami,1897.8
73,Sodiq Salaudeen,510.9
73,Soumaya,1346.8
73,Steve Nolan,2047.6
74,Abderrahmane Boukhaled,335.1
74,Basirat Adeyemo,860.1
74,Charlotte Smith,717.0
74,David Ekpo,1784.5
74,Emmanuela Odoh,1470.3
74,Eno-obong Udofia,1689.8
74,Ethan Toudic,2234.6
74,Gianna Cavacuiti,730.1
74,James hushon,893.2
74,Joy Ojeabulu,1040.5
74,Lesley Nyonggesa,1379.0
74,Luca Marlowe,686.2
74,Michael Adewumi,406.4
74,Mimy Kanza,799.1
74,Otito,603.4
74,Rael,1764.3
74,Rashida kinattingalakath,1120.7
74,Remy,1120.9
74,Rosie Birch,318.5
74,Rufkat Adetola oladipo,712.7
74,Sally Muinami,415.1
74,Sodiq Salaudeen,468.7
74,Soumaya,1630.4
74,Steve Nolan,1906.1
75,Abderrahmane Boukhaled,2149.0
75,Basirat Adeyemo,1004.2
75,Charlotte Smith,913.4
75,David Ekpo,1186.1
75,Emmanuela Odoh,3014.8
75,Eno-obong Udofia,3400.6
75,Ethan Toudic,2587.4
75,Gianna Cavacuiti,669.4
75,James hushon,362.1
75,Joy Ojeabulu,1879.8
75,Lesley Nyonggesa,1208.9
75,Luca Marlowe,273.7
75,Michael Adewumi,1287.1
75,Mimy Kanza,1821.1
75,Otito,1859.4
75,Rael,1734.0
75,Rashida kinattingalakath,1153.7
75,Remy,826.0
75,Rosie Birch,1041.8
75,Rufkat Adetola oladipo,730.1
75,Sally Muinami,1393.5
75,Sodiq Salaudeen,1649.6
75,Soumaya,1668.4
75,Steve Nolan,1770.9
76,Abderrahmane Boukhaled,1553.9
76,Basirat Adeyemo,1697.3
76,Charlotte Smith,181.5
76,David Ekpo,1528.8
76,Emmanuela Odoh,1295.4
76,Eno-obong Udofia,1350.5
76,Ethan Toudic,2115.9
76,Gianna Cavacuiti,450.8
76,James hushon,936.6
76,Joy Ojeabulu,1557.9
76,Lesley Nyonggesa,1351.9
76,Luca Marlowe,1414.0
76,Michael Adewumi,785.9
76,Mimy Kanza,4543.4
76,Otito,175.8
76,Rael,1203.6
76,Rashida kinattingalakath,1754.0
76,Remy,1126.8
76,Rosie Birch,567.0
76,Rufkat Adetola oladipo,2412.0
76,Sally Muinami,1230.0
76,Sodiq Salaudeen,820.2
76,Soumaya,2467.4
76,Steve Nolan,758.6
77,Abderrahmane Boukhaled,1161.8
77,Basirat Adeyemo,476.3
77,Charlotte Smith,1873.6
77,David Ekpo,1940.5
77,Emmanuela Odoh,425.9
77,Eno-obong Udofia,1183.5
77,Ethan Toudic,698.9
77,Gianna Cavacuiti,279.6
77,James hushon,2404.4
77,Joy Ojeabulu,277.2
77,Lesley Nyonggesa,526.5
77,Luca Marlowe,633.4
77,Michael Adewumi,382.7
77,Mimy Kanza,1299.2
77,Otito,245.8
77,Rael,1084.0
77,Rashida kinattingalakath,275.7
77,Remy,1684.0
77,Rosie Birch,262.4
77,Rufkat Adetola oladipo,639.3
77,Sally Muinami,1204.0
77,Sodiq Salaudeen,1869.2
77,Soumaya,612.9
77,Steve Nolan,1951.4
78,Abderrahmane Boukhaled,959.7
78,Basirat Adeyemo,270.8
78,Charlotte Smith,2399.8
78,David Ekpo,2113.9
78,Emmanuela Odoh,771.6
78,Eno-obong Udofia,709.6
78,Ethan Toudic,2457.6
78,Gianna Cavacuiti,398.1
78,James hushon,214.9
78,Joy Ojeabulu,1088.1
78,Lesley Nyonggesa,1750.5
78,Luca Marlowe,765.2
78,Michael Adewumi,997.4
78,Mimy Kanza,987.0
78,Otito,1938.2
78,Rael,762.5
78,Rashida kinattingalakath,1278.5
78,Remy,1924.7
78,Rosie Birch,1299.4
78,Rufkat Adetola oladipo,100.0
78,Sally Muinami,965.5
78,Sodiq Salaudeen,594.0
78,Soumaya,627.5
78,Steve Nolan,1784.6
79,Abderrahmane Boukhaled,2113.7
79,Basirat Adeyemo,1145.0
79,Charlotte Smith,3052.8
79,David Ekpo,1393.0
79,Emmanuela Odoh,1623.8
79,Eno-obong Udofia,705.3
79,Ethan Toudic,312.7
79,Gianna Cavacuiti,2161.1
79,James hushon,1283.2
79,Joy Ojeabulu,655.5
79,Lesley Nyonggesa,524.8
79,Luca Marlowe,3179.5
79,Michael Adewumi,1442.3
79,Mimy Kanza,2224.2
79,Otito,2173.7
79,Rael,661.6
79,Rashida kinattingalakath,1692.9
79,Remy,2010.8
79,Rosie Birch,713.1
79,Rufkat Adetola oladipo,491.6
79,Sally Muinami,1063.7
79,Sodiq Salaudeen,2072.6
79,Soumaya,1458.8
79,Steve Nolan,316.5
80,Abderrahmane Boukhaled,1610.1
80,Basirat Adeyemo,2147.5
80,Charlotte Smith,2268.5
80,David Ekpo,1013.1
80,Emmanuela Odoh,1187.0
80,Eno-obong Udofia,1043.5
80,Ethan Toudic,607.2
80,Gianna Cavacuiti,516.4
80,James hushon,2867.0
80,Joy Ojeabulu,868.2
80,Lesley Nyonggesa,1974.3
80,Luca Marlowe,1246.1
80,Michael Adewumi,1839.8
80,Mimy Kanza,1141.4
80,Otito,955.2
80,Rael,1798.7
80,Rashida kinattingalakath,1558.7
80,Remy,1607.3
80,Rosie Birch,776.3
80,Rufkat Adetola oladipo,1605.5
80,Sally Muinami,179.4
80,Sodiq Salaudeen,826.6
80,Soumaya,454.1
80,Steve Nolan,1391.1
81,Abderrahmane Boukhaled,2442.9
81,Basirat Adeyemo,924.3
81,Charlotte Smith,1045.3
81,David Ekpo,462.1
81,Emmanuela Odoh,1107.0
81,Eno-obong Udofia,1373.1
81,Ethan Toudic,1844.8
81,Gianna Cavacuiti,1462.8
81,James hushon,1860.3
81,Joy Ojeabulu,1514.9
81,Lesley Nyonggesa,1241.6
81,Luca Marlowe,1521.2
81,Michael Adewumi,486.8
81,Mimy Kanza,1332.2
81,Otito,877.4
81,Rael,2556.8
81,Rashida kinattingalakath,1394.1
81,Remy,578.7
81,Rosie Birch,971.2
81,Rufkat Adetola oladipo,1490.0
81,Sally Muinami,559.6
81,Sodiq Salaudeen,1631.4
81,Soumaya,1176.2
81,Steve Nolan,260.1
82,Abderrahmane Boukhaled,567.4
82,Basirat Adeyemo,1313.2
82,Charlotte Smith,429.7
82,David Ekpo,273.0
82,Emmanuela Odoh,884.7
82,Eno-obong Udofia,148.5
82,Ethan Toudic,1834.4
82,Gianna Cavacuiti,1005.2
82,James hushon,113.8
82,Joy Ojeabulu,789.9
82,Lesley Nyonggesa,1431.7
82,Luca Marlowe,1524.6
82,Michael Adewumi,1754.0
82,Mimy Kanza,1234.5
82,Otito,2948.6
82,Rael,314.8
82,Rashida kinattingalakath,472.6
82,Remy,858.3
82,Rosie Birch,1706.2
82,Rufkat Adetola oladipo,847.1
82,Sally Muinami,1515.6
82,Sodiq Salaudeen,469.6
82,Soumaya,1049.3
82,Steve Nolan,2527.2
83,Abderrahmane Boukhaled,694.0
83,Basirat Adeyemo,3037.4
83,Charlotte Smith,1312.2
83,David Ekpo,2164.3
83,Emmanuela Odoh,2009.6
83,Eno-obong Udofia,1928.5
83,Ethan Toudic,589.1
83,Gianna Cavacuiti,1540.8
83,James hushon,918.0
83,Joy Ojeabulu,1038.6
83,Lesley Nyonggesa,1998.3
83,Luca Marlowe,199.1
83,Michael Adewumi,1598.9
83,Mimy Kanza,1878.8
83,Otito,2029.3
83,Rael,422.9
83,Rashida kinattingalakath,2788.6
83,Remy,782.6
83,Rosie Birch,1563.3
83,Rufkat Adetola oladipo,1600.6
83,Sally Muinami,1597.4
83,Sodiq Salaudeen,1755.8
83,Soumaya,1842.0
83,Steve Nolan,1762.8
84,Abderrahmane Boukhaled,1300.9
84,Basirat Adeyemo,1428.4
84,Charlotte Smith,907.6
84,David Ekpo,1961.0
84,Emmanuela Odoh,581.7
84,Eno-obong Udofia,959.3
84,Ethan Toudic,2988.7
84,Gianna Cavacuiti,675.8
84,James hushon,1699.1
84,Joy Ojeabulu,1329.7
84,Lesley Nyonggesa,1369.2
84,Luca Marlowe,1298.4
84,Michael Adewumi,1064.2
84,Mimy Kanza,199.9
84,Otito,528.3
84,Rael,2732.3
84,Rashida kinattingalakath,1422.6
84,Remy,907.1
84,Rosie Birch,1091.0
84,Rufkat Adetola oladipo,623.4
84,Sally Muinami,803.9
84,Sodiq Salaudeen,327.4
84,Soumaya,1584.4
84,Steve Nolan,3266.2
85,Abderrahmane Boukhaled,753.6
85,Basirat Adeyemo,1124.8
85,Charlotte Smith,2311.6
85,David Ekpo,3081.3
85,Emmanuela Odoh,1344.2
85,Eno-obong Udofia,1689.5
85,Ethan Toudic,1334.0
85,Gianna Cavacuiti,1019.2
85,James hushon,100.0
85,Joy Ojeabulu,392.4
85,Lesley Nyonggesa,311.5
85,Luca Marlowe,619.7
85,Michael Adewumi,1553.7
85,Mimy Kanza,2195.2
85,Otito,1983.2
85,Rael,3812.4
85,Rashida kinattingalakath,771.1
85,Remy,1238.1
85,Rosie Birch,1684.7
85,Rufkat Adetola oladipo,629.9
85,Sally Muinami,651.6
85,Sodiq Salaudeen,754.3
85,Soumaya,840.3
85,Steve Nolan,1203.4
86,Abderrahmane Boukhaled,1852.7
86,Basirat Adeyemo,1568.4
86,Charlotte Smith,1179.2
86,David Ekpo,2548.9
86,Emmanuela Odoh,850.8
86,Eno-obong Udofia,2164.7
86,Ethan Toudic,629.9
86,Gianna Cavacuiti,1871.6
86,James hushon,1756.0
86,Joy Ojeabulu,631.6
86,Lesley Nyonggesa,1455.0
86,Luca Marlowe,100.0
86,Michael Adewumi,617.8
86,Mimy Kanza,2299.3
86,Otito,2540.5
86,Rael,2031.8
86,Rashida kinattingalakath,789.9
86,Remy,1543.0
86,Rosie Birch,1634.1
86,Rufkat Adetola oladipo,1929.2
86,Sally Muinami,563.6
86,Sodiq Salaudeen,963.3
86,Soumaya,584.9
86,Steve Nolan,1171.0
87,Abderrahmane Boukhaled,1053.1
87,Basirat Adeyemo,739.4
87,Charlotte Smith,156.9
87,David Ekpo,1357.1
87,Emmanuela Odoh,1616.4
87,Eno-obong Udofia,1021.9
87,Ethan Toudic,1130.8
87,Gianna Cavacuiti,1556.1
87,James hushon,870.2
87,Joy Ojeabulu,2131.9
87,Lesley Nyonggesa,1032.7
87,Luca Marlowe,608.8
87,Michael Adewumi,889.0
87,Mimy Kanza,2202.5
87,Otito,2326.0
87,Rael,2567.8
87,Rashida kinattingalakath,637.4
87,Remy,1132.8
87,Rosie Birch,1406.1
87,Rufkat Adetola oladipo,876.4
87,Sally Muinami,1328.7
87,Sodiq Salaudeen,349.4
87,Soumaya,1031.2
87,Steve Nolan,2669.2
88,Abderrahmane Boukhaled,1374.8
88,Basirat Adeyemo,3839.5
88,Charlotte Smith,1591.3
88,David Ekpo,1419.8
88,Emmanuela Odoh,1673.8
88,Eno-obong Udofia,615.0
88,Ethan Toudic,1823.5
88,Gianna Cavacuiti,1730.0
88,James hushon,623.6
88,Joy Ojeabulu,787.0
88,Lesley Nyonggesa,951.8
88,Luca Marlowe,897.4
88,Michael Adewumi,1111.0
88,Mimy Kanza,1441.2
88,Otito,1212.8
88,Rael,292.5
88,Rashida kinattingalakath,1650.8
88,Remy,912.6
88,Rosie Birch,736.3
88,Rufkat Adetola oladipo,2581.4
88,Sally Muinami,1249.4
88,Sodiq Salaudeen,1394.1
88,Soumaya,1488.0
88,Steve Nolan,1328.8
89,Abderrahmane Boukhaled,1277.4
89,Basirat Adeyemo,1176.9
89,Charlotte Smith,774.6
89,David Ekpo,633.0
89,Emmanuela Odoh,893.9
89,Eno-obong Udofia,224.0
89,Ethan Toudic,1393.6
89,Gianna Cavacuiti,830.7
89,James hushon,1185.8
89,Joy Ojeabulu,612.7
89,Lesley Nyonggesa,1308.8
89,Luca Marlowe,327.4
89,Michael Adewumi,1700.0
89,Mimy Kanza,456.1
89,Otito,431.5
89,Rael,2322.2
89,Rashida kinattingalakath,831.2
89,Remy,1471.8
89,Rosie Birch,372.2
89,Rufkat Adetola oladipo,913.5
89,Sally Muinami,537.3
89,Sodiq Salaudeen,974.7
89,Soumaya,1548.5
89,Steve Nolan,1916.2
90,Abderrahmane Boukhaled,1917.9
90,Basirat Adeyemo,627.1
90,Charlotte Smith,1305.0
90,David Ekpo,1882.3
90,Emmanuela Odoh,1108.4
90,Eno-obong Udofia,2242.6
90,Ethan Toudic,880.5
90,Gianna Cavacuiti,733.8
90,James hushon,353.4
90,Joy Ojeabulu,267.2
90,Lesley Nyonggesa,2495.1
90,Luca Marlowe,1269.6
90,Michael Adewumi,1155.9
90,Mimy Kanza,100.0
90,Otito,3157.6
90,Rael,669.0
90,Rashida kinattingalakath,1717.3
90,Remy,537.0
90,Rosie Birch,2132.0
90,Rufkat Adetola oladipo,1696.2
90,Sally Muinami,406.9
90,Sodiq Salaudeen,1359.4
90,Soumaya,2018.3
90,Steve Nolan,563.4
91,Abderrahmane Boukhaled,580.0
91,Basirat Adeyemo,2624.2
91,Charlotte Smith,1097.5
91,David Ekpo,1361.1
91,Emmanuela Odoh,1604.6
91,Eno-obong Udofia,1643.7
91,Ethan Toudic,584.5
91,Gianna Cavacuiti,1103.2
91,James hushon,1593.3
91,Joy Ojeabulu,1000.6
91,Lesley Nyonggesa,1615.8
91,Luca Marlowe,1417.3
91,Michael Adewumi,1210.4
91,Mimy Kanza,865.6
91,Otito,1799.6
91,Rael,794.7
91,Rashida kinattingalakath,679.2
91,Remy,393.6
91,Rosie Birch,1349.6
91,Rufkat Adetola oladipo,1220.3
91,Sally Muinami,1809.7
91,Sodiq Salaudeen,2097.0
91,Soumaya,1141.1
91,Steve Nolan,2071.7
92,Abderrahmane Boukhaled,554.2
92,Basirat Adeyemo,878.2
92,Charlotte Smith,1364.6
92,David Ekpo,759.6
92,Emmanuela Odoh,798.3
92,Eno-obong Udofia,2559.5
92,Ethan Toudic,1636.7
92,Gianna Cavacuiti,786.5
92,James hushon,2845.4
92,Joy Ojeabulu,2903.0
92,Lesley Nyonggesa,769.9
92,Luca Marlowe,508.0
92,Michael Adewumi,1525.6
92,Mimy Kanza,1301.5
92,Otito,1219.5
92,Rael,514.1
92,Rashida kinattingalakath,1637.9
92,Remy,1597.1
92,Rosie Birch,3101.9
92,Rufkat Adetola oladipo,1326.9
92,Sally Muinami,1793.6
92,Sodiq Salaudeen,1313.9
92,Soumaya,518.7
92,Steve Nolan,2115.8
93,Abderrahmane Boukhaled,1738.3
93,Basirat Adeyemo,448.3
93,Charlotte Smith,1206.4
93,David Ekpo,2216.0
93,Emmanuela Odoh,771.3
93,Eno-obong Udofia,2146.9
93,Ethan Toudic,1631.3
93,Gianna Cavacuiti,845.9
93,James hushon,2210.9
93,Joy Ojeabulu,2608.2
93,Lesley Nyonggesa,2339.9
93,Luca Marlowe,660.0
93,Michael Adewumi,1787.4
93,Mimy Kanza,1761.8
93,Otito,786.3
93,Rael,1182.6
93,Rashida kinattingalakath,1725.1
93,Remy,2241.4
93,Rosie Birch,1937.3
93,Rufkat Adetola oladipo,1067.6
93,Sally Muinami,541.6
93,Sodiq Salaudeen,704.4
93,Soumaya,1969.3
93,Steve Nolan,1445.9
94,Abderrahmane Boukhaled,268.4
94,Basirat Adeyemo,862.0
94,Charlotte Smith,1066.1
94,David Ekpo,731.4
94,Emmanuela Odoh,1453.6
94,Eno-obong Udofia,1097.1
94,Ethan Toudic,1367.9
94,Gianna Cavacuiti,710.1
94,James hushon,481.3
94,Joy Ojeabulu,2040.8
94,Lesley Nyonggesa,1783.3
94,Luca Marlowe,1380.6
94,Michael Adewumi,1793.7
94,Mimy Kanza,1445.5
94,Otito,1012.6
94,Rael,1046.9
94,Rashida kinattingalakath,768.7
94,Remy,721.2
94,Rosie Birch,1999.0
94,Rufkat Adetola oladipo,1170.6
94,Sally Muinami,1228.6
94,Sodiq Salaudeen,1773.3
94,Soumaya,2305.9
94,Steve Nolan,1802.0
95,Abderrahmane Boukhaled,3451.2
95,Basirat Adeyemo,284.2
95,Charlotte Smith,596.1
95,David Ekpo,1664.2
95,Emmanuela Odoh,1865.4
95,Eno-obong Udofia,819.5
95,Ethan Toudic,1505.8
95,Gianna Cavacuiti,681.1
95,James hushon,1698.1
95,Joy Ojeabulu,1460.7
95,Lesley Nyonggesa,1361.0
95,Luca Marlowe,2287.7
95,Michael Adewumi,2134.3
95,Mimy Kanza,1032.0
95,Otito,874.2
95,Rael,1549.7
95,Rashida kinattingalakath,2494.4
95,Remy,1157.5
95,Rosie Birch,2413.4
95,Rufkat Adetola oladipo,2645.5
95,Sally Muinami,193.4
95,Sodiq Salaudeen,2256.8
95,Soumaya,1272.6
95,Steve Nolan,1107.3
96,Abderrahmane Boukhaled,345.0
96,Basirat Adeyemo,1747.8
96,Charlotte Smith,2279.6
96,David Ekpo,883.4
96,Emmanuela Odoh,1759.8
96,Eno-obong Udofia,2569.6
96,Ethan Toudic,730.5
96,Gianna Cavacuiti,229.3
96,James hushon,2109.7
96,Joy Ojeabulu,403.5
96,Lesley Nyonggesa,574.0
96,Luca Marlowe,228.8
96,Michael Adewumi,253.2
96,Mimy Kanza,641.2
96,Otito,1200.7
96,Rael,800.4
96,Rashida kinattingalakath,1433.1
96,Remy,1629.0
96,Rosie Birch,1377.3
96,Rufkat Adetola oladipo,560.0
96,Sally Muinami,1898.7
96,Sodiq Salaudeen,2548.8
96,Soumaya,1437.2
96,Steve Nolan,575.4
97,Abderrahmane Boukhaled,2174.2
97,Basirat Adeyemo,542.6
97,Charlotte Smith,576.0
97,David Ekpo,882.7
97,Emmanuela Odoh,1122.1
97,Eno-obong Udofia,1825.2
97,Ethan Toudic,787.5
97,Gianna Cavacuiti,1678.1
97,James hushon,2213.7
97,Joy Ojeabulu,1843.4
97,Lesley Nyonggesa,1180.0
97,Luca Marlowe,2025.0
97,Michael Adewumi,361.6
97,Mimy Kanza,819.6
97,Otito,512.5
97,Rael,419.1
97,Rashida kinattingalakath,1179.5
97,Remy,1451.4
97,Rosie Birch,2187.3
97,Rufkat Adetola oladipo,1806.6
97,Sally Muinami,759.5
97,Sodiq Salaudeen,1905.1
97,Soumaya,230.4
97,Steve Nolan,906.8
98,Abderrahmane Boukhaled,1316.4
98,Basirat Adeyemo,1442.0
98,Charlotte Smith,1455.0
98,David Ekpo,1175.3
98,Emmanuela Odoh,2048.3
98,Eno-obong Udofia,1583.2
98,Ethan Toudic,836.1
98,Gianna Cavacuiti,1453.5
98,James hushon,1107.2
98,Joy Ojeabulu,357.0
98,Lesley Nyonggesa,528.6
98,Luca Marlowe,1843.6
98,Michael Adewumi,1221.3
98,Mimy Kanza,687.4
98,Otito,1743.2
98,Rael,1879.9
98,Rashida kinattingalakath,1167.3
98,Remy,425.0
98,Rosie Birch,2148.1
98,Rufkat Adetola oladipo,676.6
98,Sally Muinami,1591.8
98,Sodiq Salaudeen,733.6
98,Soumaya,1093.2
98,Steve Nolan,1619.9
99,Abderrahmane Boukhaled,712.8
99,Basirat Adeyemo,1194.9
99,Charlotte Smith,802.6
99,David Ekpo,2200.1
99,Emmanuela Odoh,1638.1
99,Eno-obong Udofia,607.1
99,Ethan Toudic,964.8
99,Gianna Cavacuiti,568.8
99,James hushon,672.9
99,Joy Ojeabulu,1531.4
99,Lesley Nyonggesa,1441.5
99,Luca Marlowe,2298.7
99,Michael Adewumi,495.0
99,Mimy Kanza,797.4
99,Otito,928.8
99,Rael,1449.1
99,Rashida kinattingalakath,1873.1
99,Remy,1451.6
99,Rosie Birch,568.3
99,Rufkat Adetola oladipo,873.9
99,Sally Muinami,804.6
99,Sodiq Salaudeen,1056.0
99,Soumaya,822.8
99,Steve Nolan,319.8
100,Abderrahmane Boukhaled,921.5
100,Basirat Adeyemo,616.0
100,Charlotte Smith,100.0
100,David Ekpo,1842.3
100,Emmanuela Odoh,1872.8
100,Eno-obong Udofia,881.8
100,Ethan Toudic,1308.6
100,Gianna Cavacuiti,1794.7
100,James hushon,2309.8
100,Joy Ojeabulu,410.1
100,Lesley Nyonggesa,773.7
100,Luca Marlowe,1967.1
100,Michael Adewumi,601.3
100,Mimy Kanza,299.9
100,Otito,1616.0
100,Rael,1674.3
100,Rashida kinattingalakath,800.7
100,Remy,576.8
100,Rosie Birch,620.0
100,Rufkat Adetola oladipo,1124.9
100,Sally Muinami,631.0
100,Sodiq Salaudeen,645.6
100,Soumaya,456.5
100,Steve Nolan,1525.0
101,Abderrahmane Boukhaled,1424.9
101,Basirat Adeyemo,501.8
101,Charlotte Smith,936.6
101,David Ekpo,650.1
101,Emmanuela Odoh,1475.7
101,Eno-obong Udofia,653.0
101,Ethan Toudic,1393.3
101,Gianna Cavacuiti,583.7
101,James hushon,1269.4
101,Joy Ojeabulu,475.3
101,Lesley Nyonggesa,1780.5
101,Luca Marlowe,134.4
101,Michael Adewumi,423.5
101,Mimy Kanza,1592.7
101,Otito,1790.8
101,Rael,986.5
101,Rashida kinattingalakath,1206.3
101,Remy,905.9
101,Rosie Birch,1689.8
101,Rufkat Adetola oladipo,2699.3
101,Sally Muinami,2111.3
101,Sodiq Salaudeen,761.1
101,Soumaya,1590.8
101,Steve Nolan,2218.0
102,Abderrahmane Boukhaled,762.3
102,Basirat Adeyemo,895.8
102,Charlotte Smith,2542.4
102,David Ekpo,1082.1
102,Emmanuela Odoh,1524.6
102,Eno-obong Udofia,815.2
102,Ethan Toudic,2003.6
102,Gianna Cavacuiti,1882.6
102,James hushon,793.8
102,Joy Ojeabulu,177.0
102,Lesley Nyonggesa,1175.0
102,Luca Marlowe,1427.9
102,Michael Adewumi,1399.0
102,Mimy Kanza,280.6
102,Otito,2766.0
102,Rael,2024.6
102,Rashida kinattingalakath,901.6
102,Remy,1268.6
102,Rosie Birch,2842.5
102,Rufkat Adetola oladipo,1915.2
102,Sally Muinami,1892.2
102,Sodiq Salaudeen,755.7
102,Soumaya,1111.6
102,Steve Nolan,457.8
103,Abderrahmane Boukhaled,710.1
103,Basirat Adeyemo,2023.1
103,Charlotte Smith,570.0
103,David Ekpo,1734.4
103,Emmanuela Odoh,991.3
103,Eno-obong Udofia,1588.0
103,Ethan Toudic,1488.1
103,Gianna Cavacuiti,1229.6
103,James hushon,910.8
103,Joy Ojeabulu,3055.5
103,Lesley Nyonggesa,964.4
103,Luca Marlowe,3505.5
103,Michael Adewumi,1093.1
103,Mimy Kanza,660.5
103,Otito,625.0
103,Rael,2102.1
103,Rashida kinattingalakath,1177.7
103,Remy,1455.0
103,Rosie Birch,530.4
103,Rufkat Adetola oladipo,818.8
103,Sally Muinami,1340.3
103,Sodiq Salaudeen,237.3
103,Soumaya,1789.2
103,Steve Nolan,912.4
104,Abderrahmane Boukhaled,1460.0
104,Basirat Adeyemo,1415.8
104,Charlotte Smith,836.2
104,David Ekpo,639.0
104,Emmanuela Odoh,1302.1
104,Eno-obong Udofia,727.3
104,Ethan Toudic,1888.6
104,Gianna Cavacuiti,489.9
104,James hushon,1202.7
104,Joy Ojeabulu,1777.5
104,Lesley Nyonggesa,3462.0
104,Luca Marlowe,1411.9
104,Michael Adewumi,213.7
104,Mimy Kanza,567.5
104,Otito,1155.3
104,Rael,1205.8
104,Rashida kinattingalakath,980.4
104,Remy,2080.7
104,Rosie Birch,103.9
104,Rufkat Adetola oladipo,1035.3
104,Sally Muinami,1619.6
104,Sodiq Salaudeen,1114.0
104,Soumaya,1071.4
104,Steve Nolan,1746.5
105,Abderrahmane Boukhaled,1026.5
105,Basirat Adeyemo,1930.6
105,Charlotte Smith,2405.9
105,David Ekpo,1923.0
105,Emmanuela Odoh,1756.3
105,Eno-obong Udofia,1457.1
105,Ethan Toudic,688.4
105,Gianna Cavacuiti,520.7
105,James hushon,2069.2
105,Joy Ojeabulu,1435.1
105,Lesley Nyonggesa,198.5
105,Luca Marlowe,992.9
105,Michael Adewumi,1321.3
105,Mimy Kanza,1510.1
105,Otito,1563.0
105,Rael,704.8
105,Rashida kinattingalakath,2360.9
105,Remy,1033.4
105,Rosie Birch,349.2
105,Rufkat Adetola oladipo,2305.6
105,Sally Muinami,967.6
105,Sodiq Salaudeen,1111.8
105,Soumaya,3032.1
105,Steve Nolan,1964.1
106,Abderrahmane Boukhaled,1049.9
106,Basirat Adeyemo,229.2
106,Charlotte Smith,1270.8
106,David Ekpo,464.9
106,Emmanuela Odoh,3235.1
106,Eno-obong Udofia,1334.1
106,Ethan Toudic,1451.5
106,Gianna Cavacuiti,834.5
106,James hushon,523.0
106,Joy Ojeabulu,2700.7
106,Lesley Nyonggesa,1515.2
106,Luca Marlowe,3540.2
106,Michael Adewumi,1609.5
106,Mimy Kanza,831.4
106,Otito,1384.2
106,Rael,983.8
106,Rashida kinattingalakath,1255.3
106,Remy,1894.2
106,Rosie Birch,1221.5
106,Rufkat Adetola oladipo,271.1
106,Sally Muinami,961.4
106,Sodiq Salaudeen,1166.7
106,Soumaya,1354.0
106,Steve Nolan,1930.4
107,Abderrahmane Boukhaled,1563.5
107,Basirat Adeyemo,1680.7
107,Charlotte Smith,1532.5
107,David Ekpo,402.6
107,Emmanuela Odoh,1651.3
107,Eno-obong Udofia,483.2
107,Ethan Toudic,784.6
107,Gianna Cavacuiti,852.4
107,James hushon,1813.1
107,Joy Ojeabulu,384.5
107,Lesley Nyonggesa,362.9
107,Luca Marlowe,204.9
107,Michael Adewumi,1499.8
107,Mimy Kanza,611.5
107,Otito,743.9
107,Rael,1336.7
107,Rashida kinattingalakath,1042.5
107,Remy,926.5
107,Rosie Birch,961.4
107,Rufkat Adetola oladipo,840.2
107,Sally Muinami,2115.8
107,Sodiq Salaudeen,653.0
107,Soumaya,709.9
107,Steve Nolan,1112.2
108,Abderrahmane Boukhaled,239.8
108,Basirat Adeyemo,2132.9
108,Charlotte Smith,796.5
108,David Ekpo,1816.6
108,Emmanuela Odoh,1314.9
108,Eno-obong Udofia,1316.5
108,Ethan Toudic,1259.7
108,Gianna Cavacuiti,1425.2
108,James hushon,1608.3
108,Joy Ojeabulu,959.4
108,Lesley Nyonggesa,1370.0
108,Luca Marlowe,1367.2
108,Michael Adewumi,1470.5
108,Mimy Kanza,581.1
108,Otito,1542.0
108,Rael,507.4
108,Rashida kinattingalakath,1984.6
108,Remy,817.7
108,Rosie Birch,1550.1
108,Rufkat Adetola oladipo,3047.2
108,Sally Muinami,1791.7
108,Sodiq Salaudeen,234.7
108,Soumaya,1636.0
108,Steve Nolan,1839.4
109,Abderrahmane Boukhaled,775.1
109,Basirat Adeyemo,1141.9
109,Charlotte Smith,172.4
109,David Ekpo,1719.2
109,Emmanuela Odoh,967.9
109,Eno-obong Udofia,1600.8
109,Ethan Toudic,971.6
109,Gianna Cavacuiti,1206.7
109,James hushon,351.1
109,Joy Ojeabulu,990.6
109,Lesley Nyonggesa,872.6
109,Luca Marlowe,742.3
109,Michael Adewumi,362.9
109,Mimy Kanza,1239.9
109,Otito,1833.5
109,Rael,835.5
109,Rashida kinattingalakath,1942.2
109,Remy,1505.7
109,Rosie Birch,2300.0
109,Rufkat Adetola oladipo,1843.4
109,Sally Muinami,1089.4
109,Sodiq Salaudeen,2216.2
109,Soumaya,1069.2
109,Steve Nolan,1716.8
110,Abderrahmane Boukhaled,323.0
110,Basirat Adeyemo,2424.3
110,Charlotte Smith,1399.5
110,David Ekpo,1955.0
110,Emmanuela Odoh,2236.8
110,Eno-obong Udofia,786.7
110,Ethan Toudic,1473.8
110,Gianna Cavacuiti,691.2
110,James hushon,1043.0
110,Joy Ojeabulu,536.8
110,Lesley Nyonggesa,796.0
110,Luca Marlowe,913.9
110,Michael Adewumi,882.6
110,Mimy Kanza,1127.1
110,Otito,1411.0
110,Rael,2695.5
110,Rashida kinattingalakath,1178.7
110,Remy,663.4
110,Rosie Birch,1028.4
110,Rufkat Adetola oladipo,2347.7
110,Sally Muinami,1314.9
110,Sodiq Salaudeen,685.8
110,Soumaya,729.1
110,Steve Nolan,1059.1
111,Abderrahmane Boukhaled,1239.8
111,Basirat Adeyemo,1287.6
111,Charlotte Smith,818.9
111,David Ekpo,129.0
111,Emmanuela Odoh,743.0
111,Eno-obong Udofia,504.9
111,Ethan Toudic,1547.4
111,Gianna Cavacuiti,815.6
111,James hushon,516.2
111,Joy Ojeabulu,823.6
111,Lesley Nyonggesa,1602.8
111,Luca Marlowe,1787.4
111,Michael Adewumi,2069.4
111,Mimy Kanza,274.1
111,Otito,689.5
111,Rael,796.9
111,Rashida kinattingalakath,1530.2
111,Remy,760.0
111,Rosie Birch,1019.2
111,Rufkat Adetola oladipo,660.0
111,Sally Muinami,1805.1
111,Sodiq Salaudeen,1816.7
111,Soumaya,1076.0
111,Steve Nolan,814.7
112,Abderrahmane Boukhaled,2253.9
112,Basirat Adeyemo,776.1
112,Charlotte Smith,1189.8
112,David Ekpo,807.0
112,Emmanuela Odoh,932.7
112,Eno-obong Udofia,930.4
112,Ethan Toudic,880.8
112,Gianna Cavacuiti,1259.3
112,James hushon,1263.4
112,Joy Ojeabulu,1590.3
112,Lesley Nyonggesa,175.9
112,Luca Marlowe,1326.9
112,Michael Adewumi,1350.2
112,Mimy Kanza,641.0
112,Otito,1761.0
112,Rael,1652.7
112,Rashida kinattingalakath,395.5
112,Remy,1236.6
112,Rosie Birch,694.6
112,Rufkat Adetola oladipo,566.3
112,Sally Muinami,2287.6
112,Sodiq Salaudeen,201.3
112,Soumaya,1228.5
112,Steve Nolan,1829.4
113,Abderrahmane Boukhaled,641.2
113,Basirat Adeyemo,1732.6
113,Charlotte Smith,2499.6
113,David Ekpo,1297.6
113,Emmanuela Odoh,1003.2
113,Eno-obong Udofia,277.4
113,Ethan Toudic,748.2
113,Gianna Cavacuiti,156.6
113,James hushon,3547.9
113,Joy Ojeabulu,342.0
113,Lesley Nyonggesa,1026.2
113,Luca Marlowe,2038.7
113,Michael Adewumi,1300.8
113,Mimy Kanza,2474.4
113,Otito,541.5
113,Rael,932.4
113,Rashida kinattingalakath,668.4
113,Remy,167.2
113,Rosie Birch,263.1
113,Rufkat Adetola oladipo,2678.2
113,Sally Muinami,2392.7
113,Sodiq Salaudeen,1572.2
113,Soumaya,844.6
113,Steve Nolan,855.0
114,Abderrahmane Boukhaled,1671.9
114,Basirat Adeyemo,1278.4
114,Charlotte Smith,1302.9
114,David Ekpo,957.4
114,Emmanuela Odoh,1225.0
114,Eno-obong Udofia,1565.8
114,Ethan Toudic,684.2
114,Gianna Cavacuiti,1847.1
114,James hushon,976.1
114,Joy Ojeabulu,1383.4
114,Lesley Nyonggesa,2153.2
114,Luca Marlowe,1528.7
114,Michael Adewumi,987.1
114,Mimy Kanza,578.2
114,Otito,1338.4
114,Rael,239.0
114,Rashida kinattingalakath,517.4
114,Remy,994.2
114,Rosie Birch,451.2
114,Rufkat Adetola oladipo,1413.0
114,Sally Muinami,903.6
114,Sodiq Salaudeen,595.8
114,Soumaya,1885.0
114,Steve Nolan,2909.1
115,Abderrahmane Boukhaled,251.5
115,Basirat Adeyemo,2682.4
115,Charlotte Smith,1679.0
115,David Ekpo,2764.9
115,Emmanuela Odoh,1284.4
115,Eno-obong Udofia,409.6
115,Ethan Toudic,2163.5
115,Gianna Cavacuiti,1980.3
115,James hushon,1820.7
115,Joy Ojeabulu,683.0
115,Lesley Nyonggesa,995.4
115,Luca Marlowe,1880.7
115,Michael Adewumi,2294.0
115,Mimy Kanza,441.9
115,Otito,111.2
115,Rael,266.9
115,Rashida kinattingalakath,992.4
115,Remy,1345.8
115,Rosie Birch,1277.5
115,Rufkat Adetola oladipo,1036.0
115,Sally Muinami,1662.8
115,Sodiq Salaudeen,155.9
115,Soumaya,280.6
115,Steve Nolan,795.4
116,Abderrahmane Boukhaled,323.0
116,Basirat Adeyemo,1337.2
116,Charlotte Smith,3067.6
116,David Ekpo,1096.8
116,Emmanuela Odoh,1220.6
116,Eno-obong Udofia,1810.5
116,Ethan Toudic,1799.7
116,Gianna Cavacuiti,2391.1
116,James hushon,1357.3
116,Joy Ojeabulu,315.6
116,Lesley Nyonggesa,1559.5
116,Luca Marlowe,699.9
116,Michael Adewumi,1724.4
116,Mimy Kanza,1664.1
116,Otito,1212.9
116,Rael,2703.7
116,Rashida kinattingalakath,2120.1
116,Remy,595.3
116,Rosie Birch,2497.6
116,Rufkat Adetola oladipo,2754.8
116,Sally Muinami,482.4
116,Sodiq Salaudeen,705.9
116,Soumaya,874.2
116,Steve Nolan,585.8
117,Abderrahmane Boukhaled,633.1
117,Basirat Adeyemo,498.1
117,Charlotte Smith,1539.1
117,David Ekpo,383.4
117,Emmanuela Odoh,645.8
117,Eno-obong Udofia,2137.7
117,Ethan Toudic,4076.0
117,Gianna Cavacuiti,1968.3
117,James hushon,1164.9
117,Joy Ojeabulu,601.0
117,Lesley Nyonggesa,328.7
117,Luca Marlowe,213.9
117,Michael Adewumi,1807.1
117,Mimy Kanza,1121.4
117,Otito,2677.4
117,Rael,520.9
117,Rashida kinattingalakath,1153.3
117,Remy,1100.4
117,Rosie Birch,2628.9
117,Rufkat Adetola oladipo,1636.3
117,Sally Muinami,614.8
117,Sodiq Salaudeen,191.1
117,Soumaya,1791.5
117,Steve Nolan,1711.3
118,Abderrahmane Boukhaled,1662.3
118,Basirat Adeyemo,244.5
118,Charlotte Smith,846.8
118,David Ekpo,3444.6
118,Emmanuela Odoh,808.6
118,Eno-obong Udofia,677.0
118,Ethan Toudic,2100.6
118,Gianna Cavacuiti,1516.5
118,James hushon,1208.4
118,Joy Ojeabulu,459.6
118,Lesley Nyonggesa,2024.3
118,Luca Marlowe,2104.5
118,Michael Adewumi,1359.1
118,Mimy Kanza,305.4
118,Otito,2086.5
118,Rael,2201.2
118,Rashida kinattingalakath,733.6
118,Remy,587.6
118,Rosie Birch,717.8
118,Rufkat Adetola oladipo,2739.8
118,Sally Muinami,1359.3
118,Sodiq Salaudeen,695.3
118,Soumaya,2056.5
118,Steve Nolan,2240.1
119,Abderrahmane Boukhaled,2417.5
119,Basirat Adeyemo,296.5
119,Charlotte Smith,3209.5
119,David Ekpo,1809.1
119,Emmanuela Odoh,1120.9
119,Eno-obong Udofia,505.6
119,Ethan Toudic,1677.0
119,Gianna Cavacuiti,1368.1
119,James hushon,2883.1
119,Joy Ojeabulu,295.9
119,Lesley Nyonggesa,1073.2
119,Luca Marlowe,2299.2
119,Michael Adewumi,1029.2
119,Mimy Kanza,1391.8
119,Otito,744.2
119,Rael,2632.6
119,Rashida kinattingalakath,747.0
119,Remy,1206.7
119,Rosie Birch,450.3
119,Rufkat Adetola oladipo,289.0
119,Sally Muinami,985.4
119,Sodiq Salaudeen,665.1
119,Soumaya,869.7
119,Steve Nolan,1974.1
120,Abderrahmane Boukhaled,1209.1
120,Basirat Adeyemo,871.7
120,Charlotte Smith,541.3
120,David Ekpo,937.1
120,Emmanuela Odoh,863.7
120,Eno-obong Udofia,1328.0
120,Ethan Toudic,1560.9
120,Gianna Cavacuiti,887.2
120,James hushon,862.2
120,Joy Ojeabulu,1149.4
120,Lesley Nyonggesa,1825.8
120,Luca Marlowe,1666.5
120,Michael Adewumi,1579.7
120,Mimy Kanza,587.2
120,Otito,1224.7
120,Rael,346.4
120,Rashida kinattingalakath,2482.9
120,Remy,416.4
120,Rosie Birch,1148.9
120,Rufkat Adetola oladipo,1548.1
120,Sally Muinami,550.0
120,Sodiq Salaudeen,2007.2
120,Soumaya,2548.2
120,Steve Nolan,2872.9
121,Abderrahmane Boukhaled,606.5
121,Basirat Adeyemo,1382.4
121,Charlotte Smith,646.6
121,David Ekpo,1786.0
121,Emmanuela Odoh,1077.4
121,Eno-obong Udofia,1004.1
121,Ethan Toudic,1282.0
121,Gianna Cavacuiti,703.6
121,James hushon,736.9
121,Joy Ojeabulu,2725.7
121,Lesley Nyonggesa,1294.0
121,Luca Marlowe,1886.9
121,Michael Adewumi,1133.2
121,Mimy Kanza,1071.2
121,Otito,276.5
121,Rael,1033.4
121,Rashida kinattingalakath,1096.8
121,Remy,236.6
121,Rosie Birch,416.2
121,Rufkat Adetola oladipo,853.0
121,Sally Muinami,946.6
121,Sodiq Salaudeen,3092.8
121,Soumaya,281.8
121,Steve Nolan,2159.7
122,Abderrahmane Boukhaled,1068.4
122,Basirat Adeyemo,947.4
122,Charlotte Smith,847.2
122,David Ekpo,1072.9
122,Emmanuela Odoh,989.4
122,Eno-obong Udofia,1169.3
122,Ethan Toudic,1036.8
122,Gianna Cavacuiti,2321.2
122,James hushon,1005.7
122,Joy Ojeabulu,1911.9
122,Lesley Nyonggesa,1033.3
122,Luca Marlowe,980.8
122,Michael Adewumi,1895.5
122,Mimy Kanza,682.8
122,Otito,1589.7
122,Rael,1756.8
122,Rashida kinattingalakath,3003.4
122,Remy,812.4
122,Rosie Birch,1452.9
122,Rufkat Adetola oladipo,2599.6
122,Sally Muinami,3940.0
122,Sodiq Salaudeen,1774.1
122,Soumaya,891.7
122,Steve Nolan,1088.0
123,Abderrahmane Boukhaled,1439.6
123,Basirat Adeyemo,853.6
123,Charlotte Smith,1892.2
123,David Ekpo,1120.7
123,Emmanuela Odoh,1505.3
123,Eno-obong Udofia,223.0
123,Ethan Toudic,139.8
123,Gianna Cavacuiti,1347.6
123,James hushon,1864.7
123,Joy Ojeabulu,1064.5
123,Lesley Nyonggesa,228.0
123,Luca Marlowe,861.8
123,Michael Adewumi,332.3
123,Mimy Kanza,434.2
123,Otito,565.1
123,Rael,573.8
123,Rashida kinattingalakath,2406.4
123,Remy,1087.8
123,Rosie Birch,1030.5
123,Rufkat Adetola oladipo,1739.4
123,Sally Muinami,141.7
123,Sodiq Salaudeen,443.3
123,Soumaya,415.8
123,Steve Nolan,1043.0
124,Abderrahmane Boukhaled,243.4
124,Basirat Adeyemo,242.9
124,Charlotte Smith,272.8
124,David Ekpo,526.7
124,Emmanuela Odoh,866.7
124,Eno-obong Udofia,215.1
124,Ethan Toudic,1340.2
124,Gianna Cavacuiti,956.0
124,James hushon,1327.8
124,Joy Ojeabulu,1606.7
124,Lesley Nyonggesa,2114.0
124,Luca Marlowe,1331.5
124,Michael Adewumi,1038.4
124,Mimy Kanza,1454.2
124,Otito,1993.8
124,Rael,1940.6
124,Rashida kinattingalakath,1643.8
124,Remy,249.2
124,Rosie Birch,775.1
124,Rufkat Adetola oladipo,1380.8
124,Sally Muinami,1881.4
124,Sodiq Salaudeen,1217.4
124,Soumaya,190.7
124,Steve Nolan,1302.2
125,Abderrahmane Boukhaled,1113.8
125,Basirat Adeyemo,501.6
125,Charlotte Smith,2149.8
125,David Ekpo,1501.4
125,Emmanuela Odoh,799.3
125,Eno-obong Udofia,818.8
125,Ethan Toudic,1844.1
125,Gianna Cavacuiti,1906.9
125,James hushon,1001.1
125,Joy Ojeabulu,982.3
125,Lesley Nyonggesa,3076.4
125,Luca Marlowe,170.7
125,Michael Adewumi,1289.2
125,Mimy Kanza,1037.8
125,Otito,1727.8
125,Rael,1483.2
125,Rashida kinattingalakath,1323.0
125,Remy,1605.8
125,Rosie Birch,1516.3
125,Rufkat Adetola oladipo,1934.9
125,Sally Muinami,1224.5
125,Sodiq Salaudeen,797.6
125,Soumaya,1440.2
125,Steve Nolan,2462.2
126,Abderrahmane Boukhaled,689.4
126,Basirat Adeyemo,650.8
126,Charlotte Smith,1759.5
126,David Ekpo,754.6
126,Emmanuela Odoh,878.2
126,Eno-obong Udofia,514.0
126,Ethan Toudic,2921.5
126,Gianna Cavacuiti,1269.8
126,James hushon,2297.2
126,Joy Ojeabulu,795.0
126,Lesley Nyonggesa,1678.6
126,Luca Marlowe,1167.1
126,Michael Adewumi,478.0
126,Mimy Kanza,889.5
126,Otito,1914.2
126,Rael,727.3
126,Rashida kinattingalakath,1331.6
126,Remy,636.5
126,Rosie Birch,1556.7
126,Rufkat Adetola oladipo,1613.9
126,Sally Muinami,119.7
126,Sodiq Salaudeen,1577.0
126,Soumaya,1380.0
126,Steve Nolan,1997.0
127,Abderrahmane Boukhaled,1719.7
127,Basirat Adeyemo,1038.7
127,Charlotte Smith,687.7
127,David Ekpo,1015.2
127,Emmanuela Odoh,1814.3
127,Eno-obong Udofia,1417.6
127,Ethan Toudic,588.4
127,Gianna Cavacuiti,1682.6
127,James hushon,1597.4
127,Joy Ojeabulu,970.2
127,Lesley Nyonggesa,2236.2
127,Luca Marlowe,1269.2
127,Michael Adewumi,646.6
127,Mimy Kanza,1227.0
127,Otito,759.6
127,Rael,820.9
127,Rashida kinattingalakath,956.9
127,Remy,717.1
127,Rosie Birch,1417.3
127,Rufkat Adetola oladipo,1286.5
127,Sally Muinami,1393.7
127,Sodiq Salaudeen,2630.0
127,Soumaya,1181.6
127,Steve Nolan,2591.2
128,Abderrahmane Boukhaled,1447.0
128,Basirat Adeyemo,2241.6
128,Charlotte Smith,1373.6
128,David Ekpo,1367.2
128,Emmanuela Odoh,1385.8
128,Eno-obong Udofia,229.0
128,Ethan Toudic,1109.3
128,Gianna Cavacuiti,916.8
128,James hushon,837.8
128,Joy Ojeabulu,1729.9
128,Lesley Nyonggesa,949.5
128,Luca Marlowe,2222.2
128,Michael Adewumi,895.5
128,Mimy Kanza,2122.3
128,Otito,1647.4
128,Rael,291.1
128,Rashida kinattingalakath,894.6
128,Remy,637.6
128,Rosie Birch,711.9
128,Rufkat Adetola oladipo,1284.7
128,Sally Muinami,356.0
128,Sodiq Salaudeen,2452.4
128,Soumaya,2556.2
128,Steve Nolan,1692.1
129,Abderrahmane Boukhaled,1170.8
129,Basirat Adeyemo,1314.7
129,Charlotte Smith,1180.4
129,David Ekpo,542.9
129,Emmanuela Odoh,2200.9
129,Eno-obong Udofia,309.5
129,Ethan Toudic,376.5
129,Gianna Cavacuiti,1617.8
129,James hushon,234.2
129,Joy Ojeabulu,491.7
129,Lesley Nyonggesa,994.8
129,Luca Marlowe,1705.7
129,Michael Adewumi,1092.1
129,Mimy Kanza,1480.3
129,Otito,2346.8
129,Rael,1656.1
129,Rashida kinattingalakath,2201.2
129,Remy,2443.8
129,Rosie Birch,1583.8
129,Rufkat Adetola oladipo,2336.3
129,Sally Muinami,1232.6
129,Sodiq Salaudeen,1451.1
129,Soumaya,288.6
129,Steve Nolan,2799.3
130,Abderrahmane Boukhaled,334.2
130,Basirat Adeyemo,2435.9
130,Charlotte Smith,601.8
130,David Ekpo,1593.8
130,Emmanuela Odoh,1086.9
130,Eno-obong Udofia,1430.6
130,Ethan Toudic,3043.3
130,Gianna Cavacuiti,955.6
130,James hushon,746.7
130,Joy Ojeabulu,2050.9
130,Lesley Nyonggesa,1771.6
130,Luca Marlowe,388.7
130,Michael Adewumi,1844.0
130,Mimy Kanza,1188.4
130,Otito,619.8
130,Rael,1873.4
130,Rashida kinattingalakath,1872.2
130,Remy,795.0
130,Rosie Birch,1937.7
130,Rufkat Adetola oladipo,608.7
130,Sally Muinami,2580.7
130,Sodiq Salaudeen,354.1
130,Soumaya,1179.2
130,Steve Nolan,1972.9
131,Abderrahmane Boukhaled,1225.1
131,Basirat Adeyemo,1965.2
131,Charlotte Smith,1092.5
131,David Ekpo,1589.8
131,Emmanuela Odoh,877.5
131,Eno-obong Udofia,1618.2
131,Ethan Toudic,1945.1
131,Gianna Cavacuiti,2558.2
131,James hushon,1496.1
131,Joy Ojeabulu,163.3
131,Lesley Nyonggesa,1697.4
131,Luca Marlowe,764.5
131,Michael Adewumi,1898.0
131,Mimy Kanza,1469.2
131,Otito,1675.7
131,Rael,551.8
131,Rashida kinattingalakath,1551.6
131,Remy,538.1
131,Rosie Birch,1230.9
131,Rufkat Adetola oladipo,826.2
131,Sally Muinami,1343.1
131,Sodiq Salaudeen,1025.9
131,Soumaya,351.1
131,Steve Nolan,646.8
132,Abderrahmane Boukhaled,1873.0
132,Basirat Adeyemo,1684.4
132,Charlotte Smith,628.0
132,David Ekpo,976.9
132,Emmanuela Odoh,3001.6
132,Eno-obong Udofia,939.4
132,Ethan Toudic,1569.5
132,Gianna Cavacuiti,1183.0
132,James hushon,536.4
132,Joy Ojeabulu,916.9
132,Lesley Nyonggesa,1576.9
132,Luca Marlowe,554.5
132,Michael Adewumi,337.2
132,Mimy Kanza,2019.2
132,Otito,3220.3
132,Rael,855.3
132,Rashida kinattingalakath,1305.4
132,Remy,678.5
132,Rosie Birch,1507.0
132,Rufkat Adetola oladipo,662.2
132,Sally Muinami,1308.9
132,Sodiq Salaudeen,1616.9
132,Soumaya,879.0
132,Steve Nolan,216.3
133,Abderrahmane Boukhaled,441.2
133,Basirat Adeyemo,1288.0
133,Charlotte Smith,1066.2
133,David Ekpo,1809.2
133,Emmanuela Odoh,208.7
133,Eno-obong Udofia,720.4
133,Ethan Toudic,2367.6
133,Gianna Cavacuiti,2627.1
133,James hushon,909.3
133,Joy Ojeabulu,2026.4
133,Lesley Nyonggesa,164.4
133,Luca Marlowe,546.5
133,Michael Adewumi,1143.7
133,Mimy Kanza,1325.1
133,Otito,1414.7
133,Rael,1681.2
133,Rashida kinattingalakath,2072.3
133,Remy,689.4
133,Rosie Birch,716.0
133,Rufkat Adetola oladipo,1228.3
133,Sally Muinami,1779.2
133,Sodiq Salaudeen,1827.1
133,Soumaya,1325.1
133,Steve Nolan,1666.0
134,Abderrahmane Boukhaled,675.1
134,Basirat Adeyemo,2177.3
134,Charlotte Smith,1033.4
134,David Ekpo,850.2
134,Emmanuela Odoh,2227.5
134,Eno-obong Udofia,1075.7
134,Ethan Toudic,662.6
134,Gianna Cavacuiti,812.9
134,James hushon,2413.2
134,Joy Ojeabulu,1654.5
134,Lesley Nyonggesa,1838.6
134,Luca Marlowe,367.7
134,Michael Adewumi,1737.5
134,Mimy Kanza,911.4
134,Otito,1231.6
134,Rael,1314.4
134,Rashida kinattingalakath,669.0
134,Remy,1527.7
134,Rosie Birch,1698.5
134,Rufkat Adetola oladipo,1914.2
134,Sally Muinami,540.8
134,Sodiq Salaudeen,703.6
134,Soumaya,2034.2
134,Steve Nolan,1507.3
135,Abderrahmane Boukhaled,1867.6
135,Basirat Adeyemo,687.4
135,Charlotte Smith,1126.6
135,David Ekpo,320.4
135,Emmanuela Odoh,1288.4
135,Eno-obong Udofia,1246.8
135,Ethan Toudic,1712.4
135,Gianna Cavacuiti,1038.5
135,James hushon,1947.5
135,Joy Ojeabulu,796.1
135,Lesley Nyonggesa,825.8
135,Luca Marlowe,2154.3
135,Michael Adewumi,1085.6
135,Mimy Kanza,1032.1
135,Otito,2540.6
135,Rael,1961.3
135,Rashida kinattingalakath,780.4
135,Remy,1415.8
135,Rosie Birch,1636.3
135,Rufkat Adetola oladipo,1005.9
135,Sally Muinami,100.0
135,Sodiq Salaudeen,1944.3
135,Soumaya,1789.2
135,Steve Nolan,2918.7
136,Abderrahmane Boukhaled,424.5
136,Basirat Adeyemo,2844.6
136,Charlotte Smith,396.5
136,David Ekpo,1739.6
136,Emmanuela Odoh,2241.8
136,Eno-obong Udofia,1556.3
136,Ethan Toudic,505.5
136,Gianna Cavacuiti,966.0
136,James hushon,1645.5
136,Joy Ojeabulu,3378.7
136,Lesley Nyonggesa,2022.0
136,Luca Marlowe,2401.0
136,Michael Adewumi,1864.0
136,Mimy Kanza,2769.2
136,Otito,489.8
136,Rael,1881.5
136,Rashida kinattingalakath,253.4
136,Remy,2121.6
136,Rosie Birch,936.3
136,Rufkat Adetola oladipo,1625.9
136,Sally Muinami,904.8
136,Sodiq Salaudeen,2169.8
136,Soumaya,1399.8
136,Steve Nolan,926.4
137,Abderrahmane Boukhaled,972.4
137,Basirat Adeyemo,842.2
137,Charlotte Smith,2097.0
137,David Ekpo,1221.8
137,Emmanuela Odoh,365.6
137,Eno-obong Udofia,1950.3
137,Ethan Toudic,761.4
137,Gianna Cavacuiti,1020.2
137,James hushon,1056.8
137,Joy Ojeabulu,2190.4
137,Lesley Nyonggesa,547.0
137,Luca Marlowe,2602.8
137,Michael Adewumi,1361.7
137,Mimy Kanza,628.8
137,Otito,134.1
137,Rael,1646.3
137,Rashida kinattingalakath,3341.1
137,Remy,1024.7
137,Rosie Birch,450.3
137,Rufkat Adetola oladipo,2137.0
137,Sally Muinami,389.4
137,Sodiq Salaudeen,1589.8
137,Soumaya,1551.2
137,Steve Nolan,154.5
138,Abderrahmane Boukhaled,1619.2
138,Basirat Adeyemo,848.2
138,Charlotte Smith,1258.4
138,David Ekpo,2591.6
138,Emmanuela Odoh,2026.9
138,Eno-obong Udofia,2028.0
138,Ethan Toudic,2027.5
138,Gianna Cavacuiti,1591.8
138,James hushon,263.2
138,Joy Ojeabulu,1832.2
138,Lesley Nyonggesa,236.6
138,Luca Marlowe,1293.2
138,Michael Adewumi,1066.4
138,Mimy Kanza,1603.0
138,Otito,1382.3
138,Rael,1717.9
138,Rashida kinattingalakath,529.0
138,Remy,2480.8
138,Rosie Birch,872.9
138,Rufkat Adetola oladipo,1647.8
138,Sally Muinami,1030.7
138,Sodiq Salaudeen,631.6
138,Soumaya,492.2
138,Steve Nolan,1024.9
139,Abderrahmane Boukhaled,569.8
139,Basirat Adeyemo,1202.6
139,Charlotte Smith,2694.7
139,David Ekpo,716.0
139,Emmanuela Odoh,634.4
139,Eno-obong Udofia,1524.8
139,Ethan Toudic,1578.3
139,Gianna Cavacuiti,2113.7
139,James hushon,380.2
139,Joy Ojeabulu,1368.3
139,Lesley Nyonggesa,817.6
139,Luca Marlowe,1700.3
139,Michael Adewumi,1705.7
139,Mimy Kanza,844.1
139,Otito,355.7
139,Rael,2269.5
139,Rashida kinattingalakath,1274.4
139,Remy,545.8
139,Rosie Birch,1368.7
139,Rufkat Adetola oladipo,743.0
139,Sally Muinami,1564.4
139,Sodiq Salaudeen,1282.4
139,Soumaya,1064.9
139,Steve Nolan,1019.4
140,Abderrahmane Boukhaled,787.7
140,Basirat Adeyemo,1395.8
140,Charlotte Smith,1428.4
140,David Ekpo,2081.7
140,Emmanuela Odoh,802.0
140,Eno-obong Udofia,1372.2
140,Ethan Toudic,2923.9
140,Gianna Cavacuiti,1621.2
140,James hushon,1783.6
140,Joy Ojeabulu,2455.6
140,Lesley Nyonggesa,863.3
140,Luca Marlowe,931.5
140,Michael Adewumi,1425.6
140,Mimy Kanza,2107.8
140,Otito,1091.4
140,Rael,1006.7
140,Rashida kinattingalakath,921.8
140,Remy,1472.5
140,Rosie Birch,1631.0
140,Rufkat Adetola oladipo,1150.5
140,Sally Muinami,2488.3
140,Sodiq Salaudeen,913.0
140,Soumaya,374.0
140,Steve Nolan,1743.3
141,Abderrahmane Boukhaled,1524.2
141,Basirat Adeyemo,1528.3
141,Charlotte Smith,2578.4
141,David Ekpo,1551.3
141,Emmanuela Odoh,419.6
141,Eno-obong Udofia,556.6
141,Ethan Toudic,2309.4
141,Gianna Cavacuiti,2045.9
141,James hushon,1507.5
141,Joy Ojeabulu,1396.7
141,Lesley Nyonggesa,1560.2
141,Luca Marlowe,1213.2
141,Michael Adewumi,1109.7
141,Mimy Kanza,1004.1
141,Otito,1169.6
141,Rael,769.0
141,Rashida kinattingalakath,355.6
141,Remy,2273.1
141,Rosie Birch,383.3
141,Rufkat Adetola oladipo,726.4
141,Sally Muinami,100.0
141,Sodiq Salaudeen,718.0
141,Soumaya,294.7
141,Steve Nolan,673.4
142,Abderrahmane Boukhaled,673.3
142,Basirat Adeyemo,239.7
142,Charlotte Smith,1572.4
142,David Ekpo,1552.2
142,Emmanuela Odoh,3280.0
142,Eno-obong Udofia,1769.1
142,Ethan Toudic,1177.3
142,Gianna Cavacuiti,530.1
142,James hushon,809.3
142,Joy Ojeabulu,2503.6
142,Lesley Nyonggesa,1414.9
142,Luca Marlowe,2601.4
142,Michael Adewumi,391.9
142,Mimy Kanza,206.0
142,Otito,1952.2
142,Rael,745.1
142,Rashida kinattingalakath,501.1
142,Remy,573.1
142,Rosie Birch,210.8
142,Rufkat Adetola oladipo,498.2
142,Sally Muinami,2657.1
142,Sodiq Salaudeen,962.1
142,Soumaya,490.0
142,Steve Nolan,1036.5
143,Abderrahmane Boukhaled,1195.5
143,Basirat Adeyemo,2145.1
143,Charlotte Smith,1124.4
143,David Ekpo,1964.8
143,Emmanuela Odoh,1255.3
143,Eno-obong Udofia,1118.4
143,Ethan Toudic,1898.8
143,Gianna Cavacuiti,546.7
143,James hushon,1114.2
143,Joy Ojeabulu,2014.3
143,Lesley Nyonggesa,772.7
143,Luca Marlowe,2106.6
143,Michael Adewumi,589.4
143,Mimy Kanza,977.5
143,Otito,1494.1
143,Rael,2498.6
143,Rashida kinattingalakath,1448.6
143,Remy,1533.8
143,Rosie Birch,1251.9
143,Rufkat Adetola oladipo,1326.9
143,Sally Muinami,336.2
143,Sodiq Salaudeen,657.1
143,Soumaya,829.4
143,Steve Nolan,968.5
144,Abderrahmane Boukhaled,611.8
144,Basirat Adeyemo,2387.9
144,Charlotte Smith,1052.3
144,David Ekpo,100.0
144,Emmanuela Odoh,2525.4
144,Eno-obong Udofia,1339.3
144,Ethan Toudic,653.9
144,Gianna Cavacuiti,215.0
144,James hushon,500.8
144,Joy Ojeabulu,3282.4
144,Lesley Nyonggesa,1586.7
144,Luca Marlowe,3549.3
144,Michael Adewumi,691.6
144,Mimy Kanza,608.2
144,Otito,1429.4
144,Rael,817.0
144,Rashida kinattingalakath,356.2
144,Remy,797.4
144,Rosie Birch,2176.4
144,Rufkat Adetola oladipo,3324.0
144,Sally Muinami,1547.0
144,Sodiq Salaudeen,1684.0
144,Soumaya,1176.9
144,Steve Nolan,2263.0
145,Abderrahmane Boukhaled,312.0
145,Basirat Adeyemo,1411.3
145,Charlotte Smith,2902.7
145,David Ekpo,1968.4
145,Emmanuela Odoh,937.5
145,Eno-obong Udofia,1390.5
145,Ethan Toudic,1047.6
145,Gianna Cavacuiti,1351.0
145,James hushon,1345.4
145,Joy Ojeabulu,421.7
145,Lesley Nyonggesa,1060.1
145,Luca Marlowe,500.4
145,Michael Adewumi,794.1
145,Mimy Kanza,540.3
145,Otito,1512.9
145,Rael,1313.1
145,Rashida kinattingalakath,115.1
145,Remy,3931.4
145,Rosie Birch,112.2
145,Rufkat Adetola oladipo,1739.6
145,Sally Muinami,643.8
145,Sodiq Salaudeen,1226.3
145,Soumaya,2509.1
145,Steve Nolan,992.0
146,Abderrahmane Boukhaled,427.2
146,Basirat Adeyemo,1530.0
146,Charlotte Smith,1189.8
146,David Ekpo,1078.8
146,Emmanuela Odoh,673.6
146,Eno-obong Udofia,911.2
146,Ethan Toudic,1542.7
146,Gianna Cavacuiti,1918.6
146,James hushon,3388.1
146,Joy Ojeabulu,149.1
146,Lesley Nyonggesa,1905.2
146,Luca Marlowe,2815.2
146,Michael Adewumi,1216.5
146,Mimy Kanza,695.3
146,Otito,339.7
146,Rael,730.4
146,Rashida kinattingalakath,583.9
146,Remy,155.4
146,Rosie Birch,434.1
146,Rufkat Adetola oladipo,1584.4
146,Sally Muinami,1760.6
146,Sodiq Salaudeen,778.5
146,Soumaya,1642.3
146,Steve Nolan,1558.8
147,Abderrahmane Boukhaled,1749.8
147,Basirat Adeyemo,1906.1
147,Charlotte Smith,775.2
147,David Ekpo,813.3
147,Emmanuela Odoh,2814.2
147,Eno-obong Udofia,1448.2
147,Ethan Toudic,1324.6
147,Gianna Cavacuiti,159.5
147,James hushon,1060.0
147,Joy Ojeabulu,256.3
147,Lesley Nyonggesa,1278.9
147,Luca Marlowe,2176.6
147,Michael Adewumi,253.5
147,Mimy Kanza,841.1
147,Otito,1118.2
147,Rael,1369.0
147,Rashida kinattingalakath,964.7
147,Remy,379.1
147,Rosie Birch,1350.9
147,Rufkat Adetola oladipo,1591.9
147,Sally Muinami,2487.6
147,Sodiq Salaudeen,1922.1
147,Soumaya,2307.0
147,Steve Nolan,1388.9
148,Abderrahmane Boukhaled,1894.3
148,Basirat Adeyemo,1765.1
148,Charlotte Smith,235.8
148,David Ekpo,1514.8
148,Emmanuela Odoh,236.3
148,Eno-obong Udofia,497.3
148,Ethan Toudic,1676.0
148,Gianna Cavacuiti,1824.9
148,James hushon,658.1
148,Joy Ojeabulu,517.7
148,Lesley Nyonggesa,1667.2
148,Luca Marlowe,567.7
148,Michael Adewumi,1833.2
148,Mimy Kanza,1411.3
148,Otito,1132.5
148,Rael,3299.8
148,Rashida kinattingalakath,940.0
148,Remy,103.4
148,Rosie Birch,1357.3
148,Rufkat Adetola oladipo,564.0
148,Sally Muinami,1294.6
148,Sodiq Salaudeen,2012.3
148,Soumaya,315.3
148,Steve Nolan,2016.8
149,Abderrahmane Boukhaled,2468.8
149,Basirat Adeyemo,419.7
149,Charlotte Smith,773.6
149,David Ekpo,1568.3
149,Emmanuela Odoh,1012.6
149,Eno-obong Udofia,1094.9
149,Ethan Toudic,539.1
149,Gianna Cavacuiti,978.1
149,James hushon,566.1
149,Joy Ojeabulu,1738.4
149,Lesley Nyonggesa,1339.9
149,Luca Marlowe,2131.2
149,Michael Adewumi,1200.4
149,Mimy Kanza,2356.1
149,Otito,2500.2
149,Rael,1870.4
149,Rashida kinattingalakath,2233.4
149,Remy,1048.3
149,Rosie Birch,1795.2
149,Rufkat Adetola oladipo,535.4
149,Sally Muinami,2429.2
149,Sodiq Salaudeen,1175.2
149,Soumaya,478.4
149,Steve Nolan,1683.1
150,Abderrahmane Boukhaled,1401.9
150,Basirat Adeyemo,2014.3
150,Charlotte Smith,1546.5
150,David Ekpo,1411.8
150,Emmanuela Odoh,1296.1
150,Eno-obong Udofia,1024.9
150,Ethan Toudic,647.5
150,Gianna Cavacuiti,783.7
150,James hushon,1533.9
150,Joy Ojeabulu,435.4
150,Lesley Nyonggesa,1933.8
150,Luca Marlowe,2585.8
150,Michael Adewumi,1710.7
150,Mimy Kanza,1964.0
150,Otito,1107.8
150,Rael,741.2
150,Rashida kinattingalakath,1485.2
150,Remy,956.8
150,Rosie Birch,2460.5
150,Rufkat Adetola oladipo,1863.0
150,Sally Muinami,2640.1
150,Sodiq Salaudeen,1396.6
150,Soumaya,607.5
150,Steve Nolan,365.1
151,Abderrahmane Boukhaled,1265.9
151,Basirat Adeyemo,3600.6
151,Charlotte Smith,100.0
151,David Ekpo,1113.8
151,Emmanuela Odoh,915.6
151,Eno-obong Udofia,620.2
151,Ethan Toudic,980.3
151,Gianna Cavacuiti,1175.6
151,James hushon,1328.7
151,Joy Ojeabulu,2392.9
151,Lesley Nyonggesa,598.4
151,Luca Marlowe,1974.7
151,Michael Adewumi,1096.9
151,Mimy Kanza,1848.3
151,Otito,3105.1
151,Rael,1432.5
151,Rashida kinattingalakath,1219.6
151,Remy,683.9
151,Rosie Birch,201.6
151,Rufkat Adetola oladipo,1516.1
151,Sally Muinami,608.9
151,Sodiq Salaudeen,728.0
151,Soumaya,869.2
151,Steve Nolan,2241.5
152,Abderrahmane Boukhaled,1431.4
152,Basirat Adeyemo,524.7
152,Charlotte Smith,1810.3
152,David Ekpo,555.2
152,Emmanuela Odoh,767.4
152,Eno-obong Udofia,1170.4
152,Ethan Toudic,1136.5
152,Gianna Cavacuiti,784.0
152,James hushon,1957.1
152,Joy Ojeabulu,2010.2
152,Lesley Nyonggesa,2161.2
152,Luca Marlowe,1133.5
152,Michael Adewumi,941.1
152,Mimy Kanza,834.9
152,Otito,1765.4
152,Rael,992.8
152,Rashida kinattingalakath,1118.5
152,Remy,594.0
152,Rosie Birch,2053.4
152,Rufkat Adetola oladipo,659.1
152,Sally Muinami,2650.7
152,Sodiq Salaudeen,375.4
152,Soumaya,801.5
152,Steve Nolan,1175.1
153,Abderrahmane Boukhaled,1319.6
153,Basirat Adeyemo,499.1
153,Charlotte Smith,1407.0
153,David Ekpo,244.2
153,Emmanuela Odoh,1541.4
153,Eno-obong Udofia,2088.0
153,Ethan Toudic,1223.8
153,Gianna Cavacuiti,186.1
153,James hushon,1406.5
153,Joy Ojeabulu,697.9
153,Lesley Nyonggesa,2228.2
153,Luca Marlowe,1190.0
153,Michael Adewumi,871.6
153,Mimy Kanza,1631.4
153,Otito,756.6
153,Rael,1103.9
153,Rashida kinattingalakath,908.6
153,Remy,1670.8
153,Rosie Birch,638.0
153,Rufkat Adetola oladipo,594.7
153,Sally Muinami,301.0
153,Sodiq Salaudeen,1225.1
153,Soumaya,1144.9
153,Steve Nolan,507.2
154,Abderrahmane Boukhaled,322.2
154,Basirat Adeyemo,1599.4
154,Charlotte Smith,1858.3
154,David Ekpo,517.3
154,Emmanuela Odoh,2080.7
154,Eno-obong Udofia,227.0
154,Ethan Toudic,1832.9
154,Gianna Cavacuiti,608.0
154,James hushon,1461.1
154,Joy Ojeabulu,1679.1
154,Lesley Nyonggesa,2007.3
154,Luca Marlowe,1257.0
154,Michael Adewumi,941.9
154,Mimy Kanza,562.4
154,Otito,2392.0
154,Rael,1970.3
154,Rashida kinattingalakath,1246.3
154,Remy,1058.7
154,Rosie Birch,1783.3
154,Rufkat Adetola oladipo,154.8
154,Sally Muinami,1325.3
154,Sodiq Salaudeen,463.0
154,Soumaya,2304.7
154,Steve Nolan,1370.8
155,Abderrahmane Boukhaled,843.4
155,Basirat Adeyemo,748.6
155,Charlotte Smith,587.1
155,David Ekpo,411.2
155,Emmanuela Odoh,2118.2
155,Eno-obong Udofia,2553.4
155,Ethan Toudic,583.2
155,Gianna Cavacuiti,1936.9
155,James hushon,1747.2
155,Joy Ojeabulu,532.0
155,Lesley Nyonggesa,1279.0
155,Luca Marlowe,1442.0
155,Michael Adewumi,252.8
155,Mimy Kanza,1599.7
155,Otito,1107.8
155,Rael,633.2
155,Rashida kinattingalakath,1342.3
155,Remy,2751.8
155,Rosie Birch,557.1
155,Rufkat Adetola oladipo,439.0
155,Sally Muinami,1447.6
155,Sodiq Salaudeen,1297.2
155,Soumaya,673.3
155,Steve Nolan,418.5
156,Abderrahmane Boukhaled,1609.3
156,Basirat Adeyemo,1412.7
156,Charlotte Smith,1245.4
156,David Ekpo,758.3
156,Emmanuela Odoh,1169.6
156,Eno-obong Udofia,2375.9
156,Ethan Toudic,2227.5
156,Gianna Cavacuiti,1238.4
156,James hushon,2764.5
156,Joy Ojeabulu,254.4
156,Lesley Nyonggesa,1058.3
156,Luca Marlowe,1356.8
156,Michael Adewumi,1095.9
156,Mimy Kanza,320.5
156,Otito,2794.3
156,Rael,1500.6
156,Rashida kinattingalakath,1245.6
156,Remy,100.1
156,Rosie Birch,268.6
156,Rufkat Adetola oladipo,454.6
156,Sally Muinami,335.0
156,Sodiq Salaudeen,1570.5
156,Soumaya,1396.0
156,Steve Nolan,301.0
157,Abderrahmane Boukhaled,232.5
157,Basirat Adeyemo,584.0
157,Charlotte Smith,1296.2
157,David Ekpo,825.0
157,Emmanuela Odoh,485.6
157,Eno-obong Udofia,1492.2
157,Ethan Toudic,1405.7
157,Gianna Cavacuiti,719.2
157,James hushon,122.8
157,Joy Ojeabulu,348.3
157,Lesley Nyonggesa,1583.5
157,Luca Marlowe,612.4
157,Michael Adewumi,1881.0
157,Mimy Kanza,2881.9
157,Otito,1494.3
157,Rael,1123.1
157,Rashida kinattingalakath,298.2
157,Remy,831.7
157,Rosie Birch,808.1
157,Rufkat Adetola oladipo,1877.9
157,Sally Muinami,2480.0
157,Sodiq Salaudeen,922.3
157,Soumaya,1507.8
157,Steve Nolan,1781.6
158,Abderrahmane Boukhaled,282.7
158,Basirat Adeyemo,2247.6
158,Charlotte Smith,1409.1
158,David Ekpo,1437.5
158,Emmanuela Odoh,824.2
158,Eno-obong Udofia,1610.7
158,Ethan Toudic,1804.5
158,Gianna Cavacuiti,633.6
158,James hushon,799.3
158,Joy Ojeabulu,326.6
158,Lesley Nyonggesa,511.4
158,Luca Marlowe,571.5
158,Michael Adewumi,1230.7
158,Mimy Kanza,307.1
158,Otito,2770.1
158,Rael,547.8
158,Rashida kinattingalakath,794.4
158,Remy,2462.5
158,Rosie Birch,1143.6
158,Rufkat Adetola oladipo,798.7
158,Sally Muinami,1734.0
158,Sodiq Salaudeen,2096.7
158,Soumaya,1307.1
158,Steve Nolan,886.5
159,Abderrahmane Boukhaled,1168.2
159,Basirat Adeyemo,119.1
159,Charlotte Smith,766.4
159,David Ekpo,415.8
159,Emmanuela Odoh,953.2
159,Eno-obong Udofia,330.4
159,Ethan Toudic,3033.4
159,Gianna Cavacuiti,1412.3
159,James hushon,2074.6
159,Joy Ojeabulu,1237.9
159,Lesley Nyonggesa,2337.3
159,Luca Marlowe,1565.1
159,Michael Adewumi,1451.5
159,Mimy Kanza,1043.0
159,Otito,1590.0
159,Rael,1207.1
159,Rashida kinattingalakath,2166.5
159,Remy,1511.5
159,Rosie Birch,1385.1
159,Rufkat Adetola oladipo,1134.6
159,Sally Muinami,1503.4
159,Sodiq Salaudeen,398.0
159,Soumaya,3006.8
159,Steve Nolan,1050.0
160,Abderrahmane Boukhaled,1076.1
160,Basirat Adeyemo,1384.9
160,Charlotte Smith,321.0
160,David Ekpo,2171.4
160,Emmanuela Odoh,1633.9
160,Eno-obong Udofia,398.0
160,Ethan Toudic,2491.2
160,Gianna Cavacuiti,411.9
160,James hushon,1209.3
160,Joy Ojeabulu,3031.0
160,Lesley Nyonggesa,2355.4
160,Luca Marlowe,2080.9
160,Michael Adewumi,323.4
160,Mimy Kanza,1612.0
160,Otito,1534.2
160,Rael,195.7
160,Rashida kinattingalakath,844.6
160,Remy,380.7
160,Rosie Birch,1027.1
160,Rufkat Adetola oladipo,1252.4
160,Sally Muinami,151.0
160,Sodiq Salaudeen,1229.0
160,Soumaya,565.4
160,Steve Nolan,847.2
161,Abderrahmane Boukhaled,1569.8
161,Basirat Adeyemo,251.4
161,Charlotte Smith,225.4
161,David Ekpo,2160.9
161,Emmanuela Odoh,308.4
161,Eno-obong Udofia,1222.5
161,Ethan Toudic,1050.2
161,Gianna Cavacuiti,1117.0
161,James hushon,1013.1
161,Joy Ojeabulu,1299.8
161,Lesley Nyonggesa,1226.9
161,Luca Marlowe,1058.1
161,Michael Adewumi,492.7
161,Mimy Kanza,1404.4
161,Otito,797.9
161,Rael,855.8
161,Rashida kinattingalakath,513.0
161,Remy,2486.4
161,Rosie Birch,1229.5
161,Rufkat Adetola oladipo,2245.4
161,Sally Muinami,1973.6
161,Sodiq Salaudeen,2670.5
161,Soumaya,943.6
161,Steve Nolan,1304.6
162,Abderrahmane Boukhaled,1096.8
162,Basirat Adeyemo,465.8
162,Charlotte Smith,1225.1
162,David Ekpo,783.6
162,Emmanuela Odoh,2139.6
162,Eno-obong Udofia,1262.9
162,Ethan Toudic,1893.2
162,Gianna Cavacuiti,2895.7
162,James hushon,2541.2
162,Joy Ojeabulu,1122.0
162,Lesley Nyonggesa,2299.2
162,Luca Marlowe,760.0
162,Michael Adewumi,989.2
162,Mimy Kanza,1261.5
162,Otito,2587.8
162,Rael,1112.4
162,Rashida kinattingalakath,996.7
162,Remy,1431.4
162,Rosie Birch,1054.3
162,Rufkat Adetola oladipo,2041.0
162,Sally Muinami,1999.4
162,Sodiq Salaudeen,480.6
162,Soumaya,2002.0
162,Steve Nolan,1754.4
163,Abderrahmane Boukhaled,1111.6
163,Basirat Adeyemo,100.0
163,Charlotte Smith,2328.6
163,David Ekpo,1350.3
163,Emmanuela Odoh,1546.5
163,Eno-obong Udofia,1042.1
163,Ethan Toudic,266.8
163,Gianna Cavacuiti,520.3
163,James hushon,500.0
163,Joy Ojeabulu,1185.0
163,Lesley Nyonggesa,751.0
163,Luca Marlowe,824.5
163,Michael Adewumi,1168.9
163,Mimy Kanza,624.9
163,Otito,2314.3
163,Rael,1069.5
163,Rashida kinattingalakath,1271.9
163,Remy,2576.2
163,Rosie Birch,1658.2
163,Rufkat Adetola oladipo,217.1
163,Sally Muinami,324.3
163,Sodiq Salaudeen,777.1
163,Soumaya,1264.1
163,Steve Nolan,1507.6
164,Abderrahmane Boukhaled,526.0
164,Basirat Adeyemo,1253.6
164,Charlotte Smith,753.1
164,David Ekpo,259.5
164,Emmanuela Odoh,353.4
164,Eno-obong Udofia,2152.0
164,Ethan Toudic,1134.3
164,Gianna Cavacuiti,1218.6
164,James hushon,1466.1
164,Joy Ojeabulu,842.6
164,Lesley Nyonggesa,1662.9
164,Luca Marlowe,1349.0
164,Michael Adewumi,1838.9
164,Mimy Kanza,1496.3
164,Otito,1442.0
164,Rael,1586.6
164,Rashida kinattingalakath,588.1
164,Remy,355.5
164,Rosie Birch,820.8
164,Rufkat Adetola oladipo,1897.6
164,Sally Muinami,1926.7
164,Sodiq Salaudeen,435.4
164,Soumaya,1314.2
164,Steve Nolan,721.0
165,Abderrahmane Boukhaled,610.1
165,Basirat Adeyemo,1272.8
165,Charlotte Smith,333.0
165,David Ekpo,810.9
165,Emmanuela Odoh,1707.0
165,Eno-obong Udofia,1855.2
165,Ethan Toudic,1263.7
165,Gianna Cavacuiti,1505.1
165,James hushon,524.2
165,Joy Ojeabulu,1435.8
165,Lesley Nyonggesa,617.7
165,Luca Marlowe,2154.6
165,Michael Adewumi,2119.2
165,Mimy Kanza,880.7
165,Otito,1209.0
165,Rael,837.6
165,Rashida kinattingalakath,1656.8
165,Remy,679.4
165,Rosie Birch,1267.1
165,Rufkat Adetola oladipo,730.5
165,Sally Muinami,2342.7
165,Sodiq Salaudeen,2381.6
165,Soumaya,1637.4
165,Steve Nolan,2420.7
166,Abderrahmane Boukhaled,1986.8
166,Basirat Adeyemo,836.4
166,Charlotte Smith,1363.2
166,David Ekpo,1639.0
166,Emmanuela Odoh,899.0
166,Eno-obong Udofia,935.5
166,Ethan Toudic,1145.3
166,Gianna Cavacuiti,638.6
166,James hushon,637.7
166,Joy Ojeabulu,789.3
166,Lesley Nyonggesa,505.1
166,Luca Marlowe,1398.8
166,Michael Adewumi,2126.6
166,Mimy Kanza,1081.9
166,Otito,1552.6
166,Rael,879.3
166,Rashida kinattingalakath,1666.5
166,Remy,3026.8
166,Rosie Birch,655.8
166,Rufkat Adetola oladipo,614.7
166,Sally Muinami,857.2
166,Sodiq Salaudeen,1205.3
166,Soumaya,651.8
166,Steve Nolan,1038.9
167,Abderrahmane Boukhaled,2326.2
167,Basirat Adeyemo,1390.7
167,Charlotte Smith,211.6
167,David Ekpo,870.0
167,Emmanuela Odoh,728.8
167,Eno-obong Udofia,1133.2
167,Ethan Toudic,1328.1
167,Gianna Cavacuiti,979.0
167,James hushon,3192.4
167,Joy Ojeabulu,368.8
167,Lesley Nyonggesa,1550.2
167,Luca Marlowe,2141.0
167,Michael Adewumi,1535.0
167,Mimy Kanza,324.2
167,Otito,2383.9
167,Rael,1547.6
167,Rashida kinattingalakath,862.3
167,Remy,2048.1
167,Rosie Birch,535.9
167,Rufkat Adetola oladipo,2512.3
167,Sally Muinami,513.4
167,Sodiq Salaudeen,1157.3
167,Soumaya,810.4
167,Steve Nolan,1318.0
168,Abderrahmane Boukhaled,110.5
168,Basirat Adeyemo,1838.6
168,Charlotte Smith,507.1
168,David Ekpo,1548.4
168,Emmanuela Odoh,2466.8
168,Eno-obong Udofia,2580.2
168,Ethan Toudic,100.0
168,Gianna Cavacuiti,2016.2
168,James hushon,1842.9
168,Joy Ojeabulu,1319.3
168,Lesley Nyonggesa,564.5
168,Luca Marlowe,544.1
168,Michael Adewumi,1397.3
168,Mimy Kanza,1417.5
168,Otito,804.9
168,Rael,2406.5
168,Rashida kinattingalakath,483.2
168,Remy,903.0
168,Rosie Birch,2347.4
168,Rufkat Adetola oladipo,2381.3
168,Sally Muinami,1806.4
168,Sodiq Salaudeen,1221.4
168,Soumaya,1216.4
168,Steve Nolan,906.7
169,Abderrahmane Boukhaled,367.4
169,Basirat Adeyemo,1554.8
169,Charlotte Smith,1599.7
169,David Ekpo,952.2
169,Emmanuela Odoh,1379.2
169,Eno-obong Udofia,1034.3
169,Ethan Toudic,284.6
169,Gianna Cavacuiti,1698.1
169,James hushon,1315.0
169,Joy Ojeabulu,525.0
169,Lesley Nyonggesa,875.5
169,Luca Marlowe,2250.8
169,Michael Adewumi,281.4
169,Mimy Kanza,893.8
169,Otito,369.6
169,Rael,1118.2
169,Rashida kinattingalakath,744.0
169,Remy,787.4
169,Rosie Birch,2138.6
169,Rufkat Adetola oladipo,2150.7
169,Sally Muinami,1142.6
169,Sodiq Salaudeen,658.4
169,Soumaya,212.0
169,Steve Nolan,1654.5
170,Abderrahmane Boukhaled,2127.3
170,Basirat Adeyemo,963.4
170,Charlotte Smith,2656.3
170,David Ekpo,685.7
170,Emmanuela Odoh,800.8
170,Eno-obong Udofia,2198.9
170,Ethan Toudic,916.1
170,Gianna Cavacuiti,651.5
170,James hushon,308.1
170,Joy Ojeabulu,110.7
170,Lesley Nyonggesa,1894.0
170,Luca Marlowe,960.3
170,Michael Adewumi,648.8
170,Mimy Kanza,1014.9
170,Otito,2269.6
170,Rael,1385.7
170,Rashida kinattingalakath,1753.5
170,Remy,1362.2
170,Rosie Birch,1287.5
170,Rufkat Adetola oladipo,541.2
170,Sally Muinami,1516.4
170,Sodiq Salaudeen,683.1
170,Soumaya,1980.8
170,Steve Nolan,2807.8
171,Abderrahmane Boukhaled,1543.1
171,Basirat Adeyemo,2966.3
171,Charlotte Smith,966.4
171,David Ekpo,1930.9
171,Emmanuela Odoh,567.6
171,Eno-obong Udofia,1248.8
171,Ethan Toudic,3055.3
171,Gianna Cavacuiti,560.9
171,James hushon,2259.3
171,Joy Ojeabulu,100.0
171,Lesley Nyonggesa,1151.9
171,Luca Marlowe,891.9
171,Michael Adewumi,188.0
171,Mimy Kanza,1292.9
171,Otito,2028.6
171,Rael,520.9
171,Rashida kinattingalakath,1491.1
171,Remy,317.6
171,Rosie Birch,461.9
171,Rufkat Adetola oladipo,1872.5
171,Sally Muinami,373.1
171,Sodiq Salaudeen,850.2
171,Soumaya,734.1
171,Steve Nolan,714.6
172,Abderrahmane Boukhaled,1449.5
172,Basirat Adeyemo,2163.7
172,Charlotte Smith,1678.8
172,David Ekpo,1837.8
172,Emmanuela Odoh,2116.8
172,Eno-obong Udofia,1769.2
172,Ethan Toudic,2300.5
172,Gianna Cavacuiti,1952.6
172,James hushon,1879.5
172,Joy Ojeabulu,2509.6
172,Lesley Nyonggesa,1377.8
172,Luca Marlowe,840.5
172,Michael Adewumi,791.8
172,Mimy Kanza,1226.2
172,Otito,1934.5
172,Rael,3536.3
172,Rashida kinattingalakath,1128.6
172,Remy,394.2
172,Rosie Birch,1713.2
172,Rufkat Adetola oladipo,950.2
172,Sally Muinami,797.1
172,Sodiq Salaudeen,1037.0
172,Soumaya,1227.2
172,Steve Nolan,427.2
173,Abderrahmane Boukhaled,1224.0
173,Basirat Adeyemo,1162.8
173,Charlotte Smith,1694.0
173,David Ekpo,752.0
173,Emmanuela Odoh,1026.5
173,Eno-obong Udofia,2510.0
173,Ethan Toudic,1286.3
173,Gianna Cavacuiti,2287.0
173,James hushon,1057.8
173,Joy Ojeabulu,837.5
173,Lesley Nyonggesa,1065.6
173,Luca Marlowe,982.5
173,Michael Adewumi,1562.7
173,Mimy Kanza,1378.0
173,Otito,1093.3
173,Rael,1333.8
173,Rashida kinattingalakath,1583.1
173,Remy,2548.1
173,Rosie Birch,672.7
173,Rufkat Adetola oladipo,309.6
173,Sally Muinami,1382.6
173,Sodiq Salaudeen,530.3
173,Soumaya,1307.3
173,Steve Nolan,1357.1
174,Abderrahmane Boukhaled,1305.0
174,Basirat Adeyemo,1462.1
174,Charlotte Smith,3008.0
174,David Ekpo,1298.7
174,Emmanuela Odoh,1614.7
174,Eno-obong Udofia,155.2
174,Ethan Toudic,1163.9
174,Gianna Cavacuiti,1093.4
174,James hushon,1320.0
174,Joy Ojeabulu,143.0
174,Lesley Nyonggesa,932.0
174,Luca Marlowe,1410.9
174,Michael Adewumi,712.4
174,Mimy Kanza,1853.0
174,Otito,1463.1
174,Rael,1193.8
174,Rashida kinattingalakath,301.9
174,Remy,608.2
174,Rosie Birch,1892.4
174,Rufkat Adetola oladipo,1328.5
174,Sally Muinami,742.9
174,Sodiq Salaudeen,1155.4
174,Soumaya,505.0
174,Steve Nolan,557.2
175,Abderrahmane Boukhaled,815.7
175,Basirat Adeyemo,1350.6
175,Charlotte Smith,781.5
175,David Ekpo,1601.1
175,Emmanuela Odoh,1889.9
175,Eno-obong Udofia,2149.5
175,Ethan Toudic,1075.2
175,Gianna Cavacuiti,684.1
175,James hushon,2251.1
175,Joy Ojeabulu,1029.5
175,Lesley Nyonggesa,1095.5
175,Luca Marlowe,1693.3
175,Michael Adewumi,1434.6
175,Mimy Kanza,2278.4
175,Otito,1520.7
175,Rael,1353.8
175,Rashida kinattingalakath,1578.0
175,Remy,1303.1
175,Rosie Birch,740.0
175,Rufkat Adetola oladipo,1668.4
175,Sally Muinami,2132.4
175,Sodiq Salaudeen,683.9
175,Soumaya,1509.8
175,Steve Nolan,1620.1
176,Abderrahmane Boukhaled,849.7
176,Basirat Adeyemo,1227.0
176,Charlotte Smith,1489.2
176,David Ekpo,1159.3
176,Emmanuela Odoh,736.5
176,Eno-obong Udofia,376.3
176,Ethan Toudic,1200.0
176,Gianna Cavacuiti,884.8
176,James hushon,817.7
176,Joy Ojeabulu,293.6
176,Lesley Nyonggesa,285.3
176,Luca Marlowe,242.1
176,Michael Adewumi,722.3
176,Mimy Kanza,1493.1
176,Otito,2396.2
176,Rael,485.2
176,Rashida kinattingalakath,2075.6
176,Remy,222.7
176,Rosie Birch,3056.0
176,Rufkat Adetola oladipo,1240.8
176,Sally Muinami,1263.5
176,Sodiq Salaudeen,1783.8
176,Soumaya,812.1
176,Steve Nolan,763.6
177,Abderrahmane Boukhaled,822.7
177,Basirat Adeyemo,1533.6
177,Charlotte Smith,171.7
177,David Ekpo,807.8
177,Emmanuela Odoh,100.0
177,Eno-obong Udofia,1855.2
177,Ethan Toudic,585.9
177,Gianna Cavacuiti,1197.8
177,James hushon,346.7
177,Joy Ojeabulu,172.5
177,Lesley Nyonggesa,1523.0
177,Luca Marlowe,1392.9
177,Michael Adewumi,965.6
177,Mimy Kanza,2145.9
177,Otito,1503.0
177,Rael,1980.8
177,Rashida kinattingalakath,2153.3
177,Remy,1460.2
177,Rosie Birch,569.3
177,Rufkat Adetola oladipo,1315.1
177,Sally Muinami,827.4
177,Sodiq Salaudeen,1553.7
177,Soumaya,877.1
177,Steve Nolan,1048.3
178,Abderrahmane Boukhaled,453.2
178,Basirat Adeyemo,2177.1
178,Charlotte Smith,1742.5
178,David Ekpo,559.4
178,Emmanuela Odoh,3004.5
178,Eno-obong Udofia,723.4
178,Ethan Toudic,2157.6
178,Gianna Cavacuiti,767.9
178,James hushon,966.4
178,Joy Ojeabulu,1549.6
178,Lesley Nyonggesa,2062.8
178,Luca Marlowe,2283.0
178,Michael Adewumi,2449.7
178,Mimy Kanza,1064.4
178,Otito,1615.4
178,Rael,1093.8
178,Rashida kinattingalakath,777.4
178,Remy,635.3
178,Rosie Birch,1933.6
178,Rufkat Adetola oladipo,852.1
178,Sally Muinami,1611.7
178,Sodiq Salaudeen,953.4
178,Soumaya,1119.6
178,Steve Nolan,2246.6
179,Abderrahmane Boukhaled,593.0
179,Basirat Adeyemo,1608.8
179,Charlotte Smith,2358.5
179,David Ekpo,100.0
179,Emmanuela Odoh,1101.8
179,Eno-obong Udofia,429.5
179,Ethan Toudic,143.2
179,Gianna Cavacuiti,324.5
179,James hushon,1042.9
179,Joy Ojeabulu,113.4
179,Lesley Nyonggesa,237.4
179,Luca Marlowe,609.0
179,Michael Adewumi,2800.3
179,Mimy Kanza,1637.5
179,Otito,504.3
179,Rael,485.4
179,Rashida kinattingalakath,503.7
179,Remy,1623.2
179,Rosie Birch,918.2
179,Rufkat Adetola oladipo,2650.0
179,Sally Muinami,2164.7
179,Sodiq Salaudeen,1200.0
179,Soumaya,911.4
179,Steve Nolan,916.3
180,Abderrahmane Boukhaled,907.8
180,Basirat Adeyemo,2130.7
180,Charlotte Smith,2633.1
180,David Ekpo,523.8
180,Emmanuela Odoh,1650.4
180,Eno-obong Udofia,559.5
180,Ethan Toudic,1626.0
180,Gianna Cavacuiti,2363.5
180,James hushon,658.4
180,Joy Ojeabulu,436.7
180,Lesley Nyonggesa,1808.1
180,Luca Marlowe,1712.9
180,Michael Adewumi,2007.2
180,Mimy Kanza,2312.2
180,Otito,151.2
180,Rael,1416.8
180,Rashida kinattingalakath,1443.8
180,Remy,1546.4
180,Rosie Birch,794.2
180,Rufkat Adetola oladipo,1606.6
180,Sally Muinami,864.6
180,Sodiq Salaudeen,536.4
180,Soumaya,1710.8
180,Steve Nolan,2005.2
181,Abderrahmane Boukhaled,1925.6
181,Basirat Adeyemo,100.0
181,Charlotte Smith,1111.9
181,David Ekpo,1089.8
181,Emmanuela Odoh,690.6
181,Eno-obong Udofia,1200.4
181,Ethan Toudic,474.5
181,Gianna Cavacuiti,1400.7
181,James hushon,1469.0
181,Joy Ojeabulu,1907.7
181,Lesley Nyonggesa,1540.3
181,Luca Marlowe,1442.5
181,Michael Adewumi,469.9
181,Mimy Kanza,494.4
181,Otito,1387.5
181,Rael,993.6
181,Rashida kinattingalakath,1013.4
181,Remy,1463.0
181,Rosie Birch,955.3
181,Rufkat Adetola oladipo,198.6
181,Sally Muinami,1176.2
181,Sodiq Salaudeen,2803.1
181,Soumaya,3220.2
181,Steve Nolan,1653.2
182,Abderrahmane Boukhaled,1776.7
182,Basirat Adeyemo,2251.2
182,Charlotte Smith,657.0
182,David Ekpo,739.3
182,Emmanuela Odoh,708.3
182,Eno-obong Udofia,294.8
182,Ethan Toudic,2106.6
182,Gianna Cavacuiti,2427.9
182,James hushon,268.7
182,Joy Ojeabulu,1894.5
182,Lesley Nyonggesa,691.6
182,Luca Marlowe,1022.8
182,Michael Adewumi,403.9
182,Mimy Kanza,862.4
182,Otito,640.1
182,Rael,310.5
182,Rashida kinattingalakath,1684.4
182,Remy,1215.1
182,Rosie Birch,1489.6
182,Rufkat Adetola oladipo,909.5
182,Sally Muinami,966.8
182,Sodiq Salaudeen,1493.0
182,Soumaya,1984.7
182,Steve Nolan,2590.3
183,Abderrahmane Boukhaled,1296.4
183,Basirat Adeyemo,1184.5
183,Charlotte Smith,431.6
183,David Ekpo,2560.4
183,Emmanuela Odoh,1564.1
183,Eno-obong Udofia,1025.3
183,Ethan Toudic,596.2
183,Gianna Cavacuiti,192.3
183,James hushon,1113.4
183,Joy Ojeabulu,2062.8
183,Lesley Nyonggesa,1260.1
183,Luca Marlowe,1933.0
183,Michael Adewumi,2105.6
183,Mimy Kanza,596.0
183,Otito,513.4
183,Rael,483.0
183,Rashida kinattingalakath,880.0
183,Remy,2278.9
183,Rosie Birch,168.3
183,Rufkat Adetola oladipo,499.9
183,Sally Muinami,1862.2
183,Sodiq Salaudeen,1778.4
183,Soumaya,229.2
183,Steve Nolan,1491.4
184,Abderrahmane Boukhaled,2648.2
184,Basirat Adeyemo,2333.4
184,Charlotte Smith,338.2
184,David Ekpo,1338.1
184,Emmanuela Odoh,830.1
184,Eno-obong Udofia,653.8
184,Ethan Toudic,579.2
184,Gianna Cavacuiti,748.1
184,James hushon,2145.1
184,Joy Ojeabulu,772.5
184,Lesley Nyonggesa,1787.5
184,Luca Marlowe,1342.4
184,Michael Adewumi,1367.9
184,Mimy Kanza,261.8
184,Otito,1610.6
184,Rael,1158.8
184,Rashida kinattingalakath,606.6
184,Remy,1035.0
184,Rosie Birch,845.2
184,Rufkat Adetola oladipo,1913.4
184,Sally Muinami,2856.2
184,Sodiq Salaudeen,1968.5
184,Soumaya,217.7
184,Steve Nolan,913.5
185,Abderrahmane Boukhaled,662.3
185,Basirat Adeyemo,1158.8
185,Charlotte Smith,235.1
185,David Ekpo,1297.9
185,Emmanuela Odoh,3025.2
185,Eno-obong Udofia,1020.1
185,Ethan Toudic,1510.6
185,Gianna Cavacuiti,867.0
185,James hushon,904.7
185,Joy Ojeabulu,1374.4
185,Lesley Nyonggesa,613.4
185,Luca Marlowe,797.2
185,Michael Adewumi,2358.9
185,Mimy Kanza,573.1
185,Otito,1558.9
185,Rael,803.1
185,Rashida kinattingalakath,445.9
185,Remy,3117.5
185,Rosie Birch,1547.6
185,Rufkat Adetola oladipo,924.4
185,Sally Muinami,1146.4
185,Sodiq Salaudeen,537.1
185,Soumaya,853.5
185,Steve Nolan,1156.9
186,Abderrahmane Boukhaled,885.2
186,Basirat Adeyemo,1283.2
186,Charlotte Smith,1167.9
186,David Ekpo,1854.6
186,Emmanuela Odoh,2064.3
186,Eno-obong Udofia,600.6
186,Ethan Toudic,1366.4
186,Gianna Cavacuiti,523.4
186,James hushon,2011.7
186,Joy Ojeabulu,246.8
186,Lesley Nyonggesa,979.2
186,Luca Marlowe,1455.2
186,Michael Adewumi,1215.8
186,Mimy Kanza,1288.5
186,Otito,771.8
186,Rael,1162.3
186,Rashida kinattingalakath,614.3
186,Remy,2555.2
186,Rosie Birch,1094.4
186,Rufkat Adetola oladipo,1362.6
186,Sally Muinami,1026.1
186,Sodiq Salaudeen,782.0
186,Soumaya,261.2
186,Steve Nolan,1918.0
187,Abderrahmane Boukhaled,1125.7
187,Basirat Adeyemo,1477.0
187,Charlotte Smith,1625.1
187,David Ekpo,1479.2
187,Emmanuela Odoh,588.8
187,Eno-obong Udofia,1505.5
187,Ethan Toudic,372.2
187,Gianna Cavacuiti,1424.6
187,James hushon,283.4
187,Joy Ojeabulu,2445.5
187,Lesley Nyonggesa,1878.7
187,Luca Marlowe,3634.3
187,Michael Adewumi,1696.1
187,Mimy Kanza,1556.9
187,Otito,1198.6
187,Rael,2427.3
187,Rashida kinattingalakath,1134.2
187,Remy,716.6
187,Rosie Birch,976.1
187,Rufkat Adetola oladipo,1046.8
187,Sally Muinami,2826.1
187,Sodiq Salaudeen,178.5
187,Soumaya,1374.1
187,Steve Nolan,992.9
188,Abderrahmane Boukhaled,770.3
188,Basirat Adeyemo,1722.7
188,Charlotte Smith,1529.7
188,David Ekpo,230.7
188,Emmanuela Odoh,872.9
188,Eno-obong Udofia,549.4
188,Ethan Toudic,1097.9
188,Gianna Cavacuiti,1634.0
188,James hushon,653.5
188,Joy Ojeabulu,1534.6
188,Lesley Nyonggesa,1893.4
188,Luca Marlowe,283.4
188,Michael Adewumi,1016.9
188,Mimy Kanza,1063.0
188,Otito,2766.4
188,Rael,1455.1
188,Rashida kinattingalakath,934.9
188,Remy,831.8
188,Rosie Birch,1452.0
188,Rufkat Adetola oladipo,1255.6
188,Sally Muinami,1052.8
188,Sodiq Salaudeen,376.0
188,Soumaya,3028.4
188,Steve Nolan,888.4
189,Abderrahmane Boukhaled,658.7
189,Basirat Adeyemo,1468.3
189,Charlotte Smith,1605.5
189,David Ekpo,672.3
189,Emmanuela Odoh,980.6
189,Eno-obong Udofia,429.6
189,Ethan Toudic,1297.5
189,Gianna Cavacuiti,1583.4
189,James hushon,940.5
189,Joy Ojeabulu,2246.5
189,Lesley Nyonggesa,829.4
189,Luca Marlowe,1832.9
189,Michael Adewumi,840.9
189,Mimy Kanza,1895.3
189,Otito,640.6
189,Rael,2601.0
189,Rashida kinattingalakath,632.4
189,Remy,1400.6
189,Rosie Birch,808.2
189,Rufkat Adetola oladipo,172.2
189,Sally Muinami,1158.6
189,Sodiq Salaudeen,1720.2
189,Soumaya,548.1
189,Steve Nolan,920.0
190,Abderrahmane Boukhaled,940.7
190,Basirat Adeyemo,1379.8
190,Charlotte Smith,1649.2
190,David Ekpo,232.0
190,Emmanuela Odoh,967.4
190,Eno-obong Udofia,2306.8
190,Ethan Toudic,1915.6
190,Gianna Cavacuiti,1666.5
190,James hushon,1439.9
190,Joy Ojeabulu,2163.4
190,Lesley Nyonggesa,1098.0
190,Luca Marlowe,988.8
190,Michael Adewumi,897.5
190,Mimy Kanza,765.9
190,Otito,937.2
190,Rael,1216.0
190,Rashida kinattingalakath,197.7
190,Remy,113.3
190,Rosie Birch,546.1
190,Rufkat Adetola oladipo,188.4
190,Sally Muinami,276.7
190,Sodiq Salaudeen,1861.4
190,Soumaya,1109.0
190,Steve Nolan,1384.7
191,Abderrahmane Boukhaled,2016.8
191,Basirat Adeyemo,451.4
191,Charlotte Smith,2104.8
191,David Ekpo,3043.5
191,Emmanuela Odoh,444.1
191,Eno-obong Udofia,785.3
191,Ethan Toudic,2379.6
191,Gianna Cavacuiti,1194.7
191,James hushon,2136.0
191,Joy Ojeabulu,2478.6
191,Lesley Nyonggesa,1266.7
191,Luca Marlowe,1404.8
191,Michael Adewumi,1394.0
191,Mimy Kanza,1625.7
191,Otito,165.5
191,Rael,2565.7
191,Rashida kinattingalakath,2283.4
191,Remy,2928.6
191,Rosie Birch,1059.7
191,Rufkat Adetola oladipo,1124.4
191,Sally Muinami,1908.8
191,Sodiq Salaudeen,344.0
191,Soumaya,1693.9
191,Steve Nolan,1787.1
192,Abderrahmane Boukhaled,569.2
192,Basirat Adeyemo,889.2
192,Charlotte Smith,574.8
192,David Ekpo,1642.5
192,Emmanuela Odoh,539.0
192,Eno-obong Udofia,1749.8
192,Ethan Toudic,1406.0
192,Gianna Cavacuiti,1186.0
192,James hushon,912.2
192,Joy Ojeabulu,168.7
192,Lesley Nyonggesa,618.0
192,Luca Marlowe,552.6
192,Michael Adewumi,1078.9
192,Mimy Kanza,1493.9
192,Otito,1673.6
192,Rael,1868.3
192,Rashida kinattingalakath,1539.6
192,Remy,2967.4
192,Rosie Birch,1715.2
192,Rufkat Adetola oladipo,614.9
192,Sally Muinami,798.9
192,Sodiq Salaudeen,2068.2
192,Soumaya,1250.6
192,Steve Nolan,1237.6
193,Abderrahmane Boukhaled,609.6
193,Basirat Adeyemo,312.6
193,Charlotte Smith,1572.0
193,David Ekpo,1463.8
193,Emmanuela Odoh,1101.1
193,Eno-obong Udofia,1964.5
193,Ethan Toudic,2140.9
193,Gianna Cavacuiti,1271.0
193,James hushon,1465.3
193,Joy Ojeabulu,155.8
193,Lesley Nyonggesa,628.4
193,Luca Marlowe,1774.2
193,Michael Adewumi,1487.9
193,Mimy Kanza,435.8
193,Otito,1150.3
193,Rael,857.9
193,Rashida kinattingalakath,594.8
193,Remy,890.3
193,Rosie Birch,1685.1
193,Rufkat Adetola oladipo,1581.8
193,Sally Muinami,2579.8
193,Sodiq Salaudeen,2082.2
193,Soumaya,771.8
193,Steve Nolan,2080.8
194,Abderrahmane Boukhaled,1711.6
194,Basirat Adeyemo,1164.1
194,Charlotte Smith,748.2
194,David Ekpo,2302.7
194,Emmanuela Odoh,263.7
194,Eno-obong Udofia,484.6
194,Ethan Toudic,1493.8
194,Gianna Cavacuiti,2526.6
194,James hushon,239.9
194,Joy Ojeabulu,2099.8
194,Lesley Nyonggesa,1536.7
194,Luca Marlowe,1374.4
194,Michael Adewumi,1018.6
194,Mimy Kanza,1001.8
194,Otito,793.6
194,Rael,498.3
194,Rashida kinattingalakath,1692.2
194,Remy,1653.5
194,Rosie Birch,1372.0
194,Rufkat Adetola oladipo,3131.4
194,Sally Muinami,1747.3
194,Sodiq Salaudeen,1548.7
194,Soumaya,412.1
194,Steve Nolan,2375.4
195,Abderrahmane Boukhaled,1764.5
195,Basirat Adeyemo,953.0
195,Charlotte Smith,916.8
195,David Ekpo,3561.6
195,Emmanuela Odoh,1228.6
195,Eno-obong Udofia,1502.8
195,Ethan Toudic,1604.8
195,Gianna Cavacuiti,1090.4
195,James hushon,1728.4
195,Joy Ojeabulu,760.3
195,Lesley Nyonggesa,402.0
195,Luca Marlowe,2403.9
195,Michael Adewumi,1156.8
195,Mimy Kanza,753.0
195,Otito,1756.3
195,Rael,304.8
195,Rashida kinattingalakath,352.3
195,Remy,904.8
195,Rosie Birch,1360.1
195,Rufkat Adetola oladipo,2432.8
195,Sally Muinami,749.6
195,Sodiq Salaudeen,396.8
195,Soumaya,2090.3
195,Steve Nolan,917.2
196,Abderrahmane Boukhaled,2210.3
196,Basirat Adeyemo,633.1
196,Charlotte Smith,786.5
196,David Ekpo,1543.6
196,Emmanuela Odoh,291.6
196,Eno-obong Udofia,2753.9
196,Ethan Toudic,3026.1
196,Gianna Cavacuiti,1992.6
196,James hushon,2273.0
196,Joy Ojeabulu,162.7
196,Lesley Nyonggesa,1347.3
196,Luca Marlowe,2118.7
196,Michael Adewumi,1774.0
196,Mimy Kanza,401.2
196,Otito,248.4
196,Rael,533.3
196,Rashida kinattingalakath,570.4
196,Remy,435.2
196,Rosie Birch,1414.5
196,Rufkat Adetola oladipo,1919.3
196,Sally Muinami,922.6
196,Sodiq Salaudeen,2007.2
196,Soumaya,977.5
196,Steve Nolan,1540.0
197,Abderrahmane Boukhaled,1425.2
197,Basirat Adeyemo,1919.0
197,Charlotte Smith,367.1
197,David Ekpo,997.2
197,Emmanuela Odoh,1599.1
197,Eno-obong Udofia,540.6
197,Ethan Toudic,1266.9
197,Gianna Cavacuiti,1391.5
197,James hushon,1480.6
197,Joy Ojeabulu,1495.7
197,Lesley Nyonggesa,1331.8
197,Luca Marlowe,1979.9
197,Michael Adewumi,2652.1
197,Mimy Kanza,1141.4
197,Otito,2348.3
197,Rael,1387.2
197,Rashida kinattingalakath,764.4
197,Remy,1557.1
197,Rosie Birch,673.9
197,Rufkat Adetola oladipo,1614.0
197,Sally Muinami,1584.6
197,Sodiq Salaudeen,462.4
197,Soumaya,845.8
197,Steve Nolan,525.7
198,Abderrahmane Boukhaled,2087.2
198,Basirat Adeyemo,1729.1
198,Charlotte Smith,1982.1
198,David Ekpo,1989.4
198,Emmanuela Odoh,1621.7
198,Eno-obong Udofia,202.5
198,Ethan Toudic,1296.1
198,Gianna Cavacuiti,792.6
198,James hushon,1291.4
198,Joy Ojeabulu,608.9
198,Lesley Nyonggesa,1943.0
198,Luca Marlowe,1512.5
198,Michael Adewumi,949.0
198,Mimy Kanza,995.1
198,Otito,675.8
198,Rael,147.5
198,Rashida kinattingalakath,1182.4
198,Remy,2838.0
198,Rosie Birch,1049.0
198,Rufkat Adetola oladipo,168.9
198,Sally Muinami,1711.8
198,Sodiq Salaudeen,1562.7
198,Soumaya,1551.2
198,Steve Nolan,1244.9
199,Abderrahmane Boukhaled,879.8
199,Basirat Adeyemo,1481.1
199,Charlotte Smith,978.6
199,David Ekpo,2007.2
199,Emmanuela Odoh,917.4
199,Eno-obong Udofia,1543.3
199,Ethan Toudic,1851.5
199,Gianna Cavacuiti,1177.5
199,James hushon,1750.5
199,Joy Ojeabulu,695.6
199,Lesley Nyonggesa,1524.7
199,Luca Marlowe,218.5
199,Michael Adewumi,114.7
199,Mimy Kanza,139.3
199,Otito,2376.2
199,Rael,3621.8
199,Rashida kinattingalakath,981.5
199,Remy,689.1
199,Rosie Birch,197.0
199,Rufkat Adetola oladipo,2496.8
199,Sally Muinami,152.2
199,Sodiq Salaudeen,414.1
199,Soumaya,616.0
199,Steve Nolan,2139.1
200,Abderrahmane Boukhaled,1857.9
200,Basirat Adeyemo,1635.3
200,Charlotte Smith,1471.5
200,David Ekpo,1724.5
200,Emmanuela Odoh,2877.5
200,Eno-obong Udofia,879.5
200,Ethan Toudic,1016.0
200,Gianna Cavacuiti,2158.3
200,James hushon,468.8
200,Joy Ojeabulu,1119.3
200,Lesley Nyonggesa,2440.7
200,Luca Marlowe,1151.3
200,Michael Adewumi,760.9
200,Mimy Kanza,2379.6
200,Otito,1971.9
200,Rael,289.6
200,Rashida kinattingalakath,1512.8
200,Remy,1791.7
200,Rosie Birch,3125.6
200,Rufkat Adetola oladipo,1415.3
200,Sally Muinami,1189.9
200,Sodiq Salaudeen,1438.1
200,Soumaya,2592.4
200,Steve Nolan,1644.9
201,Abderrahmane Boukhaled,1130.6
201,Basirat Adeyemo,1528.2
201,Charlotte Smith,579.6
201,David Ekpo,1938.9
201,Emmanuela Odoh,1230.8
201,Eno-obong Udofia,1721.7
201,Ethan Toudic,832.3
201,Gianna Cavacuiti,1404.6
201,James hushon,1587.1
201,Joy Ojeabulu,1753.1
201,Lesley Nyonggesa,1047.1
201,Luca Marlowe,1436.8
201,Michael Adewumi,2487.4
201,Mimy Kanza,911.2
201,Otito,471.6
201,Rael,929.0
201,Rashida kinattingalakath,837.3
201,Remy,2149.2
201,Rosie Birch,1356.8
201,Rufkat Adetola oladipo,2975.2
201,Sally Muinami,1369.5
201,Sodiq Salaudeen,2891.7
201,Soumaya,941.3
201,Steve Nolan,1082.7
202,Abderrahmane Boukhaled,1687.9
202,Basirat Adeyemo,940.5
202,Charlotte Smith,1087.2
202,David Ekpo,445.9
202,Emmanuela Odoh,1079.3
202,Eno-obong Udofia,1454.3
202,Ethan Toudic,1077.4
202,Gianna Cavacuiti,162.6
202,James hushon,906.2
202,Joy Ojeabulu,2251.4
202,Lesley Nyonggesa,1612.8
202,Luca Marlowe,2642.9
202,Michael Adewumi,470.2
202,Mimy Kanza,3528.0
202,Otito,1774.1
202,Rael,1286.2
202,Rashida kinattingalakath,748.4
202,Remy,2198.8
202,Rosie Birch,1202.3
202,Rufkat Adetola oladipo,2336.9
202,Sally Muinami,1288.4
202,Sodiq Salaudeen,857.1
202,Soumaya,749.4
202,Steve Nolan,1359.6
203,Abderrahmane Boukhaled,2091.6
203,Basirat Adeyemo,663.4
203,Charlotte Smith,764.3
203,David Ekpo,3484.8
203,Emmanuela Odoh,1278.8
203,Eno-obong Udofia,521.4
203,Ethan Toudic,1216.8
203,Gianna Cavacuiti,2611.1
203,James hushon,964.2
203,Joy Ojeabulu,364.8
203,Lesley Nyonggesa,843.7
203,Luca Marlowe,1200.5
203,Michael Adewumi,2258.4
203,Mimy Kanza,843.5
203,Otito,1023.5
203,Rael,878.9
203,Rashida kinattingalakath,1018.0
203,Remy,478.7
203,Rosie Birch,731.2
203,Rufkat Adetola oladipo,2209.1
203,Sally Muinami,1445.9
203,Sodiq Salaudeen,572.2
203,Soumaya,732.4
203,Steve Nolan,1032.2
204,Abderrahmane Boukhaled,1489.8
204,Basirat Adeyemo,902.4
204,Charlotte Smith,1124.7
204,David Ekpo,944.1
204,Emmanuela Odoh,916.8
204,Eno-obong Udofia,1368.4
204,Ethan Toudic,1072.1
204,Gianna Cavacuiti,199.8
204,James hushon,183.6
204,Joy Ojeabulu,1347.5
204,Lesley Nyonggesa,2010.0
204,Luca Marlowe,382.6
204,Michael Adewumi,1264.2
204,Mimy Kanza,760.4
204,Otito,1356.6
204,Rael,297.4
204,Rashida kinattingalakath,2078.9
204,Remy,2017.8
204,Rosie Birch,416.6
204,Rufkat Adetola oladipo,1122.9
204,Sally Muinami,837.0
204,Sodiq Salaudeen,593.7
204,Soumaya,1240.3
204,Steve Nolan,1813.2
205,Abderrahmane Boukhaled,1878.7
205,Basirat Adeyemo,1204.9
205,Charlotte Smith,3619.0
205,David Ekpo,1133.5
205,Emmanuela Odoh,2238.4
205,Eno-obong Udofia,1004.3
205,Ethan Toudic,2315.6
205,Gianna Cavacuiti,118.0
205,James hushon,2801.8
205,Joy Ojeabulu,1027.5
205,Lesley Nyonggesa,663.1
205,Luca Marlowe,1117.5
205,Michael Adewumi,643.2
205,Mimy Kanza,509.2
205,Otito,2362.8
205,Rael,779.4
205,Rashida kinattingalakath,1223.0
205,Remy,1878.0
205,Rosie Birch,2364.4
205,Rufkat Adetola oladipo,1473.0
205,Sally Muinami,258.2
205,Sodiq Salaudeen,2171.1
205,Soumaya,943.6
205,Steve Nolan,753.4
206,Abderrahmane Boukhaled,2008.6
206,Basirat Adeyemo,698.3
206,Charlotte Smith,2180.9
206,David Ekpo,1167.5
206,Emmanuela Odoh,258.3
206,Eno-obong Udofia,1005.3
206,Ethan Toudic,1078.9
206,Gianna Cavacuiti,1319.5
206,James hushon,2403.3
206,Joy Ojeabulu,439.9
206,Lesley Nyonggesa,1152.6
206,Luca Marlowe,1890.3
206,Michael Adewumi,1531.9
206,Mimy Kanza,1049.6
206,Otito,1627.1
206,Rael,824.8
206,Rashida kinattingalakath,2467.2
206,Remy,1436.1
206,Rosie Birch,533.8
206,Rufkat Adetola oladipo,1203.9
206,Sally Muinami,1248.1
206,Sodiq Salaudeen,2520.1
206,Soumaya,1148.5
206,Steve Nolan,962.4
207,Abderrahmane Boukhaled,501.8
207,Basirat Adeyemo,174.6
207,Charlotte Smith,1225.7
207,David Ekpo,1133.2
207,Emmanuela Odoh,725.6
207,Eno-obong Udofia,1136.7
207,Ethan Toudic,557.8
207,Gianna Cavacuiti,100.0
207,James hushon,1290.1
207,Joy Ojeabulu,2105.7
207,Lesley Nyonggesa,2102.0
207,Luca Marlowe,263.9
207,Michael Adewumi,1180.1
207,Mimy Kanza,1311.2
207,Otito,501.6
207,Rael,229.3
207,Rashida kinattingalakath,2052.8
207,Remy,1418.6
207,Rosie Birch,1893.4
207,Rufkat Adetola oladipo,980.5
207,Sally Muinami,298.8
207,Sodiq Salaudeen,1268.3
207,Soumaya,175.3
207,Steve Nolan,819.7
208,Abderrahmane Boukhaled,2355.3
208,Basirat Adeyemo,2618.3
208,Charlotte Smith,1412.8
208,David Ekpo,1641.1
208,Emmanuela Odoh,2632.7
208,Eno-obong Udofia,850.9
208,Ethan Toudic,1467.6
208,Gianna Cavacuiti,2465.2
208,James hushon,2862.0
208,Joy Ojeabulu,387.6
208,Lesley Nyonggesa,1062.0
208,Luca Marlowe,2110.5
208,Michael Adewumi,521.5
208,Mimy Kanza,1274.3
208,Otito,1301.8
208,Rael,1450.6
208,Rashida kinattingalakath,2276.9
208,Remy,3964.5
208,Rosie Birch,2289.5
208,Rufkat Adetola oladipo,1281.8
208,Sally Muinami,2459.3
208,Sodiq Salaudeen,1334.4
208,Soumaya,2031.8
208,Steve Nolan,1698.1
209,Abderrahmane Boukhaled,591.5
209,Basirat Adeyemo,2719.3
209,Charlotte Smith,1013.0
209,David Ekpo,327.6
209,Emmanuela Odoh,1575.9
209,Eno-obong Udofia,548.5
209,Ethan Toudic,1623.5
209,Gianna Cavacuiti,2134.1
209,James hushon,2741.5
209,Joy Ojeabulu,1472.1
209,Lesley Nyonggesa,442.1
209,Luca Marlowe,243.0
209,Michael Adewumi,821.6
209,Mimy Kanza,592.4
209,Otito,2914.6
209,Rael,1658.1
209,Rashida kinattingalakath,1439.8
209,Remy,2995.5
209,Rosie Birch,227.9
209,Rufkat Adetola oladipo,1243.1
209,Sally Muinami,1626.5
209,Sodiq Salaudeen,1406.4
209,Soumaya,1719.6
209,Steve Nolan,1155.8
210,Abderrahmane Boukhaled,897.3
210,Basirat Adeyemo,1316.2
210,Charlotte Smith,2376.7
210,David Ekpo,814.4
210,Emmanuela Odoh,1499.4
210,Eno-obong Udofia,380.3
210,Ethan Toudic,1619.0
210,Gianna Cavacuiti,2570.0
210,James hushon,785.7
210,Joy Ojeabulu,2371.3
210,Lesley Nyonggesa,1828.1
210,Luca Marlowe,1859.8
210,Michael Adewumi,3121.6
210,Mimy Kanza,935.2
210,Otito,853.7
210,Rael,1115.4
210,Rashida kinattingalakath,2982.9
210,Remy,833.1
210,Rosie Birch,1753.0
210,Rufkat Adetola oladipo,2466.6
210,Sally Muinami,1427.0
210,Sodiq Salaudeen,1417.9
210,Soumaya,2172.9
210,Steve Nolan,1993.7
211,Abderrahmane Boukhaled,1284.8
211,Basirat Adeyemo,1456.7
211,Charlotte Smith,1396.3
211,David Ekpo,1548.0
211,Emmanuela Odoh,1239.8
211,Eno-obong Udofia,667.0
211,Ethan Toudic,1990.1
211,Gianna Cavacuiti,1465.3
211,James hushon,578.9
211,Joy Ojeabulu,1119.0
211,Lesley Nyonggesa,2510.8
211,Luca Marlowe,1322.9
211,Michael Adewumi,1244.7
211,Mimy Kanza,772.6
211,Otito,832.4
211,Rael,1295.0
211,Rashida kinattingalakath,435.2
211,Remy,1803.5
211,Rosie Birch,2276.9
211,Rufkat Adetola oladipo,1524.4
211,Sally Muinami,1360.3
211,Sodiq Salaudeen,240.7
211,Soumaya,1397.6
211,Steve Nolan,1289.7
212,Abderrahmane Boukhaled,1574.1
212,Basirat Adeyemo,1802.3
212,Charlotte Smith,1382.0
212,David Ekpo,1082.0
212,Emmanuela Odoh,2364.7
212,Eno-obong Udofia,1254.6
212,Ethan Toudic,2053.8
212,Gianna Cavacuiti,1057.7
212,James hushon,322.0
212,Joy Ojeabulu,776.2
212,Lesley Nyonggesa,424.6
212,Luca Marlowe,373.1
212,Michael Adewumi,389.7
212,Mimy Kanza,973.5
212,Otito,1464.7
212,Rael,147.1
212,Rashida kinattingalakath,1527.4
212,Remy,4363.0
212,Rosie Birch,1227.0
212,Rufkat Adetola oladipo,1665.5
212,Sally Muinami,1020.7
212,Sodiq Salaudeen,622.1
212,Soumaya,1848.4
212,Steve Nolan,606.5
213,Abderrahmane Boukhaled,2977.9
213,Basirat Adeyemo,1999.0
213,Charlotte Smith,1916.6
213,David Ekpo,3314.7
213,Emmanuela Odoh,563.4
213,Eno-obong Udofia,1225.5
213,Ethan Toudic,656.3
213,Gianna Cavacuiti,1193.5
213,James hushon,1397.5
213,Joy Ojeabulu,347.0
213,Lesley Nyonggesa,543.2
213,Luca Marlowe,1228.8
213,Michael Adewumi,337.7
213,Mimy Kanza,1630.6
213,Otito,1283.0
213,Rael,949.2
213,Rashida kinattingalakath,958.9
213,Remy,1422.6
213,Rosie Birch,1346.2
213,Rufkat Adetola oladipo,574.3
213,Sally Muinami,679.3
213,Sodiq Salaudeen,1074.7
213,Soumaya,909.8
213,Steve Nolan,524.5
214,Abderrahmane Boukhaled,808.5
214,Basirat Adeyemo,999.9
214,Charlotte Smith,590.6
214,David Ekpo,1772.2
214,Emmanuela Odoh,2268.1
214,Eno-obong Udofia,833.7
214,Ethan Toudic,2155.9
214,Gianna Cavacuiti,1412.3
214,James hushon,835.8
214,Joy Ojeabulu,1568.6
214,Lesley Nyonggesa,2469.7
214,Luca Marlowe,1068.3
214,Michael Adewumi,1192.0
214,Mimy Kanza,1729.6
214,Otito,1866.4
214,Rael,380.0
214,Rashida kinattingalakath,1669.8
214,Remy,1462.1
214,Rosie Birch,213.5
214,Rufkat Adetola oladipo,1980.2
214,Sally Muinami,1470.0
214,Sodiq Salaudeen,100.0
214,Soumaya,1328.2
214,Steve Nolan,685.6
215,Abderrahmane Boukhaled,1597.0
215,Basirat Adeyemo,279.6
215,Charlotte Smith,332.6
215,David Ekpo,241.8
215,Emmanuela Odoh,181.6
215,Eno-obong Udofia,984.7
215,Ethan Toudic,3062.8
215,Gianna Cavacuiti,1414.7
215,James hushon,612.4
215,Joy Ojeabulu,1352.2
215,Lesley Nyonggesa,1391.2
215,Luca Marlowe,766.7
215,Michael Adewumi,999.4
215,Mimy Kanza,1135.3
215,Otito,1553.0
215,Rael,758.7
215,Rashida kinattingalakath,647.0
215,Remy,1170.7
215,Rosie Birch,2561.2
215,Rufkat Adetola oladipo,1391.5
215,Sally Muinami,359.2
215,Sodiq Salaudeen,1130.8
215,Soumaya,1328.9
215,Steve Nolan,1212.0
216,Abderrahmane Boukhaled,1375.0
216,Basirat Adeyemo,1019.4
216,Charlotte Smith,1534.0
216,David Ekpo,2431.0
216,Emmanuela Odoh,2269.9
216,Eno-obong Udofia,1990.4
216,Ethan Toudic,1054.8
216,Gianna Cavacuiti,1157.3
216,James hushon,878.3
216,Joy Ojeabulu,1609.8
216,Lesley Nyonggesa,506.0
216,Luca Marlowe,1423.9
216,Michael Adewumi,1048.1
216,Mimy Kanza,560.4
216,Otito,2028.2
216,Rael,509.0
216,Rashida kinattingalakath,1184.0
216,Remy,992.2
216,Rosie Birch,891.5
216,Rufkat Adetola oladipo,525.2
216,Sally Muinami,1969.4
216,Sodiq Salaudeen,1114.5
216,Soumaya,224.1
216,Steve Nolan,523.0
217,Abderrahmane Boukhaled,708.0
217,Basirat Adeyemo,847.6
217,Charlotte Smith,171.6
217,David Ekpo,1208.2
217,Emmanuela Odoh,786.3
217,Eno-obong Udofia,2921.2
217,Ethan Toudic,2087.9
217,Gianna Cavacuiti,1634.6
217,James hushon,1282.5
217,Joy Ojeabulu,751.5
217,Lesley Nyonggesa,864.8
217,Luca Marlowe,917.0
217,Michael Adewumi,1917.3
217,Mimy Kanza,1915.1
217,Otito,2499.0
217,Rael,1174.5
217,Rashida kinattingalakath,1327.8
217,Remy,763.1
217,Rosie Birch,1723.8
217,Rufkat Adetola oladipo,812.5
217,Sally Muinami,252.9
217,Sodiq Salaudeen,1256.2
217,Soumaya,702.1
217,Steve Nolan,1731.4
218,Abderrahmane Boukhaled,1696.5
218,Basirat Adeyemo,1501.1
218,Charlotte Smith,1429.5
218,David Ekpo,1486.2
218,Emmanuela Odoh,558.7
218,Eno-obong Udofia,1279.3
218,Ethan Toudic,1672.9
218,Gianna Cavacuiti,1492.0
218,James hushon,1325.3
218,Joy Ojeabulu,1592.3
218,Lesley Nyonggesa,461.8
218,Luca Marlowe,1756.0
218,Michael Adewumi,431.0
218,Mimy Kanza,357.5
218,Otito,554.9
218,Rael,909.9
218,Rashida kinattingalakath,840.2
218,Remy,997.2
218,Rosie Birch,1117.2
218,Rufkat Adetola oladipo,952.5
218,Sally Muinami,1453.4
218,Sodiq Salaudeen,1275.2
218,Soumaya,480.5
218,Steve Nolan,2657.9
219,Abderrahmane Boukhaled,1145.3
219,Basirat Adeyemo,1319.9
219,Charlotte Smith,1517.9
219,David Ekpo,1166.2
219,Emmanuela Odoh,1692.8
219,Eno-obong Udofia,1084.0
219,Ethan Toudic,1132.8
219,Gianna Cavacuiti,539.0
219,James hushon,929.4
219,Joy Ojeabulu,540.0
219,Lesley Nyonggesa,639.7
219,Luca Marlowe,889.7
219,Michael Adewumi,861.8
219,Mimy Kanza,1804.2
219,Otito,2137.1
219,Rael,2203.6
219,Rashida kinattingalakath,1512.2
219,Remy,2085.4
219,Rosie Birch,2310.9
219,Rufkat Adetola oladipo,821.2
219,Sally Muinami,959.6
219,Sodiq Salaudeen,498.6
219,Soumaya,236.1
219,Steve Nolan,1728.6
220,Abderrahmane Boukhaled,2480.2
220,Basirat Adeyemo,1260.2
220,Charlotte Smith,1738.8
220,David Ekpo,1070.8
220,Emmanuela Odoh,2111.9
220,Eno-obong Udofia,608.6
220,Ethan Toudic,544.1
220,Gianna Cavacuiti,188.5
220,James hushon,1003.3
220,Joy Ojeabulu,2362.9
220,Lesley Nyonggesa,666.4
220,Luca Marlowe,1480.3
220,Michael Adewumi,2533.6
220,Mimy Kanza,1839.0
220,Otito,1000.4
220,Rael,675.9
220,Rashida kinattingalakath,583.3
220,Remy,952.3
220,Rosie Birch,748.6
220,Rufkat Adetola oladipo,1367.1
220,Sally Muinami,995.9
220,Sodiq Salaudeen,1895.1
220,Soumaya,862.4
220,Steve Nolan,2314.5
221,Abderrahmane Boukhaled,699.7
221,Basirat Adeyemo,580.0
221,Charlotte Smith,1951.6
221,David Ekpo,593.2
221,Emmanuela Odoh,478.8
221,Eno-obong Udofia,1787.6
221,Ethan Toudic,2596.2
221,Gianna Cavacuiti,1518.0
221,James hushon,1594.4
221,Joy Ojeabulu,405.7
221,Lesley Nyonggesa,856.2
221,Luca Marlowe,1832.2
221,Michael Adewumi,2002.6
221,Mimy Kanza,350.1
221,Otito,1226.7
221,Rael,2767.7
221,Rashida kinattingalakath,1862.8
221,Remy,889.7
221,Rosie Birch,429.1
221,Rufkat Adetola oladipo,790.3
221,Sally Muinami,2227.2
221,Sodiq Salaudeen,1724.8
221,Soumaya,657.3
221,Steve Nolan,2104.8
222,Abderrahmane Boukhaled,631.2
222,Basirat Adeyemo,3558.8
222,Charlotte Smith,1429.0
222,David Ekpo,247.7
222,Emmanuela Odoh,911.4
222,Eno-obong Udofia,639.6
222,Ethan Toudic,1264.4
222,Gianna Cavacuiti,1317.0
222,James hushon,381.1
222,Joy Ojeabulu,2014.0
222,Lesley Nyonggesa,907.8
222,Luca Marlowe,1148.0
222,Michael Adewumi,1353.9
222,Mimy Kanza,1331.9
222,Otito,2784.8
222,Rael,598.7
222,Rashida kinattingalakath,1548.8
222,Remy,410.8
222,Rosie Birch,918.2
222,Rufkat Adetola oladipo,2929.4
222,Sally Muinami,534.5
222,Sodiq Salaudeen,1679.8
222,Soumaya,956.3
222,Steve Nolan,2043.4
223,Abderrahmane Boukhaled,2114.5
223,Basirat Adeyemo,771.0
223,Charlotte Smith,4096.4
223,David Ekpo,1726.9
223,Emmanuela Odoh,605.3
223,Eno-obong Udofia,1981.2
223,Ethan Toudic,1820.2
223,Gianna Cavacuiti,704.4
223,James hushon,1150.3
223,Joy Ojeabulu,504.4
223,Lesley Nyonggesa,909.0
223,Luca Marlowe,575.0
223,Michael Adewumi,1509.9
223,Mimy Kanza,1878.3
223,Otito,550.3
223,Rael,2798.2
223,Rashida kinattingalakath,1003.0
223,Remy,1359.5
223,Rosie Birch,253.8
223,Rufkat Adetola oladipo,1388.8
223,Sally Muinami,925.4
223,Sodiq Salaudeen,106.8
223,Soumaya,1894.9
223,Steve Nolan,423.4
224,Abderrahmane Boukhaled,914.4
224,Basirat Adeyemo,2072.2
224,Charlotte Smith,1670.2
224,David Ekpo,2450.1
224,Emmanuela Odoh,1524.1
224,Eno-obong Udofia,312.8
224,Ethan Toudic,2750.6
224,Gianna Cavacuiti,2236.3
224,James hushon,1420.5
224,Joy Ojeabulu,1010.0
224,Lesley Nyonggesa,847.1
224,Luca Marlowe,1008.2
224,Michael Adewumi,2521.5
224,Mimy Kanza,1064.3
224,Otito,824.8
224,Rael,871.3
224,Rashida kinattingalakath,1165.8
224,Remy,1243.8
224,Rosie Birch,874.6
224,Rufkat Adetola oladipo,973.8
224,Sally Muinami,594.5
224,Sodiq Salaudeen,2180.2
224,Soumaya,273.0
224,Steve Nolan,2610.1
225,Abderrahmane Boukhaled,1342.4
225,Basirat Adeyemo,804.7
225,Charlotte Smith,449.5
225,David Ekpo,946.6
225,Emmanuela Odoh,766.4
225,Eno-obong Udofia,767.8
225,Ethan Toudic,1483.4
225,Gianna Cavacuiti,1646.9
225,James hushon,882.4
225,Joy Ojeabulu,1367.5
225,Lesley Nyonggesa,1501.6
225,Luca Marlowe,131.7
225,Michael Adewumi,163.0
225,Mimy Kanza,356.9
225,Otito,1617.8
225,Rael,1527.8
225,Rashida kinattingalakath,2742.8
225,Remy,2484.5
225,Rosie Birch,1459.6
225,Rufkat Adetola oladipo,2153.0
225,Sally Muinami,2096.0
225,Sodiq Salaudeen,1050.8
225,Soumaya,339.0
225,Steve Nolan,1426.1
226,Abderrahmane Boukhaled,472.1
226,Basirat Adeyemo,588.7
226,Charlotte Smith,1257.4
226,David Ekpo,1781.0
226,Emmanuela Odoh,1997.1
226,Eno-obong Udofia,1447.2
226,Ethan Toudic,574.6
226,Gianna Cavacuiti,651.8
226,James hushon,613.9
226,Joy Ojeabulu,757.2
226,Lesley Nyonggesa,1339.1
226,Luca Marlowe,921.5
226,Michael Adewumi,1046.8
226,Mimy Kanza,2547.8
226,Otito,1789.7
226,Rael,1312.0
226,Rashida kinattingalakath,1574.4
226,Remy,2076.9
226,Rosie Birch,1461.3
226,Rufkat Adetola oladipo,702.6
226,Sally Muinami,200.3
226,Sodiq Salaudeen,2067.1
226,Soumaya,1648.4
226,Steve Nolan,2935.2
227,Abderrahmane Boukhaled,2342.1
227,Basirat Adeyemo,1860.1
227,Charlotte Smith,1564.4
227,David Ekpo,610.6
227,Emmanuela Odoh,1071.3
227,Eno-obong Udofia,526.9
227,Ethan Toudic,1268.8
227,Gianna Cavacuiti,1578.5
227,James hushon,1652.5
227,Joy Ojeabulu,2216.0
227,Lesley Nyonggesa,331.9
227,Luca Marlowe,548.3
227,Michael Adewumi,2248.4
227,Mimy Kanza,1551.7
227,Otito,1772.2
227,Rael,2236.8
227,Rashida kinattingalakath,3110.1
227,Remy,722.9
227,Rosie Birch,969.3
227,Rufkat Adetola oladipo,1200.0
227,Sally Muinami,1315.4
227,Sodiq Salaudeen,936.9
227,Soumaya,838.8
227,Steve Nolan,2288.3
228,Abderrahmane Boukhaled,2393.2
228,Basirat Adeyemo,375.4
228,Charlotte Smith,1857.7
228,David Ekpo,1211.9
228,Emmanuela Odoh,918.5
228,Eno-obong Udofia,100.0
228,Ethan Toudic,1094.2
228,Gianna Cavacuiti,935.2
228,James hushon,1588.1
228,Joy Ojeabulu,626.5
228,Lesley Nyonggesa,1232.3
228,Luca Marlowe,150.4
228,Michael Adewumi,1441.2
228,Mimy Kanza,1432.2
228,Otito,1206.2
228,Rael,1288.8
228,Rashida kinattingalakath,1342.9
228,Remy,571.5
228,Rosie Birch,1346.9
228,Rufkat Adetola oladipo,1295.2
228,Sally Muinami,1499.4
228,Sodiq Salaudeen,1195.9
228,Soumaya,100.0
228,Steve Nolan,1799.5
229,Abderrahmane Boukhaled,1740.2
229,Basirat Adeyemo,833.1
229,Charlotte Smith,1637.1
229,David Ekpo,2548.0
229,Emmanuela Odoh,388.7
229,Eno-obong Udofia,514.6
229,Ethan Toudic,1398.8
229,Gianna Cavacuiti,1058.3
229,James hushon,1545.6
229,Joy Ojeabulu,2822.3
229,Lesley Nyonggesa,1310.4
229,Luca Marlowe,703.7
229,Michael Adewumi,644.9
229,Mimy Kanza,767.3
229,Otito,943.5
229,Rael,2049.9
229,Rashida kinattingalakath,2273.9
229,Remy,320.2
229,Rosie Birch,1306.0
229,Rufkat Adetola oladipo,482.9
229,Sally Muinami,1044.1
229,Sodiq Salaudeen,446.0
229,Soumaya,1598.5
229,Steve Nolan,1301.3
230,Abderrahmane Boukhaled,1393.2
230,Basirat Adeyemo,1410.3
230,Charlotte Smith,705.1
230,David Ekpo,1101.6
230,Emmanuela Odoh,1567.7
230,Eno-obong Udofia,2495.3
230,Ethan Toudic,2062.0
230,Gianna Cavacuiti,2399.1
230,James hushon,1171.4
230,Joy Ojeabulu,1642.4
230,Lesley Nyonggesa,1063.2
230,Luca Marlowe,751.5
230,Michael Adewumi,1461.0
230,Mimy Kanza,979.1
230,Otito,3066.7
230,Rael,524.0
230,Rashida kinattingalakath,217.2
230,Remy,2860.6
230,Rosie Birch,1585.7
230,Rufkat Adetola oladipo,280.1
230,Sally Muinami,316.7
230,Sodiq Salaudeen,1048.9
230,Soumaya,350.8
230,Steve Nolan,1984.9
231,Abderrahmane Boukhaled,1619.6
231,Basirat Adeyemo,455.1
231,Charlotte Smith,2831.2
231,David Ekpo,1035.9
231,Emmanuela Odoh,1620.3
231,Eno-obong Udofia,1973.0
231,Ethan Toudic,731.9
231,Gianna Cavacuiti,548.3
231,James hushon,1046.0
231,Joy Ojeabulu,2029.3
231,Lesley Nyonggesa,1205.0
231,Luca Marlowe,844.5
231,Michael Adewumi,1058.0
231,Mimy Kanza,1799.4
231,Otito,1013.1
231,Rael,1147.2
231,Rashida kinattingalakath,1946.9
231,Remy,1601.2
231,Rosie Birch,607.8
231,Rufkat Adetola oladipo,468.5
231,Sally Muinami,988.4
231,Sodiq Salaudeen,1924.1
231,Soumaya,1065.5
231,Steve Nolan,535.8
232,Abderrahmane Boukhaled,1972.6
232,Basirat Adeyemo,492.1
232,Charlotte Smith,1467.7
232,David Ekpo,3388.5
232,Emmanuela Odoh,2152.9
232,Eno-obong Udofia,376.1
232,Ethan Toudic,2327.5
232,Gianna Cavacuiti,1416.2
232,James hushon,1572.6
232,Joy Ojeabulu,1814.6
232,Lesley Nyonggesa,1350.4
232,Luca Marlowe,1279.3
232,Michael Adewumi,464.3
232,Mimy Kanza,281.1
232,Otito,748.8
232,Rael,1435.2
232,Rashida kinattingalakath,909.3
232,Remy,1008.2
232,Rosie Birch,876.0
232,Rufkat Adetola oladipo,2518.4
232,Sally Muinami,365.8
232,Sodiq Salaudeen,513.4
232,Soumaya,983.9
232,Steve Nolan,1941.9
233,Abderrahmane Boukhaled,2261.7
233,Basirat Adeyemo,743.4
233,Charlotte Smith,583.7
233,David Ekpo,853.9
233,Emmanuela Odoh,1327.2
233,Eno-obong Udofia,915.4
233,Ethan Toudic,955.6
233,Gianna Cavacuiti,1400.0
233,James hushon,880.3
233,Joy Ojeabulu,765.2
233,Lesley Nyonggesa,3768.6
233,Luca Marlowe,915.4
233,Michael Adewumi,1683.1
233,Mimy Kanza,789.1
233,Otito,1627.2
233,Rael,1783.6
233,Rashida kinattingalakath,2358.6
233,Remy,154.4
233,Rosie Birch,1453.2
233,Rufkat Adetola oladipo,2049.2
233,Sally Muinami,2009.5
233,Sodiq Salaudeen,1365.1
233,Soumaya,1098.2
233,Steve Nolan,343.5
234,Abderrahmane Boukhaled,1454.1
234,Basirat Adeyemo,1458.3
234,Charlotte Smith,1055.8
234,David Ekpo,707.1
234,Emmanuela Odoh,230.0
234,Eno-obong Udofia,843.0
234,Ethan Toudic,1083.8
234,Gianna Cavacuiti,1343.2
234,James hushon,1071.2
234,Joy Ojeabulu,1099.4
234,Lesley Nyonggesa,1003.6
234,Luca Marlowe,1733.0
234,Michael Adewumi,1458.7
234,Mimy Kanza,1809.6
234,Otito,1064.5
234,Rael,1341.4
234,Rashida kinattingalakath,1309.3
234,Remy,1038.5
234,Rosie Birch,586.3
234,Rufkat Adetola oladipo,1548.0
234,Sally Muinami,3011.7
234,Sodiq Salaudeen,1575.2
234,Soumaya,1716.8
234,Steve Nolan,1136.5
235,Abderrahmane Boukhaled,1740.8
235,Basirat Adeyemo,1469.8
235,Charlotte Smith,1515.8
235,David Ekpo,2146.5
235,Emmanuela Odoh,2635.0
235,Eno-obong Udofia,1285.4
235,Ethan Toudic,1523.9
235,Gianna Cavacuiti,2074.9
235,James hushon,1591.5
235,Joy Ojeabulu,588.1
235,Lesley Nyonggesa,1463.2
235,Luca Marlowe,1946.0
235,Michael Adewumi,539.8
235,Mimy Kanza,1328.3
235,Otito,1936.3
235,Rael,1587.8
235,Rashida kinattingalakath,2540.7
235,Remy,657.6
235,Rosie Birch,849.1
235,Rufkat Adetola oladipo,1986.2
235,Sally Muinami,782.4
235,Sodiq Salaudeen,153.0
235,Soumaya,957.9
235,Steve Nolan,1610.8
236,Abderrahmane Boukhaled,1801.2
236,Basirat Adeyemo,930.4
236,Charlotte Smith,2231.4
236,David Ekpo,1570.3
236,Emmanuela Odoh,699.4
236,Eno-obong Udofia,1652.1
236,Ethan Toudic,2691.7
236,Gianna Cavacuiti,1282.2
236,James hushon,275.2
236,Joy Ojeabulu,1569.6
236,Lesley Nyonggesa,215.8
236,Luca Marlowe,1021.7
236,Michael Adewumi,1831.0
236,Mimy Kanza,1378.2
236,Otito,250.7
236,Rael,342.9
236,Rashida kinattingalakath,1190.5
236,Remy,1663.9
236,Rosie Birch,620.7
236,Rufkat Adetola oladipo,858.3
236,Sally Muinami,832.8
236,Sodiq Salaudeen,1079.5
236,Soumaya,538.6
236,Steve Nolan,809.0
237,Abderrahmane Boukhaled,633.2
237,Basirat Adeyemo,947.8
237,Charlotte Smith,759.0
237,David Ekpo,3137.4
237,Emmanuela Odoh,1106.0
237,Eno-obong Udofia,1766.2
237,Ethan Toudic,1326.2
237,Gianna Cavacuiti,416.9
237,James hushon,519.8
237,Joy Ojeabulu,1324.5
237,Lesley Nyonggesa,1456.9
237,Luca Marlowe,273.7
237,Michael Adewumi,681.2
237,Mimy Kanza,1578.2
237,Otito,894.1
237,Rael,997.9
237,Rashida kinattingalakath,1556.6
237,Remy,1818.8
237,Rosie Birch,540.7
237,Rufkat Adetola oladipo,1849.4
237,Sally Muinami,1014.6
237,Sodiq Salaudeen,726.3
237,Soumaya,923.6
237,Steve Nolan,263.6
238,Abderrahmane Boukhaled,1862.6
238,Basirat Adeyemo,1129.7
238,Charlotte Smith,1397.3
238,David Ekpo,366.4
238,Emmanuela Odoh,1001.7
238,Eno-obong Udofia,323.5
238,Ethan Toudic,185.1
238,Gianna Cavacuiti,2544.1
238,James hushon,1790.7
238,Joy Ojeabulu,385.4
238,Lesley Nyonggesa,1432.6
238,Luca Marlowe,1282.1
238,Michael Adewumi,2174.8
238,Mimy Kanza,2044.9
238,Otito,2455.5
238,Rael,508.6
238,Rashida kinattingalakath,1622.5
238,Remy,1190.1
238,Rosie Birch,1408.4
238,Rufkat Adetola oladipo,1510.4
238,Sally Muinami,1549.5
238,Sodiq Salaudeen,843.7
238,Soumaya,1872.9
238,Steve Nolan,921.2
239,Abderrahmane Boukhaled,2292.4
239,Basirat Adeyemo,820.5
239,Charlotte Smith,1060.3
239,David Ekpo,930.0
239,Emmanuela Odoh,1774.2
239,Eno-obong Udofia,1671.2
239,Ethan Toudic,853.0
239,Gianna Cavacuiti,2522.9
239,James hushon,765.4
239,Joy Ojeabulu,874.5
239,Lesley Nyonggesa,590.1
239,Luca Marlowe,1334.1
239,Michael Adewumi,1184.4
239,Mimy Kanza,1425.5
239,Otito,1523.9
239,Rael,460.6
239,Rashida kinattingalakath,2710.7
239,Remy,1712.6
239,Rosie Birch,1436.3
239,Rufkat Adetola oladipo,374.6
239,Sally Muinami,636.2
239,Sodiq Salaudeen,1721.4
239,Soumaya,1974.2
239,Steve Nolan,1715.5
240,Abderrahmane Boukhaled,1191.1
240,Basirat Adeyemo,1697.4
240,Charlotte Smith,1062.6
240,David Ekpo,1167.4
240,Emmanuela Odoh,1482.1
240,Eno-obong Udofia,1404.6
240,Ethan Toudic,1121.3
240,Gianna Cavacuiti,2267.8
240,James hushon,560.8
240,Joy Ojeabulu,1193.6
240,Lesley Nyonggesa,882.3
240,Luca Marlowe,2296.2
240,Michael Adewumi,1585.6
240,Mimy Kanza,1193.7
240,Otito,1678.4
240,Rael,1283.4
240,Rashida kinattingalakath,470.0
240,Remy,906.9
240,Rosie Birch,1731.6
240,Rufkat Adetola oladipo,921.4
240,Sally Muinami,1376.6
240,Sodiq Salaudeen,905.8
240,Soumaya,1651.0
240,Steve Nolan,1249.2
241,Abderrahmane Boukhaled,1221.5
241,Basirat Adeyemo,1580.6
241,Charlotte Smith,2889.1
241,David Ekpo,977.0
241,Emmanuela Odoh,2166.7
241,Eno-obong Udofia,937.7
241,Ethan Toudic,2543.5
241,Gianna Cavacuiti,126.2
241,James hushon,1090.8
241,Joy Ojeabulu,750.1
241,Lesley Nyonggesa,1331.3
241,Luca Marlowe,1105.9
241,Michael Adewumi,693.4
241,Mimy Kanza,923.2
241,Otito,2255.4
241,Rael,1165.4
241,Rashida kinattingalakath,1203.2
241,Remy,1296.3
241,Rosie Birch,486.7
241,Rufkat Adetola oladipo,1437.3
241,Sally Muinami,1594.6
241,Sodiq Salaudeen,867.7
241,Soumaya,1379.8
241,Steve Nolan,609.7
242,Abderrahmane Boukhaled,266.4
242,Basirat Adeyemo,1547.9
242,Charlotte Smith,2083.8
242,David Ekpo,492.7
242,Emmanuela Odoh,1472.3
242,Eno-obong Udofia,1015.4
242,Ethan Toudic,1582.3
242,Gianna Cavacuiti,820.7
242,James hushon,1689.7
242,Joy Ojeabulu,1210.6
242,Lesley Nyonggesa,768.8
242,Luca Marlowe,657.4
242,Michael Adewumi,2719.5
242,Mimy Kanza,568.2
242,Otito,2283.3
242,Rael,1524.3
242,Rashida kinattingalakath,1039.6
242,Remy,2724.6
242,Rosie Birch,378.4
242,Rufkat Adetola oladipo,1506.8
242,Sally Muinami,1237.1
242,Sodiq Salaudeen,909.6
242,Soumaya,842.7
242,Steve Nolan,1406.8
243,Abderrahmane Boukhaled,488.6
243,Basirat Adeyemo,1105.5
243,Charlotte Smith,2258.2
243,David Ekpo,464.2
243,Emmanuela Odoh,190.7
243,Eno-obong Udofia,1349.6
243,Ethan Toudic,1516.6
243,Gianna Cavacuiti,1171.7
243,James hushon,2338.9
243,Joy Ojeabulu,794.2
243,Lesley Nyonggesa,1684.7
243,Luca Marlowe,508.3
243,Michael Adewumi,2815.4
243,Mimy Kanza,2178.7
243,Otito,515.3
243,Rael,121.8
243,Rashida kinattingalakath,748.7
243,Remy,2027.0
243,Rosie Birch,1891.5
243,Rufkat Adetola oladipo,2241.3
243,Sally Muinami,1256.8
243,Sodiq Salaudeen,1391.5
243,Soumaya,150.7
243,Steve Nolan,2159.4
244,Abderrahmane Boukhaled,1326.4
244,Basirat Adeyemo,226.7
244,Charlotte Smith,534.8
244,David Ekpo,1616.2
244,Emmanuela Odoh,1851.2
244,Eno-obong Udofia,1433.4
244,Ethan Toudic,1292.8
244,Gianna Cavacuiti,1675.4
244,James hushon,341.5
244,Joy Ojeabulu,1754.3
244,Lesley Nyonggesa,2196.9
244,Luca Marlowe,396.2
244,Michael Adewumi,950.2
244,Mimy Kanza,742.0
244,Otito,304.5
244,Rael,2481.0
244,Rashida kinattingalakath,2193.4
244,Remy,1750.6
244,Rosie Birch,1557.6
244,Rufkat Adetola oladipo,745.1
244,Sally Muinami,164.5
244,Sodiq Salaudeen,1849.7
244,Soumaya,2404.2
244,Steve Nolan,903.0
245,Abderrahmane Boukhaled,322.1
245,Basirat Adeyemo,1961.0
245,Charlotte Smith,2253.2
245,David Ekpo,638.5
245,Emmanuela Odoh,2092.8
245,Eno-obong Udofia,1581.1
245,Ethan Toudic,1215.3
245,Gianna Cavacuiti,503.8
245,James hushon,1898.3
245,Joy Ojeabulu,1261.2
245,Lesley Nyonggesa,1055.4
245,Luca Marlowe,1027.5
245,Michael Adewumi,1759.2
245,Mimy Kanza,238.1
245,Otito,234.1
245,Rael,2578.4
245,Rashida kinattingalakath,1453.8
245,Remy,1658.1
245,Rosie Birch,398.2
245,Rufkat Adetola oladipo,1032.1
245,Sally Muinami,2069.4
245,Sodiq Salaudeen,100.0
245,Soumaya,445.3
245,Steve Nolan,473.8
246,Abderrahmane Boukhaled,851.6
246,Basirat Adeyemo,1521.5
246,Charlotte Smith,669.6
246,David Ekpo,1008.0
246,Emmanuela Odoh,1741.3
246,Eno-obong Udofia,440.4
246,Ethan Toudic,1655.7
246,Gianna Cavacuiti,1356.4
246,James hushon,749.1
246,Joy Ojeabulu,147.7
246,Lesley Nyonggesa,2079.3
246,Luca Marlowe,394.3
246,Michael Adewumi,873.1
246,Mimy Kanza,2127.1
246,Otito,954.5
246,Rael,1321.7
246,Rashida kinattingalakath,852.3
246,Remy,1274.9
246,Rosie Birch,616.9
246,Rufkat Adetola oladipo,366.9
246,Sally Muinami,1738.2
246,Sodiq Salaudeen,2680.7
246,Soumaya,1689.4
246,Steve Nolan,2102.5
247,Abderrahmane Boukhaled,3512.7
247,Basirat Adeyemo,2521.2
247,Charlotte Smith,1708.9
247,David Ekpo,951.7
247,Emmanuela Odoh,317.3
247,Eno-obong Udofia,625.8
247,Ethan Toudic,2230.4
247,Gianna Cavacuiti,635.1
247,James hushon,2082.9
247,Joy Ojeabulu,2064.8
247,Lesley Nyonggesa,2525.5
247,Luca Marlowe,1195.9
247,Michael Adewumi,1130.0
247,Mimy Kanza,1275.9
247,Otito,1784.0
247,Rael,640.2
247,Rashida kinattingalakath,819.2
247,Remy,1278.9
247,Rosie Birch,698.2
247,Rufkat Adetola oladipo,2371.9
247,Sally Muinami,282.5
247,Sodiq Salaudeen,633.0
247,Soumaya,3538.3
247,Steve Nolan,1523.8
248,Abderrahmane Boukhaled,575.0
248,Basirat Adeyemo,459.6
248,Charlotte Smith,552.3
248,David Ekpo,2223.0
248,Emmanuela Odoh,1061.3
248,Eno-obong Udofia,2994.7
248,Ethan Toudic,1762.6
248,Gianna Cavacuiti,835.1
248,James hushon,821.1
248,Joy Ojeabulu,969.1
248,Lesley Nyonggesa,275.2
248,Luca Marlowe,1166.4
248,Michael Adewumi,304.9
248,Mimy Kanza,380.7
248,Otito,513.2
248,Rael,2036.1
248,Rashida kinattingalakath,1614.2
248,Remy,382.0
248,Rosie Birch,975.4
248,Rufkat Adetola oladipo,1045.0
248,Sally Muinami,2688.3
248,Sodiq Salaudeen,784.5
248,Soumaya,1460.4
248,Steve Nolan,582.7
249,Abderrahmane Boukhaled,843.5
249,Basirat Adeyemo,2149.1
249,Charlotte Smith,2276.4
249,David Ekpo,1922.1
249,Emmanuela Odoh,2426.2
249,Eno-obong Udofia,1475.8
249,Ethan Toudic,297.5
249,Gianna Cavacuiti,1256.5
249,James hushon,1739.0
249,Joy Ojeabulu,1270.4
249,Lesley Nyonggesa,791.2
249,Luca Marlowe,1825.8
249,Michael Adewumi,374.8
249,Mimy Kanza,1497.7
249,Otito,577.6
249,Rael,2083.6
249,Rashida kinattingalakath,1262.2
249,Remy,2155.0
249,Rosie Birch,1156.6
249,Rufkat Adetola oladipo,1303.2
249,Sally Muinami,846.8
249,Sodiq Salaudeen,1361.3
249,Soumaya,139.9
249,Steve Nolan,456.3
250,Abderrahmane Boukhaled,1410.4
250,Basirat Adeyemo,311.6
250,Charlotte Smith,550.8
250,David Ekpo,1477.6
250,Emmanuela Odoh,899.7
250,Eno-obong Udofia,1661.4
250,Ethan Toudic,1744.6
250,Gianna Cavacuiti,599.4
250,James hushon,1345.9
250,Joy Ojeabulu,842.5
250,Lesley Nyonggesa,928.7
250,Luca Marlowe,1510.7
250,Michael Adewumi,640.9
250,Mimy Kanza,2927.2
250,Otito,1875.2
250,Rael,2557.4
250,Rashida kinattingalakath,628.7
250,Remy,810.2
250,Rosie Birch,752.2
250,Rufkat Adetola oladipo,1373.4
250,Sally Muinami,715.7
250,Sodiq Salaudeen,1764.2
250,Soumaya,2524.3
250,Steve Nolan,1804.6
251,Abderrahmane Boukhaled,1473.7
251,Basirat Adeyemo,622.1
251,Charlotte Smith,503.9
251,David Ekpo,1248.1
251,Emmanuela Odoh,903.5
251,Eno-obong Udofia,1423.8
251,Ethan Toudic,1199.9
251,Gianna Cavacuiti,989.4
251,James hushon,1350.2
251,Joy Ojeabulu,1920.4
251,Lesley Nyonggesa,2151.6
251,Luca Marlowe,1266.8
251,Michael Adewumi,1859.6
251,Mimy Kanza,1795.0
251,Otito,1126.1
251,Rael,1916.2
251,Rashida kinattingalakath,1180.2
251,Remy,982.8
251,Rosie Birch,1272.5
251,Rufkat Adetola oladipo,1795.3
251,Sally Muinami,1048.5
251,Sodiq Salaudeen,2601.4
251,Soumaya,775.9
251,Steve Nolan,1409.9
252,Abderrahmane Boukhaled,630.6
252,Basirat Adeyemo,3087.6
252,Charlotte Smith,1409.6
252,David Ekpo,1037.2
252,Emmanuela Odoh,1076.2
252,Eno-obong Udofia,1274.7
252,Ethan Toudic,1509.9
252,Gianna Cavacuiti,2162.2
252,James hushon,863.8
252,Joy Ojeabulu,269.3
252,Lesley Nyonggesa,1266.9
252,Luca Marlowe,1750.6
252,Michael Adewumi,840.9
252,Mimy Kanza,139.0
252,Otito,2331.7
252,Rael,867.1
252,Rashida kinattingalakath,2385.1
252,Remy,945.3
252,Rosie Birch,748.6
252,Rufkat Adetola oladipo,1713.9
252,Sally Muinami,1541.1
252,Sodiq Salaudeen,420.6
252,Soumaya,679.3
252,Steve Nolan,328.6
253,Abderrahmane Boukhaled,1444.3
253,Basirat Adeyemo,1139.9
253,Charlotte Smith,717.8
253,David Ekpo,982.9
253,Emmanuela Odoh,1016.2
253,Eno-obong Udofia,1382.8
253,Ethan Toudic,1296.1
253,Gianna Cavacuiti,2247.4
253,James hushon,437.6
253,Joy Ojeabulu,781.1
253,Lesley Nyonggesa,671.8
253,Luca Marlowe,880.4
253,Michael Adewumi,1395.8
253,Mimy Kanza,1173.0
253,Otito,1292.5
253,Rael,3007.8
253,Rashida kinattingalakath,1857.5
253,Remy,1174.0
253,Rosie Birch,1872.7
253,Rufkat Adetola oladipo,386.7
253,Sally Muinami,1612.5
253,Sodiq Salaudeen,1697.5
253,Soumaya,929.8
253,Steve Nolan,343.0
254,Abderrahmane Boukhaled,1051.9
254,Basirat Adeyemo,2420.2
254,Charlotte Smith,877.9
254,David Ekpo,1894.9
254,Emmanuela Odoh,604.6
254,Eno-obong Udofia,2065.2
254,Ethan Toudic,2219.9
254,Gianna Cavacuiti,1758.8
254,James hushon,283.4
254,Joy Ojeabulu,487.3
254,Lesley Nyonggesa,847.3
254,Luca Marlowe,498.8
254,Michael Adewumi,1713.6
254,Mimy Kanza,1714.4
254,Otito,1625.9
254,Rael,500.3
254,Rashida kinattingalakath,1312.5
254,Remy,1402.6
254,Rosie Birch,2194.5
254,Rufkat Adetola oladipo,1716.1
254,Sally Muinami,2398.3
254,Sodiq Salaudeen,870.4
254,Soumaya,2033.7
254,Steve Nolan,609.6
255,Abderrahmane Boukhaled,227.6
255,Basirat Adeyemo,1783.0
255,Charlotte Smith,1268.7
255,David Ekpo,2299.5
255,Emmanuela Odoh,1061.7
255,Eno-obong Udofia,983.3
255,Ethan Toudic,2417.1
255,Gianna Cavacuiti,763.4
255,James hushon,1825.4
255,Joy Ojeabulu,2228.0
255,Lesley Nyonggesa,859.4
255,Luca Marlowe,618.2
255,Michael Adewumi,1674.1
255,Mimy Kanza,1274.0
255,Otito,810.2
255,Rael,1392.8
255,Rashida kinattingalakath,100.0
255,Remy,1432.9
255,Rosie Birch,1495.4
255,Rufkat Adetola oladipo,2501.6
255,Sally Muinami,366.9
255,Sodiq Salaudeen,1043.6
255,Soumaya,1153.1
255,Steve Nolan,677.3
256,Abderrahmane Boukhaled,926.3
256,Basirat Adeyemo,1297.1
256,Charlotte Smith,177.6
256,David Ekpo,836.0
256,Emmanuela Odoh,621.5
256,Eno-obong Udofia,1701.7
256,Ethan Toudic,2388.5
256,Gianna Cavacuiti,1231.9
256,James hushon,1334.7
256,Joy Ojeabulu,1099.1
256,Lesley Nyonggesa,1520.4
256,Luca Marlowe,2966.8
256,Michael Adewumi,2154.8
256,Mimy Kanza,510.2
256,Otito,1225.5
256,Rael,395.0
256,Rashida kinattingalakath,1674.4
256,Remy,797.8
256,Rosie Birch,1143.0
256,Rufkat Adetola oladipo,404.0
256,Sally Muinami,1810.7
256,Sodiq Salaudeen,333.1
256,Soumaya,889.9
256,Steve Nolan,1933.8
257,Abderrahmane Boukhaled,2105.9
257,Basirat Adeyemo,752.3
257,Charlotte Smith,2086.6
257,David Ekpo,1065.6
257,Emmanuela Odoh,1029.1
257,Eno-obong Udofia,789.9
257,Ethan Toudic,1097.1
257,Gianna Cavacuiti,2608.5
257,James hushon,1281.1
257,Joy Ojeabulu,623.9
257,Lesley Nyonggesa,1318.3
257,Luca Marlowe,681.2
257,Michael Adewumi,1603.9
257,Mimy Kanza,3178.5
257,Otito,1155.8
257,Rael,2779.2
257,Rashida kinattingalakath,897.4
257,Remy,803.4
257,Rosie Birch,1602.8
257,Rufkat Adetola oladipo,909.7
257,Sally Muinami,1160.6
257,Sodiq Salaudeen,2076.1
257,Soumaya,370.3
257,Steve Nolan,2783.4
258,Abderrahmane Boukhaled,2575.0
258,Basirat Adeyemo,1814.7
258,Charlotte Smith,146.2
258,David Ekpo,211.0
258,Emmanuela Odoh,860.5
258,Eno-obong Udofia,1348.3
258,Ethan Toudic,2477.0
258,Gianna Cavacuiti,1730.6
258,James hushon,830.3
258,Joy Ojeabulu,1183.3
258,Lesley Nyonggesa,463.0
258,Luca Marlowe,3634.4
258,Michael Adewumi,1432.5
258,Mimy Kanza,1779.4
258,Otito,1399.4
258,Rael,1064.9
258,Rashida kinattingalakath,652.3
258,Remy,889.9
258,Rosie Birch,219.3
258,Rufkat Adetola oladipo,371.4
258,Sally Muinami,3119.6
258,Sodiq Salaudeen,748.4
258,Soumaya,2085.5
258,Steve Nolan,1603.4
259,Abderrahmane Boukhaled,1795.2
259,Basirat Adeyemo,546.5
259,Charlotte Smith,1572.0
259,David Ekpo,2517.0
259,Emmanuela Odoh,1469.1
259,Eno-obong Udofia,1086.4
259,Ethan Toudic,3924.4
259,Gianna Cavacuiti,1195.7
259,James hushon,299.8
259,Joy Ojeabulu,723.4
259,Lesley Nyonggesa,758.4
259,Luca Marlowe,1939.7
259,Michael Adewumi,1384.3
259,Mimy Kanza,1363.8
259,Otito,1230.9
259,Rael,2362.5
259,Rashida kinattingalakath,2548.0
259,Remy,936.9
259,Rosie Birch,732.1
259,Rufkat Adetola oladipo,1491.0
259,Sally Muinami,904.2
259,Sodiq Salaudeen,1723.9
259,Soumaya,2528.2
259,Steve Nolan,1777.0
260,Abderrahmane Boukhaled,1700.4
260,Basirat Adeyemo,2167.1
260,Charlotte Smith,940.4
260,David Ekpo,507.2
260,Emmanuela Odoh,1261.4
260,Eno-obong Udofia,488.0
260,Ethan Toudic,1696.2
260,Gianna Cavacuiti,1891.2
260,James hushon,171.4
260,Joy Ojeabulu,1127.5
260,Lesley Nyonggesa,2176.4
260,Luca Marlowe,2229.4
260,Michael Adewumi,2810.2
260,Mimy Kanza,1459.5
260,Otito,769.0
260,Rael,2725.7
260,Rashida kinattingalakath,759.7
260,Remy,2022.2
260,Rosie Birch,937.2
260,Rufkat Adetola oladipo,826.3
260,Sally Muinami,861.2
260,Sodiq Salaudeen,766.2
260,Soumaya,1396.2
260,Steve Nolan,1742.8
261,Abderrahmane Boukhaled,881.8
261,Basirat Adeyemo,2161.8
261,Charlotte Smith,1347.6
261,David Ekpo,1263.1
261,Emmanuela Odoh,1118.7
261,Eno-obong Udofia,1498.1
261,Ethan Toudic,1225.9
261,Gianna Cavacuiti,1106.5
261,James hushon,820.4
261,Joy Ojeabulu,420.5
261,Lesley Nyonggesa,2262.7
261,Luca Marlowe,1326.4
261,Michael Adewumi,1427.4
261,Mimy Kanza,1176.7
261,Otito,642.1
261,Rael,1439.2
261,Rashida kinattingalakath,727.3
261,Remy,2439.8
261,Rosie Birch,628.3
261,Rufkat Adetola oladipo,1276.0
261,Sally Muinami,540.6
261,Sodiq Salaudeen,383.7
261,Soumaya,1240.4
261,Steve Nolan,2724.8
262,Abderrahmane Boukhaled,360.4
262,Basirat Adeyemo,1846.6
262,Charlotte Smith,2523.2
262,David Ekpo,1447.1
262,Emmanuela Odoh,1272.9
262,Eno-obong Udofia,803.7
262,Ethan Toudic,662.1
262,Gianna Cavacuiti,623.9
262,James hushon,933.1
262,Joy Ojeabulu,850.2
262,Lesley Nyonggesa,871.8
262,Luca Marlowe,2806.4
262,Michael Adewumi,1303.6
262,Mimy Kanza,1518.6
262,Otito,2400.9
262,Rael,1288.3
262,Rashida kinattingalakath,606.6
262,Remy,2075.8
262,Rosie Birch,836.2
262,Rufkat Adetola oladipo,1269.9
262,Sally Muinami,2059.2
262,Sodiq Salaudeen,770.0
262,Soumaya,584.4
262,Steve Nolan,1130.3
263,Abderrahmane Boukhaled,579.9
263,Basirat Adeyemo,2379.8
263,Charlotte Smith,465.9
263,David Ekpo,316.0
263,Emmanuela Odoh,1731.2
263,Eno-obong Udofia,815.9
263,Ethan Toudic,1338.9
263,Gianna Cavacuiti,751.8
263,James hushon,2390.2
263,Joy Ojeabulu,2360.8
263,Lesley Nyonggesa,1939.5
263,Luca Marlowe,1753.6
263,Michael Adewumi,1713.2
263,Mimy Kanza,1648.0
263,Otito,1841.2
263,Rael,674.4
263,Rashida kinattingalakath,655.2
263,Remy,269.9
263,Rosie Birch,2421.4
263,Rufkat Adetola oladipo,566.3
263,Sally Muinami,537.6
263,Sodiq Salaudeen,1201.8
263,Soumaya,1194.5
263,Steve Nolan,1166.3
264,Abderrahmane Boukhaled,1276.4
264,Basirat Adeyemo,2464.1
264,Charlotte Smith,1873.0
264,David Ekpo,411.8
264,Emmanuela Odoh,1814.4
264,Eno-obong Udofia,613.5
264,Ethan Toudic,377.8
264,Gianna Cavacuiti,2312.2
264,James hushon,2699.7
264,Joy Ojeabulu,2588.5
264,Lesley Nyonggesa,1345.3
264,Luca Marlowe,1387.7
264,Michael Adewumi,1225.2
264,Mimy Kanza,905.7
264,Otito,2311.9
264,Rael,1892.7
264,Rashida kinattingalakath,2367.0
264,Remy,1173.8
264,Rosie Birch,3247.9
264,Rufkat Adetola oladipo,350.8
264,Sally Muinami,2927.5
264,Sodiq Salaudeen,589.0
264,Soumaya,2194.7
264,Steve Nolan,2145.9
265,Abderrahmane Boukhaled,1830.2
265,Basirat Adeyemo,1957.9
265,Charlotte Smith,884.8
265,David Ekpo,1592.4
265,Emmanuela Odoh,854.0
265,Eno-obong Udofia,2148.3
265,Ethan Toudic,1653.6
265,Gianna Cavacuiti,1694.2
265,James hushon,668.2
265,Joy Ojeabulu,631.6
265,Lesley Nyonggesa,715.6
265,Luca Marlowe,619.2
265,Michael Adewumi,408.0
265,Mimy Kanza,1232.9
265,Otito,2201.0
265,Rael,1553.8
265,Rashida kinattingalakath,399.5
265,Remy,1831.2
265,Rosie Birch,241.9
265,Rufkat Adetola oladipo,1594.3
265,Sally Muinami,746.4
265,Sodiq Salaudeen,1369.5
265,Soumaya,1121.4
265,Steve Nolan,2166.5
266,Abderrahmane Boukhaled,748.3
266,Basirat Adeyemo,2045.0
266,Charlotte Smith,739.6
266,David Ekpo,295.0
266,Emmanuela Odoh,1816.5
266,Eno-obong Udofia,1703.1
266,Ethan Toudic,1639.9
266,Gianna Cavacuiti,1491.9
266,James hushon,459.6
266,Joy Ojeabulu,1644.7
266,Lesley Nyonggesa,1285.6
266,Luca Marlowe,1169.4
266,Michael Adewumi,871.1
266,Mimy Kanza,893.2
266,Otito,1399.2
266,Rael,987.7
266,Rashida kinattingalakath,2051.9
266,Remy,1218.2
266,Rosie Birch,1126.8
266,Rufkat Adetola oladipo,1607.2
266,Sally Muinami,1767.8
266,Sodiq Salaudeen,841.8
266,Soumaya,2459.2
266,Steve Nolan,2266.8
267,Abderrahmane Boukhaled,575.7
267,Basirat Adeyemo,1189.5
267,Charlotte Smith,957.6
267,David Ekpo,1189.9
267,Emmanuela Odoh,1512.9
267,Eno-obong Udofia,1330.0
267,Ethan Toudic,1485.3
267,Gianna Cavacuiti,1645.9
267,James hushon,1060.6
267,Joy Ojeabulu,1589.6
267,Lesley Nyonggesa,1062.1
267,Luca Marlowe,1500.7
267,Michael Adewumi,1503.7
267,Mimy Kanza,376.8
267,Otito,2181.0
267,Rael,716.5
267,Rashida kinattingalakath,1208.4
267,Remy,1236.2
267,Rosie Birch,985.4
267,Rufkat Adetola oladipo,1354.9
267,Sally Muinami,1619.8
267,Sodiq Salaudeen,960.3
267,Soumaya,1046.8
267,Steve Nolan,1911.5
268,Abderrahmane Boukhaled,1337.2
268,Basirat Adeyemo,1714.6
268,Charlotte Smith,1968.8
268,David Ekpo,1740.6
268,Emmanuela Odoh,1531.9
268,Eno-obong Udofia,1487.4
268,Ethan Toudic,244.2
268,Gianna Cavacuiti,2620.3
268,James hushon,411.5
268,Joy Ojeabulu,1503.2
268,Lesley Nyonggesa,1713.2
268,Luca Marlowe,2312.5
268,Michael Adewumi,579.1
268,Mimy Kanza,562.6
268,Otito,1425.0
268,Rael,3007.0
268,Rashida kinattingalakath,2343.0
268,Remy,1854.6
268,Rosie Birch,2018.9
268,Rufkat Adetola oladipo,1046.4
268,Sally Muinami,2245.8
268,Sodiq Salaudeen,2142.0
268,Soumaya,357.2
268,Steve Nolan,948.3
269,Abderrahmane Boukhaled,895.1
269,Basirat Adeyemo,346.6
269,Charlotte Smith,2162.8
269,David Ekpo,576.8
269,Emmanuela Odoh,1509.1
269,Eno-obong Udofia,1260.6
269,Ethan Toudic,1405.4
269,Gianna Cavacuiti,770.2
269,James hushon,998.5
269,Joy Ojeabulu,754.8
269,Lesley Nyonggesa,897.4
269,Luca Marlowe,237.1
269,Michael Adewumi,1108.2
269,Mimy Kanza,1361.4
269,Otito,1933.1
269,Rael,938.7
269,Rashida kinattingalakath,1570.1
269,Remy,898.2
269,Rosie Birch,1461.4
269,Rufkat Adetola oladipo,1012.5
269,Sally Muinami,430.4
269,Sodiq Salaudeen,1684.2
269,Soumaya,1443.5
269,Steve Nolan,514.6
270,Abderrahmane Boukhaled,738.8
270,Basirat Adeyemo,1473.7
270,Charlotte Smith,293.4
270,David Ekpo,1596.8
270,Emmanuela Odoh,766.6
270,Eno-obong Udofia,1177.1
270,Ethan Toudic,899.6
270,Gianna Cavacuiti,1959.8
270,James hushon,2062.9
270,Joy Ojeabulu,1009.6
270,Lesley Nyonggesa,289.0
270,Luca Marlowe,3128.0
270,Michael Adewumi,1299.9
270,Mimy Kanza,313.9
270,Otito,871.3
270,Rael,354.9
270,Rashida kinattingalakath,1644.2
270,Remy,1288.8
270,Rosie Birch,1372.2
270,Rufkat Adetola oladipo,1015.4
270,Sally Muinami,616.6
270,Sodiq Salaudeen,732.3
270,Soumaya,1485.3
270,Steve Nolan,848.0
271,Abderrahmane Boukhaled,1007.9
271,Basirat Adeyemo,1767.5
271,Charlotte Smith,2735.0
271,David Ekpo,1051.9
271,Emmanuela Odoh,1776.2
271,Eno-obong Udofia,2228.6
271,Ethan Toudic,2029.9
271,Gianna Cavacuiti,627.9
271,James hushon,1434.4
271,Joy Ojeabulu,1246.5
271,Lesley Nyonggesa,698.7
271,Luca Marlowe,1771.1
271,Michael Adewumi,527.6
271,Mimy Kanza,100.0
271,Otito,2440.9
271,Rael,1776.6
271,Rashida kinattingalakath,780.7
271,Remy,906.2
271,Rosie Birch,3099.3
271,Rufkat Adetola oladipo,1629.9
271,Sally Muinami,1088.1
271,Sodiq Salaudeen,1072.5
271,Soumaya,1398.2
271,Steve Nolan,897.7
272,Abderrahmane Boukhaled,220.2
272,Basirat Adeyemo,1833.2
272,Charlotte Smith,1255.4
272,David Ekpo,785.8
272,Emmanuela Odoh,264.2
272,Eno-obong Udofia,1485.2
272,Ethan Toudic,142.9
272,Gianna Cavacuiti,887.2
272,James hushon,885.7
272,Joy Ojeabulu,259.1
272,Lesley Nyonggesa,475.1
272,Luca Marlowe,255.0
272,Michael Adewumi,434.9
272,Mimy Kanza,2083.7
272,Otito,846.5
272,Rael,641.6
272,Rashida kinattingalakath,507.8
272,Remy,1231.4
272,Rosie Birch,860.0
272,Rufkat Adetola oladipo,878.6
272,Sally Muinami,776.2
272,Sodiq Salaudeen,1595.2
272,Soumaya,354.2
272,Steve Nolan,1864.0
273,Abderrahmane Boukhaled,2069.4
273,Basirat Adeyemo,1185.1
273,Charlotte Smith,980.6
273,David Ekpo,704.1
273,Emmanuela Odoh,811.6
273,Eno-obong Udofia,211.8
273,Ethan Toudic,1480.9
273,Gianna Cavacuiti,161.9
273,James hushon,1462.0
273,Joy Ojeabulu,318.4
273,Lesley Nyonggesa,1758.5
273,Luca Marlowe,1165.7
273,Michael Adewumi,2111.5
273,Mimy Kanza,1425.4
273,Otito,1389.0
273,Rael,3004.2
273,Rashida kinattingalakath,1753.1
273,Remy,247.1
273,Rosie Birch,777.2
273,Rufkat Adetola oladipo,1552.6
273,Sally Muinami,1760.3
273,Sodiq Salaudeen,2026.4
273,Soumaya,500.0
273,Steve Nolan,2861.6
274,Abderrahmane Boukhaled,862.2
274,Basirat Adeyemo,1134.8
274,Charlotte Smith,2271.6
274,David Ekpo,1544.5
274,Emmanuela Odoh,980.1
274,Eno-obong Udofia,1748.5
274,Ethan Toudic,1352.9
274,Gianna Cavacuiti,2079.1
274,James hushon,873.0
274,Joy Ojeabulu,1588.9
274,Lesley Nyonggesa,615.8
274,Luca Marlowe,1200.2
274,Michael Adewumi,909.4
274,Mimy Kanza,762.6
274,Otito,725.3
274,Rael,1630.3
274,Rashida kinattingalakath,1974.4
274,Remy,1351.8
274,Rosie Birch,166.5
274,Rufkat Adetola oladipo,656.3
274,Sally Muinami,1150.7
274,Sodiq Salaudeen,863.5
274,Soumaya,1748.5
274,Steve Nolan,626.1
275,Abderrahmane Boukhaled,123.7
275,Basirat Adeyemo,1158.3
275,Charlotte Smith,926.9
275,David Ekpo,1239.4
275,Emmanuela Odoh,786.7
275,Eno-obong Udofia,799.8
275,Ethan Toudic,1467.8
275,Gianna Cavacuiti,2374.4
275,James hushon,2152.8
275,Joy Ojeabulu,2020.4
275,Lesley Nyonggesa,730.4
275,Luca Marlowe,1184.5
275,Michael Adewumi,2098.2
275,Mimy Kanza,1403.6
275,Otito,976.0
275,Rael,1201.0
275,Rashida kinattingalakath,2888.9
275,Remy,1034.0
275,Rosie Birch,962.4
275,Rufkat Adetola oladipo,1209.4
275,Sally Muinami,676.1
275,Sodiq Salaudeen,1445.6
275,Soumaya,1696.4
275,Steve Nolan,1423.5
276,Abderrahmane Boukhaled,1551.5
276,Basirat Adeyemo,1820.7
276,Charlotte Smith,891.4
276,David Ekpo,988.3
276,Emmanuela Odoh,2734.6
276,Eno-obong Udofia,2039.5
276,Ethan Toudic,840.6
276,Gianna Cavacuiti,807.2
276,James hushon,1366.7
276,Joy Ojeabulu,1293.5
276,Lesley Nyonggesa,242.3
276,Luca Marlowe,218.7
276,Michael Adewumi,1242.2
276,Mimy Kanza,1076.7
276,Otito,1819.0
276,Rael,1145.0
276,Rashida kinattingalakath,1735.5
276,Remy,2021.1
276,Rosie Birch,971.7
276,Rufkat Adetola oladipo,1616.0
276,Sally Muinami,703.6
276,Sodiq Salaudeen,1565.1
276,Soumaya,1333.2
276,Steve Nolan,687.5
277,Abderrahmane Boukhaled,947.8
277,Basirat Adeyemo,1322.2
277,Charlotte Smith,1931.7
277,David Ekpo,2063.0
277,Emmanuela Odoh,764.8
277,Eno-obong Udofia,935.8
277,Ethan Toudic,1828.5
277,Gianna Cavacuiti,1277.8
277,James hushon,426.9
277,Joy Ojeabulu,709.4
277,Lesley Nyonggesa,648.8
277,Luca Marlowe,1195.7
277,Michael Adewumi,1279.6
277,Mimy Kanza,1257.6
277,Otito,876.3
277,Rael,1882.0
277,Rashida kinattingalakath,960.6
277,Remy,1369.0
277,Rosie Birch,1743.9
277,Rufkat Adetola oladipo,1705.5
277,Sally Muinami,2448.7
277,Sodiq Salaudeen,459.1
277,Soumaya,541.1
277,Steve Nolan,2282.2
278,Abderrahmane Boukhaled,1631.8
278,Basirat Adeyemo,721.8
278,Charlotte Smith,2073.8
278,David Ekpo,821.2
278,Emmanuela Odoh,1394.5
278,Eno-obong Udofia,954.4
278,Ethan Toudic,1398.3
278,Gianna Cavacuiti,2079.0
278,James hushon,1571.3
278,Joy Ojeabulu,2920.7
278,Lesley Nyonggesa,1438.5
278,Luca Marlowe,952.9
278,Michael Adewumi,577.8
278,Mimy Kanza,1171.8
278,Otito,917.4
278,Rael,1725.7
278,Rashida kinattingalakath,1586.4
278,Remy,1641.6
278,Rosie Birch,981.7
278,Rufkat Adetola oladipo,966.8
278,Sally Muinami,1692.8
278,Sodiq Salaudeen,2476.5
278,Soumaya,365.1
278,Steve Nolan,2091.1
279,Abderrahmane Boukhaled,1186.5
279,Basirat Adeyemo,594.0
279,Charlotte Smith,369.8
279,David Ekpo,1511.6
279,Emmanuela Odoh,2344.7
279,Eno-obong Udofia,1293.6
279,Ethan Toudic,166.1
279,Gianna Cavacuiti,799.1
279,James hushon,1066.6
279,Joy Ojeabulu,2164.9
279,Lesley Nyonggesa,1003.0
279,Luca Marlowe,1895.8
279,Michael Adewumi,387.3
279,Mimy Kanza,1792.0
279,Otito,1177.3
279,Rael,2569.1
279,Rashida kinattingalakath,1766.8
279,Remy,326.4
279,Rosie Birch,3551.2
279,Rufkat Adetola oladipo,966.8
279,Sally Muinami,1606.3
279,Sodiq Salaudeen,494.7
279,Soumaya,1354.9
279,Steve Nolan,1394.8
280,Abderrahmane Boukhaled,2460.6
280,Basirat Adeyemo,1119.7
280,Charlotte Smith,407.9
280,David Ekpo,1501.5
280,Emmanuela Odoh,941.1
280,Eno-obong Udofia,2085.0
280,Ethan Toudic,1817.0
280,Gianna Cavacuiti,768.8
280,James hushon,592.5
280,Joy Ojeabulu,1686.5
280,Lesley Nyonggesa,1958.5
280,Luca Marlowe,1019.3
280,Michael Adewumi,903.6
280,Mimy Kanza,1103.0
280,Otito,1512.3
280,Rael,817.4
280,Rashida kinattingalakath,1238.6
280,Remy,1492.9
280,Rosie Birch,256.2
280,Rufkat Adetola oladipo,472.8
280,Sally Muinami,535.0
280,Sodiq Salaudeen,1402.7
280,Soumaya,1707.0
280,Steve Nolan,1423.4
281,Abderrahmane Boukhaled,152.6
281,Basirat Adeyemo,2382.0
281,Charlotte Smith,480.2
281,David Ekpo,985.3
281,Emmanuela Odoh,1260.9
281,Eno-obong Udofia,633.7
281,Ethan Toudic,919.4
281,Gianna Cavacuiti,240.3
281,James hushon,1358.9
281,Joy Ojeabulu,978.8
281,Lesley Nyonggesa,2248.7
281,Luca Marlowe,1187.8
281,Michael Adewumi,817.0
281,Mimy Kanza,967.6
281,Otito,735.8
281,Rael,1467.1
281,Rashida kinattingalakath,1695.3
281,Remy,2077.1
281,Rosie Birch,943.6
281,Rufkat Adetola oladipo,588.6
281,Sally Muinami,1750.2
281,Sodiq Salaudeen,536.5
281,Soumaya,100.0
281,Steve Nolan,1361.2
282,Abderrahmane Boukhaled,1788.9
282,Basirat Adeyemo,846.8
282,Charlotte Smith,592.1
282,David Ekpo,593.0
282,Emmanuela Odoh,2237.1
282,Eno-obong Udofia,2797.0
282,Ethan Toudic,2116.9
282,Gianna Cavacuiti,1165.5
282,James hushon,746.3
282,Joy Ojeabulu,705.7
282,Lesley Nyonggesa,1341.3
282,Luca Marlowe,1020.3
282,Michael Adewumi,466.7
282,Mimy Kanza,2053.3
282,Otito,660.8
282,Rael,908.7
282,Rashida kinattingalakath,506.2
282,Remy,457.4
282,Rosie Birch,2102.9
282,Rufkat Adetola oladipo,1359.4
282,Sally Muinami,967.1
282,Sodiq Salaudeen,2006.7
282,Soumaya,1001.6
282,Steve Nolan,430.6
283,Abderrahmane Boukhaled,1083.7
283,Basirat Adeyemo,862.9
283,Charlotte Smith,693.7
283,David Ekpo,1861.5
283,Emmanuela Odoh,1589.8
283,Eno-obong Udofia,450.2
283,Ethan Toudic,1744.5
283,Gianna Cavacuiti,475.3
283,James hushon,1362.4
283,Joy Ojeabulu,250.8
283,Lesley Nyonggesa,1450.9
283,Luca Marlowe,694.3
283,Michael Adewumi,436.8
283,Mimy Kanza,1161.8
283,Otito,795.4
283,Rael,422.2
283,Rashida kinattingalakath,834.9
283,Remy,1557.4
283,Rosie Birch,536.4
283,Rufkat Adetola oladipo,1673.4
283,Sally Muinami,195.1
283,Sodiq Salaudeen,866.5
283,Soumaya,1344.0
283,Steve Nolan,2162.2
284,Abderrahmane Boukhaled,485.6
284,Basirat Adeyemo,1951.6
284,Charlotte Smith,851.7
284,David Ekpo,1089.1
284,Emmanuela Odoh,277.0
284,Eno-obong Udofia,944.6
284,Ethan Toudic,1570.6
284,Gianna Cavacuiti,629.3
284,James hushon,930.6
284,Joy Ojeabulu,1073.8
284,Lesley Nyonggesa,1121.7
284,Luca Marlowe,2366.6
284,Michael Adewumi,1176.8
284,Mimy Kanza,1404.2
284,Otito,491.4
284,Rael,1173.4
284,Rashida kinattingalakath,2059.4
284,Remy,705.3
284,Rosie Birch,496.8
284,Rufkat Adetola oladipo,265.5
284,Sally Muinami,942.8
284,Sodiq Salaudeen,596.9
284,Soumaya,230.2
284,Steve Nolan,823.2
285,Abderrahmane Boukhaled,1461.0
285,Basirat Adeyemo,2177.6
285,Charlotte Smith,979.2
285,David Ekpo,429.2
285,Emmanuela Odoh,2132.4
285,Eno-obong Udofia,520.4
285,Ethan Toudic,430.6
285,Gianna Cavacuiti,396.2
285,James hushon,754.4
285,Joy Ojeabulu,1345.5
285,Lesley Nyonggesa,2371.8
285,Luca Marlowe,1307.8
285,Michael Adewumi,365.0
285,Mimy Kanza,1023.1
285,Otito,1156.1
285,Rael,463.0
285,Rashida kinattingalakath,764.8
285,Remy,1644.6
285,Rosie Birch,788.6
285,Rufkat Adetola oladipo,1882.3
285,Sally Muinami,971.2
285,Sodiq Salaudeen,923.3
285,Soumaya,1603.3
285,Steve Nolan,3250.7
286,Abderrahmane Boukhaled,706.4
286,Basirat Adeyemo,1007.1
286,Charlotte Smith,2123.6
286,David Ekpo,777.3
286,Emmanuela Odoh,976.8
286,Eno-obong Udofia,2303.5
286,Ethan Toudic,251.6
286,Gianna Cavacuiti,512.6
286,James hushon,2065.9
286,Joy Ojeabulu,149.5
286,Lesley Nyonggesa,511.9
286,Luca Marlowe,1179.7
286,Michael Adewumi,688.2
286,Mimy Kanza,1532.7
286,Otito,824.2
286,Rael,872.3
286,Rashida kinattingalakath,576.0
286,Remy,259.9
286,Rosie Birch,490.8
286,Rufkat Adetola oladipo,1908.5
286,Sally Muinami,1325.1
286,Sodiq Salaudeen,2104.6
286,Soumaya,905.5
286,Steve Nolan,1426.4
287,Abderrahmane Boukhaled,598.0
287,Basirat Adeyemo,1220.2
287,Charlotte Smith,2312.4
287,David Ekpo,1198.2
287,Emmanuela Odoh,621.0
287,Eno-obong Udofia,3580.3
287,Ethan Toudic,832.4
287,Gianna Cavacuiti,138.6
287,James hushon,1941.0
287,Joy Ojeabulu,2230.6
287,Lesley Nyonggesa,732.7
287,Luca Marlowe,916.3
287,Michael Adewumi,392.7
287,Mimy Kanza,965.5
287,Otito,1437.0
287,Rael,1449.2
287,Rashida kinattingalakath,2250.7
287,Remy,1886.1
287,Rosie Birch,2169.1
287,Rufkat Adetola oladipo,1600.4
287,Sally Muinami,942.8
287,Sodiq Salaudeen,794.8
287,Soumaya,329.9
287,Steve Nolan,390.5
288,Abderrahmane Boukhaled,788.9
288,Basirat Adeyemo,1392.1
288,Charlotte Smith,2068.8
288,David Ekpo,538.1
288,Emmanuela Odoh,567.0
288,Eno-obong Udofia,1690.6
288,Ethan Toudic,2010.6
288,Gianna Cavacuiti,803.9
288,James hushon,690.5
288,Joy Ojeabulu,1656.8
288,Lesley Nyonggesa,1452.8
288,Luca Marlowe,490.2
288,Michael Adewumi,1487.7
288,Mimy Kanza,100.0
288,Otito,1919.1
288,Rael,365.6
288,Rashida kinattingalakath,554.7
288,Remy,527.1
288,Rosie Birch,1524.9
288,Rufkat Adetola oladipo,1038.2
288,Sally Muinami,1087.1
288,Sodiq Salaudeen,2033.9
288,Soumaya,468.7
288,Steve Nolan,2143.6
289,Abderrahmane Boukhaled,902.6
289,Basirat Adeyemo,1446.7
289,Charlotte Smith,1322.7
289,David Ekpo,575.6
289,Emmanuela Odoh,2695.7
289,Eno-obong Udofia,887.2
289,Ethan Toudic,851.3
289,Gianna Cavacuiti,360.6
289,James hushon,1794.4
289,Joy Ojeabulu,1592.6
289,Lesley Nyonggesa,1315.4
289,Luca Marlowe,1940.2
289,Michael Adewumi,1397.2
289,Mimy Kanza,673.5
289,Otito,1979.6
289,Rael,398.6
289,Rashida kinattingalakath,284.1
289,Remy,3149.2
289,Rosie Birch,2088.3
289,Rufkat Adetola oladipo,896.0
289,Sally Muinami,2305.7
289,Sodiq Salaudeen,2225.2
289,Soumaya,449.5
289,Steve Nolan,1782.0
290,Abderrahmane Boukhaled,771.2
290,Basirat Adeyemo,864.5
290,Charlotte Smith,511.9
290,David Ekpo,1077.2
290,Emmanuela Odoh,1005.0
290,Eno-obong Udofia,1693.2
290,Ethan Toudic,882.2
290,Gianna Cavacuiti,422.2
290,James hushon,575.0
290,Joy Ojeabulu,2348.8
290,Lesley Nyonggesa,1476.2
290,Luca Marlowe,205.5
290,Michael Adewumi,3909.5
290,Mimy Kanza,1698.9
290,Otito,1788.1
290,Rael,142.5
290,Rashida kinattingalakath,266.4
290,Remy,623.4
290,Rosie Birch,544.1
290,Rufkat Adetola oladipo,1329.9
290,Sally Muinami,460.8
290,Sodiq Salaudeen,1401.3
290,Soumaya,1272.8
290,Steve Nolan,833.8
291,Abderrahmane Boukhaled,242.2
291,Basirat Adeyemo,1504.6
291,Charlotte Smith,153.2
291,David Ekpo,1949.8
291,Emmanuela Odoh,1446.8
291,Eno-obong Udofia,3590.0
291,Ethan Toudic,1747.9
291,Gianna Cavacuiti,1092.1
291,James hushon,121.8
291,Joy Ojeabulu,638.5
291,Lesley Nyonggesa,618.0
291,Luca Marlowe,527.5
291,Michael Adewumi,2170.1
291,Mimy Kanza,1555.1
291,Otito,562.2
291,Rael,978.7
291,Rashida kinattingalakath,1966.1
291,Remy,1078.6
291,Rosie Birch,1057.2
291,Rufkat Adetola oladipo,282.0
291,Sally Muinami,2140.4
291,Sodiq Salaudeen,3205.9
291,Soumaya,838.3
291,Steve Nolan,1518.1
292,Abderrahmane Boukhaled,2167.4
292,Basirat Adeyemo,624.5
292,Charlotte Smith,2797.6
292,David Ekpo,796.3
292,Emmanuela Odoh,1009.9
292,Eno-obong Udofia,711.8
292,Ethan Toudic,1506.1
292,Gianna Cavacuiti,2469.3
292,James hushon,1429.8
292,Joy Ojeabulu,720.2
292,Lesley Nyonggesa,307.0
292,Luca Marlowe,351.9
292,Michael Adewumi,588.1
292,Mimy Kanza,2687.8
292,Otito,1705.0
292,Rael,506.7
292,Rashida kinattingalakath,2279.8
292,Remy,1481.4
292,Rosie Birch,2302.4
292,Rufkat Adetola oladipo,958.2
292,Sally Muinami,1275.0
292,Sodiq Salaudeen,1696.7
292,Soumaya,2170.7
292,Steve Nolan,1907.9
293,Abderrahmane Boukhaled,397.6
293,Basirat Adeyemo,1755.0
293,Charlotte Smith,860.8
293,David Ekpo,2235.3
293,Emmanuela Odoh,2175.6
293,Eno-obong Udofia,1454.2
293,Ethan Toudic,1581.6
293,Gianna Cavacuiti,651.4
293,James hushon,970.0
293,Joy Ojeabulu,654.4
293,Lesley Nyonggesa,999.9
293,Luca Marlowe,1602.8
293,Michael Adewumi,1104.5
293,Mimy Kanza,745.1
293,Otito,686.0
293,Rael,357.4
293,Rashida kinattingalakath,1773.6
293,Remy,100.0
293,Rosie Birch,802.7
293,Rufkat Adetola oladipo,290.1
293,Sally Muinami,758.3
293,Sodiq Salaudeen,1107.6
293,Soumaya,1213.7
293,Steve Nolan,2103.8
294,Abderrahmane Boukhaled,827.8
294,Basirat Adeyemo,1458.3
294,Charlotte Smith,288.5
294,David Ekpo,911.9
294,Emmanuela Odoh,520.0
294,Eno-obong Udofia,516.3
294,Ethan Toudic,2574.3
294,Gianna Cavacuiti,1030.3
294,James hushon,409.4
294,Joy Ojeabulu,2107.5
294,Lesley Nyonggesa,1388.2
294,Luca Marlowe,1417.2
294,Michael Adewumi,1600.6
294,Mimy Kanza,1702.2
294,Otito,2790.4
294,Rael,506.8
294,Rashida kinattingalakath,287.9
294,Remy,1816.2
294,Rosie Birch,2811.4
294,Rufkat Adetola oladipo,1319.0
294,Sally Muinami,2369.8
294,Sodiq Salaudeen,1264.8
294,Soumaya,1038.5
294,Steve Nolan,873.2
295,Abderrahmane Boukhaled,1476.2
295,Basirat Adeyemo,2046.7
295,Charlotte Smith,1258.6
295,David Ekpo,2833.9
295,Emmanuela Odoh,961.1
295,Eno-obong Udofia,2638.7
295,Ethan Toudic,1885.4
295,Gianna Cavacuiti,1042.4
295,James hushon,2026.2
295,Joy Ojeabulu,1272.6
295,Lesley Nyonggesa,1058.4
295,Luca Marlowe,1861.1
295,Michael Adewumi,1884.2
295,Mimy Kanza,100.0
295,Otito,1600.5
295,Rael,1521.9
295,Rashida kinattingalakath,3056.6
295,Remy,345.4
295,Rosie Birch,1140.4
295,Rufkat Adetola oladipo,1050.9
295,Sally Muinami,476.8
295,Sodiq Salaudeen,253.0
295,Soumaya,782.6
295,Steve Nolan,2188.2
296,Abderrahmane Boukhaled,665.1
296,Basirat Adeyemo,1038.6
296,Charlotte Smith,2436.4
296,David Ekpo,703.2
296,Emmanuela Odoh,1774.6
296,Eno-obong Udofia,261.9
296,Ethan Toudic,759.5
296,Gianna Cavacuiti,539.1
296,James hushon,2459.0
296,Joy Ojeabulu,1896.6
296,Lesley Nyonggesa,2020.8
296,Luca Marlowe,1816.2
296,Michael Adewumi,2352.4
296,Mimy Kanza,194.5
296,Otito,1666.0
296,Rael,265.5
296,Rashida kinattingalakath,458.0
296,Remy,1071.3
296,Rosie Birch,1717.5
296,Rufkat Adetola oladipo,2371.8
296,Sally Muinami,1378.2
296,Sodiq Salaudeen,1680.5
296,Soumaya,1422.2
296,Steve Nolan,965.3
297,Abderrahmane Boukhaled,1536.1
297,Basirat Adeyemo,386.6
297,Charlotte Smith,2683.3
297,David Ekpo,630.6
297,Emmanuela Odoh,694.9
297,Eno-obong Udofia,1070.5
297,Ethan Toudic,1273.4
297,Gianna Cavacuiti,2130.9
297,James hushon,686.0
297,Joy Ojeabulu,1236.4
297,Lesley Nyonggesa,1938.2
297,Luca Marlowe,1207.5
297,Michael Adewumi,2468.3
297,Mimy Kanza,899.6
297,Otito,654.4
297,Rael,923.9
297,Rashida kinattingalakath,573.8
297,Remy,448.0
297,Rosie Birch,1218.3
297,Rufkat Adetola oladipo,763.0
297,Sally Muinami,1945.0
297,Sodiq Salaudeen,717.4
297,Soumaya,966.2
297,Steve Nolan,788.1
298,Abderrahmane Boukhaled,1377.8
298,Basirat Adeyemo,1010.4
298,Charlotte Smith,881.6
298,David Ekpo,1394.2
298,Emmanuela Odoh,1295.7
298,Eno-obong Udofia,2050.4
298,Ethan Toudic,140.4
298,Gianna Cavacuiti,1714.0
298,James hushon,928.4
298,Joy Ojeabulu,2104.4
298,Lesley Nyonggesa,898.7
298,Luca Marlowe,2170.7
298,Michael Adewumi,2645.8
298,Mimy Kanza,1363.8
298,Otito,1125.8
298,Rael,1479.6
298,Rashida kinattingalakath,1281.3
298,Remy,1963.3
298,Rosie Birch,518.4
298,Rufkat Adetola oladipo,1608.4
298,Sally Muinami,1916.0
298,Sodiq Salaudeen,1794.7
298,Soumaya,236.6
298,Steve Nolan,610.2
299,Abderrahmane Boukhaled,982.0
299,Basirat Adeyemo,1159.8
299,Charlotte Smith,794.3
299,David Ekpo,989.4
299,Emmanuela Odoh,1865.9
299,Eno-obong Udofia,739.0
299,Ethan Toudic,2014.4
299,Gianna Cavacuiti,2403.9
299,James hushon,3388.5
299,Joy Ojeabulu,1706.4
299,Lesley Nyonggesa,785.7
299,Luca Marlowe,895.2
299,Michael Adewumi,1421.2
299,Mimy Kanza,1081.5
299,Otito,1307.2
299,Rael,969.0
299,Rashida kinattingalakath,1316.5
299,Remy,147.0
299,Rosie Birch,540.2
299,Rufkat Adetola oladipo,2304.0
299,Sally Muinami,1985.2
299,Sodiq Salaudeen,758.7
299,Soumaya,2350.0
299,Steve Nolan,2494.5
300,Abderrahmane Boukhaled,1015.6
300,Basirat Adeyemo,1145.4
300,Charlotte Smith,1312.5
300,David Ekpo,730.6
300,Emmanuela Odoh,1364.9
300,Eno-obong Udofia,776.8
300,Ethan Toudic,1058.8
300,Gianna Cavacuiti,2176.3
300,James hushon,135.9
300,Joy Ojeabulu,940.1
300,Lesley Nyonggesa,1190.8
300,Luca Marlowe,422.3
300,Michael Adewumi,728.1
300,Mimy Kanza,1070.3
300,Otito,2394.0
300,Rael,2006.6
300,Rashida kinattingalakath,1168.4
300,Remy,383.2
300,Rosie Birch,1109.1
300,Rufkat Adetola oladipo,1975.6
300,Sally Muinami,1572.7
300,Sodiq Salaudeen,982.6
300,Soumaya,502.6
300,Steve Nolan,1383.3
301,Abderrahmane Boukhaled,1484.2
301,Basirat Adeyemo,1547.4
301,Charlotte Smith,1076.3
301,David Ekpo,1100.0
301,Emmanuela Odoh,1850.6
301,Eno-obong Udofia,1751.8
301,Ethan Toudic,2055.9
301,Gianna Cavacuiti,1561.2
301,James hushon,1438.1
301,Joy Ojeabulu,998.2
301,Lesley Nyonggesa,1099.0
301,Luca Marlowe,550.9
301,Michael Adewumi,1997.0
301,Mimy Kanza,1753.3
301,Otito,1032.3
301,Rael,1873.0
301,Rashida kinattingalakath,492.8
301,Remy,658.0
301,Rosie Birch,1033.4
301,Rufkat Adetola oladipo,763.6
301,Sally Muinami,804.2
301,Sodiq Salaudeen,371.4
301,Soumaya,1871.6
301,Steve Nolan,1712.3
302,Abderrahmane Boukhaled,900.3
302,Basirat Adeyemo,1901.3
302,Charlotte Smith,785.6
302,David Ekpo,786.8
302,Emmanuela Odoh,2330.9
302,Eno-obong Udofia,1435.2
302,Ethan Toudic,2204.8
302,Gianna Cavacuiti,1386.2
302,James hushon,3125.1
302,Joy Ojeabulu,284.2
302,Lesley Nyonggesa,1269.7
302,Luca Marlowe,807.5
302,Michael Adewumi,1723.7
302,Mimy Kanza,697.1
302,Otito,1349.5
302,Rael,474.5
302,Rashida kinattingalakath,629.9
302,Remy,855.3
302,Rosie Birch,2309.1
302,Rufkat Adetola oladipo,159.4
302,Sally Muinami,1173.0
302,Sodiq Salaudeen,630.6
302,Soumaya,701.2
302,Steve Nolan,580.6
303,Abderrahmane Boukhaled,2427.3
303,Basirat Adeyemo,680.2
303,Charlotte Smith,1686.5
303,David Ekpo,1379.2
303,Emmanuela Odoh,594.6
303,Eno-obong Udofia,444.2
303,Ethan Toudic,401.2
303,Gianna Cavacuiti,763.7
303,James hushon,670.6
303,Joy Ojeabulu,1028.3
303,Lesley Nyonggesa,2624.4
303,Luca Marlowe,861.0
303,Michael Adewumi,1919.8
303,Mimy Kanza,1318.6
303,Otito,1875.8
303,Rael,2230.4
303,Rashida kinattingalakath,291.7
303,Remy,269.4
303,Rosie Birch,2231.3
303,Rufkat Adetola oladipo,767.1
303,Sally Muinami,502.1
303,Sodiq Salaudeen,805.4
303,Soumaya,2872.3
303,Steve Nolan,1142.9
304,Abderrahmane Boukhaled,592.2
304,Basirat Adeyemo,506.5
304,Charlotte Smith,2618.0
304,David Ekpo,375.3
304,Emmanuela Odoh,891.7
304,Eno-obong Udofia,522.4
304,Ethan Toudic,1328.8
304,Gianna Cavacuiti,1876.7
304,James hushon,100.0
304,Joy Ojeabulu,1115.9
304,Lesley Nyonggesa,496.4
304,Luca Marlowe,1790.5
304,Michael Adewumi,737.0
304,Mimy Kanza,814.1
304,Otito,1882.9
304,Rael,767.8
304,Rashida kinattingalakath,1426.6
304,Remy,685.8
304,Rosie Birch,735.5
304,Rufkat Adetola oladipo,1280.6
304,Sally Muinami,1384.6
304,Sodiq Salaudeen,2218.3
304,Soumaya,1041.6
304,Steve Nolan,2631.8
305,Abderrahmane Boukhaled,1094.1
305,Basirat Adeyemo,701.1
305,Charlotte Smith,1695.0
305,David Ekpo,578.4
305,Emmanuela Odoh,607.1
305,Eno-obong Udofia,791.2
305,Ethan Toudic,1523.4
305,Gianna Cavacuiti,1635.9
305,James hushon,377.1
305,Joy Ojeabulu,1609.5
305,Lesley Nyonggesa,3136.3
305,Luca Marlowe,779.2
305,Michael Adewumi,983.0
305,Mimy Kanza,1413.3
305,Otito,762.7
305,Rael,1971.6
305,Rashida kinattingalakath,1908.7
305,Remy,2663.2
305,Rosie Birch,808.2
305,Rufkat Adetola oladipo,827.5
305,Sally Muinami,2050.0
305,Sodiq Salaudeen,2453.5
305,Soumaya,1653.1
305,Steve Nolan,1286.3
306,Abderrahmane Boukhaled,1667.4
306,Basirat Adeyemo,1208.2
306,Charlotte Smith,737.3
306,David Ekpo,117.0
306,Emmanuela Odoh,2168.9
306,Eno-obong Udofia,748.0
306,Ethan Toudic,335.8
306,Gianna Cavacuiti,1234.6
306,James hushon,1670.1
306,Joy Ojeabulu,1873.3
306,Lesley Nyonggesa,1280.4
306,Luca Marlowe,2221.7
306,Michael Adewumi,655.0
306,Mimy Kanza,563.5
306,Otito,767.6
306,Rael,1631.3
306,Rashida kinattingalakath,1559.0
306,Remy,1607.4
306,Rosie Birch,1188.7
306,Rufkat Adetola oladipo,585.2
306,Sally Muinami,2261.8
306,Sodiq Salaudeen,1606.5
306,Soumaya,2274.6
306,Steve Nolan,1027.6
307,Abderrahmane Boukhaled,1028.9
307,Basirat Adeyemo,2307.6
307,Charlotte Smith,1252.1
307,David Ekpo,2506.2
307,Emmanuela Odoh,1764.8
307,Eno-obong Udofia,1943.0
307,Ethan Toudic,1405.4
307,Gianna Cavacuiti,830.4
307,James hushon,911.8
307,Joy Ojeabulu,1484.4
307,Lesley Nyonggesa,1105.9
307,Luca Marlowe,441.0
307,Michael Adewumi,2319.6
307,Mimy Kanza,1517.2
307,Otito,122.4
307,Rael,1080.2
307,Rashida kinattingalakath,192.9
307,Remy,1892.5
307,Rosie Birch,429.0
307,Rufkat Adetola oladipo,1910.8
307,Sally Muinami,1752.8
307,Sodiq Salaudeen,3119.0
307,Soumaya,161.8
307,Steve Nolan,932.5
308,Abderrahmane Boukhaled,1956.7
308,Basirat Adeyemo,1682.6
308,Charlotte Smith,2381.7
308,David Ekpo,989.9
308,Emmanuela Odoh,250.9
308,Eno-obong Udofia,1680.1
308,Ethan Toudic,945.0
308,Gianna Cavacuiti,1777.3
308,James hushon,337.2
308,Joy Ojeabulu,475.3
308,Lesley Nyonggesa,1490.8
308,Luca Marlowe,405.3
308,Michael Adewumi,405.2
308,Mimy Kanza,904.6
308,Otito,1929.0
308,Rael,1512.0
308,Rashida kinattingalakath,1350.4
308,Remy,1813.0
308,Rosie Birch,981.3
308,Rufkat Adetola oladipo,2067.3
308,Sally Muinami,2732.8
308,Sodiq Salaudeen,501.2
308,Soumaya,1245.3
308,Steve Nolan,1479.6
309,Abderrahmane Boukhaled,2747.8
309,Basirat Adeyemo,1129.8
309,Charlotte Smith,1193.9
309,David Ekpo,2546.3
309,Emmanuela Odoh,1781.3
309,Eno-obong Udofia,302.0
309,Ethan Toudic,1193.6
309,Gianna Cavacuiti,2210.9
309,James hushon,1113.7
309,Joy Ojeabulu,940.3
309,Lesley Nyonggesa,478.6
309,Luca Marlowe,1252.4
309,Michael Adewumi,1114.8
309,Mimy Kanza,1474.9
309,Otito,1236.8
309,Rael,2883.8
309,Rashida kinattingalakath,391.0
309,Remy,770.5
309,Rosie Birch,963.6
309,Rufkat Adetola oladipo,3222.8
309,Sally Muinami,1859.0
309,Sodiq Salaudeen,472.7
309,Soumaya,1099.1
309,Steve Nolan,1103.6
310,Abderrahmane Boukhaled,1082.9
310,Basirat Adeyemo,1628.4
310,Charlotte Smith,2137.4
310,David Ekpo,1122.8
310,Emmanuela Odoh,1745.6
310,Eno-obong Udofia,892.4
310,Ethan Toudic,1186.4
310,Gianna Cavacuiti,1703.6
310,James hushon,3060.6
310,Joy Ojeabulu,371.3
310,Lesley Nyonggesa,996.4
310,Luca Marlowe,853.7
310,Michael Adewumi,983.6
310,Mimy Kanza,1390.2
310,Otito,1101.4
310,Rael,1119.6
310,Rashida kinattingalakath,1349.4
310,Remy,1517.5
310,Rosie Birch,2624.6
310,Rufkat Adetola oladipo,1489.9
310,Sally Muinami,935.5
310,Sodiq Salaudeen,740.4
310,Soumaya,924.5
310,Steve Nolan,1279.8
311,Abderrahmane Boukhaled,2486.1
311,Basirat Adeyemo,1724.0
311,Charlotte Smith,1354.6
311,David Ekpo,1051.0
311,Emmanuela Odoh,1052.7
311,Eno-obong Udofia,845.4
311,Ethan Toudic,1065.6
311,Gianna Cavacuiti,2045.9
311,James hushon,684.8
311,Joy Ojeabulu,1705.0
311,Lesley Nyonggesa,1153.9
311,Luca Marlowe,1535.7
311,Michael Adewumi,235.7
311,Mimy Kanza,1952.1
311,Otito,1051.2
311,Rael,1906.7
311,Rashida kinattingalakath,1262.3
311,Remy,909.0
311,Rosie Birch,1004.6
311,Rufkat Adetola oladipo,1457.2
311,Sally Muinami,965.7
311,Sodiq Salaudeen,948.1
311,Soumaya,1316.8
311,Steve Nolan,1056.0
312,Abderrahmane Boukhaled,146.2
312,Basirat Adeyemo,592.1
312,Charlotte Smith,1064.6
312,David Ekpo,783.7
312,Emmanuela Odoh,2494.2
312,Eno-obong Udofia,451.5
312,Ethan Toudic,2550.6
312,Gianna Cavacuiti,1481.2
312,James hushon,2457.2
312,Joy Ojeabulu,1042.9
312,Lesley Nyonggesa,865.6
312,Luca Marlowe,1507.1
312,Michael Adewumi,702.2
312,Mimy Kanza,2153.4
312,Otito,541.0
312,Rael,1185.2
312,Rashida kinattingalakath,1732.6
312,Remy,2944.5
312,Rosie Birch,914.0
312,Rufkat Adetola oladipo,1201.9
312,Sally Muinami,467.6
312,Sodiq Salaudeen,1822.9
312,Soumaya,929.9
312,Steve Nolan,1459.5
313,Abderrahmane Boukhaled,984.8
313,Basirat Adeyemo,1357.9
313,Charlotte Smith,1667.2
313,David Ekpo,1427.5
313,Emmanuela Odoh,567.4
313,Eno-obong Udofia,2243.7
313,Ethan Toudic,1293.5
313,Gianna Cavacuiti,1294.9
313,James hushon,1212.4
313,Joy Ojeabulu,626.6
313,Lesley Nyonggesa,1237.6
313,Luca Marlowe,1939.7
313,Michael Adewumi,2863.2
313,Mimy Kanza,1643.7
313,Otito,1188.4
313,Rael,1075.7
313,Rashida kinattingalakath,1081.8
313,Remy,1651.4
313,Rosie Birch,817.6
313,Rufkat Adetola oladipo,2210.2
313,Sally Muinami,1677.8
313,Sodiq Salaudeen,2291.3
313,Soumaya,3083.4
313,Steve Nolan,887.4
314,Abderrahmane Boukhaled,893.7
314,Basirat Adeyemo,921.6
314,Charlotte Smith,216.3
314,David Ekpo,740.2
314,Emmanuela Odoh,2648.2
314,Eno-obong Udofia,794.1
314,Ethan Toudic,463.7
314,Gianna Cavacuiti,1270.9
314,James hushon,808.6
314,Joy Ojeabulu,2017.7
314,Lesley Nyonggesa,2491.3
314,Luca Marlowe,2344.1
314,Michael Adewumi,3546.8
314,Mimy Kanza,3079.2
314,Otito,1625.9
314,Rael,1375.9
314,Rashida kinattingalakath,550.3
314,Remy,1497.3
314,Rosie Birch,783.5
314,Rufkat Adetola oladipo,1123.6
314,Sally Muinami,1522.2
314,Sodiq Salaudeen,1230.0
314,Soumaya,195.8
314,Steve Nolan,920.8
315,Abderrahmane Boukhaled,2662.9
315,Basirat Adeyemo,459.3
315,Charlotte Smith,1871.1
315,David Ekpo,2328.8
315,Emmanuela Odoh,1633.6
315,Eno-obong Udofia,1209.7
315,Ethan Toudic,1466.6
315,Gianna Cavacuiti,2292.7
315,James hushon,1734.4
315,Joy Ojeabulu,2403.6
315,Lesley Nyonggesa,2206.6
315,Luca Marlowe,927.9
315,Michael Adewumi,850.8
315,Mimy Kanza,1666.9
315,Otito,2820.6
315,Rael,254.0
315,Rashida kinattingalakath,523.5
315,Remy,563.3
315,Rosie Birch,2619.6
315,Rufkat Adetola oladipo,909.6
315,Sally Muinami,1493.5
315,Sodiq Salaudeen,484.8
315,Soumaya,1991.5
315,Steve Nolan,861.6
316,Abderrahmane Boukhaled,1684.7
316,Basirat Adeyemo,1614.1
316,Charlotte Smith,1367.2
316,David Ekpo,451.7
316,Emmanuela Odoh,789.6
316,Eno-obong Udofia,1107.6
316,Ethan Toudic,1533.8
316,Gianna Cavacuiti,669.5
316,James hushon,281.0
316,Joy Ojeabulu,1902.9
316,Lesley Nyonggesa,635.6
316,Luca Marlowe,946.5
316,Michael Adewumi,1593.1
316,Mimy Kanza,300.4
316,Otito,870.3
316,Rael,798.2
316,Rashida kinattingalakath,235.3
316,Remy,1678.8
316,Rosie Birch,1855.3
316,Rufkat Adetola oladipo,456.8
316,Sally Muinami,1468.8
316,Sodiq Salaudeen,1963.1
316,Soumaya,598.8
316,Steve Nolan,803.3
317,Abderrahmane Boukhaled,1035.2
317,Basirat Adeyemo,1394.6
317,Charlotte Smith,1667.6
317,David Ekpo,1637.6
317,Emmanuela Odoh,2285.6
317,Eno-obong Udofia,1844.2
317,Ethan Toudic,2292.0
317,Gianna Cavacuiti,1343.7
317,James hushon,3680.9
317,Joy Ojeabulu,1228.9
317,Lesley Nyonggesa,158.1
317,Luca Marlowe,1594.3
317,Michael Adewumi,705.6
317,Mimy Kanza,388.0
317,Otito,1522.4
317,Rael,500.4
317,Rashida kinattingalakath,1719.8
317,Remy,443.2
317,Rosie Birch,541.8
317,Rufkat Adetola oladipo,1397.0
317,Sally Muinami,2578.1
317,Sodiq Salaudeen,3237.5
317,Soumaya,888.6
317,Steve Nolan,1507.3
318,Abderrahmane Boukhaled,1294.2
318,Basirat Adeyemo,1163.9
318,Charlotte Smith,167.0
318,David Ekpo,298.0
318,Emmanuela Odoh,800.0
318,Eno-obong Udofia,1445.9
318,Ethan Toudic,268.6
318,Gianna Cavacuiti,1161.9
318,James hushon,2646.1
318,Joy Ojeabulu,1034.0
318,Lesley Nyonggesa,148.4
318,Luca Marlowe,543.4
318,Michael Adewumi,850.8
318,Mimy Kanza,249.6
318,Otito,349.0
318,Rael,878.1
318,Rashida kinattingalakath,1152.6
318,Remy,1983.2
318,Rosie Birch,1706.6
318,Rufkat Adetola oladipo,100.0
318,Sally Muinami,145.5
318,Sodiq Salaudeen,2056.4
318,Soumaya,1717.7
318,Steve Nolan,1071.9
319,Abderrahmane Boukhaled,1613.0
319,Basirat Adeyemo,539.4
319,Charlotte Smith,1537.3
319,David Ekpo,1166.0
319,Emmanuela Odoh,948.8
319,Eno-obong Udofia,966.9
319,Ethan Toudic,1359.9
319,Gianna Cavacuiti,1148.1
319,James hushon,361.2
319,Joy Ojeabulu,749.5
319,Lesley Nyonggesa,861.9
319,Luca Marlowe,1792.8
319,Michael Adewumi,494.5
319,Mimy Kanza,1342.0
319,Otito,1832.8
319,Rael,2082.9
319,Rashida kinattingalakath,517.6
319,Remy,854.1
319,Rosie Birch,106.8
319,Rufkat Adetola oladipo,702.6
319,Sally Muinami,974.9
319,Sodiq Salaudeen,2524.6
319,Soumaya,872.5
319,Steve Nolan,521.1
320,Abderrahmane Boukhaled,708.4
320,Basirat Adeyemo,1043.0
320,Charlotte Smith,561.6
320,David Ekpo,1071.4
320,Emmanuela Odoh,373.4
320,Eno-obong Udofia,1535.5
320,Ethan Toudic,803.7
320,Gianna Cavacuiti,247.2
320,James hushon,1307.2
320,Joy Ojeabulu,1611.6
320,Lesley Nyonggesa,791.0
320,Luca Marlowe,977.3
320,Michael Adewumi,2066.1
320,Mimy Kanza,1106.6
320,Otito,100.0
320,Rael,1231.1
320,Rashida kinattingalakath,1254.6
320,Remy,499.5
320,Rosie Birch,179.4
320,Rufkat Adetola oladipo,862.0
320,Sally Muinami,1669.0
320,Sodiq Salaudeen,2250.2
320,Soumaya,1893.7
320,Steve Nolan,513.5
321,Abderrahmane Boukhaled,667.3
321,Basirat Adeyemo,266.5
321,Charlotte Smith,1817.0
321,David Ekpo,2185.3
321,Emmanuela Odoh,561.5
321,Eno-obong Udofia,696.7
321,Ethan Toudic,1426.6
321,Gianna Cavacuiti,1405.9
321,James hushon,1567.0
321,Joy Ojeabulu,431.6
321,Lesley Nyonggesa,2416.8
321,Luca Marlowe,761.7
321,Michael Adewumi,1173.9
321,Mimy Kanza,699.4
321,Otito,2081.2
321,Rael,1578.7
321,Rashida kinattingalakath,1644.5
321,Remy,1536.1
321,Rosie Birch,229.3
321,Rufkat Adetola oladipo,851.4
321,Sally Muinami,2210.5
321,Sodiq Salaudeen,878.1
321,Soumaya,592.2
321,Steve Nolan,2048.4
322,Abderrahmane Boukhaled,1104.9
322,Basirat Adeyemo,1648.2
322,Charlotte Smith,597.1
322,David Ekpo,1742.0
322,Emmanuela Odoh,1546.5
322,Eno-obong Udofia,1944.0
322,Ethan Toudic,1053.8
322,Gianna Cavacuiti,1918.7
322,James hushon,224.7
322,Joy Ojeabulu,1937.8
322,Lesley Nyonggesa,764.0
322,Luca Marlowe,1681.0
322,Michael Adewumi,1311.5
322,Mimy Kanza,629.2
322,Otito,1710.7
322,Rael,1529.4
322,Rashida kinattingalakath,1406.7
322,Remy,1444.4
322,Rosie Birch,1069.8
322,Rufkat Adetola oladipo,2155.8
322,Sally Muinami,744.3
322,Sodiq Salaudeen,1965.0
322,Soumaya,359.6
322,Steve Nolan,1997.4
323,Abderrahmane Boukhaled,2471.8
323,Basirat Adeyemo,1849.1
323,Charlotte Smith,1554.9
323,David Ekpo,2216.1
323,Emmanuela Odoh,538.0
323,Eno-obong Udofia,446.0
323,Ethan Toudic,1740.1
323,Gianna Cavacuiti,1082.9
323,James hushon,2662.2
323,Joy Ojeabulu,2012.1
323,Lesley Nyonggesa,204.9
323,Luca Marlowe,1052.7
323,Michael Adewumi,739.7
323,Mimy Kanza,2062.1
323,Otito,1129.9
323,Rael,1987.5
323,Rashida kinattingalakath,3465.9
323,Remy,122.2
323,Rosie Birch,576.1
323,Rufkat Adetola oladipo,497.0
323,Sally Muinami,2377.5
323,Sodiq Salaudeen,364.8
323,Soumaya,479.4
323,Steve Nolan,708.1
324,Abderrahmane Boukhaled,1945.4
324,Basirat Adeyemo,1859.0
324,Charlotte Smith,1830.3
324,David Ekpo,408.4
324,Emmanuela Odoh,1070.9
324,Eno-obong Udofia,1431.7
324,Ethan Toudic,367.4
324,Gianna Cavacuiti,1368.5
324,James hushon,1467.8
324,Joy Ojeabulu,1285.2
324,Lesley Nyonggesa,717.6
324,Luca Marlowe,2203.2
324,Michael Adewumi,2488.3
324,Mimy Kanza,1790.7
324,Otito,2326.2
324,Rael,604.6
324,Rashida kinattingalakath,225.6
324,Remy,1392.9
324,Rosie Birch,1340.7
324,Rufkat Adetola oladipo,1637.5
324,Sally Muinami,372.1
324,Sodiq Salaudeen,1168.3
324,Soumaya,2527.5
324,Steve Nolan,1190.3
325,Abderrahmane Boukhaled,1078.8
325,Basirat Adeyemo,2081.0
325,Charlotte Smith,836.2
325,David Ekpo,1390.7
325,Emmanuela Odoh,1559.9
325,Eno-obong Udofia,554.1
325,Ethan Toudic,1198.2
325,Gianna Cavacuiti,1432.9
325,James hushon,1282.7
325,Joy Ojeabulu,1555.8
325,Lesley Nyonggesa,407.1
325,Luca Marlowe,202.8
325,Michael Adewumi,823.2
325,Mimy Kanza,1804.6
325,Otito,1110.6
325,Rael,1387.6
325,Rashida kinattingalakath,272.4
325,Remy,1195.7
325,Rosie Birch,727.8
325,Rufkat Adetola oladipo,897.3
325,Sally Muinami,2298.8
325,Sodiq Salaudeen,967.1
325,Soumaya,1668.6
325,Steve Nolan,1670.6
326,Abderrahmane Boukhaled,1977.7
326,Basirat Adeyemo,977.6
326,Charlotte Smith,2002.2
326,David Ekpo,1497.2
326,Emmanuela Odoh,1247.1
326,Eno-obong Udofia,2008.6
326,Ethan Toudic,410.6
326,Gianna Cavacuiti,2328.5
326,James hushon,600.2
326,Joy Ojeabulu,1480.7
326,Lesley Nyonggesa,2344.4
326,Luca Marlowe,1939.0
326,Michael Adewumi,1790.4
326,Mimy Kanza,1725.6
326,Otito,1071.4
326,Rael,657.0
326,Rashida kinattingalakath,2317.1
326,Remy,512.8
326,Rosie Birch,642.0
326,Rufkat Adetola oladipo,460.4
326,Sally Muinami,1721.4
326,Sodiq Salaudeen,2039.4
326,Soumaya,2498.2
326,Steve Nolan,2121.6
327,Abderrahmane Boukhaled,1104.2
327,Basirat Adeyemo,310.1
327,Charlotte Smith,857.8
327,David Ekpo,330.4
327,Emmanuela Odoh,1434.7
327,Eno-obong Udofia,621.4
327,Ethan Toudic,1903.1
327,Gianna Cavacuiti,2117.0
327,James hushon,650.9
327,Joy Ojeabulu,326.4
327,Lesley Nyonggesa,2947.3
327,Luca Marlowe,2352.0
327,Michael Adewumi,614.1
327,Mimy Kanza,2116.2
327,Otito,1938.1
327,Rael,611.9
327,Rashida kinattingalakath,962.4
327,Remy,657.2
327,Rosie Birch,590.8
327,Rufkat Adetola oladipo,2005.3
327,Sally Muinami,1681.6
327,Sodiq Salaudeen,1322.0
327,Soumaya,1136.4
327,Steve Nolan,1497.2
328,Abderrahmane Boukhaled,894.4
328,Basirat Adeyemo,1438.9
328,Charlotte Smith,1099.4
328,David Ekpo,296.8
328,Emmanuela Odoh,1791.2
328,Eno-obong Udofia,1052.1
328,Ethan Toudic,1310.6
328,Gianna Cavacuiti,1619.4
328,James hushon,1246.5
328,Joy Ojeabulu,1103.1
328,Lesley Nyonggesa,1323.4
328,Luca Marlowe,989.0
328,Michael Adewumi,286.5
328,Mimy Kanza,1056.8
328,Otito,1594.7
328,Rael,954.4
328,Rashida kinattingalakath,2281.1
328,Remy,1195.6
328,Rosie Birch,836.4
328,Rufkat Adetola oladipo,1523.2
328,Sally Muinami,722.2
328,Sodiq Salaudeen,633.7
328,Soumaya,2426.6
328,Steve Nolan,1058.1
329,Abderrahmane Boukhaled,1021.1
329,Basirat Adeyemo,2825.6
329,Charlotte Smith,838.2
329,David Ekpo,2996.5
329,Emmanuela Odoh,600.4
329,Eno-obong Udofia,555.5
329,Ethan Toudic,619.5
329,Gianna Cavacuiti,1932.6
329,James hushon,2544.7
329,Joy Ojeabulu,947.9
329,Lesley Nyonggesa,2027.5
329,Luca Marlowe,1557.4
329,Michael Adewumi,679.2
329,Mimy Kanza,1614.1
329,Otito,1205.1
329,Rael,1745.3
329,Rashida kinattingalakath,525.9
329,Remy,2141.5
329,Rosie Birch,768.4
329,Rufkat Adetola oladipo,2038.7
329,Sally Muinami,2020.3
329,Sodiq Salaudeen,1076.0
329,Soumaya,779.6
329,Steve Nolan,1153.0
330,Abderrahmane Boukhaled,3074.6
330,Basirat Adeyemo,1487.9
330,Charlotte Smith,1545.6
330,David Ekpo,1146.0
330,Emmanuela Odoh,167.2
330,Eno-obong Udofia,227.6
330,Ethan Toudic,855.2
330,Gianna Cavacuiti,2697.2
330,James hushon,2030.2
330,Joy Ojeabulu,1419.0
330,Lesley Nyonggesa,961.0
330,Luca Marlowe,1403.4
330,Michael Adewumi,1389.0
330,Mimy Kanza,1002.4
330,Otito,969.1
330,Rael,773.4
330,Rashida kinattingalakath,2266.7
330,Remy,623.1
330,Rosie Birch,100.0
330,Rufkat Adetola oladipo,2031.2
330,Sally Muinami,2324.0
330,Sodiq Salaudeen,2119.4
330,Soumaya,1433.8
330,Steve Nolan,619.3
331,Abderrahmane Boukhaled,824.8
331,Basirat Adeyemo,2000.2
331,Charlotte Smith,1155.8
331,David Ekpo,691.2
331,Emmanuela Odoh,1537.3
331,Eno-obong Udofia,591.0
331,Ethan Toudic,2379.7
331,Gianna Cavacuiti,801.0
331,James hushon,608.1
331,Joy Ojeabulu,1584.8
331,Lesley Nyonggesa,562.6
331,Luca Marlowe,163.1
331,Michael Adewumi,352.8
331,Mimy Kanza,2490.2
331,Otito,3146.6
331,Rael,1392.2
331,Rashida kinattingalakath,252.4
331,Remy,771.5
331,Rosie Birch,1749.8
331,Rufkat Adetola oladipo,1214.3
331,Sally Muinami,979.7
331,Sodiq Salaudeen,1944.0
331,Soumaya,1218.1
331,Steve Nolan,2115.7
332,Abderrahmane Boukhaled,1182.5
332,Basirat Adeyemo,2750.8
332,Charlotte Smith,1695.3
332,David Ekpo,1559.7
332,Emmanuela Odoh,220.7
332,Eno-obong Udofia,861.7
332,Ethan Toudic,863.5
332,Gianna Cavacuiti,336.5
332,James hushon,510.7
332,Joy Ojeabulu,1771.6
332,Lesley Nyonggesa,667.8
332,Luca Marlowe,747.4
332,Michael Adewumi,430.1
332,Mimy Kanza,648.0
332,Otito,1239.0
332,Rael,350.8
332,Rashida kinattingalakath,668.8
332,Remy,321.5
332,Rosie Birch,1384.0
332,Rufkat Adetola oladipo,172.9
332,Sally Muinami,587.6
332,Sodiq Salaudeen,534.7
332,Soumaya,245.5
332,Steve Nolan,1312.1
333,Abderrahmane Boukhaled,815.7
333,Basirat Adeyemo,318.5
333,Charlotte Smith,430.2
333,David Ekpo,2068.1
333,Emmanuela Odoh,1514.4
333,Eno-obong Udofia,2025.9
333,Ethan Toudic,2784.6
333,Gianna Cavacuiti,609.3
333,James hushon,1995.9
333,Joy Ojeabulu,635.2
333,Lesley Nyonggesa,1661.9
333,Luca Marlowe,281.1
333,Michael Adewumi,1195.0
333,Mimy Kanza,914.4
333,Otito,1455.9
333,Rael,340.5
333,Rashida kinattingalakath,1777.5
333,Remy,878.9
333,Rosie Birch,1217.1
333,Rufkat Adetola oladipo,709.5
333,Sally Muinami,100.0
333,Sodiq Salaudeen,214.4
333,Soumaya,876.8
333,Steve Nolan,967.1
334,Abderrahmane Boukhaled,1184.2
334,Basirat Adeyemo,3188.5
334,Charlotte Smith,1067.6
334,David Ekpo,798.4
334,Emmanuela Odoh,2534.1
334,Eno-obong Udofia,739.5
334,Ethan Toudic,3698.7
334,Gianna Cavacuiti,219.4
334,James hushon,1152.1
334,Joy Ojeabulu,1300.6
334,Lesley Nyonggesa,189.7
334,Luca Marlowe,908.1
334,Michael Adewumi,342.1
334,Mimy Kanza,308.4
334,Otito,653.0
334,Rael,1502.0
334,Rashida kinattingalakath,503.3
334,Remy,580.0
334,Rosie Birch,988.2
334,Rufkat Adetola oladipo,1049.5
334,Sally Muinami,846.8
334,Sodiq Salaudeen,1331.7
334,Soumaya,1280.1
334,Steve Nolan,236.8
335,Abderrahmane Boukhaled,448.4
335,Basirat Adeyemo,285.4
335,Charlotte Smith,2279.5
335,David Ekpo,2652.8
335,Emmanuela Odoh,1127.4
335,Eno-obong Udofia,1641.7
335,Ethan Toudic,560.7
335,Gianna Cavacuiti,828.2
335,James hushon,1438.4
335,Joy Ojeabulu,2010.9
335,Lesley Nyonggesa,415.3
335,Luca Marlowe,603.7
335,Michael Adewumi,2107.3
335,Mimy Kanza,1426.0
335,Otito,1076.2
335,Rael,1496.3
335,Rashida kinattingalakath,1182.4
335,Remy,1260.1
335,Rosie Birch,302.3
335,Rufkat Adetola oladipo,646.1
335,Sally Muinami,1565.9
335,Sodiq Salaudeen,404.5
335,Soumaya,446.0
335,Steve Nolan,1862.2
336,Abderrahmane Boukhaled,331.7
336,Basirat Adeyemo,1348.5
336,Charlotte Smith,1166.7
336,David Ekpo,2081.2
336,Emmanuela Odoh,2842.9
336,Eno-obong Udofia,1259.7
336,Ethan Toudic,378.5
336,Gianna Cavacuiti,2435.4
336,James hushon,925.6
336,Joy Ojeabulu,991.8
336,Lesley Nyonggesa,924.2
336,Luca Marlowe,2001.4
336,Michael Adewumi,384.0
336,Mimy Kanza,115.6
336,Otito,726.5
336,Rael,990.1
336,Rashida kinattingalakath,1732.2
336,Remy,1605.1
336,Rosie Birch,1776.6
336,Rufkat Adetola oladipo,697.3
336,Sally Muinami,1562.1
336,Sodiq Salaudeen,1387.2
336,Soumaya,1998.7
336,Steve Nolan,3015.3
337,Abderrahmane Boukhaled,1440.2
337,Basirat Adeyemo,754.2
337,Charlotte Smith,1061.1
337,David Ekpo,1314.8
337,Emmanuela Odoh,2422.3
337,Eno-obong Udofia,770.6
337,Ethan Toudic,1498.8
337,Gianna Cavacuiti,1776.2
337,James hushon,892.8
337,Joy Ojeabulu,1141.7
337,Lesley Nyonggesa,193.0
337,Luca Marlowe,392.5
337,Michael Adewumi,352.3
337,Mimy Kanza,1227.2
337,Otito,2446.5
337,Rael,892.9
337,Rashida kinattingalakath,1623.4
337,Remy,1083.8
337,Rosie Birch,1474.6
337,Rufkat Adetola oladipo,2859.8
337,Sally Muinami,2057.4
337,Sodiq Salaudeen,471.0
337,Soumaya,1350.4
337,Steve Nolan,1278.6
338,Abderrahmane Boukhaled,3004.2
338,Basirat Adeyemo,1720.9
338,Charlotte Smith,1173.7
338,David Ekpo,271.3
338,Emmanuela Odoh,899.8
338,Eno-obong Udofia,2024.8
338,Ethan Toudic,926.7
338,Gianna Cavacuiti,1817.4
338,James hushon,258.6
338,Joy Ojeabulu,1513.2
338,Lesley Nyonggesa,1313.0
338,Luca Marlowe,2214.7
338,Michael Adewumi,2102.8
338,Mimy Kanza,1340.9
338,Otito,895.2
338,Rael,143.7
338,Rashida kinattingalakath,1577.1
338,Remy,141.1
338,Rosie Birch,466.0
338,Rufkat Adetola oladipo,777.2
338,Sally Muinami,1931.8
338,Sodiq Salaudeen,1337.7
338,Soumaya,1071.9
338,Steve Nolan,927.9
339,Abderrahmane Boukhaled,2109.2
339,Basirat Adeyemo,686.9
339,Charlotte Smith,463.8
339,David Ekpo,1904.9
339,Emmanuela Odoh,1026.8
339,Eno-obong Udofia,1099.9
339,Ethan Toudic,1724.6
339,Gianna Cavacuiti,1752.6
339,James hushon,437.9
339,Joy Ojeabulu,807.5
339,Lesley Nyonggesa,915.6
339,Luca Marlowe,949.9
339,Michael Adewumi,1550.3
339,Mimy Kanza,1315.6
339,Otito,489.6
339,Rael,1740.3
339,Rashida kinattingalakath,1387.3
339,Remy,1725.0
339,Rosie Birch,792.0
339,Rufkat Adetola oladipo,1578.0
339,Sally Muinami,1015.1
339,Sodiq Salaudeen,299.1
339,Soumaya,385.5
339,Steve Nolan,1346.6
340,Abderrahmane Boukhaled,770.3
340,Basirat Adeyemo,885.3
340,Charlotte Smith,569.2
340,David Ekpo,1333.2
340,Emmanuela Odoh,1968.0
340,Eno-obong Udofia,958.1
340,Ethan Toudic,1448.4
340,Gianna Cavacuiti,3067.0
340,James hushon,764.7
340,Joy Ojeabulu,974.0
340,Lesley Nyonggesa,753.1
340,Luca Marlowe,875.1
340,Michael Adewumi,1070.2
340,Mimy Kanza,340.2
340,Otito,779.2
340,Rael,966.5
340,Rashida kinattingalakath,365.9
340,Remy,721.0
340,Rosie Birch,1100.0
340,Rufkat Adetola oladipo,854.5
340,Sally Muinami,2079.5
340,Sodiq Salaudeen,742.9
340,Soumaya,382.9
340,Steve Nolan,1704.2
341,Abderrahmane Boukhaled,1672.0
341,Basirat Adeyemo,2000.0
341,Charlotte Smith,837.4
341,David Ekpo,117.3
341,Emmanuela Odoh,442.7
341,Eno-obong Udofia,2454.7
341,Ethan Toudic,1162.0
341,Gianna Cavacuiti,979.5
341,James hushon,1303.2
341,Joy Ojeabulu,2353.6
341,Lesley Nyonggesa,475.9
341,Luca Marlowe,393.2
341,Michael Adewumi,1742.7
341,Mimy Kanza,850.6
341,Otito,1554.9
341,Rael,2148.4
341,Rashida kinattingalakath,1740.4
341,Remy,1970.0
341,Rosie Birch,403.7
341,Rufkat Adetola oladipo,2084.0
341,Sally Muinami,643.0
341,Sodiq Salaudeen,1296.7
341,Soumaya,3127.2
341,Steve Nolan,456.0
342,Abderrahmane Boukhaled,198.1
342,Basirat Adeyemo,280.8
342,Charlotte Smith,548.1
342,David Ekpo,646.1
342,Emmanuela Odoh,1598.4
342,Eno-obong Udofia,687.2
342,Ethan Toudic,333.2
342,Gianna Cavacuiti,552.6
342,James hushon,487.2
342,Joy Ojeabulu,750.1
342,Lesley Nyonggesa,2917.0
342,Luca Marlowe,1475.7
342,Michael Adewumi,1678.7
342,Mimy Kanza,1460.4
342,Otito,3038.9
342,Rael,1234.9
342,Rashida kinattingalakath,290.0
342,Remy,184.6
342,Rosie Birch,1800.1
342,Rufkat Adetola oladipo,2397.1
342,Sally Muinami,1837.8
342,Sodiq Salaudeen,1071.7
342,Soumaya,1018.8
342,Steve Nolan,1873.1
343,Abderrahmane Boukhaled,2421.9
343,Basirat Adeyemo,1289.6
343,Charlotte Smith,1058.4
343,David Ekpo,306.7
343,Emmanuela Odoh,1744.6
343,Eno-obong Udofia,2034.1
343,Ethan Toudic,2243.6
343,Gianna Cavacuiti,2412.8
343,James hushon,1823.6
343,Joy Ojeabulu,1124.6
343,Lesley Nyonggesa,1617.8
343,Luca Marlowe,2210.6
343,Michael Adewumi,1009.0
343,Mimy Kanza,1119.4
343,Otito,1319.6
343,Rael,1581.7
343,Rashida kinattingalakath,1038.5
343,Remy,2185.8
343,Rosie Birch,1103.6
343,Rufkat Adetola oladipo,1412.9
343,Sally Muinami,118.0
343,Sodiq Salaudeen,483.5
343,Soumaya,807.1
343,Steve Nolan,1774.0
344,Abderrahmane Boukhaled,1513.1
344,Basirat Adeyemo,2987.3
344,Charlotte Smith,1411.8
344,David Ekpo,451.7
344,Emmanuela Odoh,598.5
344,Eno-obong Udofia,937.4
344,Ethan Toudic,674.0
344,Gianna Cavacuiti,462.3
344,James hushon,1496.3
344,Joy Ojeabulu,1447.8
344,Lesley Nyonggesa,2127.6
344,Luca Marlowe,2792.0
344,Michael Adewumi,1263.3
344,Mimy Kanza,1008.2
344,Otito,2157.0
344,Rael,2247.2
344,Rashida kinattingalakath,2123.0
344,Remy,762.4
344,Rosie Birch,347.4
344,Rufkat Adetola oladipo,801.9
344,Sally Muinami,1207.4
344,Sodiq Salaudeen,528.2
344,Soumaya,1749.2
344,Steve Nolan,1790.0
345,Abderrahmane Boukhaled,1802.3
345,Basirat Adeyemo,1241.8
345,Charlotte Smith,1652.1
345,David Ekpo,1114.9
345,Emmanuela Odoh,1362.9
345,Eno-obong Udofia,393.2
345,Ethan Toudic,1496.6
345,Gianna Cavacuiti,1270.1
345,James hushon,1428.9
345,Joy Ojeabulu,2152.0
345,Lesley Nyonggesa,500.1
345,Luca Marlowe,1572.7
345,Michael Adewumi,822.8
345,Mimy Kanza,918.6
345,Otito,750.4
345,Rael,1705.4
345,Rashida kinattingalakath,2258.1
345,Remy,575.2
345,Rosie Birch,332.0
345,Rufkat Adetola oladipo,1243.2
345,Sally Muinami,2094.0
345,Sodiq Salaudeen,562.9
345,Soumaya,1681.8
345,Steve Nolan,1594.5
346,Abderrahmane Boukhaled,333.3
346,Basirat Adeyemo,1496.6
346,Charlotte Smith,1010.6
346,David Ekpo,2676.8
346,Emmanuela Odoh,1541.9
346,Eno-obong Udofia,925.9
346,Ethan Toudic,2284.2
346,Gianna Cavacuiti,378.2
346,James hushon,651.7
346,Joy Ojeabulu,1089.8
346,Lesley Nyonggesa,1757.8
346,Luca Marlowe,1456.9
346,Michael Adewumi,1579.9
346,Mimy Kanza,1143.6
346,Otito,203.8
346,Rael,879.2
346,Rashida kinattingalakath,2891.5
346,Remy,700.8
346,Rosie Birch,1155.6
346,Rufkat Adetola oladipo,2742.8
346,Sally Muinami,1343.8
346,Sodiq Salaudeen,1176.9
346,Soumaya,1580.5
346,Steve Nolan,2339.2
347,Abderrahmane Boukhaled,984.7
347,Basirat Adeyemo,1468.3
347,Charlotte Smith,2204.6
347,David Ekpo,210.6
347,Emmanuela Odoh,992.2
347,Eno-obong Udofia,467.6
347,Ethan Toudic,1293.5
347,Gianna Cavacuiti,2464.2
347,James hushon,1717.2
347,Joy Ojeabulu,1544.6
347,Lesley Nyonggesa,1690.4
347,Luca Marlowe,1534.6
347,Michael Adewumi,2266.3
347,Mimy Kanza,1946.7
347,Otito,761.2
347,Rael,871.9
347,Rashida kinattingalakath,838.8
347,Remy,549.9
347,Rosie Birch,1585.8
347,Rufkat Adetola oladipo,1853.6
347,Sally Muinami,2170.5
347,Sodiq Salaudeen,2245.3
347,Soumaya,630.3
347,Steve Nolan,693.1
348,Abderrahmane Boukhaled,388.0
348,Basirat Adeyemo,492.4
348,Charlotte Smith,1096.9
348,David Ekpo,791.9
348,Emmanuela Odoh,1795.7
348,Eno-obong Udofia,1266.7
348,Ethan Toudic,1662.6
348,Gianna Cavacuiti,1166.2
348,James hushon,197.7
348,Joy Ojeabulu,530.4
348,Lesley Nyonggesa,2483.5
348,Luca Marlowe,350.3
348,Michael Adewumi,2901.3
348,Mimy Kanza,378.0
348,Otito,1527.8
348,Rael,451.3
348,Rashida kinattingalakath,2103.4
348,Remy,613.4
348,Rosie Birch,2205.3
348,Rufkat Adetola oladipo,632.3
348,Sally Muinami,773.6
348,Sodiq Salaudeen,1026.9
348,Soumaya,774.0
348,Steve Nolan,2501.1
349,Abderrahmane Boukhaled,1563.4
349,Basirat Adeyemo,387.1
349,Charlotte Smith,493.0
349,David Ekpo,1165.0
349,Emmanuela Odoh,1267.7
349,Eno-obong Udofia,1164.5
349,Ethan Toudic,309.2
349,Gianna Cavacuiti,453.7
349,James hushon,565.9
349,Joy Ojeabulu,984.1
349,Lesley Nyonggesa,1894.5
349,Luca Marlowe,325.9
349,Michael Adewumi,1160.9
349,Mimy Kanza,1429.4
349,Otito,1165.3
349,Rael,1030.8
349,Rashida kinattingalakath,1765.7
349,Remy,1511.9
349,Rosie Birch,2111.8
349,Rufkat Adetola oladipo,305.0
349,Sally Muinami,504.2
349,Sodiq Salaudeen,712.9
349,Soumaya,1061.9
349,Steve Nolan,531.8
350,Abderrahmane Boukhaled,886.9
350,Basirat Adeyemo,1077.6
350,Charlotte Smith,2164.8
350,David Ekpo,1384.0
350,Emmanuela Odoh,636.6
350,Eno-obong Udofia,586.8
350,Ethan Toudic,2201.8
350,Gianna Cavacuiti,1175.6
350,James hushon,956.4
350,Joy Ojeabulu,1180.0
350,Lesley Nyonggesa,1122.4
350,Luca Marlowe,1007.6
350,Michael Adewumi,1118.6
350,Mimy Kanza,1082.3
350,Otito,1746.0
350,Rael,834.7
350,Rashida kinattingalakath,1194.7
350,Remy,474.6
350,Rosie Birch,1114.2
350,Rufkat Adetola oladipo,2489.3
350,Sally Muinami,1266.8
350,Sodiq Salaudeen,2027.1
350,Soumaya,1184.4
350,Steve Nolan,1035.6
351,Abderrahmane Boukhaled,2836.5
351,Basirat Adeyemo,918.8
351,Charlotte Smith,1015.0
351,David Ekpo,1698.1
351,Emmanuela Odoh,1475.8
351,Eno-obong Udofia,328.6
351,Ethan Toudic,1605.7
351,Gianna Cavacuiti,453.7
351,James hushon,2472.1
351,Joy Ojeabulu,1624.5
351,Lesley Nyonggesa,2412.0
351,Luca Marlowe,2718.1
351,Michael Adewumi,1956.6
351,Mimy Kanza,1775.2
351,Otito,2135.5
351,Rael,1037.6
351,Rashida kinattingalakath,1026.7
351,Remy,551.5
351,Rosie Birch,1049.8
351,Rufkat Adetola oladipo,923.7
351,Sally Muinami,3283.5
351,Sodiq Salaudeen,1159.8
351,Soumaya,466.6
351,Steve Nolan,742.3
352,Abderrahmane Boukhaled,1503.2
352,Basirat Adeyemo,970.2
352,Charlotte Smith,1964.6
352,David Ekpo,1461.6
352,Emmanuela Odoh,504.6
352,Eno-obong Udofia,1212.2
352,Ethan Toudic,1130.6
352,Gianna Cavacuiti,849.5
352,James hushon,872.0
352,Joy Ojeabulu,1449.5
352,Lesley Nyonggesa,1530.4
352,Luca Marlowe,1316.1
352,Michael Adewumi,1280.8
352,Mimy Kanza,2169.2
352,Otito,483.4
352,Rael,897.3
352,Rashida kinattingalakath,702.7
352,Remy,2133.3
352,Rosie Birch,594.7
352,Rufkat Adetola oladipo,2090.4
352,Sally Muinami,2484.5
352,Sodiq Salaudeen,297.0
352,Soumaya,1632.5
352,Steve Nolan,2196.5
353,Abderrahmane Boukhaled,565.6
353,Basirat Adeyemo,1869.9
353,Charlotte Smith,222.2
353,David Ekpo,1207.1
353,Emmanuela Odoh,2534.4
353,Eno-obong Udofia,1306.7
353,Ethan Toudic,451.0
353,Gianna Cavacuiti,338.3
353,James hushon,281.0
353,Joy Ojeabulu,574.5
353,Lesley Nyonggesa,323.5
353,Luca Marlowe,663.2
353,Michael Adewumi,2449.2
353,Mimy Kanza,343.4
353,Otito,1747.2
353,Rael,788.4
353,Rashida kinattingalakath,1484.3
353,Remy,182.6
353,Rosie Birch,1177.5
353,Rufkat Adetola oladipo,1749.1
353,Sally Muinami,782.4
353,Sodiq Salaudeen,1530.1
353,Soumaya,862.5
353,Steve Nolan,1549.0
354,Abderrahmane Boukhaled,2076.0
354,Basirat Adeyemo,312.1
354,Charlotte Smith,1086.4
354,David Ekpo,886.3
354,Emmanuela Odoh,1117.0
354,Eno-obong Udofia,388.7
354,Ethan Toudic,671.2
354,Gianna Cavacuiti,609.3
354,James hushon,796.0
354,Joy Ojeabulu,1513.4
354,Lesley Nyonggesa,421.2
354,Luca Marlowe,2461.5
354,Michael Adewumi,348.6
354,Mimy Kanza,2589.5
354,Otito,2415.7
354,Rael,731.3
354,Rashida kinattingalakath,1447.1
354,Remy,2101.5
354,Rosie Birch,1818.3
354,Rufkat Adetola oladipo,1794.5
354,Sally Muinami,1541.0
354,Sodiq Salaudeen,608.5
354,Soumaya,1600.7
354,Steve Nolan,361.8
355,Abderrahmane Boukhaled,1472.6
355,Basirat Adeyemo,1588.0
355,Charlotte Smith,622.6
355,David Ekpo,1337.0
355,Emmanuela Odoh,816.2
355,Eno-obong Udofia,1430.6
355,Ethan Toudic,1879.9
355,Gianna Cavacuiti,763.2
355,James hushon,932.7
355,Joy Ojeabulu,562.0
355,Lesley Nyonggesa,1469.2
355,Luca Marlowe,100.0
355,Michael Adewumi,337.1
355,Mimy Kanza,3233.4
355,Otito,1962.4
355,Rael,3101.2
355,Rashida kinattingalakath,2076.4
355,Remy,1020.8
355,Rosie Birch,354.4
355,Rufkat Adetola oladipo,1449.0
355,Sally Muinami,471.9
355,Sodiq Salaudeen,541.0
355,Soumaya,698.1
355,Steve Nolan,2101.9
356,Abderrahmane Boukhaled,1494.4
356,Basirat Adeyemo,891.3
356,Charlotte Smith,1230.6
356,David Ekpo,1952.6
356,Emmanuela Odoh,2823.9
356,Eno-obong Udofia,397.9
356,Ethan Toudic,1714.3
356,Gianna Cavacuiti,464.6
356,James hushon,1849.4
356,Joy Ojeabulu,341.0
356,Lesley Nyonggesa,1654.3
356,Luca Marlowe,158.3
356,Michael Adewumi,530.2
356,Mimy Kanza,1700.2
356,Otito,2328.4
356,Rael,1206.4
356,Rashida kinattingalakath,2340.7
356,Remy,2394.6
356,Rosie Birch,815.5
356,Rufkat Adetola oladipo,2532.4
356,Sally Muinami,2512.0
356,Sodiq Salaudeen,960.8
356,Soumaya,1811.9
356,Steve Nolan,2794.2
357,Abderrahmane Boukhaled,1599.1
357,Basirat Adeyemo,1910.2
357,Charlotte Smith,544.9
357,David Ekpo,1713.0
357,Emmanuela Odoh,744.5
357,Eno-obong Udofia,915.0
357,Ethan Toudic,270.4
357,Gianna Cavacuiti,1774.5
357,James hushon,1058.8
357,Joy Ojeabulu,1082.6
357,Lesley Nyonggesa,2539.9
357,Luca Marlowe,1848.4
357,Michael Adewumi,1852.2
357,Mimy Kanza,836.0
357,Otito,240.0
357,Rael,680.6
357,Rashida kinattingalakath,806.6
357,Remy,216.9
357,Rosie Birch,544.4
357,Rufkat Adetola oladipo,1725.0
357,Sally Muinami,1722.8
357,Sodiq Salaudeen,2095.3
357,Soumaya,1594.7
357,Steve Nolan,866.5
358,Abderrahmane Boukhaled,852.2
358,Basirat Adeyemo,1442.2
358,Charlotte Smith,468.4
358,David Ekpo,787.2
358,Emmanuela Odoh,430.0
358,Eno-obong Udofia,770.2
358,Ethan Toudic,1505.0
358,Gianna Cavacuiti,1461.0
358,James hushon,1317.4
358,Joy Ojeabulu,514.6
358,Lesley Nyonggesa,884.6
358,Luca Marlowe,942.4
358,Michael Adewumi,1470.6
358,Mimy Kanza,860.8
358,Otito,873.8
358,Rael,890.8
358,Rashida kinattingalakath,1065.0
358,Remy,1008.5
358,Rosie Birch,1603.0
358,Rufkat Adetola oladipo,228.7
358,Sally Muinami,1895.4
358,Sodiq Salaudeen,3082.0
358,Soumaya,1249.4
358,Steve Nolan,994.2
359,Abderrahmane Boukhaled,1758.5
359,Basirat Adeyemo,1873.9
359,Charlotte Smith,1703.8
359,David Ekpo,1818.5
359,Emmanuela Odoh,1868.1
359,Eno-obong Udofia,280.9
359,Ethan Toudic,912.3
359,Gianna Cavacuiti,1733.9
359,James hushon,2557.4
359,Joy Ojeabulu,1158.8
359,Lesley Nyonggesa,2289.0
359,Luca Marlowe,1074.4
359,Michael Adewumi,1495.3
359,Mimy Kanza,785.6
359,Otito,443.4
359,Rael,2402.7
359,Rashida kinattingalakath,1786.0
359,Remy,319.5
359,Rosie Birch,3983.9
359,Rufkat Adetola oladipo,1052.6
359,Sally Muinami,1788.1
359,Sodiq Salaudeen,1451.7
359,Soumaya,1426.8
359,Steve Nolan,300.5
360,Abderrahmane Boukhaled,2250.8
360,Basirat Adeyemo,202.5
360,Charlotte Smith,1051.4
360,David Ekpo,855.4
360,Emmanuela Odoh,1063.1
360,Eno-obong Udofia,1933.5
360,Ethan Toudic,2044.9
360,Gianna Cavacuiti,256.4
360,James hushon,2396.0
360,Joy Ojeabulu,434.0
360,Lesley Nyonggesa,1084.1
360,Luca Marlowe,493.9
360,Michael Adewumi,1929.9
360,Mimy Kanza,874.5
360,Otito,615.8
360,Rael,1072.0
360,Rashida kinattingalakath,210.9
360,Remy,1807.7
360,Rosie Birch,289.1
360,Rufkat Adetola oladipo,1777.8
360,Sally Muinami,547.3
360,Sodiq Salaudeen,665.5
360,Soumaya,966.5
360,Steve Nolan,1581.4
361,Abderrahmane Boukhaled,2010.3
361,Basirat Adeyemo,1075.8
361,Charlotte Smith,749.2
361,David Ekpo,2924.4
361,Emmanuela Odoh,1837.3
361,Eno-obong Udofia,1532.1
361,Ethan Toudic,1602.9
361,Gianna Cavacuiti,1238.2
361,James hushon,524.0
361,Joy Ojeabulu,1692.6
361,Lesley Nyonggesa,1624.9
361,Luca Marlowe,1732.6
361,Michael Adewumi,3644.2
361,Mimy Kanza,2758.3
361,Otito,1197.0
361,Rael,1383.4
361,Rashida kinattingalakath,1906.1
361,Remy,2053.2
361,Rosie Birch,1477.8
361,Rufkat Adetola oladipo,1922.8
361,Sally Muinami,409.4
361,Sodiq Salaudeen,549.3
361,Soumaya,265.5
361,Steve Nolan,1771.4
362,Abderrahmane Boukhaled,1224.5
362,Basirat Adeyemo,1313.7
362,Charlotte Smith,761.9
362,David Ekpo,259.1
362,Emmanuela Odoh,1958.9
362,Eno-obong Udofia,1175.3
362,Ethan Toudic,821.9
362,Gianna Cavacuiti,483.6
362,James hushon,1378.0
362,Joy Ojeabulu,2118.4
362,Lesley Nyonggesa,1818.8
362,Luca Marlowe,630.6
362,Michael Adewumi,540.3
362,Mimy Kanza,1655.3
362,Otito,227.9
362,Rael,1634.3
362,Rashida kinattingalakath,1622.0
362,Remy,1536.9
362,Rosie Birch,1027.7
362,Rufkat Adetola oladipo,1566.0
362,Sally Muinami,731.0
362,Sodiq Salaudeen,377.5
362,Soumaya,812.4
362,Steve Nolan,1109.6
363,Abderrahmane Boukhaled,1075.3
363,Basirat Adeyemo,651.5
363,Charlotte Smith,794.6
363,David Ekpo,743.6
363,Emmanuela Odoh,2438.7
363,Eno-obong Udofia,606.7
363,Ethan Toudic,380.9
363,Gianna Cavacuiti,2193.8
363,James hushon,882.5
363,Joy Ojeabulu,358.4
363,Lesley Nyonggesa,896.0
363,Luca Marlowe,2414.4
363,Michael Adewumi,2735.7
363,Mimy Kanza,1786.3
363,Otito,973.4
363,Rael,905.2
363,Rashida kinattingalakath,1356.1
363,Remy,1002.9
363,Rosie Birch,863.4
363,Rufkat Adetola oladipo,745.2
363,Sally Muinami,532.2
363,Sodiq Salaudeen,445.3
363,Soumaya,756.0
363,Steve Nolan,2161.9
364,Abderrahmane Boukhaled,278.5
364,Basirat Adeyemo,952.0
364,Charlotte Smith,2139.2
364,David Ekpo,804.3
364,Emmanuela Odoh,2857.9
364,Eno-obong Udofia,100.0
364,Ethan Toudic,559.2
364,Gianna Cavacuiti,401.1
364,James hushon,786.0
364,Joy Ojeabulu,1013.1
364,Lesley Nyonggesa,1690.1
364,Luca Marlowe,789.1
364,Michael Adewumi,1420.0
364,Mimy Kanza,2935.6
364,Otito,2388.2
364,Rael,449.0
364,Rashida kinattingalakath,1566.9
364,Remy,434.4
364,Rosie Birch,538.0
364,Rufkat Adetola oladipo,1745.6
364,Sally Muinami,985.6
364,Sodiq Salaudeen,1863.5
364,Soumaya,2868.2
364,Steve Nolan,1232.1
365,Abderrahmane Boukhaled,211.8
365,Basirat Adeyemo,1778.0
365,Charlotte Smith,885.5
365,David Ekpo,160.6
365,Emmanuela Odoh,1901.4
365,Eno-obong Udofia,1095.6
365,Ethan Toudic,342.5
365,Gianna Cavacuiti,809.4
365,James hushon,1433.3
365,Joy Ojeabulu,751.1
365,Lesley Nyonggesa,261.6
365,Luca Marlowe,1204.0
365,Michael Adewumi,1133.4
365,Mimy Kanza,1846.6
365,Otito,612.9
365,Rael,287.0
365,Rashida kinattingalakath,538.9
365,Remy,1450.8
365,Rosie Birch,912.0
365,Rufkat Adetola oladipo,633.6
365,Sally Muinami,798.3
365,Sodiq Salaudeen,873.5
365,Soumaya,1150.5
365,Steve Nolan,2317.1
366,Abderrahmane Boukhaled,1707.8
366,Basirat Adeyemo,593.1
366,Charlotte Smith,1508.0
366,David Ekpo,300.0
366,Emmanuela Odoh,2303.6
366,Eno-obong Udofia,1542.1
366,Ethan Toudic,564.1
366,Gianna Cavacuiti,1919.2
366,James hushon,317.9
366,Joy Ojeabulu,2584.0
366,Lesley Nyonggesa,280.1
366,Luca Marlowe,1744.1
366,Michael Adewumi,2277.4
366,Mimy Kanza,1192.7
366,Otito,2013.6
366,Rael,1683.4
366,Rashida kinattingalakath,1197.6
366,Remy,218.0
366,Rosie Birch,924.7
366,Rufkat Adetola oladipo,153.6
366,Sally Muinami,2542.3
366,Sodiq Salaudeen,1523.1
366,Soumaya,2443.1
366,Steve Nolan,1435.5
367,Abderrahmane Boukhaled,547.4
367,Basirat Adeyemo,403.7
367,Charlotte Smith,839.2
367,David Ekpo,1155.9
367,Emmanuela Odoh,465.1
367,Eno-obong Udofia,1043.8
367,Ethan Toudic,1397.8
367,Gianna Cavacuiti,904.0
367,James hushon,626.3
367,Joy Ojeabulu,2162.7
367,Lesley Nyonggesa,3125.5
367,Luca Marlowe,1094.4
367,Michael Adewumi,1849.7
367,Mimy Kanza,220.6
367,Otito,2766.9
367,Rael,1058.2
367,Rashida kinattingalakath,739.1
367,Remy,1584.5
367,Rosie Birch,918.4
367,Rufkat Adetola oladipo,1667.0
367,Sally Muinami,359.6
367,Sodiq Salaudeen,398.1
367,Soumaya,875.6
367,Steve Nolan,1232.0
368,Abderrahmane Boukhaled,964.8
368,Basirat Adeyemo,825.2
368,Charlotte Smith,332.8
368,David Ekpo,1244.6
368,Emmanuela Odoh,282.3
368,Eno-obong Udofia,3102.5
368,Ethan Toudic,1271.3
368,Gianna Cavacuiti,1143.4
368,James hushon,1757.2
368,Joy Ojeabulu,1401.7
368,Lesley Nyonggesa,1806.7
368,Luca Marlowe,1702.2
368,Michael Adewumi,392.0
368,Mimy Kanza,1335.5
368,Otito,1558.2
368,Rael,917.6
368,Rashida kinattingalakath,4229.9
368,Remy,1899.8
368,Rosie Birch,1214.1
368,Rufkat Adetola oladipo,2076.1
368,Sally Muinami,323.8
368,Sodiq Salaudeen,1144.5
368,Soumaya,691.1
368,Steve Nolan,1744.1
369,Abderrahmane Boukhaled,2124.8
369,Basirat Adeyemo,1823.4
369,Charlotte Smith,110.6
369,David Ekpo,1914.1
369,Emmanuela Odoh,1197.3
369,Eno-obong Udofia,525.4
369,Ethan Toudic,1410.9
369,Gianna Cavacuiti,272.0
369,James hushon,1702.9
369,Joy Ojeabulu,995.4
369,Lesley Nyonggesa,1002.1
369,Luca Marlowe,914.6
369,Michael Adewumi,1901.9
369,Mimy Kanza,2094.2
369,Otito,1540.1
369,Rael,824.6
369,Rashida kinattingalakath,1085.1
369,Remy,1204.4
369,Rosie Birch,1974.7
369,Rufkat Adetola oladipo,760.8
369,Sally Muinami,594.2
369,Sodiq Salaudeen,625.0
369,Soumaya,2355.4
369,Steve Nolan,2351.3
370,Abderrahmane Boukhaled,630.6
370,Basirat Adeyemo,1867.7
370,Charlotte Smith,722.5
370,David Ekpo,278.1
370,Emmanuela Odoh,2511.4
370,Eno-obong Udofia,768.4
370,Ethan Toudic,785.7
370,Gianna Cavacuiti,1725.0
370,James hushon,2006.0
370,Joy Ojeabulu,656.6
370,Lesley Nyonggesa,340.6
370,Luca Marlowe,2159.5
370,Michael Adewumi,229.6
370,Mimy Kanza,1088.2
370,Otito,346.9
370,Rael,525.8
370,Rashida kinattingalakath,1761.2
370,Remy,3094.4
370,Rosie Birch,190.7
370,Rufkat Adetola oladipo,716.9
370,Sally Muinami,935.5
370,Sodiq Salaudeen,1188.7
370,Soumaya,1916.7
370,Steve Nolan,596.4
371,Abderrahmane Boukhaled,1276.8
371,Basirat Adeyemo,1061.7
371,Charlotte Smith,1454.0
371,David Ekpo,359.0
371,Emmanuela Odoh,2171.8
371,Eno-obong Udofia,360.7
371,Ethan Toudic,1477.8
371,Gianna Cavacuiti,1311.5
371,James hushon,1952.5
371,Joy Ojeabulu,1223.9
371,Lesley Nyonggesa,2234.0
371,Luca Marlowe,636.3
371,Michael Adewumi,3208.6
371,Mimy Kanza,1009.9
371,Otito,1373.7
371,Rael,1743.3
371,Rashida kinattingalakath,1498.7
371,Remy,1040.4
371,Rosie Birch,1655.7
371,Rufkat Adetola oladipo,1498.5
371,Sally Muinami,1536.7
371,Sodiq Salaudeen,1747.9
371,Soumaya,1929.5
371,Steve Nolan,1521.2
372,Abderrahmane Boukhaled,1751.0
372,Basirat Adeyemo,2478.1
372,Charlotte Smith,718.4
372,David Ekpo,1279.4
372,Emmanuela Odoh,200.7
372,Eno-obong Udofia,1218.3
372,Ethan Toudic,1410.3
372,Gianna Cavacuiti,421.2
372,James hushon,1916.2
372,Joy Ojeabulu,473.6
372,Lesley Nyonggesa,2361.6
372,Luca Marlowe,922.6
372,Michael Adewumi,1244.2
372,Mimy Kanza,110.2
372,Otito,1152.1
372,Rael,1095.0
372,Rashida kinattingalakath,100.0
372,Remy,1245.9
372,Rosie Birch,1646.8
372,Rufkat Adetola oladipo,1186.2
372,Sally Muinami,623.0
372,Sodiq Salaudeen,967.3
372,Soumaya,121.0
372,Steve Nolan,1745.8
373,Abderrahmane Boukhaled,626.9
373,Basirat Adeyemo,346.0
373,Charlotte Smith,2373.7
373,David Ekpo,284.3
373,Emmanuela Odoh,2842.0
373,Eno-obong Udofia,582.8
373,Ethan Toudic,1664.4
373,Gianna Cavacuiti,1483.7
373,James hushon,728.3
373,Joy Ojeabulu,2884.9
373,Lesley Nyonggesa,2150.5
373,Luca Marlowe,1657.2
373,Michael Adewumi,2496.0
373,Mimy Kanza,1402.1
373,Otito,1081.1
373,Rael,1319.7
373,Rashida kinattingalakath,291.6
373,Remy,1324.9
373,Rosie Birch,983.4
373,Rufkat Adetola oladipo,1358.9
373,Sally Muinami,1797.9
373,Sodiq Salaudeen,857.8
373,Soumaya,1184.6
373,Steve Nolan,2390.8
374,Abderrahmane Boukhaled,1006.3
374,Basirat Adeyemo,999.4
374,Charlotte Smith,553.5
374,David Ekpo,937.0
374,Emmanuela Odoh,2114.9
374,Eno-obong Udofia,674.2
374,Ethan Toudic,2386.3
374,Gianna Cavacuiti,645.5
374,James hushon,1449.8
374,Joy Ojeabulu,1516.1
374,Lesley Nyonggesa,2195.4
374,Luca Marlowe,618.9
374,Michael Adewumi,1161.5
374,Mimy Kanza,632.8
374,Otito,981.9
374,Rael,154.3
374,Rashida kinattingalakath,2547.9
374,Remy,1407.2
374,Rosie Birch,1517.8
374,Rufkat Adetola oladipo,1392.9
374,Sally Muinami,248.6
374,Sodiq Salaudeen,579.9
374,Soumaya,1345.1
374,Steve Nolan,651.2
375,Abderrahmane Boukhaled,837.7
375,Basirat Adeyemo,878.5
375,Charlotte Smith,1004.1
375,David Ekpo,1453.0
375,Emmanuela Odoh,883.9
375,Eno-obong Udofia,953.9
375,Ethan Toudic,1282.1
375,Gianna Cavacuiti,918.4
375,James hushon,329.4
375,Joy Ojeabulu,1151.9
375,Lesley Nyonggesa,863.4
375,Luca Marlowe,1222.3
375,Michael Adewumi,321.7
375,Mimy Kanza,1637.6
375,Otito,1210.9
375,Rael,2114.0
375,Rashida kinattingalakath,1563.3
375,Remy,2275.5
375,Rosie Birch,1304.7
375,Rufkat Adetola oladipo,997.4
375,Sally Muinami,910.9
375,Sodiq Salaudeen,1255.1
375,Soumaya,1642.9
375,Steve Nolan,526.6
376,Abderrahmane Boukhaled,1163.6
376,Basirat Adeyemo,890.2
376,Charlotte Smith,1356.8
376,David Ekpo,955.2
376,Emmanuela Odoh,1651.9
376,Eno-obong Udofia,387.6
376,Ethan Toudic,1628.4
376,Gianna Cavacuiti,2538.2
376,James hushon,350.3
376,Joy Ojeabulu,638.5
376,Lesley Nyonggesa,595.5
376,Luca Marlowe,580.5
376,Michael Adewumi,2423.9
376,Mimy Kanza,1550.9
376,Otito,2786.7
376,Rael,530.2
376,Rashida kinattingalakath,704.4
376,Remy,106.4
376,Rosie Birch,856.8
376,Rufkat Adetola oladipo,199.1
376,Sally Muinami,2150.5
376,Sodiq Salaudeen,1135.1
376,Soumaya,1311.6
376,Steve Nolan,1161.2
377,Abderrahmane Boukhaled,1343.3
377,Basirat Adeyemo,1886.0
377,Charlotte Smith,1444.7
377,David Ekpo,1459.9
377,Emmanuela Odoh,1375.5
377,Eno-obong Udofia,1281.2
377,Ethan Toudic,2162.2
377,Gianna Cavacuiti,278.1
377,James hushon,466.8
377,Joy Ojeabulu,1482.0
377,Lesley Nyonggesa,559.1
377,Luca Marlowe,1502.8
377,Michael Adewumi,1072.5
377,Mimy Kanza,1022.2
377,Otito,1120.8
377,Rael,2002.6
377,Rashida kinattingalakath,214.2
377,Remy,3041.5
377,Rosie Birch,882.1
377,Rufkat Adetola oladipo,693.3
377,Sally Muinami,845.2
377,Sodiq Salaudeen,230.3
377,Soumaya,1299.0
377,Steve Nolan,636.2
378,Abderrahmane Boukhaled,966.5
378,Basirat Adeyemo,1840.4
378,Charlotte Smith,3567.8
378,David Ekpo,2492.9
378,Emmanuela Odoh,787.5
378,Eno-obong Udofia,2176.5
378,Ethan Toudic,767.0
378,Gianna Cavacuiti,100.0
378,James hushon,200.2
378,Joy Ojeabulu,305.8
378,Lesley Nyonggesa,1322.4
378,Luca Marlowe,1127.0
378,Michael Adewumi,777.3
378,Mimy Kanza,1023.8
378,Otito,1593.3
378,Rael,1089.4
378,Rashida kinattingalakath,2001.0
378,Remy,787.8
378,Rosie Birch,1523.7
378,Rufkat Adetola oladipo,2253.5
378,Sally Muinami,600.0
378,Sodiq Salaudeen,623.0
378,Soumaya,617.8
378,Steve Nolan,1493.8
379,Abderrahmane Boukhaled,317.5
379,Basirat Adeyemo,873.0
379,Charlotte Smith,1267.1
379,David Ekpo,442.5
379,Emmanuela Odoh,647.2
379,Eno-obong Udofia,167.1
379,Ethan Toudic,362.6
379,Gianna Cavacuiti,1096.4
379,James hushon,306.8
379,Joy Ojeabulu,312.7
379,Lesley Nyonggesa,235.9
379,Luca Marlowe,1022.5
379,Michael Adewumi,1642.9
379,Mimy Kanza,899.6
379,Otito,659.2
379,Rael,591.3
379,Rashida kinattingalakath,1092.2
379,Remy,1151.9
379,Rosie Birch,2152.0
379,Rufkat Adetola oladipo,1400.2
379,Sally Muinami,413.9
379,Sodiq Salaudeen,2235.8
379,Soumaya,1870.8
379,Steve Nolan,1315.8
380,Abderrahmane Boukhaled,1613.4
380,Basirat Adeyemo,1241.5
380,Charlotte Smith,1464.4
380,David Ekpo,929.2
380,Emmanuela Odoh,2681.5
380,Eno-obong Udofia,1623.5
380,Ethan Toudic,658.0
380,Gianna Cavacuiti,1405.7
380,James hushon,757.8
380,Joy Ojeabulu,834.4
380,Lesley Nyonggesa,1192.2
380,Luca Marlowe,676.2
380,Michael Adewumi,1438.4
380,Mimy Kanza,2475.0
380,Otito,1675.7
380,Rael,1960.2
380,Rashida kinattingalakath,200.4
380,Remy,1002.6
380,Rosie Birch,2160.9
380,Rufkat Adetola oladipo,392.0
380,Sally Muinami,1453.0
380,Sodiq Salaudeen,536.0
380,Soumaya,1714.5
380,Steve Nolan,696.2
381,Abderrahmane Boukhaled,522.6
381,Basirat Adeyemo,2555.6
381,Charlotte Smith,543.4
381,David Ekpo,427.9
381,Emmanuela Odoh,487.0
381,Eno-obong Udofia,573.0
381,Ethan Toudic,1274.8
381,Gianna Cavacuiti,1002.5
381,James hushon,849.8
381,Joy Ojeabulu,2046.6
381,Lesley Nyonggesa,1261.8
381,Luca Marlowe,2623.9
381,Michael Adewumi,2950.8
381,Mimy Kanza,899.2
381,Otito,761.2
381,Rael,1279.7
381,Rashida kinattingalakath,1212.9
381,Remy,1551.5
381,Rosie Birch,1632.8
381,Rufkat Adetola oladipo,140.8
381,Sally Muinami,465.6
381,Sodiq Salaudeen,376.9
381,Soumaya,1544.6
381,Steve Nolan,1013.0
382,Abderrahmane Boukhaled,373.5
382,Basirat Adeyemo,2144.0
382,Charlotte Smith,254.2
382,David Ekpo,1466.7
382,Emmanuela Odoh,804.3
382,Eno-obong Udofia,1798.2
382,Ethan Toudic,1837.6
382,Gianna Cavacuiti,1727.4
382,James hushon,1527.9
382,Joy Ojeabulu,1299.2
382,Lesley Nyonggesa,1028.8
382,Luca Marlowe,322.5
382,Michael Adewumi,537.0
382,Mimy Kanza,1261.3
382,Otito,1523.1
382,Rael,2144.5
382,Rashida kinattingalakath,1193.5
382,Remy,1851.3
382,Rosie Birch,1121.1
382,Rufkat Adetola oladipo,319.7
382,Sally Muinami,1951.6
382,Sodiq Salaudeen,806.6
382,Soumaya,844.7
382,Steve Nolan,1816.7
383,Abderrahmane Boukhaled,946.4
383,Basirat Adeyemo,1345.3
383,Charlotte Smith,909.3
383,David Ekpo,386.9
383,Emmanuela Odoh,1355.0
383,Eno-obong Udofia,463.9
383,Ethan Toudic,1995.9
383,Gianna Cavacuiti,1398.9
383,James hushon,1611.3
383,Joy Ojeabulu,1312.6
383,Lesley Nyonggesa,512.8
383,Luca Marlowe,598.5
383,Michael Adewumi,598.3
383,Mimy Kanza,1582.4
383,Otito,1001.7
383,Rael,697.4
383,Rashida kinattingalakath,1650.7
383,Remy,535.2
383,Rosie Birch,1409.5
383,Rufkat Adetola oladipo,893.0
383,Sally Muinami,1024.6
383,Sodiq Salaudeen,422.3
383,Soumaya,2080.2
383,Steve Nolan,973.0
384,Abderrahmane Boukhaled,1027.1
384,Basirat Adeyemo,1182.4
384,Charlotte Smith,1114.9
384,David Ekpo,370.8
384,Emmanuela Odoh,877.2
384,Eno-obong Udofia,450.6
384,Ethan Toudic,1338.9
384,Gianna Cavacuiti,2769.9
384,James hushon,1485.2
384,Joy Ojeabulu,1201.9
384,Lesley Nyonggesa,747.8
384,Luca Marlowe,1268.1
384,Michael Adewumi,1897.1
384,Mimy Kanza,1034.2
384,Otito,1169.0
384,Rael,473.5
384,Rashida kinattingalakath,1577.1
384,Remy,1765.3
384,Rosie Birch,472.5
384,Rufkat Adetola oladipo,1021.8
384,Sally Muinami,329.2
384,Sodiq Salaudeen,557.0
384,Soumaya,155.0
384,Steve Nolan,2048.1
385,Abderrahmane Boukhaled,1321.1
385,Basirat Adeyemo,1268.4
385,Charlotte Smith,432.9
385,David Ekpo,1716.8
385,Emmanuela Odoh,1529.0
385,Eno-obong Udofia,905.2
385,Ethan Toudic,1318.6
385,Gianna Cavacuiti,229.7
385,James hushon,1699.1
385,Joy Ojeabulu,1001.4
385,Lesley Nyonggesa,666.3
385,Luca Marlowe,2692.7
385,Michael Adewumi,177.1
385,Mimy Kanza,477.8
385,Otito,1473.2
385,Rael,1374.5
385,Rashida kinattingalakath,1464.8
385,Remy,610.3
385,Rosie Birch,2812.2
385,Rufkat Adetola oladipo,1435.2
385,Sally Muinami,634.1
385,Sodiq Salaudeen,2412.3
385,Soumaya,511.5
385,Steve Nolan,1836.7
386,Abderrahmane Boukhaled,787.3
386,Basirat Adeyemo,1862.6
386,Charlotte Smith,679.3
386,David Ekpo,2662.4
386,Emmanuela Odoh,1446.8
386,Eno-obong Udofia,1074.9
386,Ethan Toudic,702.0
386,Gianna Cavacuiti,1388.6
386,James hushon,2102.0
386,Joy Ojeabulu,1357.5
386,Lesley Nyonggesa,866.4
386,Luca Marlowe,1481.1
386,Michael Adewumi,1670.4
386,Mimy Kanza,662.7
386,Otito,550.2
386,Rael,269.8
386,Rashida kinattingalakath,100.0
386,Remy,291.8
386,Rosie Birch,2841.4
386,Rufkat Adetola oladipo,2759.0
386,Sally Muinami,681.2
386,Sodiq Salaudeen,1386.5
386,Soumaya,3287.2
386,Steve Nolan,1009.6
387,Abderrahmane Boukhaled,1880.6
387,Basirat Adeyemo,1142.6
387,Charlotte Smith,1415.5
387,David Ekpo,1763.1
387,Emmanuela Odoh,1839.9
387,Eno-obong Udofia,566.0
387,Ethan Toudic,1113.0
387,Gianna Cavacuiti,254.3
387,James hushon,2597.8
387,Joy Ojeabulu,280.7
387,Lesley Nyonggesa,465.3
387,Luca Marlowe,276.8
387,Michael Adewumi,550.0
387,Mimy Kanza,509.0
387,Otito,1275.4
387,Rael,1449.6
387,Rashida kinattingalakath,326.4
387,Remy,376.0
387,Rosie Birch,1187.6
387,Rufkat Adetola oladipo,546.7
387,Sally Muinami,695.0
387,Sodiq Salaudeen,825.7
387,Soumaya,2273.8
387,Steve Nolan,1564.5
388,Abderrahmane Boukhaled,291.6
388,Basirat Adeyemo,1149.6
388,Charlotte Smith,1843.2
388,David Ekpo,1631.3
388,Emmanuela Odoh,175.9
388,Eno-obong Udofia,605.4
388,Ethan Toudic,683.6
388,Gianna Cavacuiti,416.0
388,James hushon,1357.7
388,Joy Ojeabulu,942.9
388,Lesley Nyonggesa,1068.1
388,Luca Marlowe,460.1
388,Michael Adewumi,1675.8
388,Mimy Kanza,781.9
388,Otito,1862.7
388,Rael,1681.7
388,Rashida kinattingalakath,2814.0
388,Remy,745.4
388,Rosie Birch,1694.3
388,Rufkat Adetola oladipo,1551.2
388,Sally Muinami,1463.5
388,Sodiq Salaudeen,2217.3
388,Soumaya,242.2
388,Steve Nolan,2132.7
389,Abderrahmane Boukhaled,1656.2
389,Basirat Adeyemo,2458.6
389,Charlotte Smith,299.4
389,David Ekpo,1201.6
389,Emmanuela Odoh,446.0
389,Eno-obong Udofia,2122.8
389,Ethan Toudic,2321.0
389,Gianna Cavacuiti,1997.5
389,James hushon,1661.2
389,Joy Ojeabulu,775.2
389,Lesley Nyonggesa,1612.2
389,Luca Marlowe,1880.8
389,Michael Adewumi,720.9
389,Mimy Kanza,1701.0
389,Otito,1310.1
389,Rael,1118.7
389,Rashida kinattingalakath,945.1
389,Remy,1033.8
389,Rosie Birch,1299.2
389,Rufkat Adetola oladipo,1566.0
389,Sally Muinami,1119.3
389,Sodiq Salaudeen,653.1
389,Soumaya,631.1
389,Steve Nolan,1811.0
390,Abderrahmane Boukhaled,1202.2
390,Basirat Adeyemo,771.8
390,Charlotte Smith,856.9
390,David Ekpo,997.7
390,Emmanuela Odoh,2302.6
390,Eno-obong Udofia,2954.4
390,Ethan Toudic,450.4
390,Gianna Cavacuiti,461.1
390,James hushon,874.6
390,Joy Ojeabulu,428.8
390,Lesley Nyonggesa,1561.3
390,Luca Marlowe,848.9
390,Michael Adewumi,1354.2
390,Mimy Kanza,1931.7
390,Otito,1381.7
390,Rael,997.8
390,Rashida kinattingalakath,1018.0
390,Remy,1268.7
390,Rosie Birch,1868.2
390,Rufkat Adetola oladipo,1405.6
390,Sally Muinami,1375.4
390,Sodiq Salaudeen,1318.2
390,Soumaya,1009.1
390,Steve Nolan,633.2
391,Abderrahmane Boukhaled,2987.7
391,Basirat Adeyemo,2264.2
391,Charlotte Smith,396.0
391,David Ekpo,2729.0
391,Emmanuela Odoh,329.9
391,Eno-obong Udofia,522.7
391,Ethan Toudic,2160.5
391,Gianna Cavacuiti,2528.5
391,James hushon,1243.9
391,Joy Ojeabulu,1347.3
391,Lesley Nyonggesa,1507.2
391,Luca Marlowe,623.2
391,Michael Adewumi,1961.9
391,Mimy Kanza,1335.3
391,Otito,2657.2
391,Rael,617.6
391,Rashida kinattingalakath,774.4
391,Remy,691.2
391,Rosie Birch,1273.5
391,Rufkat Adetola oladipo,452.8
391,Sally Muinami,893.7
391,Sodiq Salaudeen,468.8
391,Soumaya,2624.4
391,Steve Nolan,673.5
392,Abderrahmane Boukhaled,357.4
392,Basirat Adeyemo,756.0
392,Charlotte Smith,1691.8
392,David Ekpo,232.5
392,Emmanuela Odoh,1665.5
392,Eno-obong Udofia,827.5
392,Ethan Toudic,2697.4
392,Gianna Cavacuiti,755.0
392,James hushon,971.6
392,Joy Ojeabulu,1218.4
392,Lesley Nyonggesa,296.8
392,Luca Marlowe,2523.3
392,Michael Adewumi,1483.4
392,Mimy Kanza,1058.4
392,Otito,1347.3
392,Rael,705.5
392,Rashida kinattingalakath,1743.7
392,Remy,530.6
392,Rosie Birch,303.2
392,Rufkat Adetola oladipo,1022.5
392,Sally Muinami,3044.7
392,Sodiq Salaudeen,927.4
392,Soumaya,903.4
392,Steve Nolan,1233.4
393,Abderrahmane Boukhaled,3272.2
393,Basirat Adeyemo,1902.2
393,Charlotte Smith,1432.6
393,David Ekpo,1120.5
393,Emmanuela Odoh,618.7
393,Eno-obong Udofia,993.4
393,Ethan Toudic,1008.4
393,Gianna Cavacuiti,2079.5
393,James hushon,1274.6
393,Joy Ojeabulu,983.2
393,Lesley Nyonggesa,2152.9
393,Luca Marlowe,2163.6
393,Michael Adewumi,2495.9
393,Mimy Kanza,1048.3
393,Otito,664.0
393,Rael,1840.7
393,Rashida kinattingalakath,1874.3
393,Remy,2443.1
393,Rosie Birch,1756.7
393,Rufkat Adetola oladipo,1477.9
393,Sally Muinami,1873.1
393,Sodiq Salaudeen,1743.0
393,Soumaya,1082.6
393,Steve Nolan,658.4
394,Abderrahmane Boukhaled,378.7
394,Basirat Adeyemo,1566.8
394,Charlotte Smith,876.6
394,David Ekpo,417.8
394,Emmanuela Odoh,1507.7
394,Eno-obong Udofia,1116.3
394,Ethan Toudic,876.4
394,Gianna Cavacuiti,2061.6
394,James hushon,1221.6
394,Joy Ojeabulu,1275.6
394,Lesley Nyonggesa,3178.4
394,Luca Marlowe,729.3
394,Michael Adewumi,922.0
394,Mimy Kanza,1290.5
394,Otito,2742.2
394,Rael,346.4
394,Rashida kinattingalakath,1688.5
394,Remy,514.1
394,Rosie Birch,598.6
394,Rufkat Adetola oladipo,354.7
394,Sally Muinami,428.1
394,Sodiq Salaudeen,2162.8
394,Soumaya,1232.1
394,Steve Nolan,837.2
395,Abderrahmane Boukhaled,1281.5
395,Basirat Adeyemo,987.7
395,Charlotte Smith,1421.4
395,David Ekpo,1367.0
395,Emmanuela Odoh,2794.4
395,Eno-obong Udofia,322.0
395,Ethan Toudic,973.9
395,Gianna Cavacuiti,898.9
395,James hushon,538.4
395,Joy Ojeabulu,1322.5
395,Lesley Nyonggesa,1175.0
395,Luca Marlowe,1442.2
395,Michael Adewumi,1099.9
395,Mimy Kanza,1699.1
395,Otito,1880.0
395,Rael,1127.7
395,Rashida kinattingalakath,1560.8
395,Remy,830.0
395,Rosie Birch,928.4
395,Rufkat Adetola oladipo,586.5
395,Sally Muinami,416.4
395,Sodiq Salaudeen,1320.1
395,Soumaya,2107.2
395,Steve Nolan,1090.3
396,Abderrahmane Boukhaled,968.4
396,Basirat Adeyemo,707.2
396,Charlotte Smith,1002.2
396,David Ekpo,1182.9
396,Emmanuela Odoh,553.8
396,Eno-obong Udofia,2089.3
396,Ethan Toudic,2042.7
396,Gianna Cavacuiti,1324.9
396,James hushon,945.3
396,Joy Ojeabulu,1116.0
396,Lesley Nyonggesa,278.6
396,Luca Marlowe,1795.7
396,Michael Adewumi,1874.8
396,Mimy Kanza,495.7
396,Otito,1202.2
396,Rael,1321.2
396,Rashida kinattingalakath,1557.6
396,Remy,634.5
396,Rosie Birch,2088.1
396,Rufkat Adetola oladipo,3083.1
396,Sally Muinami,1460.5
396,Sodiq Salaudeen,1492.1
396,Soumaya,1424.1
396,Steve Nolan,597.0
397,Abderrahmane Boukhaled,656.4
397,Basirat Adeyemo,931.8
397,Charlotte Smith,1040.9
397,David Ekpo,1508.0
397,Emmanuela Odoh,731.6
397,Eno-obong Udofia,1145.9
397,Ethan Toudic,1609.0
397,Gianna Cavacuiti,671.2
397,James hushon,883.8
397,Joy Ojeabulu,193.4
397,Lesley Nyonggesa,1340.2
397,Luca Marlowe,426.2
397,Michael Adewumi,757.6
397,Mimy Kanza,782.0
397,Otito,332.2
397,Rael,826.2
397,Rashida kinattingalakath,1759.6
397,Remy,740.7
397,Rosie Birch,1901.8
397,Rufkat Adetola oladipo,479.7
397,Sally Muinami,1459.3
397,Sodiq Salaudeen,2955.1
397,Soumaya,1180.9
397,Steve Nolan,1343.9
398,Abderrahmane Boukhaled,992.9
398,Basirat Adeyemo,650.6
398,Charlotte Smith,1606.9
398,David Ekpo,673.6
398,Emmanuela Odoh,1903.5
398,Eno-obong Udofia,793.8
398,Ethan Toudic,1511.9
398,Gianna Cavacuiti,732.1
398,James hushon,2038.2
398,Joy Ojeabulu,1391.1
398,Lesley Nyonggesa,620.1
398,Luca Marlowe,149.7
398,Michael Adewumi,1940.1
398,Mimy Kanza,2999.2
398,Otito,1015.7
398,Rael,2243.6
398,Rashida kinattingalakath,1911.0
398,Remy,1096.6
398,Rosie Birch,1240.6
398,Rufkat Adetola oladipo,1087.3
398,Sally Muinami,1573.3
398,Sodiq Salaudeen,432.0
398,Soumaya,1539.4
398,Steve Nolan,459.5
399,Abderrahmane Boukhaled,1473.2
399,Basirat Adeyemo,1375.5
399,Charlotte Smith,1606.6
399,David Ekpo,2694.5
399,Emmanuela Odoh,1629.9
399,Eno-obong Udofia,2147.6
399,Ethan Toudic,2200.8
399,Gianna Cavacuiti,1818.4
399,James hushon,760.1
399,Joy Ojeabulu,2298.9
399,Lesley Nyonggesa,1478.6
399,Luca Marlowe,897.1
399,Michael Adewumi,1629.0
399,Mimy Kanza,1260.3
399,Otito,1505.9
399,Rael,1401.2
399,Rashida kinattingalakath,151.4
399,Remy,1117.6
399,Rosie Birch,1174.1
399,Rufkat Adetola oladipo,1043.7
399,Sally Muinami,2326.4
399,Sodiq Salaudeen,1100.4
399,Soumaya,1381.7
399,Steve Nolan,1839.4
400,Abderrahmane Boukhaled,806.0
400,Basirat Adeyemo,560.0
400,Charlotte Smith,1847.3
400,David Ekpo,1432.5
400,Emmanuela Odoh,701.8
400,Eno-obong Udofia,113.6
400,Ethan Toudic,654.4
400,Gianna Cavacuiti,1033.5
400,James hushon,1207.5
400,Joy Ojeabulu,561.4
400,Lesley Nyonggesa,1417.0
400,Luca Marlowe,752.6
400,Michael Adewumi,2292.7
400,Mimy Kanza,1567.6
400,Otito,1315.1
400,Rael,1028.7
400,Rashida kinattingalakath,1953.1
400,Remy,865.9
400,Rosie Birch,1854.1
400,Rufkat Adetola oladipo,1190.0
400,Sally Muinami,416.3
400,Sodiq Salaudeen,393.6
400,Soumaya,824.8
400,Steve Nolan,1233.6
401,Abderrahmane Boukhaled,1484.6
401,Basirat Adeyemo,277.8
401,Charlotte Smith,722.2
401,David Ekpo,1660.2
401,Emmanuela Odoh,663.1
401,Eno-obong Udofia,1088.1
401,Ethan Toudic,728.1
401,Gianna Cavacuiti,2403.9
401,James hushon,637.0
401,Joy Ojeabulu,734.8
401,Lesley Nyonggesa,990.3
401,Luca Marlowe,879.4
401,Michael Adewumi,619.4
401,Mimy Kanza,1407.7
401,Otito,712.7
401,Rael,718.9
401,Rashida kinattingalakath,1490.5
401,Remy,1368.3
401,Rosie Birch,1587.2
401,Rufkat Adetola oladipo,1884.8
401,Sally Muinami,1073.9
401,Sodiq Salaudeen,1145.5
401,Soumaya,3222.2
401,Steve Nolan,299.5
402,Abderrahmane Boukhaled,575.3
402,Basirat Adeyemo,1238.7
402,Charlotte Smith,1533.4
402,David Ekpo,1095.1
402,Emmanuela Odoh,1203.0
402,Eno-obong Udofia,261.0
402,Ethan Toudic,824.2
402,Gianna Cavacuiti,1194.0
402,James hushon,961.9
402,Joy Ojeabulu,952.9
402,Lesley Nyonggesa,1311.6
402,Luca Marlowe,1178.0
402,Michael Adewumi,2234.4
402,Mimy Kanza,445.9
402,Otito,1384.9
402,Rael,909.7
402,Rashida kinattingalakath,2078.2
402,Remy,1582.0
402,Rosie Birch,1027.9
402,Rufkat Adetola oladipo,1864.2
402,Sally Muinami,425.3
402,Sodiq Salaudeen,1648.9
402,Soumaya,1703.2
402,Steve Nolan,2243.8
403,Abderrahmane Boukhaled,526.2
403,Basirat Adeyemo,1008.6
403,Charlotte Smith,2143.2
403,David Ekpo,351.9
403,Emmanuela Odoh,3335.9
403,Eno-obong Udofia,944.8
403,Ethan Toudic,1246.2
403,Gianna Cavacuiti,858.4
403,James hushon,1102.8
403,Joy Ojeabulu,2077.0
403,Lesley Nyonggesa,1549.4
403,Luca Marlowe,1160.6
403,Michael Adewumi,688.3
403,Mimy Kanza,192.1
403,Otito,1462.7
403,Rael,1361.1
403,Rashida kinattingalakath,1629.4
403,Remy,820.7
403,Rosie Birch,254.0
403,Rufkat Adetola oladipo,831.7
403,Sally Muinami,598.8
403,Sodiq Salaudeen,236.4
403,Soumaya,1608.8
403,Steve Nolan,1600.5
404,Abderrahmane Boukhaled,2475.6
404,Basirat Adeyemo,1690.8
404,Charlotte Smith,1924.8
404,David Ekpo,672.0
404,Emmanuela Odoh,2439.6
404,Eno-obong Udofia,598.4
404,Ethan Toudic,611.4
404,Gianna Cavacuiti,576.7
404,James hushon,1641.0
404,Joy Ojeabulu,1837.7
404,Lesley Nyonggesa,1658.0
404,Luca Marlowe,2069.6
404,Michael Adewumi,265.3
404,Mimy Kanza,685.7
404,Otito,1721.5
404,Rael,1023.6
404,Rashida kinattingalakath,1808.7
404,Remy,907.9
404,Rosie Birch,1975.6
404,Rufkat Adetola oladipo,1582.2
404,Sally Muinami,797.1
404,Sodiq Salaudeen,1654.1
404,Soumaya,1691.2
404,Steve Nolan,1042.2
405,Abderrahmane Boukhaled,1974.0
405,Basirat Adeyemo,1772.4
405,Charlotte Smith,2060.6
405,David Ekpo,796.2
405,Emmanuela Odoh,900.9
405,Eno-obong Udofia,2367.0
405,Ethan Toudic,1270.4
405,Gianna Cavacuiti,1052.1
405,James hushon,924.4
405,Joy Ojeabulu,1140.1
405,Lesley Nyonggesa,1867.1
405,Luca Marlowe,272.7
405,Michael Adewumi,1802.0
405,Mimy Kanza,1570.5
405,Otito,866.4
405,Rael,587.0
405,Rashida kinattingalakath,1078.1
405,Remy,1610.6
405,Rosie Birch,473.0
405,Rufkat Adetola oladipo,1809.3
405,Sally Muinami,2293.0
405,Sodiq Salaudeen,610.1
405,Soumaya,1318.8
405,Steve Nolan,1513.4
406,Abderrahmane Boukhaled,968.0
406,Basirat Adeyemo,1408.4
406,Charlotte Smith,927.8
406,David Ekpo,1128.8
406,Emmanuela Odoh,2276.4
406,Eno-obong Udofia,1247.1
406,Ethan Toudic,730.1
406,Gianna Cavacuiti,2119.1
406,James hushon,1089.1
406,Joy Ojeabulu,1428.6
406,Lesley Nyonggesa,333.2
406,Luca Marlowe,715.9
406,Michael Adewumi,1318.0
406,Mimy Kanza,3159.2
406,Otito,1430.8
406,Rael,1624.2
406,Rashida kinattingalakath,2690.2
406,Remy,280.4
406,Rosie Birch,698.2
406,Rufkat Adetola oladipo,1023.7
406,Sally Muinami,360.8
406,Sodiq Salaudeen,2610.8
406,Soumaya,2813.8
406,Steve Nolan,1473.9
407,Abderrahmane Boukhaled,756.6
407,Basirat Adeyemo,826.6
407,Charlotte Smith,357.9
407,David Ekpo,330.8
407,Emmanuela Odoh,726.5
407,Eno-obong Udofia,939.2
407,Ethan Toudic,1068.1
407,Gianna Cavacuiti,1287.4
407,James hushon,2043.7
407,Joy Ojeabulu,383.5
407,Lesley Nyonggesa,1507.5
407,Luca Marlowe,767.1
407,Michael Adewumi,946.0
407,Mimy Kanza,634.5
407,Otito,930.9
407,Rael,1248.1
407,Rashida kinattingalakath,660.5
407,Remy,2253.5
407,Rosie Birch,144.1
407,Rufkat Adetola oladipo,1896.6
407,Sally Muinami,260.4
407,Sodiq Salaudeen,1051.2
407,Soumaya,1375.1
407,Steve Nolan,1029.2
408,Abderrahmane Boukhaled,1929.5
408,Basirat Adeyemo,1199.7
408,Charlotte Smith,2341.4
408,David Ekpo,1672.1
408,Emmanuela Odoh,1111.6
408,Eno-obong Udofia,2132.6
408,Ethan Toudic,760.3
408,Gianna Cavacuiti,866.2
408,James hushon,2735.3
408,Joy Ojeabulu,824.2
408,Lesley Nyonggesa,1520.0
408,Luca Marlowe,1114.9
408,Michael Adewumi,2208.1
408,Mimy Kanza,1363.1
408,Otito,1424.2
408,Rael,1137.9
408,Rashida kinattingalakath,1603.4
408,Remy,1033.2
408,Rosie Birch,1476.6
408,Rufkat Adetola oladipo,513.4
408,Sally Muinami,539.7
408,Sodiq Salaudeen,1792.0
408,Soumaya,1998.6
408,Steve Nolan,2514.2
409,Abderrahmane Boukhaled,442.7
409,Basirat Adeyemo,873.7
409,Charlotte Smith,821.2
409,David Ekpo,479.9
409,Emmanuela Odoh,2634.9
409,Eno-obong Udofia,1266.7
409,Ethan Toudic,896.1
409,Gianna Cavacuiti,1112.4
409,James hushon,1065.4
409,Joy Ojeabulu,1839.0
409,Lesley Nyonggesa,1262.5
409,Luca Marlowe,1407.7
409,Michael Adewumi,826.4
409,Mimy Kanza,1803.9
409,Otito,553.7
409,Rael,2911.2
409,Rashida kinattingalakath,875.6
409,Remy,381.6
409,Rosie Birch,1002.0
409,Rufkat Adetola oladipo,2492.8
409,Sally Muinami,1055.3
409,Sodiq Salaudeen,1887.3
409,Soumaya,1354.6
409,Steve Nolan,1255.6
410,Abderrahmane Boukhaled,1672.3
410,Basirat Adeyemo,737.6
410,Charlotte Smith,664.6
410,David Ekpo,1666.0
410,Emmanuela Odoh,477.9
410,Eno-obong Udofia,2156.8
410,Ethan Toudic,545.3
410,Gianna Cavacuiti,435.2
410,James hushon,1330.8
410,Joy Ojeabulu,1218.1
410,Lesley Nyonggesa,499.9
410,Luca Marlowe,1533.2
410,Michael Adewumi,1554.8
410,Mimy Kanza,979.7
410,Otito,1565.8
410,Rael,383.5
410,Rashida kinattingalakath,2416.6
410,Remy,1946.8
410,Rosie Birch,493.8
410,Rufkat Adetola oladipo,1675.8
410,Sally Muinami,609.9
410,Sodiq Salaudeen,621.9
410,Soumaya,1845.9
410,Steve Nolan,1366.3
411,Abderrahmane Boukhaled,555.8
411,Basirat Adeyemo,1241.4
411,Charlotte Smith,2236.6
411,David Ekpo,1461.2
411,Emmanuela Odoh,946.6
411,Eno-obong Udofia,563.6
411,Ethan Toudic,2846.3
411,Gianna Cavacuiti,1427.3
411,James hushon,1809.2
411,Joy Ojeabulu,1312.8
411,Lesley Nyonggesa,1893.6
411,Luca Marlowe,1166.1
411,Michael Adewumi,989.2
411,Mimy Kanza,1007.3
411,Otito,1164.2
411,Rael,1440.8
411,Rashida kinattingalakath,1539.4
411,Remy,375.1
411,Rosie Birch,1892.8
411,Rufkat Adetola oladipo,972.0
411,Sally Muinami,1178.4
411,Sodiq Salaudeen,703.5
411,Soumaya,2179.6
411,Steve Nolan,979.1
412,Abderrahmane Boukhaled,296.0
412,Basirat Adeyemo,1823.6
412,Charlotte Smith,1516.5
412,David Ekpo,1389.8
412,Emmanuela Odoh,315.8
412,Eno-obong Udofia,1400.7
412,Ethan Toudic,1279.0
412,Gianna Cavacuiti,1107.3
412,James hushon,1144.2
412,Joy Ojeabulu,2426.0
412,Lesley Nyonggesa,1356.9
412,Luca Marlowe,529.7
412,Michael Adewumi,1269.0
412,Mimy Kanza,1822.7
412,Otito,2187.9
412,Rael,568.1
412,Rashida kinattingalakath,1264.4
412,Remy,1103.9
412,Rosie Birch,2161.4
412,Rufkat Adetola oladipo,269.6
412,Sally Muinami,978.4
412,Sodiq Salaudeen,1540.3
412,Soumaya,2770.1
412,Steve Nolan,636.4
413,Abderrahmane Boukhaled,2159.3
413,Basirat Adeyemo,1293.2
413,Charlotte Smith,1108.4
413,David Ekpo,1792.0
413,Emmanuela Odoh,160.4
413,Eno-obong Udofia,576.2
413,Ethan Toudic,883.6
413,Gianna Cavacuiti,2053.8
413,James hushon,405.8
413,Joy Ojeabulu,196.5
413,Lesley Nyonggesa,889.2
413,Luca Marlowe,329.4
413,Michael Adewumi,1065.8
413,Mimy Kanza,1083.0
413,Otito,462.4
413,Rael,1161.0
413,Rashida kinattingalakath,1038.3
413,Remy,1108.7
413,Rosie Birch,2338.7
413,Rufkat Adetola oladipo,1315.3
413,Sally Muinami,1544.2
413,Sodiq Salaudeen,1998.9
413,Soumaya,285.2
413,Steve Nolan,381.5
414,Abderrahmane Boukhaled,2426.9
414,Basirat Adeyemo,1465.7
414,Charlotte Smith,1669.3
414,David Ekpo,1364.5
414,Emmanuela Odoh,1463.1
414,Eno-obong Udofia,811.6
414,Ethan Toudic,2750.9
414,Gianna Cavacuiti,1147.9
414,James hushon,1506.5
414,Joy Ojeabulu,1590.0
414,Lesley Nyonggesa,1589.6
414,Luca Marlowe,1183.6
414,Michael Adewumi,1030.2
414,Mimy Kanza,1551.8
414,Otito,878.7
414,Rael,808.1
414,Rashida kinattingalakath,1087.5
414,Remy,671.4
414,Rosie Birch,1193.3
414,Rufkat Adetola oladipo,1950.2
414,Sally Muinami,796.4
414,Sodiq Salaudeen,2141.8
414,Soumaya,626.1
414,Steve Nolan,1951.1
415,Abderrahmane Boukhaled,771.9
415,Basirat Adeyemo,1170.4
415,Charlotte Smith,1321.6
415,David Ekpo,867.4
415,Emmanuela Odoh,1292.8
415,Eno-obong Udofia,2463.0
415,Ethan Toudic,650.0
415,Gianna Cavacuiti,2277.2
415,James hushon,1965.6
415,Joy Ojeabulu,1171.9
415,Lesley Nyonggesa,2473.7
415,Luca Marlowe,1083.7
415,Michael Adewumi,603.4
415,Mimy Kanza,844.8
415,Otito,1373.8
415,Rael,1799.0
415,Rashida kinattingalakath,612.3
415,Remy,1732.6
415,Rosie Birch,764.9
415,Rufkat Adetola oladipo,1953.1
415,Sally Muinami,2593.7
415,Sodiq Salaudeen,1250.0
415,Soumaya,2297.2
415,Steve Nolan,1176.2
416,Abderrahmane Boukhaled,221.4
416,Basirat Adeyemo,1889.3
416,Charlotte Smith,755.6
416,David Ekpo,2836.6
416,Emmanuela Odoh,992.7
416,Eno-obong Udofia,1034.0
416,Ethan Toudic,1405.4
416,Gianna Cavacuiti,1099.0
416,James hushon,2292.6
416,Joy Ojeabulu,2410.3
416,Lesley Nyonggesa,100.0
416,Luca Marlowe,586.8
416,Michael Adewumi,2282.5
416,Mimy Kanza,1835.4
416,Otito,706.7
416,Rael,919.6
416,Rashida kinattingalakath,1810.7
416,Remy,502.2
416,Rosie Birch,607.0
416,Rufkat Adetola oladipo,1322.7
416,Sally Muinami,1302.9
416,Sodiq Salaudeen,1564.2
416,Soumaya,1377.7
416,Steve Nolan,961.0
417,Abderrahmane Boukhaled,1652.3
417,Basirat Adeyemo,691.7
417,Charlotte Smith,1446.8
417,David Ekpo,646.4
417,Emmanuela Odoh,2341.3
417,Eno-obong Udofia,100.0
417,Ethan Toudic,269.8
417,Gianna Cavacuiti,837.9
417,James hushon,2707.7
417,Joy Ojeabulu,1497.9
417,Lesley Nyonggesa,1524.2
417,Luca Marlowe,2503.2
417,Michael Adewumi,886.2
417,Mimy Kanza,506.7
417,Otito,1035.1
417,Rael,2331.3
417,Rashida kinattingalakath,1617.0
417,Remy,2403.2
417,Rosie Birch,976.3
417,Rufkat Adetola oladipo,782.9
417,Sally Muinami,1966.9
417,Sodiq Salaudeen,2050.7
417,Soumaya,1537.6
417,Steve Nolan,1211.1
418,Abderrahmane Boukhaled,600.5
418,Basirat Adeyemo,617.0
418,Charlotte Smith,217.5
418,David Ekpo,556.4
418,Emmanuela Odoh,1319.9
418,Eno-obong Udofia,1978.3
418,Ethan Toudic,1822.5
418,Gianna Cavacuiti,701.6
418,James hushon,399.4
418,Joy Ojeabulu,1197.3
418,Lesley Nyonggesa,807.9
418,Luca Marlowe,2154.1
418,Michael Adewumi,1718.6
418,Mimy Kanza,934.3
418,Otito,1737.5
418,Rael,1704.1
418,Rashida kinattingalakath,2357.4
418,Remy,1111.6
418,Rosie Birch,2584.3
418,Rufkat Adetola oladipo,2851.6
418,Sally Muinami,1118.1
418,Sodiq Salaudeen,1306.9
418,Soumaya,1553.3
418,Steve Nolan,1901.7
419,Abderrahmane Boukhaled,528.9
419,Basirat Adeyemo,1806.6
419,Charlotte Smith,243.4
419,David Ekpo,1812.7
419,Emmanuela Odoh,1197.1
419,Eno-obong Udofia,824.4
419,Ethan Toudic,1598.7
419,Gianna Cavacuiti,2932.8
419,James hushon,289.0
419,Joy Ojeabulu,1846.6
419,Lesley Nyonggesa,622.3
419,Luca Marlowe,951.4
419,Michael Adewumi,796.0
419,Mimy Kanza,927.5
419,Otito,2854.1
419,Rael,1857.9
419,Rashida kinattingalakath,922.2
419,Remy,751.8
419,Rosie Birch,2125.0
419,Rufkat Adetola oladipo,1430.9
419,Sally Muinami,881.9
419,Sodiq Salaudeen,1383.4
419,Soumaya,1417.6
419,Steve Nolan,639.9
420,Abderrahmane Boukhaled,877.0
420,Basirat Adeyemo,1917.5
420,Charlotte Smith,787.1
420,David Ekpo,1748.1
420,Emmanuela Odoh,2460.7
420,Eno-obong Udofia,733.7
420,Ethan Toudic,834.8
420,Gianna Cavacuiti,1516.4
420,James hushon,1429.0
420,Joy Ojeabulu,879.6
420,Lesley Nyonggesa,121.1
420,Luca Marlowe,248.3
420,Michael Adewumi,943.8
420,Mimy Kanza,1161.2
420,Otito,1489.2
420,Rael,1302.0
420,Rashida kinattingalakath,628.6
420,Remy,1346.1
420,Rosie Birch,469.5
420,Rufkat Adetola oladipo,1476.3
420,Sally Muinami,337.6
420,Sodiq Salaudeen,1480.6
420,Soumaya,1199.7
420,Steve Nolan,2472.1
421,Abderrahmane Boukhaled,650.8
421,Basirat Adeyemo,2494.1
421,Charlotte Smith,1534.2
421,David Ekpo,710.4
421,Emmanuela Odoh,334.6
421,Eno-obong Udofia,1265.4
421,Ethan Toudic,906.4
421,Gianna Cavacuiti,826.4
421,James hushon,2651.6
421,Joy Ojeabulu,1307.8
421,Lesley Nyonggesa,1149.7
421,Luca Marlowe,848.3
421,Michael Adewumi,1389.1
421,Mimy Kanza,1115.5
421,Otito,918.4
421,Rael,1505.8
421,Rashida kinattingalakath,2288.1
421,Remy,1880.7
421,Rosie Birch,2273.7
421,Rufkat Adetola oladipo,2291.2
421,Sally Muinami,1650.3
421,Sodiq Salaudeen,706.7
421,Soumaya,738.4
421,Steve Nolan,1411.4
422,Abderrahmane Boukhaled,1936.1
422,Basirat Adeyemo,1445.8
422,Charlotte Smith,470.2
422,David Ekpo,634.0
422,Emmanuela Odoh,186.9
422,Eno-obong Udofia,1193.4
422,Ethan Toudic,1514.9
422,Gianna Cavacuiti,1690.4
422,James hushon,1938.5
422,Joy Ojeabulu,1638.1
422,Lesley Nyonggesa,1694.7
422,Luca Marlowe,463.8
422,Michael Adewumi,1443.7
422,Mimy Kanza,1541.5
422,Otito,270.6
422,Rael,680.3
422,Rashida kinattingalakath,1307.6
422,Remy,2990.6
422,Rosie Birch,1497.0
422,Rufkat Adetola oladipo,465.8
422,Sally Muinami,1166.4
422,Sodiq Salaudeen,1443.9
422,Soumaya,675.9
422,Steve Nolan,1667.0
423,Abderrahmane Boukhaled,1755.6
423,Basirat Adeyemo,2380.6
423,Charlotte Smith,1516.3
423,David Ekpo,1452.2
423,Emmanuela Odoh,1462.6
423,Eno-obong Udofia,1013.3
423,Ethan Toudic,285.2
423,Gianna Cavacuiti,2000.4
423,James hushon,239.5
423,Joy Ojeabulu,371.1
423,Lesley Nyonggesa,1163.4
423,Luca Marlowe,1576.8
423,Michael Adewumi,1066.1
423,Mimy Kanza,1655.8
423,Otito,1585.6
423,Rael,1166.5
423,Rashida kinattingalakath,3391.3
423,Remy,1515.8
423,Rosie Birch,2316.3
423,Rufkat Adetola oladipo,1886.4
423,Sally Muinami,1516.7
423,Sodiq Salaudeen,706.3
423,Soumaya,1402.3
423,Steve Nolan,440.6
424,Abderrahmane Boukhaled,2458.9
424,Basirat Adeyemo,1037.4
424,Charlotte Smith,1332.0
424,David Ekpo,1165.8
424,Emmanuela Odoh,2090.5
424,Eno-obong Udofia,1941.7
424,Ethan Toudic,2112.2
424,Gianna Cavacuiti,2020.4
424,James hushon,1434.7
424,Joy Ojeabulu,778.4
424,Lesley Nyonggesa,382.2
424,Luca Marlowe,1238.9
424,Michael Adewumi,780.0
424,Mimy Kanza,2439.3
424,Otito,2486.8
424,Rael,449.2
424,Rashida kinattingalakath,1108.3
424,Remy,561.6
424,Rosie Birch,760.8
424,Rufkat Adetola oladipo,3136.3
424,Sally Muinami,1373.3
424,Sodiq Salaudeen,1722.2
424,Soumaya,1609.5
424,Steve Nolan,767.8
425,Abderrahmane Boukhaled,1691.9
425,Basirat Adeyemo,1483.2
425,Charlotte Smith,935.9
425,David Ekpo,1395.2
425,Emmanuela Odoh,1098.1
425,Eno-obong Udofia,705.7
425,Ethan Toudic,933.0
425,Gianna Cavacuiti,1417.2
425,James hushon,1898.7
425,Joy Ojeabulu,1441.2
425,Lesley Nyonggesa,1058.9
425,Luca Marlowe,1631.4
425,Michael Adewumi,948.4
425,Mimy Kanza,1381.4
425,Otito,2073.4
425,Rael,1024.7
425,Rashida kinattingalakath,2788.7
425,Remy,1942.2
425,Rosie Birch,1317.5
425,Rufkat Adetola oladipo,1566.2
425,Sally Muinami,324.0
425,Sodiq Salaudeen,2338.1
425,Soumaya,421.2
425,Steve Nolan,2085.7
426,Abderrahmane Boukhaled,413.6
426,Basirat Adeyemo,617.6
426,Charlotte Smith,312.1
426,David Ekpo,1445.9
426,Emmanuela Odoh,378.9
426,Eno-obong Udofia,1086.2
426,Ethan Toudic,663.8
426,Gianna Cavacuiti,306.6
426,James hushon,2828.5
426,Joy Ojeabulu,965.3
426,Lesley Nyonggesa,1184.8
426,Luca Marlowe,1325.6
426,Michael Adewumi,1800.0
426,Mimy Kanza,1028.0
426,Otito,1556.9
426,Rael,1634.7
426,Rashida kinattingalakath,2176.5
426,Remy,470.9
426,Rosie Birch,2317.1
426,Rufkat Adetola oladipo,692.7
426,Sally Muinami,1857.0
426,Sodiq Salaudeen,168.4
426,Soumaya,559.2
426,Steve Nolan,242.6
427,Abderrahmane Boukhaled,1354.7
427,Basirat Adeyemo,877.3
427,Charlotte Smith,483.2
427,David Ekpo,2284.5
427,Emmanuela Odoh,1423.2
427,Eno-obong Udofia,1557.1
427,Ethan Toudic,3085.4
427,Gianna Cavacuiti,1702.9
427,James hushon,884.4
427,Joy Ojeabulu,709.4
427,Lesley Nyonggesa,336.0
427,Luca Marlowe,725.5
427,Michael Adewumi,361.0
427,Mimy Kanza,310.2
427,Otito,771.1
427,Rael,420.4
427,Rashida kinattingalakath,2217.3
427,Remy,272.0
427,Rosie Birch,1716.5
427,Rufkat Adetola oladipo,953.7
427,Sally Muinami,1399.9
427,Sodiq Salaudeen,1183.7
427,Soumaya,264.1
427,Steve Nolan,1108.0
428,Abderrahmane Boukhaled,1189.7
428,Basirat Adeyemo,335.2
428,Charlotte Smith,520.7
428,David Ekpo,287.4
428,Emmanuela Odoh,799.4
428,Eno-obong Udofia,978.7
428,Ethan Toudic,1200.8
428,Gianna Cavacuiti,332.1
428,James hushon,1042.3
428,Joy Ojeabulu,603.0
428,Lesley Nyonggesa,622.7
428,Luca Marlowe,1048.1
428,Michael Adewumi,2275.8
428,Mimy Kanza,2126.1
428,Otito,1816.5
428,Rael,1861.9
428,Rashida kinattingalakath,2813.8
428,Remy,320.1
428,Rosie Birch,1543.1
428,Rufkat Adetola oladipo,1057.0
428,Sally Muinami,535.1
428,Sodiq Salaudeen,773.8
428,Soumaya,956.2
428,Steve Nolan,2161.9
429,Abderrahmane Boukhaled,1714.4
429,Basirat Adeyemo,840.2
429,Charlotte Smith,2297.1
429,David Ekpo,640.9
429,Emmanuela Odoh,220.7
429,Eno-obong Udofia,859.7
429,Ethan Toudic,1654.0
429,Gianna Cavacuiti,1770.5
429,James hushon,1415.7
429,Joy Ojeabulu,230.1
429,Lesley Nyonggesa,648.0
429,Luca Marlowe,166.2
429,Michael Adewumi,225.7
429,Mimy Kanza,1525.7
429,Otito,1690.1
429,Rael,207.8
429,Rashida kinattingalakath,2636.4
429,Remy,527.1
429,Rosie Birch,1255.2
429,Rufkat Adetola oladipo,1969.3
429,Sally Muinami,708.3
429,Sodiq Salaudeen,739.5
429,Soumaya,2277.3
429,Steve Nolan,459.1
430,Abderrahmane Boukhaled,2793.5
430,Basirat Adeyemo,1156.0
430,Charlotte Smith,1072.6
430,David Ekpo,1826.4
430,Emmanuela Odoh,1488.4
430,Eno-obong Udofia,974.8
430,Ethan Toudic,502.4
430,Gianna Cavacuiti,436.3
430,James hushon,1337.0
430,Joy Ojeabulu,717.8
430,Lesley Nyonggesa,952.9
430,Luca Marlowe,1248.1
430,Michael Adewumi,294.2
430,Mimy Kanza,767.1
430,Otito,2455.3
430,Rael,2024.2
430,Rashida kinattingalakath,2137.6
430,Remy,754.7
430,Rosie Birch,426.3
430,Rufkat Adetola oladipo,601.1
430,Sally Muinami,1052.0
430,Sodiq Salaudeen,1104.9
430,Soumaya,2525.7
430,Steve Nolan,1754.6
431,Abderrahmane Boukhaled,1514.3
431,Basirat Adeyemo,1308.8
431,Charlotte Smith,1435.6
431,David Ekpo,1505.8
431,Emmanuela Odoh,2051.8
431,Eno-obong Udofia,1147.0
431,Ethan Toudic,630.3
431,Gianna Cavacuiti,100.0
431,James hushon,886.9
431,Joy Ojeabulu,1072.5
431,Lesley Nyonggesa,1552.3
431,Luca Marlowe,2042.2
431,Michael Adewumi,615.3
431,Mimy Kanza,315.4
431,Otito,1841.7
431,Rael,2294.7
431,Rashida kinattingalakath,1882.0
431,Remy,1646.8
431,Rosie Birch,2955.0
431,Rufkat Adetola oladipo,2492.3
431,Sally Muinami,839.9
431,Sodiq Salaudeen,566.0
431,Soumaya,1295.1
431,Steve Nolan,1440.7
432,Abderrahmane Boukhaled,1526.1
432,Basirat Adeyemo,224.6
432,Charlotte Smith,952.3
432,David Ekpo,455.4
432,Emmanuela Odoh,2182.7
432,Eno-obong Udofia,1055.9
432,Ethan Toudic,1756.4
432,Gianna Cavacuiti,732.8
432,James hushon,1061.0
432,Joy Ojeabulu,957.3
432,Lesley Nyonggesa,100.0
432,Luca Marlowe,785.8
432,Michael Adewumi,970.4
432,Mimy Kanza,1284.6
432,Otito,2186.0
432,Rael,2097.2
432,Rashida kinattingalakath,646.1
432,Remy,1004.7
432,Rosie Birch,1351.5
432,Rufkat Adetola oladipo,1313.5
432,Sally Muinami,920.4
432,Sodiq Salaudeen,2487.6
432,Soumaya,1075.1
432,Steve Nolan,1700.0
433,Abderrahmane Boukhaled,1691.5
433,Basirat Adeyemo,1085.6
433,Charlotte Smith,1196.1
433,David Ekpo,1794.3
433,Emmanuela Odoh,1699.0
433,Eno-obong Udofia,698.9
433,Ethan Toudic,1017.0
433,Gianna Cavacuiti,1685.6
433,James hushon,1710.4
433,Joy Ojeabulu,945.1
433,Lesley Nyonggesa,599.4
433,Luca Marlowe,1177.4
433,Michael Adewumi,677.3
433,Mimy Kanza,2104.4
433,Otito,100.0
433,Rael,657.6
433,Rashida kinattingalakath,1179.1
433,Remy,692.7
433,Rosie Birch,1314.2
433,Rufkat Adetola oladipo,1287.2
433,Sally Muinami,1066.9
433,Sodiq Salaudeen,1679.8
433,Soumaya,1428.3
433,Steve Nolan,2101.9
434,Abderrahmane Boukhaled,635.5
434,Basirat Adeyemo,641.5
434,Charlotte Smith,626.8
434,David Ekpo,914.8
434,Emmanuela Odoh,395.8
434,Eno-obong Udofia,1387.0
434,Ethan Toudic,1034.3
434,Gianna Cavacuiti,1663.4
434,James hushon,125.7
434,Joy Ojeabulu,1388.0
434,Lesley Nyonggesa,1438.5
434,Luca Marlowe,1887.1
434,Michael Adewumi,569.0
434,Mimy Kanza,307.6
434,Otito,1102.6
434,Rael,1652.8
434,Rashida kinattingalakath,1109.5
434,Remy,629.8
434,Rosie Birch,939.9
434,Rufkat Adetola oladipo,1735.0
434,Sally Muinami,2722.9
434,Sodiq Salaudeen,1024.3
434,Soumaya,1748.5
434,Steve Nolan,1073.5
435,Abderrahmane Boukhaled,1270.4
435,Basirat Adeyemo,1473.2
435,Charlotte Smith,960.4
435,David Ekpo,1132.1
435,Emmanuela Odoh,722.8
435,Eno-obong Udofia,1702.7
435,Ethan Toudic,1292.9
435,Gianna Cavacuiti,1105.2
435,James hushon,706.0
435,Joy Ojeabulu,1807.4
435,Lesley Nyonggesa,1889.4
435,Luca Marlowe,1534.9
435,Michael Adewumi,1569.2
435,Mimy Kanza,1245.6
435,Otito,1692.8
435,Rael,655.1
435,Rashida kinattingalakath,1109.5
435,Remy,1566.1
435,Rosie Birch,607.3
435,Rufkat Adetola oladipo,3170.9
435,Sally Muinami,977.2
435,Sodiq Salaudeen,1621.5
435,Soumaya,914.1
435,Steve Nolan,2173.8
436,Abderrahmane Boukhaled,893.0
436,Basirat Adeyemo,579.5
436,Charlotte Smith,2545.1
436,David Ekpo,2225.3
436,Emmanuela Odoh,1103.8
436,Eno-obong Udofia,1839.4
436,Ethan Toudic,1004.0
436,Gianna Cavacuiti,2119.5
436,James hushon,1605.7
436,Joy Ojeabulu,1844.9
436,Lesley Nyonggesa,353.8
436,Luca Marlowe,1623.2
436,Michael Adewumi,2342.7
436,Mimy Kanza,2231.6
436,Otito,1013.3
436,Rael,1271.8
436,Rashida kinattingalakath,705.4
436,Remy,297.0
436,Rosie Birch,439.9
436,Rufkat Adetola oladipo,1597.7
436,Sally Muinami,2530.6
436,Sodiq Salaudeen,1692.6
436,Soumaya,1631.9
436,Steve Nolan,1413.8
437,Abderrahmane Boukhaled,1087.8
437,Basirat Adeyemo,466.2
437,Charlotte Smith,2621.4
437,David Ekpo,840.3
437,Emmanuela Odoh,339.8
437,Eno-obong Udofia,1949.5
437,Ethan Toudic,1316.6
437,Gianna Cavacuiti,985.0
437,James hushon,1446.7
437,Joy Ojeabulu,1783.1
437,Lesley Nyonggesa,765.5
437,Luca Marlowe,672.4
437,Michael Adewumi,1717.9
437,Mimy Kanza,1605.6
437,Otito,1808.1
437,Rael,2393.9
437,Rashida kinattingalakath,2121.1
437,Remy,1675.5
437,Rosie Birch,2283.3
437,Rufkat Adetola oladipo,1021.5
437,Sally Muinami,854.0
437,Sodiq Salaudeen,593.0
437,Soumaya,1916.6
437,Steve Nolan,2800.0
438,Abderrahmane Boukhaled,1884.1
438,Basirat Adeyemo,1532.5
438,Charlotte Smith,2265.6
438,David Ekpo,1966.5
438,Emmanuela Odoh,1731.8
438,Eno-obong Udofia,2711.9
438,Ethan Toudic,3096.7
438,Gianna Cavacuiti,1518.5
438,James hushon,444.7
438,Joy Ojeabulu,3240.4
438,Lesley Nyonggesa,857.3
438,Luca Marlowe,1780.6
438,Michael Adewumi,1663.2
438,Mimy Kanza,1826.6
438,Otito,1130.5
438,Rael,585.3
438,Rashida kinattingalakath,578.9
438,Remy,1131.0
438,Rosie Birch,417.6
438,Rufkat Adetola oladipo,2210.4
438,Sally Muinami,3096.7
438,Sodiq Salaudeen,1564.2
438,Soumaya,1393.6
438,Steve Nolan,1624.6
439,Abderrahmane Boukhaled,1715.4
439,Basirat Adeyemo,1272.2
439,Charlotte Smith,118.8
439,David Ekpo,222.9
439,Emmanuela Odoh,2165.2
439,Eno-obong Udofia,1368.4
439,Ethan Toudic,1065.3
439,Gianna Cavacuiti,1754.5
439,James hushon,2212.1
439,Joy Ojeabulu,2086.1
439,Lesley Nyonggesa,275.8
439,Luca Marlowe,674.1
439,Michael Adewumi,888.2
439,Mimy Kanza,2495.7
439,Otito,456.9
439,Rael,320.0
439,Rashida kinattingalakath,872.3
439,Remy,2111.8
439,Rosie Birch,636.3
439,Rufkat Adetola oladipo,873.0
439,Sally Muinami,1620.3
439,Sodiq Salaudeen,1055.7
439,Soumaya,456.0
439,Steve Nolan,713.9
440,Abderrahmane Boukhaled,112.3
440,Basirat Adeyemo,1393.3
440,Charlotte Smith,3058.4
440,David Ekpo,2105.0
440,Emmanuela Odoh,2297.6
440,Eno-obong Udofia,1293.7
440,Ethan Toudic,2612.5
440,Gianna Cavacuiti,1018.6
440,James hushon,697.8
440,Joy Ojeabulu,1054.0
440,Lesley Nyonggesa,859.1
440,Luca Marlowe,1320.5
440,Michael Adewumi,1385.8
440,Mimy Kanza,2444.6
440,Otito,1688.6
440,Rael,2544.6
440,Rashida kinattingalakath,911.9
440,Remy,176.9
440,Rosie Birch,1143.3
440,Rufkat Adetola oladipo,1136.0
440,Sally Muinami,2365.9
440,Sodiq Salaudeen,1923.1
440,Soumaya,974.2
440,Steve Nolan,1057.8
441,Abderrahmane Boukhaled,2796.1
441,Basirat Adeyemo,3234.5
441,Charlotte Smith,143.4
441,David Ekpo,919.5
441,Emmanuela Odoh,1658.8
441,Eno-obong Udofia,735.2
441,Ethan Toudic,1420.7
441,Gianna Cavacuiti,1541.6
441,James hushon,1395.1
441,Joy Ojeabulu,1549.4
441,Lesley Nyonggesa,1820.2
441,Luca Marlowe,1641.5
441,Michael Adewumi,1566.0
441,Mimy Kanza,1254.0
441,Otito,2069.9
441,Rael,2287.2
441,Rashida kinattingalakath,940.8
441,Remy,2015.6
441,Rosie Birch,1702.6
441,Rufkat Adetola oladipo,815.3
441,Sally Muinami,1001.0
441,Sodiq Salaudeen,1537.4
441,Soumaya,1476.1
441,Steve Nolan,1239.4
442,Abderrahmane Boukhaled,1351.2
442,Basirat Adeyemo,1358.8
442,Charlotte Smith,1695.5
442,David Ekpo,952.8
442,Emmanuela Odoh,608.0
442,Eno-obong Udofia,888.0
442,Ethan Toudic,1020.1
442,Gianna Cavacuiti,583.0
442,James hushon,1155.4
442,Joy Ojeabulu,1362.2
442,Lesley Nyonggesa,1532.9
442,Luca Marlowe,601.2
442,Michael Adewumi,1878.2
442,Mimy Kanza,1873.1
442,Otito,1110.1
442,Rael,625.7
442,Rashida kinattingalakath,2839.4
442,Remy,1411.4
442,Rosie Birch,1135.2
442,Rufkat Adetola oladipo,818.6
442,Sally Muinami,1700.0
442,Sodiq Salaudeen,2046.2
442,Soumaya,310.0
442,Steve Nolan,1500.7
443,Abderrahmane Boukhaled,468.4
443,Basirat Adeyemo,1239.1
443,Charlotte Smith,1631.5
443,David Ekpo,1095.8
443,Emmanuela Odoh,942.1
443,Eno-obong Udofia,2969.2
443,Ethan Toudic,685.5
443,Gianna Cavacuiti,839.8
443,James hushon,632.5
443,Joy Ojeabulu,1013.7
443,Lesley Nyonggesa,1564.8
443,Luca Marlowe,660.9
443,Michael Adewumi,1054.8
443,Mimy Kanza,1524.6
443,Otito,2254.2
443,Rael,966.7
443,Rashida kinattingalakath,1324.2
443,Remy,1409.5
443,Rosie Birch,1504.3
443,Rufkat Adetola oladipo,1943.6
443,Sally Muinami,531.8
443,Sodiq Salaudeen,758.4
443,Soumaya,122.3
443,Steve Nolan,725.4
444,Abderrahmane Boukhaled,1433.9
444,Basirat Adeyemo,1234.5
444,Charlotte Smith,1711.7
444,David Ekpo,2149.3
444,Emmanuela Odoh,2284.7
444,Eno-obong Udofia,1480.4
444,Ethan Toudic,1388.4
444,Gianna Cavacuiti,2048.7
444,James hushon,864.3
444,Joy Ojeabulu,806.5
444,Lesley Nyonggesa,1075.2
444,Luca Marlowe,1391.6
444,Michael Adewumi,1320.5
444,Mimy Kanza,2583.5
444,Otito,761.3
444,Rael,142.8
444,Rashida kinattingalakath,999.3
444,Remy,720.7
444,Rosie Birch,850.2
444,Rufkat Adetola oladipo,1033.7
444,Sally Muinami,1008.3
444,Sodiq Salaudeen,2362.9
444,Soumaya,687.2
444,Steve Nolan,3166.6
445,Abderrahmane Boukhaled,1998.1
445,Basirat Adeyemo,601.0
445,Charlotte Smith,709.7
445,David Ekpo,1638.5
445,Emmanuela Odoh,777.5
445,Eno-obong Udofia,1851.6
445,Ethan Toudic,1880.4
445,Gianna Cavacuiti,169.2
445,James hushon,1497.9
445,Joy Ojeabulu,897.0
445,Lesley Nyonggesa,2951.8
445,Luca Marlowe,903.2
445,Michael Adewumi,529.7
445,Mimy Kanza,2108.6
445,Otito,1300.7
445,Rael,937.5
445,Rashida kinattingalakath,245.6
445,Remy,1456.7
445,Rosie Birch,1195.7
445,Rufkat Adetola oladipo,1493.1
445,Sally Muinami,1049.3
445,Sodiq Salaudeen,759.5
445,Soumaya,2138.5
445,Steve Nolan,998.6
446,Abderrahmane Boukhaled,2369.7
446,Basirat Adeyemo,2108.6
446,Charlotte Smith,1289.9
446,David Ekpo,907.1
446,Emmanuela Odoh,1522.1
446,Eno-obong Udofia,673.2
446,Ethan Toudic,1563.6
446,Gianna Cavacuiti,1237.9
446,James hushon,415.3
446,Joy Ojeabulu,1397.6
446,Lesley Nyonggesa,1993.2
446,Luca Marlowe,2161.8
446,Michael Adewumi,1980.5
446,Mimy Kanza,744.7
446,Otito,1968.3
446,Rael,525.2
446,Rashida kinattingalakath,675.4
446,Remy,834.7
446,Rosie Birch,2593.6
446,Rufkat Adetola oladipo,1473.9
446,Sally Muinami,2040.1
446,Sodiq Salaudeen,506.6
446,Soumaya,659.4
446,Steve Nolan,772.8
447,Abderrahmane Boukhaled,166.1
447,Basirat Adeyemo,1673.9
447,Charlotte Smith,1706.0
447,David Ekpo,1110.4
447,Emmanuela Odoh,569.1
447,Eno-obong Udofia,1780.3
447,Ethan Toudic,1759.7
447,Gianna Cavacuiti,1787.3
447,James hushon,1716.2
447,Joy Ojeabulu,865.9
447,Lesley Nyonggesa,1774.3
447,Luca Marlowe,459.9
447,Michael Adewumi,1807.6
447,Mimy Kanza,302.6
447,Otito,1252.8
447,Rael,768.8
447,Rashida kinattingalakath,1717.7
447,Remy,611.8
447,Rosie Birch,1641.0
447,Rufkat Adetola oladipo,1857.3
447,Sally Muinami,976.0
447,Sodiq Salaudeen,839.3
447,Soumaya,1402.1
447,Steve Nolan,587.0
448,Abderrahmane Boukhaled,833.4
448,Basirat Adeyemo,622.4
448,Charlotte Smith,1386.4
448,David Ekpo,880.3
448,Emmanuela Odoh,205.6
448,Eno-obong Udofia,1842.2
448,Ethan Toudic,1570.3
448,Gianna Cavacuiti,222.9
448,James hushon,717.3
448,Joy Ojeabulu,899.7
448,Lesley Nyonggesa,723.7
448,Luca Marlowe,900.2
448,Michael Adewumi,1048.4
448,Mimy Kanza,1927.8
448,Otito,1160.7
448,Rael,397.0
448,Rashida kinattingalakath,810.2
448,Remy,1649.1
448,Rosie Birch,913.8
448,Rufkat Adetola oladipo,955.6
448,Sally Muinami,326.0
448,Sodiq Salaudeen,1715.3
448,Soumaya,1655.2
448,Steve Nolan,1304.6
449,Abderrahmane Boukhaled,869.4
449,Basirat Adeyemo,582.5
449,Charlotte Smith,3408.9
449,David Ekpo,1857.3
449,Emmanuela Odoh,713.7
449,Eno-obong Udofia,1374.3
449,Ethan Toudic,1310.7
449,Gianna Cavacuiti,2376.2
449,James hushon,1637.1
449,Joy Ojeabulu,1522.0
449,Lesley Nyonggesa,512.8
449,Luca Marlowe,444.0
449,Michael Adewumi,757.1
449,Mimy Kanza,324.1
449,Otito,323.7
449,Rael,1601.2
449,Rashida kinattingalakath,375.7
449,Remy,1659.7
449,Rosie Birch,408.1
449,Rufkat Adetola oladipo,520.6
449,Sally Muinami,450.4
449,Sodiq Salaudeen,814.7
449,Soumaya,2273.4
449,Steve Nolan,1671.6
450,Abderrahmane Boukhaled,904.4
450,Basirat Adeyemo,291.2
450,Charlotte Smith,303.0
450,David Ekpo,1555.0
450,Emmanuela Odoh,1534.9
450,Eno-obong Udofia,887.0
450,Ethan Toudic,878.1
450,Gianna Cavacuiti,1041.1
450,James hushon,1389.0
450,Joy Ojeabulu,741.2
450,Lesley Nyonggesa,623.4
450,Luca Marlowe,1430.0
450,Michael Adewumi,692.9
450,Mimy Kanza,2100.4
450,Otito,603.8
450,Rael,1268.3
450,Rashida kinattingalakath,2454.5
450,Remy,111.5
450,Rosie Birch,904.1
450,Rufkat Adetola oladipo,386.7
450,Sally Muinami,354.6
450,Sodiq Salaudeen,719.1
450,Soumaya,2154.0
450,Steve Nolan,1211.8
451,Abderrahmane Boukhaled,2362.5
451,Basirat Adeyemo,2993.5
451,Charlotte Smith,1762.1
451,David Ekpo,1988.1
451,Emmanuela Odoh,2303.4
451,Eno-obong Udofia,798.9
451,Ethan Toudic,971.8
451,Gianna Cavacuiti,1646.8
451,James hushon,655.8
451,Joy Ojeabulu,553.0
451,Lesley Nyonggesa,1077.7
451,Luca Marlowe,519.0
451,Michael Adewumi,2747.5
451,Mimy Kanza,946.0
451,Otito,1750.9
451,Rael,347.1
451,Rashida kinattingalakath,1504.3
451,Remy,497.4
451,Rosie Birch,1854.9
451,Rufkat Adetola oladipo,1598.8
451,Sally Muinami,394.6
451,Sodiq Salaudeen,1611.6
451,Soumaya,918.7
451,Steve Nolan,392.4
452,Abderrahmane Boukhaled,596.2
452,Basirat Adeyemo,1364.1
452,Charlotte Smith,180.1
452,David Ekpo,3380.3
452,Emmanuela Odoh,308.0
452,Eno-obong Udofia,1237.5
452,Ethan Toudic,2335.8
452,Gianna Cavacuiti,1363.8
452,James hushon,960.9
452,Joy Ojeabulu,884.0
452,Lesley Nyonggesa,1988.3
452,Luca Marlowe,634.0
452,Michael Adewumi,805.1
452,Mimy Kanza,504.1
452,Otito,562.5
452,Rael,1414.8
452,Rashida kinattingalakath,2760.5
452,Remy,780.7
452,Rosie Birch,1004.0
452,Rufkat Adetola oladipo,859.0
452,Sally Muinami,1054.7
452,Sodiq Salaudeen,1179.6
452,Soumaya,717.6
452,Steve Nolan,567.0
453,Abderrahmane Boukhaled,769.9
453,Basirat Adeyemo,1708.8
453,Charlotte Smith,1656.0
453,David Ekpo,892.3
453,Emmanuela Odoh,1462.4
453,Eno-obong Udofia,1495.1
453,Ethan Toudic,201.2
453,Gianna Cavacuiti,932.6
453,James hushon,2050.3
453,Joy Ojeabulu,595.8
453,Lesley Nyonggesa,1019.0
453,Luca Marlowe,363.0
453,Michael Adewumi,604.0
453,Mimy Kanza,917.3
453,Otito,1687.8
453,Rael,217.5
453,Rashida kinattingalakath,578.7
453,Remy,576.2
453,Rosie Birch,1585.8
453,Rufkat Adetola oladipo,113.4
453,Sally Muinami,819.5
453,Sodiq Salaudeen,1363.8
453,Soumaya,2086.6
453,Steve Nolan,1283.7
454,Abderrahmane Boukhaled,521.8
454,Basirat Adeyemo,496.4
454,Charlotte Smith,641.5
454,David Ekpo,2481.1
454,Emmanuela Odoh,892.7
454,Eno-obong Udofia,2199.4
454,Ethan Toudic,1162.0
454,Gianna Cavacuiti,335.6
454,James hushon,3736.0
454,Joy Ojeabulu,1760.8
454,Lesley Nyonggesa,1158.6
454,Luca Marlowe,662.1
454,Michael Adewumi,956.9
454,Mimy Kanza,764.6
454,Otito,677.9
454,Rael,1501.0
454,Rashida kinattingalakath,1859.2
454,Remy,2187.5
454,Rosie Birch,770.6
454,Rufkat Adetola oladipo,1119.7
454,Sally Muinami,283.4
454,Sodiq Salaudeen,2517.5
454,Soumaya,2157.2
454,Steve Nolan,170.1
455,Abderrahmane Boukhaled,1767.5
455,Basirat Adeyemo,1543.4
455,Charlotte Smith,2062.5
455,David Ekpo,2301.0
455,Emmanuela Odoh,1293.7
455,Eno-obong Udofia,720.2
455,Ethan Toudic,1092.1
455,Gianna Cavacuiti,554.9
455,James hushon,849.7
455,Joy Ojeabulu,2863.7
455,Lesley Nyonggesa,1061.6
455,Luca Marlowe,1870.2
455,Michael Adewumi,2526.5
455,Mimy Kanza,479.4
455,Otito,2761.0
455,Rael,747.4
455,Rashida kinattingalakath,2375.3
455,Remy,1696.6
455,Rosie Birch,1166.3
455,Rufkat Adetola oladipo,1321.0
455,Sally Muinami,2397.2
455,Sodiq Salaudeen,2477.8
455,Soumaya,1803.3
455,Steve Nolan,2147.6
456,Abderrahmane Boukhaled,1810.6
456,Basirat Adeyemo,1393.9
456,Charlotte Smith,496.6
456,David Ekpo,573.6
456,Emmanuela Odoh,1118.7
456,Eno-obong Udofia,1019.2
456,Ethan Toudic,894.2
456,Gianna Cavacuiti,879.5
456,James hushon,1208.8
456,Joy Ojeabulu,1390.7
456,Lesley Nyonggesa,2280.5
456,Luca Marlowe,688.5
456,Michael Adewumi,465.1
456,Mimy Kanza,642.9
456,Otito,2579.9
456,Rael,1753.7
456,Rashida kinattingalakath,1279.7
456,Remy,1079.8
456,Rosie Birch,737.8
456,Rufkat Adetola oladipo,1739.9
456,Sally Muinami,1343.1
456,Sodiq Salaudeen,978.8
456,Soumaya,415.3
456,Steve Nolan,700.0
457,Abderrahmane Boukhaled,100.0
457,Basirat Adeyemo,2822.2
457,Charlotte Smith,1037.9
457,David Ekpo,1287.1
457,Emmanuela Odoh,799.7
457,Eno-obong Udofia,1917.6
457,Ethan Toudic,751.8
457,Gianna Cavacuiti,2047.4
457,James hushon,1270.6
457,Joy Ojeabulu,1128.2
457,Lesley Nyonggesa,1310.5
457,Luca Marlowe,3799.3
457,Michael Adewumi,2380.2
457,Mimy Kanza,2337.3
457,Otito,1065.9
457,Rael,1979.5
457,Rashida kinattingalakath,1353.8
457,Remy,226.8
457,Rosie Birch,2075.7
457,Rufkat Adetola oladipo,2617.6
457,Sally Muinami,936.5
457,Sodiq Salaudeen,199.4
457,Soumaya,1044.6
457,Steve Nolan,2641.8
458,Abderrahmane Boukhaled,932.1
458,Basirat Adeyemo,1169.4
458,Charlotte Smith,3476.1
458,David Ekpo,918.5
458,Emmanuela Odoh,575.8
458,Eno-obong Udofia,800.7
458,Ethan Toudic,592.0
458,Gianna Cavacuiti,2835.8
458,James hushon,2515.9
458,Joy Ojeabulu,1735.3
458,Lesley Nyonggesa,467.8
458,Luca Marlowe,1702.4
458,Michael Adewumi,393.5
458,Mimy Kanza,762.1
458,Otito,1319.0
458,Rael,386.6
458,Rashida kinattingalakath,872.9
458,Remy,2106.4
458,Rosie Birch,3190.6
458,Rufkat Adetola oladipo,1424.4
458,Sally Muinami,1559.1
458,Sodiq Salaudeen,3513.4
458,Soumaya,2113.9
458,Steve Nolan,2010.7
459,Abderrahmane Boukhaled,546.0
459,Basirat Adeyemo,434.8
459,Charlotte Smith,452.4
459,David Ekpo,1489.2
459,Emmanuela Odoh,1566.8
459,Eno-obong Udofia,1681.3
459,Ethan Toudic,705.8
459,Gianna Cavacuiti,1978.0
459,James hushon,1569.1
459,Joy Ojeabulu,1062.3
459,Lesley Nyonggesa,785.3
459,Luca Marlowe,1151.5
459,Michael Adewumi,220.4
459,Mimy Kanza,2880.3
459,Otito,630.8
459,Rael,2383.6
459,Rashida kinattingalakath,1379.2
459,Remy,360.4
459,Rosie Birch,361.5
459,Rufkat Adetola oladipo,2154.6
459,Sally Muinami,1798.3
459,Sodiq Salaudeen,290.3
459,Soumaya,1262.8
459,Steve Nolan,580.4
460,Abderrahmane Boukhaled,1211.5
460,Basirat Adeyemo,1522.6
460,Charlotte Smith,987.0
460,David Ekpo,682.4
460,Emmanuela Odoh,959.4
460,Eno-obong Udofia,420.3
460,Ethan Toudic,1091.5
460,Gianna Cavacuiti,629.3
460,James hushon,902.0
460,Joy Ojeabulu,1417.6
460,Lesley Nyonggesa,441.8
460,Luca Marlowe,178.6
460,Michael Adewumi,586.1
460,Mimy Kanza,1337.2
460,Otito,415.9
460,Rael,1197.6
460,Rashida kinattingalakath,499.4
460,Remy,320.5
460,Rosie Birch,1931.4
460,Rufkat Adetola oladipo,328.3
460,Sally Muinami,300.8
460,Sodiq Salaudeen,1876.5
460,Soumaya,3344.0
460,Steve Nolan,738.1
461,Abderrahmane Boukhaled,2348.1
461,Basirat Adeyemo,1887.7
461,Charlotte Smith,1253.1
461,David Ekpo,2231.2
461,Emmanuela Odoh,2279.5
461,Eno-obong Udofia,1362.8
461,Ethan Toudic,955.3
461,Gianna Cavacuiti,1981.4
461,James hushon,1852.4
461,Joy Ojeabulu,2486.5
461,Lesley Nyonggesa,1611.7
461,Luca Marlowe,485.9
461,Michael Adewumi,427.3
461,Mimy Kanza,463.3
461,Otito,1748.3
461,Rael,702.8
461,Rashida kinattingalakath,981.3
461,Remy,1419.6
461,Rosie Birch,1463.9
461,Rufkat Adetola oladipo,1802.5
461,Sally Muinami,2354.3
461,Sodiq Salaudeen,1811.2
461,Soumaya,1779.1
461,Steve Nolan,1649.5
462,Abderrahmane Boukhaled,554.4
462,Basirat Adeyemo,715.7
462,Charlotte Smith,2055.6
462,David Ekpo,1313.8
462,Emmanuela Odoh,1430.8
462,Eno-obong Udofia,1413.5
462,Ethan Toudic,1503.3
462,Gianna Cavacuiti,908.6
462,James hushon,2464.0
462,Joy Ojeabulu,751.5
462,Lesley Nyonggesa,2383.2
462,Luca Marlowe,2117.6
462,Michael Adewumi,1154.5
462,Mimy Kanza,2715.9
462,Otito,1649.5
462,Rael,1374.6
462,Rashida kinattingalakath,1476.8
462,Remy,985.8
462,Rosie Birch,1482.9
462,Rufkat Adetola oladipo,1026.7
462,Sally Muinami,1098.4
462,Sodiq Salaudeen,612.3
462,Soumaya,1117.4
462,Steve Nolan,591.7
463,Abderrahmane Boukhaled,1657.5
463,Basirat Adeyemo,3893.9
463,Charlotte Smith,1605.2
463,David Ekpo,793.0
463,Emmanuela Odoh,2244.4
463,Eno-obong Udofia,886.9
463,Ethan Toudic,1466.3
463,Gianna Cavacuiti,1062.9
463,James hushon,1416.1
463,Joy Ojeabulu,1136.2
463,Lesley Nyonggesa,1495.8
463,Luca Marlowe,939.2
463,Michael Adewumi,1788.4
463,Mimy Kanza,626.6
463,Otito,1310.1
463,Rael,1429.4
463,Rashida kinattingalakath,1572.6
463,Remy,423.2
463,Rosie Birch,885.3
463,Rufkat Adetola oladipo,477.4
463,Sally Muinami,2958.6
463,Sodiq Salaudeen,1856.3
463,Soumaya,1864.3
463,Steve Nolan,2504.1
464,Abderrahmane Boukhaled,856.1
464,Basirat Adeyemo,1749.8
464,Charlotte Smith,1095.1
464,David Ekpo,659.9
464,Emmanuela Odoh,561.4
464,Eno-obong Udofia,2424.7
464,Ethan Toudic,1254.6
464,Gianna Cavacuiti,1085.5
464,James hushon,1636.2
464,Joy Ojeabulu,2378.7
464,Lesley Nyonggesa,874.1
464,Luca Marlowe,2865.2
464,Michael Adewumi,924.7
464,Mimy Kanza,1181.6
464,Otito,2587.4
464,Rael,1803.6
464,Rashida kinattingalakath,1281.8
464,Remy,1256.3
464,Rosie Birch,1322.5
464,Rufkat Adetola oladipo,563.9
464,Sally Muinami,2061.8
464,Sodiq Salaudeen,1169.2
464,Soumaya,2088.3
464,Steve Nolan,1214.5
465,Abderrahmane Boukhaled,765.4
465,Basirat Adeyemo,1953.3
465,Charlotte Smith,563.9
465,David Ekpo,1137.1
465,Emmanuela Odoh,2458.2
465,Eno-obong Udofia,1031.9
465,Ethan Toudic,1413.9
465,Gianna Cavacuiti,870.4
465,James hushon,1154.8
465,Joy Ojeabulu,340.8
465,Lesley Nyonggesa,1304.4
465,Luca Marlowe,201.8
465,Michael Adewumi,720.4
465,Mimy Kanza,952.1
465,Otito,210.9
465,Rael,933.9
465,Rashida kinattingalakath,643.6
465,Remy,2961.2
465,Rosie Birch,1136.8
465,Rufkat Adetola oladipo,1233.2
465,Sally Muinami,697.1
465,Sodiq Salaudeen,2243.1
465,Soumaya,2763.3
465,Steve Nolan,669.9
466,Abderrahmane Boukhaled,1742.2
466,Basirat Adeyemo,2807.9
466,Charlotte Smith,365.1
466,David Ekpo,943.8
466,Emmanuela Odoh,1168.4
466,Eno-obong Udofia,2389.3
466,Ethan Toudic,1569.0
466,Gianna Cavacuiti,1368.6
466,James hushon,1705.5
466,Joy Ojeabulu,2644.7
466,Lesley Nyonggesa,1920.6
466,Luca Marlowe,1515.0
466,Michael Adewumi,1020.9
466,Mimy Kanza,2732.2
466,Otito,994.0
466,Rael,1403.4
466,Rashida kinattingalakath,2865.8
466,Remy,1340.6
466,Rosie Birch,902.0
466,Rufkat Adetola oladipo,1747.4
466,Sally Muinami,2074.5
466,Sodiq Salaudeen,2488.0
466,Soumaya,137.8
466,Steve Nolan,1857.9
467,Abderrahmane Boukhaled,1960.6
467,Basirat Adeyemo,1910.8
467,Charlotte Smith,3155.5
467,David Ekpo,526.2
467,Emmanuela Odoh,1002.1
467,Eno-obong Udofia,1076.5
467,Ethan Toudic,908.3
467,Gianna Cavacuiti,1160.4
467,James hushon,993.0
467,Joy Ojeabulu,2872.1
467,Lesley Nyonggesa,615.3
467,Luca Marlowe,2096.4
467,Michael Adewumi,1676.6
467,Mimy Kanza,783.7
467,Otito,2912.3
467,Rael,2039.7
467,Rashida kinattingalakath,319.0
467,Remy,636.8
467,Rosie Birch,1764.0
467,Rufkat Adetola oladipo,155.2
467,Sally Muinami,123.6
467,Sodiq Salaudeen,1938.5
467,Soumaya,403.0
467,Steve Nolan,2202.0
468,Abderrahmane Boukhaled,1423.5
468,Basirat Adeyemo,449.8
468,Charlotte Smith,2447.9
468,David Ekpo,407.9
468,Emmanuela Odoh,901.8
468,Eno-obong Udofia,411.2
468,Ethan Toudic,1504.6
468,Gianna Cavacuiti,712.7
468,James hushon,2308.0
468,Joy Ojeabulu,1416.5
468,Lesley Nyonggesa,357.9
468,Luca Marlowe,2932.5
468,Michael Adewumi,2020.0
468,Mimy Kanza,804.4
468,Otito,562.8
468,Rael,2491.0
468,Rashida kinattingalakath,1401.9
468,Remy,322.3
468,Rosie Birch,1397.7
468,Rufkat Adetola oladipo,704.0
468,Sally Muinami,126.0
468,Sodiq Salaudeen,1541.6
468,Soumaya,172.3
468,Steve Nolan,397.7
469,Abderrahmane Boukhaled,2118.1
469,Basirat Adeyemo,851.1
469,Charlotte Smith,1754.4
469,David Ekpo,1025.2
469,Emmanuela Odoh,326.1
469,Eno-obong Udofia,1137.3
469,Ethan Toudic,2134.0
469,Gianna Cavacuiti,454.5
469,James hushon,1375.6
469,Joy Ojeabulu,2067.9
469,Lesley Nyonggesa,1201.2
469,Luca Marlowe,1248.2
469,Michael Adewumi,1365.3
469,Mimy Kanza,379.5
469,Otito,198.6
469,Rael,1566.0
469,Rashida kinattingalakath,1502.5
469,Remy,2535.8
469,Rosie Birch,1116.7
469,Rufkat Adetola oladipo,1531.8
469,Sally Muinami,655.7
469,Sodiq Salaudeen,569.2
469,Soumaya,701.4
469,Steve Nolan,786.5
470,Abderrahmane Boukhaled,291.4
470,Basirat Adeyemo,2043.0
470,Charlotte Smith,2267.9
470,David Ekpo,1144.2
470,Emmanuela Odoh,756.7
470,Eno-obong Udofia,288.0
470,Ethan Toudic,320.2
470,Gianna Cavacuiti,969.5
470,James hushon,2170.4
470,Joy Ojeabulu,922.1
470,Lesley Nyonggesa,1091.9
470,Luca Marlowe,1109.3
470,Michael Adewumi,767.6
470,Mimy Kanza,690.5
470,Otito,1019.0
470,Rael,1710.8
470,Rashida kinattingalakath,1841.6
470,Remy,792.8
470,Rosie Birch,708.0
470,Rufkat Adetola oladipo,1225.7
470,Sally Muinami,859.2
470,Sodiq Salaudeen,512.2
470,Soumaya,1035.2
470,Steve Nolan,226.8
471,Abderrahmane Boukhaled,1447.4
471,Basirat Adeyemo,1075.1
471,Charlotte Smith,258.9
471,David Ekpo,667.1
471,Emmanuela Odoh,758.2
471,Eno-obong Udofia,1743.5
471,Ethan Toudic,668.3
471,Gianna Cavacuiti,974.8
471,James hushon,2310.9
471,Joy Ojeabulu,1112.5
471,Lesley Nyonggesa,1109.8
471,Luca Marlowe,2099.8
471,Michael Adewumi,647.9
471,Mimy Kanza,1261.2
471,Otito,600.6
471,Rael,2071.3
471,Rashida kinattingalakath,912.2
471,Remy,1707.1
471,Rosie Birch,1113.9
471,Rufkat Adetola oladipo,1662.9
471,Sally Muinami,1825.2
471,Sodiq Salaudeen,1030.2
471,Soumaya,1056.6
471,Steve Nolan,1832.0
472,Abderrahmane Boukhaled,711.6
472,Basirat Adeyemo,1498.4
472,Charlotte Smith,183.0
472,David Ekpo,1682.9
472,Emmanuela Odoh,787.7
472,Eno-obong Udofia,140.8
472,Ethan Toudic,1460.9
472,Gianna Cavacuiti,933.4
472,James hushon,2375.4
472,Joy Ojeabulu,1184.0
472,Lesley Nyonggesa,801.0
472,Luca Marlowe,2492.6
472,Michael Adewumi,933.8
472,Mimy Kanza,2323.3
472,Otito,2858.6
472,Rael,2343.1
472,Rashida kinattingalakath,1796.2
472,Remy,2505.0
472,Rosie Birch,114.0
472,Rufkat Adetola oladipo,1521.4
472,Sally Muinami,233.2
472,Sodiq Salaudeen,1718.9
472,Soumaya,2350.3
472,Steve Nolan,1530.5
473,Abderrahmane Boukhaled,357.5
473,Basirat Adeyemo,1278.4
473,Charlotte Smith,168.8
473,David Ekpo,424.9
473,Emmanuela Odoh,3287.7
473,Eno-obong Udofia,1183.7
473,Ethan Toudic,1265.0
473,Gianna Cavacuiti,1191.2
473,James hushon,188.1
473,Joy Ojeabulu,1330.3
473,Lesley Nyonggesa,100.0
473,Luca Marlowe,1027.2
473,Michael Adewumi,720.8
473,Mimy Kanza,654.6
473,Otito,2507.0
473,Rael,341.7
473,Rashida kinattingalakath,1470.4
473,Remy,559.1
473,Rosie Birch,1268.4
473,Rufkat Adetola oladipo,488.1
473,Sally Muinami,1241.7
473,Sodiq Salaudeen,1490.7
473,Soumaya,953.0
473,Steve Nolan,674.2
474,Abderrahmane Boukhaled,790.0
474,Basirat Adeyemo,1864.7
474,Charlotte Smith,424.6
474,David Ekpo,1512.1
474,Emmanuela Odoh,1265.0
474,Eno-obong Udofia,1651.2
474,Ethan Toudic,1593.9
474,Gianna Cavacuiti,1938.4
474,James hushon,1619.9
474,Joy Ojeabulu,880.2
474,Lesley Nyonggesa,598.9
474,Luca Marlowe,310.8
474,Michael Adewumi,1872.6
474,Mimy Kanza,807.4
474,Otito,911.2
474,Rael,686.2
474,Rashida kinattingalakath,279.9
474,Remy,191.8
474,Rosie Birch,1004.7
474,Rufkat Adetola oladipo,2507.1
474,Sally Muinami,1588.4
474,Sodiq Salaudeen,542.1
474,Soumaya,687.6
474,Steve Nolan,1741.2
475,Abderrahmane Boukhaled,1576.6
475,Basirat Adeyemo,433.0
475,Charlotte Smith,1321.4
475,David Ekpo,1276.6
475,Emmanuela Odoh,1639.9
475,Eno-obong Udofia,1928.8
475,Ethan Toudic,1669.7
475,Gianna Cavacuiti,1021.2
475,James hushon,541.9
475,Joy Ojeabulu,1563.1
475,Lesley Nyonggesa,498.5
475,Luca Marlowe,426.2
475,Michael Adewumi,1629.6
475,Mimy Kanza,575.4
475,Otito,812.3
475,Rael,1247.1
475,Rashida kinattingalakath,1137.7
475,Remy,828.5
475,Rosie Birch,1434.7
475,Rufkat Adetola oladipo,429.5
475,Sally Muinami,1113.6
475,Sodiq Salaudeen,299.9
475,Soumaya,1396.8
475,Steve Nolan,1394.9
476,Abderrahmane Boukhaled,895.3
476,Basirat Adeyemo,684.9
476,Charlotte Smith,2352.6
476,David Ekpo,1862.0
476,Emmanuela Odoh,1259.8
476,Eno-obong Udofia,2135.1
476,Ethan Toudic,787.9
476,Gianna Cavacuiti,2013.1
476,James hushon,863.4
476,Joy Ojeabulu,1364.4
476,Lesley Nyonggesa,815.0
476,Luca Marlowe,1546.1
476,Michael Adewumi,1319.2
476,Mimy Kanza,1768.6
476,Otito,1816.2
476,Rael,1005.7
476,Rashida kinattingalakath,959.1
476,Remy,1232.8
476,Rosie Birch,348.8
476,Rufkat Adetola oladipo,937.6
476,Sally Muinami,1301.7
476,Sodiq Salaudeen,997.5
476,Soumaya,888.6
476,Steve Nolan,972.9
477,Abderrahmane Boukhaled,1152.9
477,Basirat Adeyemo,1738.3
477,Charlotte Smith,1920.9
477,David Ekpo,814.0
477,Emmanuela Odoh,1465.5
477,Eno-obong Udofia,218.8
477,Ethan Toudic,2139.6
477,Gianna Cavacuiti,2417.7
477,James hushon,2721.3
477,Joy Ojeabulu,223.0
477,Lesley Nyonggesa,429.2
477,Luca Marlowe,2531.5
477,Michael Adewumi,2213.2
477,Mimy Kanza,2222.1
477,Otito,2662.0
477,Rael,603.6
477,Rashida kinattingalakath,417.0
477,Remy,2597.0
477,Rosie Birch,100.0
477,Rufkat Adetola oladipo,1474.5
477,Sally Muinami,1341.4
477,Sodiq Salaudeen,1349.3
477,Soumaya,542.2
477,Steve Nolan,848.7
478,Abderrahmane Boukhaled,1174.3
478,Basirat Adeyemo,920.3
478,Charlotte Smith,1774.4
478,David Ekpo,174.9
478,Emmanuela Odoh,1920.5
478,Eno-obong Udofia,1082.6
478,Ethan Toudic,1116.1
478,Gianna Cavacuiti,1676.8
478,James hushon,931.0
478,Joy Ojeabulu,1151.0
478,Lesley Nyonggesa,1191.4
478,Luca Marlowe,1287.6
478,Michael Adewumi,1978.1
478,Mimy Kanza,1824.1
478,Otito,1182.9
478,Rael,221.2
478,Rashida kinattingalakath,1850.6
478,Remy,1521.1
478,Rosie Birch,1515.4
478,Rufkat Adetola oladipo,639.3
478,Sally Muinami,1567.4
478,Sodiq Salaudeen,1441.2
478,Soumaya,1770.2
478,Steve Nolan,1628.1
479,Abderrahmane Boukhaled,121.3
479,Basirat Adeyemo,1380.1
479,Charlotte Smith,2064.1
479,David Ekpo,1223.8
479,Emmanuela Odoh,1195.8
479,Eno-obong Udofia,1185.7
479,Ethan Toudic,984.5
479,Gianna Cavacuiti,131.5
479,James hushon,1782.9
479,Joy Ojeabulu,1120.6
479,Lesley Nyonggesa,621.6
479,Luca Marlowe,387.0
479,Michael Adewumi,139.7
479,Mimy Kanza,1388.7
479,Otito,663.2
479,Rael,2955.9
479,Rashida kinattingalakath,1625.1
479,Remy,1008.7
479,Rosie Birch,1839.6
479,Rufkat Adetola oladipo,984.2
479,Sally Muinami,1470.2
479,Sodiq Salaudeen,1159.7
479,Soumaya,925.5
479,Steve Nolan,2268.0
480,Abderrahmane Boukhaled,1645.1
480,Basirat Adeyemo,729.4
480,Charlotte Smith,2252.3
480,David Ekpo,800.8
480,Emmanuela Odoh,2029.0
480,Eno-obong Udofia,1093.3
480,Ethan Toudic,533.3
480,Gianna Cavacuiti,426.2
480,James hushon,1207.5
480,Joy Ojeabulu,493.3
480,Lesley Nyonggesa,548.2
480,Luca Marlowe,1127.4
480,Michael Adewumi,2603.5
480,Mimy Kanza,1296.3
480,Otito,1641.1
480,Rael,1415.0
480,Rashida kinattingalakath,180.9
480,Remy,2048.4
480,Rosie Birch,2996.7
480,Rufkat Adetola oladipo,365.2
480,Sally Muinami,1890.3
480,Sodiq Salaudeen,1902.1
480,Soumaya,721.0
480,Steve Nolan,2355.9
481,Abderrahmane Boukhaled,1153.2
481,Basirat Adeyemo,540.8
481,Charlotte Smith,1813.4
481,David Ekpo,1753.5
481,Emmanuela Odoh,366.3
481,Eno-obong Udofia,786.8
481,Ethan Toudic,1317.0
481,Gianna Cavacuiti,1696.8
481,James hushon,2189.7
481,Joy Ojeabulu,2466.2
481,Lesley Nyonggesa,3122.5
481,Luca Marlowe,1420.8
481,Michael Adewumi,480.8
481,Mimy Kanza,510.9
481,Otito,219.5
481,Rael,1943.1
481,Rashida kinattingalakath,2246.9
481,Remy,2264.8
481,Rosie Birch,1351.9
481,Rufkat Adetola oladipo,1000.4
481,Sally Muinami,1413.1
481,Sodiq Salaudeen,2459.9
481,Soumaya,1541.3
481,Steve Nolan,1313.3
482,Abderrahmane Boukhaled,111.6
482,Basirat Adeyemo,2149.2
482,Charlotte Smith,519.5
482,David Ekpo,1327.9
482,Emmanuela Odoh,493.0
482,Eno-obong Udofia,1764.4
482,Ethan Toudic,1588.3
482,Gianna Cavacuiti,489.5
482,James hushon,1093.7
482,Joy Ojeabulu,2175.2
482,Lesley Nyonggesa,1176.6
482,Luca Marlowe,908.2
482,Michael Adewumi,868.2
482,Mimy Kanza,1386.4
482,Otito,1910.6
482,Rael,1368.8
482,Rashida kinattingalakath,1802.0
482,Remy,1312.2
482,Rosie Birch,1547.4
482,Rufkat Adetola oladipo,1846.4
482,Sally Muinami,741.4
482,Sodiq Salaudeen,618.6
482,Soumaya,955.8
482,Steve Nolan,2236.4
483,Abderrahmane Boukhaled,1496.7
483,Basirat Adeyemo,1577.5
483,Charlotte Smith,441.5
483,David Ekpo,604.2
483,Emmanuela Odoh,800.9
483,Eno-obong Udofia,1275.1
483,Ethan Toudic,891.7
483,Gianna Cavacuiti,1363.5
483,James hushon,921.9
483,Joy Ojeabulu,793.9
483,Lesley Nyonggesa,980.9
483,Luca Marlowe,1147.4
483,Michael Adewumi,401.3
483,Mimy Kanza,1408.3
483,Otito,516.7
483,Rael,692.4
483,Rashida kinattingalakath,463.9
483,Remy,1338.9
483,Rosie Birch,1291.8
483,Rufkat Adetola oladipo,2034.1
483,Sally Muinami,634.8
483,Sodiq Salaudeen,1428.7
483,Soumaya,502.3
483,Steve Nolan,885.2
484,Abderrahmane Boukhaled,1584.3
484,Basirat Adeyemo,1673.1
484,Charlotte Smith,2910.6
484,David Ekpo,2634.5
484,Emmanuela Odoh,804.8
484,Eno-obong Udofia,630.4
484,Ethan Toudic,138.3
484,Gianna Cavacuiti,1310.0
484,James hushon,1275.6
484,Joy Ojeabulu,361.9
484,Lesley Nyonggesa,849.7
484,Luca Marlowe,746.8
484,Michael Adewumi,2232.4
484,Mimy Kanza,1703.4
484,Otito,597.1
484,Rael,3096.3
484,Rashida kinattingalakath,1217.0
484,Remy,1165.4
484,Rosie Birch,567.5
484,Rufkat Adetola oladipo,385.7
484,Sally Muinami,2366.3
484,Sodiq Salaudeen,773.8
484,Soumaya,288.6
484,Steve Nolan,1559.7
485,Abderrahmane Boukhaled,2045.8
485,Basirat Adeyemo,956.6
485,Charlotte Smith,1337.2
485,David Ekpo,821.3
485,Emmanuela Odoh,716.2
485,Eno-obong Udofia,324.6
485,Ethan Toudic,814.4
485,Gianna Cavacuiti,947.9
485,James hushon,1082.2
485,Joy Ojeabulu,822.6
485,Lesley Nyonggesa,1669.1
485,Luca Marlowe,806.3
485,Michael Adewumi,689.4
485,Mimy Kanza,1409.2
485,Otito,1303.3
485,Rael,822.6
485,Rashida kinattingalakath,2189.9
485,Remy,1809.0
485,Rosie Birch,1358.8
485,Rufkat Adetola oladipo,2067.7
485,Sally Muinami,223.0
485,Sodiq Salaudeen,492.2
485,Soumaya,959.7
485,Steve Nolan,2077.1
486,Abderrahmane Boukhaled,565.7
486,Basirat Adeyemo,3787.2
486,Charlotte Smith,1308.4
486,David Ekpo,982.4
486,Emmanuela Odoh,2317.7
486,Eno-obong Udofia,2513.2
486,Ethan Toudic,1847.3
486,Gianna Cavacuiti,859.0
486,James hushon,526.1
486,Joy Ojeabulu,721.4
486,Lesley Nyonggesa,1076.8
486,Luca Marlowe,1191.7
486,Michael Adewumi,801.4
486,Mimy Kanza,1943.0
486,Otito,308.0
486,Rael,1097.1
486,Rashida kinattingalakath,392.4
486,Remy,1501.9
486,Rosie Birch,808.5
486,Rufkat Adetola oladipo,722.1
486,Sally Muinami,1026.2
486,Sodiq Salaudeen,1525.0
486,Soumaya,884.4
486,Steve Nolan,1232.8
487,Abderrahmane Boukhaled,2777.8
487,Basirat Adeyemo,1521.7
487,Charlotte Smith,101.7
487,David Ekpo,1156.5
487,Emmanuela Odoh,1689.9
487,Eno-obong Udofia,1364.6
487,Ethan Toudic,1159.5
487,Gianna Cavacuiti,2418.7
487,James hushon,1857.9
487,Joy Ojeabulu,286.7
487,Lesley Nyonggesa,1434.3
487,Luca Marlowe,1568.1
487,Michael Adewumi,1005.8
487,Mimy Kanza,669.6
487,Otito,1884.1
487,Rael,1766.4
487,Rashida kinattingalakath,264.8
487,Remy,948.1
487,Rosie Birch,1965.4
487,Rufkat Adetola oladipo,1731.8
487,Sally Muinami,1218.1
487,Sodiq Salaudeen,1343.9
487,Soumaya,1130.3
487,Steve Nolan,663.2
488,Abderrahmane Boukhaled,1329.0
488,Basirat Adeyemo,412.6
488,Charlotte Smith,1967.1
488,David Ekpo,549.4
488,Emmanuela Odoh,2049.3
488,Eno-obong Udofia,957.5
488,Ethan Toudic,1236.5
488,Gianna Cavacuiti,1417.4
488,James hushon,330.5
488,Joy Ojeabulu,1639.5
488,Lesley Nyonggesa,1489.5
488,Luca Marlowe,692.3
488,Michael Adewumi,2047.7
488,Mimy Kanza,1975.9
488,Otito,2029.5
488,Rael,786.5
488,Rashida kinattingalakath,2045.0
488,Remy,1819.2
488,Rosie Birch,1140.5
488,Rufkat Adetola oladipo,1927.4
488,Sally Muinami,384.6
488,Sodiq Salaudeen,403.6
488,Soumaya,2569.5
488,Steve Nolan,2280.7
489,Abderrahmane Boukhaled,555.7
489,Basirat Adeyemo,2084.0
489,Charlotte Smith,730.1
489,David Ekpo,865.0
489,Emmanuela Odoh,1130.8
489,Eno-obong Udofia,896.9
489,Ethan Toudic,1379.5
489,Gianna Cavacuiti,2280.7
489,James hushon,1573.1
489,Joy Ojeabulu,490.6
489,Lesley Nyonggesa,1301.9
489,Luca Marlowe,1073.7
489,Michael Adewumi,1279.6
489,Mimy Kanza,1134.8
489,Otito,1653.5
489,Rael,635.0
489,Rashida kinattingalakath,1315.8
489,Remy,453.9
489,Rosie Birch,941.6
489,Rufkat Adetola oladipo,1393.0
489,Sally Muinami,678.4
489,Sodiq Salaudeen,1921.1
489,Soumaya,1043.6
489,Steve Nolan,415.6
490,Abderrahmane Boukhaled,839.2
490,Basirat Adeyemo,1343.9
490,Charlotte Smith,652.6
490,David Ekpo,1513.7
490,Emmanuela Odoh,1641.8
490,Eno-obong Udofia,1380.3
490,Ethan Toudic,751.0
490,Gianna Cavacuiti,1365.7
490,James hushon,778.8
490,Joy Ojeabulu,857.4
490,Lesley Nyonggesa,2305.6
490,Luca Marlowe,901.5
490,Michael Adewumi,1064.1
490,Mimy Kanza,1192.6
490,Otito,2960.5
490,Rael,1115.6
490,Rashida kinattingalakath,774.0
490,Remy,1998.0
490,Rosie Birch,2094.9
490,Rufkat Adetola oladipo,1415.9
490,Sally Muinami,678.7
490,Sodiq Salaudeen,2048.2
490,Soumaya,1552.0
490,Steve Nolan,1035.8
491,Abderrahmane Boukhaled,1266.1
491,Basirat Adeyemo,1665.2
491,Charlotte Smith,269.0
491,David Ekpo,222.0
491,Emmanuela Odoh,1500.6
491,Eno-obong Udofia,1874.7
491,Ethan Toudic,314.0
491,Gianna Cavacuiti,1286.4
491,James hushon,659.1
491,Joy Ojeabulu,961.2
491,Lesley Nyonggesa,819.2
491,Luca Marlowe,1896.9
491,Michael Adewumi,793.4
491,Mimy Kanza,885.1
491,Otito,2851.5
491,Rael,1382.2
491,Rashida kinattingalakath,1342.6
491,Remy,773.4
491,Rosie Birch,1059.6
491,Rufkat Adetola oladipo,840.0
491,Sally Muinami,1181.8
491,Sodiq Salaudeen,2174.2
491,Soumaya,420.0
491,Steve Nolan,697.7
492,Abderrahmane Boukhaled,1235.4
492,Basirat Adeyemo,1161.5
492,Charlotte Smith,131.4
492,David Ekpo,1030.1
492,Emmanuela Odoh,2060.8
492,Eno-obong Udofia,1218.1
492,Ethan Toudic,690.2
492,Gianna Cavacuiti,335.4
492,James hushon,801.7
492,Joy Ojeabulu,1960.2
492,Lesley Nyonggesa,730.6
492,Luca Marlowe,1725.5
492,Michael Adewumi,183.0
492,Mimy Kanza,3125.2
492,Otito,1725.7
492,Rael,2753.4
492,Rashida kinattingalakath,1144.8
492,Remy,155.8
492,Rosie Birch,1603.5
492,Rufkat Adetola oladipo,899.8
492,Sally Muinami,2290.4
492,Sodiq Salaudeen,1383.1
492,Soumaya,1541.6
492,Steve Nolan,2391.5
493,Abderrahmane Boukhaled,417.7
493,Basirat Adeyemo,666.8
493,Charlotte Smith,1822.5
493,David Ekpo,1070.7
493,Emmanuela Odoh,2213.8
493,Eno-obong Udofia,1844.7
493,Ethan Toudic,1589.4
493,Gianna Cavacuiti,427.5
493,James hushon,1722.0
493,Joy Ojeabulu,1787.0
493,Lesley Nyonggesa,2313.4
493,Luca Marlowe,1639.8
493,Michael Adewumi,1942.7
493,Mimy Kanza,349.7
493,Otito,1462.6
493,Rael,1033.4
493,Rashida kinattingalakath,799.0
493,Remy,632.8
493,Rosie Birch,276.1
493,Rufkat Adetola oladipo,1984.2
493,Sally Muinami,1288.4
493,Sodiq Salaudeen,820.0
493,Soumaya,2151.7
493,Steve Nolan,1178.9
494,Abderrahmane Boukhaled,315.3
494,Basirat Adeyemo,533.7
494,Charlotte Smith,699.3
494,David Ekpo,1277.2
494,Emmanuela Odoh,1637.7
494,Eno-obong Udofia,1633.1
494,Ethan Toudic,867.2
494,Gianna Cavacuiti,1809.6
494,James hushon,3455.3
494,Joy Ojeabulu,422.6
494,Lesley Nyonggesa,100.0
494,Luca Marlowe,1072.2
494,Michael Adewumi,1786.1
494,Mimy Kanza,731.4
494,Otito,1385.4
494,Rael,1357.5
494,Rashida kinattingalakath,1220.0
494,Remy,2454.8
494,Rosie Birch,1607.6
494,Rufkat Adetola oladipo,527.2
494,Sally Muinami,1388.3
494,Sodiq Salaudeen,771.1
494,Soumaya,959.3
494,Steve Nolan,429.4
495,Abderrahmane Boukhaled,905.8
495,Basirat Adeyemo,1874.3
495,Charlotte Smith,1806.6
495,David Ekpo,1595.6
495,Emmanuela Odoh,1165.4
495,Eno-obong Udofia,656.4
495,Ethan Toudic,817.7
495,Gianna Cavacuiti,1073.1
495,James hushon,1563.5
495,Joy Ojeabulu,346.6
495,Lesley Nyonggesa,1042.8
495,Luca Marlowe,1838.2
495,Michael Adewumi,1271.3
495,Mimy Kanza,932.3
495,Otito,1653.1
495,Rael,1919.2
495,Rashida kinattingalakath,539.6
495,Remy,953.6
495,Rosie Birch,492.5
495,Rufkat Adetola oladipo,849.1
495,Sally Muinami,286.4
495,Sodiq Salaudeen,640.5
495,Soumaya,1638.6
495,Steve Nolan,1596.3
496,Abderrahmane Boukhaled,523.5
496,Basirat Adeyemo,1299.3
496,Charlotte Smith,1572.3
496,David Ekpo,1673.6
496,Emmanuela Odoh,1069.5
496,Eno-obong Udofia,1047.8
496,Ethan Toudic,2687.7
496,Gianna Cavacuiti,1613.9
496,James hushon,717.6
496,Joy Ojeabulu,1840.0
496,Lesley Nyonggesa,310.0
496,Luca Marlowe,2084.8
496,Michael Adewumi,701.9
496,Mimy Kanza,848.5
496,Otito,994.6
496,Rael,600.3
496,Rashida kinattingalakath,450.7
496,Remy,655.6
496,Rosie Birch,1429.9
496,Rufkat Adetola oladipo,1937.9
496,Sally Muinami,2018.6
496,Sodiq Salaudeen,2371.1
496,Soumaya,3726.9
496,Steve Nolan,2133.8
497,Abderrahmane Boukhaled,1629.9
497,Basirat Adeyemo,1888.2
497,Charlotte Smith,1408.2
497,David Ekpo,967.0
497,Emmanuela Odoh,865.4
497,Eno-obong Udofia,2026.1
497,Ethan Toudic,2282.0
497,Gianna Cavacuiti,149.9
497,James hushon,587.5
497,Joy Ojeabulu,3110.2
497,Lesley Nyonggesa,1357.1
497,Luca Marlowe,1376.6
497,Michael Adewumi,3416.3
497,Mimy Kanza,1124.2
497,Otito,1616.1
497,Rael,798.7
497,Rashida kinattingalakath,269.3
497,Remy,2271.1
497,Rosie Birch,782.5
497,Rufkat Adetola oladipo,923.5
497,Sally Muinami,1987.3
497,Sodiq Salaudeen,1976.3
497,Soumaya,1966.6
497,Steve Nolan,1604.6
498,Abderrahmane Boukhaled,482.2
498,Basirat Adeyemo,1953.5
498,Charlotte Smith,263.4
498,David Ekpo,2772.5
498,Emmanuela Odoh,782.6
498,Eno-obong Udofia,397.1
498,Ethan Toudic,943.0
498,Gianna Cavacuiti,878.5
498,James hushon,1628.2
498,Joy Ojeabulu,1115.6
498,Lesley Nyonggesa,448.4
498,Luca Marlowe,1128.5
498,Michael Adewumi,368.3
498,Mimy Kanza,480.8
498,Otito,1766.1
498,Rael,1681.1
498,Rashida kinattingalakath,1659.8
498,Remy,552.4
498,Rosie Birch,1192.8
498,Rufkat Adetola oladipo,1512.4
498,Sally Muinami,2251.6
498,Sodiq Salaudeen,1079.6
498,Soumaya,1344.0
498,Steve Nolan,653.2
499,Abderrahmane Boukhaled,659.9
499,Basirat Adeyemo,176.8
499,Charlotte Smith,419.1
499,David Ekpo,2588.4
499,Emmanuela Odoh,1322.3
499,Eno-obong Udofia,1375.6
499,Ethan Toudic,1636.2
499,Gianna Cavacuiti,1614.5
499,James hushon,1980.7
499,Joy Ojeabulu,242.3
499,Lesley Nyonggesa,1028.2
499,Luca Marlowe,1031.2
499,Michael Adewumi,1664.4
499,Mimy Kanza,490.1
499,Otito,372.9
499,Rael,1554.4
499,Rashida kinattingalakath,1330.1
499,Remy,1302.1
499,Rosie Birch,376.0
499,Rufkat Adetola oladipo,1274.5
499,Sally Muinami,1031.4
499,Sodiq Salaudeen,907.3
499,Soumaya,907.1
499,Steve Nolan,1103.1
500,Abderrahmane Boukhaled,2647.6
500,Basirat Adeyemo,1044.8
500,Charlotte Smith,991.0
500,David Ekpo,2285.3
500,Emmanuela Odoh,1004.9
500,Eno-obong Udofia,1004.7
500,Ethan Toudic,2494.5
500,Gianna Cavacuiti,1807.1
500,James hushon,361.6
500,Joy Ojeabulu,563.8
500,Lesley Nyonggesa,2625.3
500,Luca Marlowe,651.4
500,Michael Adewumi,1120.5
500,Mimy Kanza,614.4
500,Otito,982.3
500,Rael,368.0
500,Rashida kinattingalakath,1058.0
500,Remy,966.7
500,Rosie Birch,1175.4
500,Rufkat Adetola oladipo,1474.4
500,Sally Muinami,707.3
500,Sodiq Salaudeen,1693.6
500,Soumaya,792.3
500,Steve Nolan,555.9
501,Abderrahmane Boukhaled,1888.3
501,Basirat Adeyemo,406.0
501,Charlotte Smith,609.0
501,David Ekpo,1059.4
501,Emmanuela Odoh,2676.5
501,Eno-obong Udofia,1440.1
501,Ethan Toudic,3144.0
501,Gianna Cavacuiti,802.4
501,James hushon,2554.7
501,Joy Ojeabulu,1868.3
501,Lesley Nyonggesa,2070.0
501,Luca Marlowe,784.2
501,Michael Adewumi,585.8
501,Mimy Kanza,1353.7
501,Otito,1030.4
501,Rael,317.2
501,Rashida kinattingalakath,740.9
501,Remy,2836.7
501,Rosie Birch,865.1
501,Rufkat Adetola oladipo,1453.6
501,Sally Muinami,939.8
501,Sodiq Salaudeen,2421.9
501,Soumaya,1904.2
501,Steve Nolan,2414.1
502,Abderrahmane Boukhaled,735.8
502,Basirat Adeyemo,1979.7
502,Charlotte Smith,2150.5
502,David Ekpo,1109.7
502,Emmanuela Odoh,2515.4
502,Eno-obong Udofia,2064.4
502,Ethan Toudic,115.2
502,Gianna Cavacuiti,772.6
502,James hushon,1462.4
502,Joy Ojeabulu,959.2
502,Lesley Nyonggesa,1950.7
502,Luca Marlowe,507.1
502,Michael Adewumi,916.5
502,Mimy Kanza,1090.9
502,Otito,484.8
502,Rael,626.8
502,Rashida kinattingalakath,264.0
502,Remy,293.4
502,Rosie Birch,373.8
502,Rufkat Adetola oladipo,357.4
502,Sally Muinami,614.5
502,Sodiq Salaudeen,1065.9
502,Soumaya,929.6
502,Steve Nolan,442.3
503,Abderrahmane Boukhaled,1073.6
503,Basirat Adeyemo,939.8
503,Charlotte Smith,1658.5
503,David Ekpo,609.4
503,Emmanuela Odoh,418.7
503,Eno-obong Udofia,1516.0
503,Ethan Toudic,2127.1
503,Gianna Cavacuiti,843.6
503,James hushon,2076.3
503,Joy Ojeabulu,1710.7
503,Lesley Nyonggesa,1480.3
503,Luca Marlowe,156.2
503,Michael Adewumi,915.6
503,Mimy Kanza,941.2
503,Otito,560.6
503,Rael,2062.6
503,Rashida kinattingalakath,1865.7
503,Remy,2555.6
503,Rosie Birch,501.9
503,Rufkat Adetola oladipo,915.1
503,Sally Muinami,1526.4
503,Sodiq Salaudeen,1148.5
503,Soumaya,934.5
503,Steve Nolan,1439.2
504,Abderrahmane Boukhaled,2395.7
504,Basirat Adeyemo,967.7
504,Charlotte Smith,1014.4
504,David Ekpo,2176.8
504,Emmanuela Odoh,931.5
504,Eno-obong Udofia,530.8
504,Ethan Toudic,1099.7
504,Gianna Cavacuiti,1096.8
504,James hushon,1489.9
504,Joy Ojeabulu,1506.4
504,Lesley Nyonggesa,1460.2
504,Luca Marlowe,1854.2
504,Michael Adewumi,1203.7
504,Mimy Kanza,291.2
504,Otito,1145.2
504,Rael,526.2
504,Rashida kinattingalakath,429.5
504,Remy,1341.7
504,Rosie Birch,1046.6
504,Rufkat Adetola oladipo,414.2
504,Sally Muinami,993.9
504,Sodiq Salaudeen,1587.4
504,Soumaya,1967.3
504,Steve Nolan,595.9
505,Abderrahmane Boukhaled,773.2
505,Basirat Adeyemo,1807.6
505,Charlotte Smith,1149.3
505,David Ekpo,617.0
505,Emmanuela Odoh,1163.8
505,Eno-obong Udofia,2304.0
505,Ethan Toudic,915.5
505,Gianna Cavacuiti,118.8
505,James hushon,247.9
505,Joy Ojeabulu,2415.0
505,Lesley Nyonggesa,3208.1
505,Luca Marlowe,754.2
505,Michael Adewumi,165.0
505,Mimy Kanza,945.4
505,Otito,333.2
505,Rael,586.3
505,Rashida kinattingalakath,1325.5
505,Remy,2542.9
505,Rosie Birch,2593.1
505,Rufkat Adetola oladipo,1433.2
505,Sally Muinami,1576.5
505,Sodiq Salaudeen,883.6
505,Soumaya,555.4
505,Steve Nolan,487.7
506,Abderrahmane Boukhaled,848.7
506,Basirat Adeyemo,1607.4
506,Charlotte Smith,898.2
506,David Ekpo,985.0
506,Emmanuela Odoh,846.8
506,Eno-obong Udofia,388.7
506,Ethan Toudic,642.5
506,Gianna Cavacuiti,958.5
506,James hushon,1445.2
506,Joy Ojeabulu,488.9
506,Lesley Nyonggesa,708.9
506,Luca Marlowe,1806.2
506,Michael Adewumi,1747.2
506,Mimy Kanza,911.0
506,Otito,781.9
506,Rael,792.3
506,Rashida kinattingalakath,1835.3
506,Remy,466.8
506,Rosie Birch,1210.9
506,Rufkat Adetola oladipo,1821.3
506,Sally Muinami,249.3
506,Sodiq Salaudeen,1799.2
506,Soumaya,1287.2
506,Steve Nolan,574.7
507,Abderrahmane Boukhaled,1704.5
507,Basirat Adeyemo,1229.5
507,Charlotte Smith,922.7
507,David Ekpo,173.6
507,Emmanuela Odoh,502.6
507,Eno-obong Udofia,2166.6
507,Ethan Toudic,1103.0
507,Gianna Cavacuiti,970.3
507,James hushon,357.4
507,Joy Ojeabulu,2145.6
507,Lesley Nyonggesa,1025.0
507,Luca Marlowe,590.2
507,Michael Adewumi,1228.1
507,Mimy Kanza,790.2
507,Otito,1298.2
507,Rael,2602.6
507,Rashida kinattingalakath,1884.6
507,Remy,2441.2
507,Rosie Birch,1339.1
507,Rufkat Adetola oladipo,1540.5
507,Sally Muinami,1482.3
507,Sodiq Salaudeen,691.5
507,Soumaya,1234.3
507,Steve Nolan,956.7
508,Abderrahmane Boukhaled,465.6
508,Basirat Adeyemo,1392.8
508,Charlotte Smith,1886.9
508,David Ekpo,670.2
508,Emmanuela Odoh,291.1
508,Eno-obong Udofia,1345.4
508,Ethan Toudic,982.8
508,Gianna Cavacuiti,804.4
508,James hushon,434.8
508,Joy Ojeabulu,1174.0
508,Lesley Nyonggesa,886.2
508,Luca Marlowe,445.2
508,Michael Adewumi,280.7
508,Mimy Kanza,2435.8
508,Otito,486.1
508,Rael,277.4
508,Rashida kinattingalakath,2223.4
508,Remy,225.9
508,Rosie Birch,383.2
508,Rufkat Adetola oladipo,1081.1
508,Sally Muinami,931.6
508,Sodiq Salaudeen,803.3
508,Soumaya,1354.4
508,Steve Nolan,1111.7
509,Abderrahmane Boukhaled,1257.3
509,Basirat Adeyemo,162.9
509,Charlotte Smith,871.8
509,David Ekpo,645.1
509,Emmanuela Odoh,1084.0
509,Eno-obong Udofia,1176.2
509,Ethan Toudic,1576.6
509,Gianna Cavacuiti,519.6
509,James hushon,1965.3
509,Joy Ojeabulu,2200.4
509,Lesley Nyonggesa,188.2
509,Luca Marlowe,526.2
509,Michael Adewumi,1134.6
509,Mimy Kanza,568.9
509,Otito,658.2
509,Rael,2103.0
509,Rashida kinattingalakath,2929.9
509,Remy,805.8
509,Rosie Birch,1550.1
509,Rufkat Adetola oladipo,2260.2
509,Sally Muinami,443.3
509,Sodiq Salaudeen,610.5
509,Soumaya,1727.1
509,Steve Nolan,1278.6
510,Abderrahmane Boukhaled,1769.6
510,Basirat Adeyemo,773.4
510,Charlotte Smith,2561.3
510,David Ekpo,2642.0
510,Emmanuela Odoh,907.4
510,Eno-obong Udofia,898.3
510,Ethan Toudic,1191.6
510,Gianna Cavacuiti,959.5
510,James hushon,926.5
510,Joy Ojeabulu,1555.1
510,Lesley Nyonggesa,1258.0
510,Luca Marlowe,931.9
510,Michael Adewumi,1357.9
510,Mimy Kanza,760.3
510,Otito,818.4
510,Rael,2864.1
510,Rashida kinattingalakath,594.1
510,Remy,1937.6
510,Rosie Birch,1242.3
510,Rufkat Adetola oladipo,840.1
510,Sally Muinami,2104.6
510,Sodiq Salaudeen,3287.5
510,Soumaya,638.7
510,Steve Nolan,1428.0
511,Abderrahmane Boukhaled,1867.7
511,Basirat Adeyemo,1025.9
511,Charlotte Smith,1573.4
511,David Ekpo,1582.3
511,Emmanuela Odoh,1273.4
511,Eno-obong Udofia,1004.9
511,Ethan Toudic,2434.5
511,Gianna Cavacuiti,758.8
511,James hushon,1630.4
511,Joy Ojeabulu,2490.1
511,Lesley Nyonggesa,963.8
511,Luca Marlowe,512.5
511,Michael Adewumi,1070.8
511,Mimy Kanza,350.7
511,Otito,934.5
511,Rael,1461.9
511,Rashida kinattingalakath,1922.9
511,Remy,1835.3
511,Rosie Birch,2073.2
511,Rufkat Adetola oladipo,189.9
511,Sally Muinami,1347.4
511,Sodiq Salaudeen,2015.9
511,Soumaya,1908.3
511,Steve Nolan,943.7
512,Abderrahmane Boukhaled,1658.8
512,Basirat Adeyemo,2387.8
512,Charlotte Smith,847.6
512,David Ekpo,1038.3
512,Emmanuela Odoh,1060.2
512,Eno-obong Udofia,1828.4
512,Ethan Toudic,709.0
512,Gianna Cavacuiti,100.0
512,James hushon,1519.3
512,Joy Ojeabulu,679.7
512,Lesley Nyonggesa,1105.2
512,Luca Marlowe,1061.0
512,Michael Adewumi,1026.0
512,Mimy Kanza,596.4
512,Otito,176.9
512,Rael,1773.0
512,Rashida kinattingalakath,650.9
512,Remy,2772.2
512,Rosie Birch,1605.1
512,Rufkat Adetola oladipo,685.7
512,Sally Muinami,1782.2
512,Sodiq Salaudeen,1459.9
512,Soumaya,1776.4
512,Steve Nolan,912.4
513,Abderrahmane Boukhaled,2772.9
513,Basirat Adeyemo,418.2
513,Charlotte Smith,1855.8
513,David Ekpo,496.1
513,Emmanuela Odoh,2474.7
513,Eno-obong Udofia,2664.0
513,Ethan Toudic,1520.3
513,Gianna Cavacuiti,560.8
513,James hushon,912.8
513,Joy Ojeabulu,1475.3
513,Lesley Nyonggesa,1479.0
513,Luca Marlowe,1892.1
513,Michael Adewumi,1968.7
513,Mimy Kanza,1909.7
513,Otito,100.0
513,Rael,735.4
513,Rashida kinattingalakath,1126.5
513,Remy,1472.8
513,Rosie Birch,2276.2
513,Rufkat Adetola oladipo,1165.6
513,Sally Muinami,1350.4
513,Sodiq Salaudeen,1350.5
513,Soumaya,1165.3
513,Steve Nolan,382.6
514,Abderrahmane Boukhaled,1882.7
514,Basirat Adeyemo,1263.9
514,Charlotte Smith,992.8
514,David Ekpo,3028.3
514,Emmanuela Odoh,586.0
514,Eno-obong Udofia,169.8
514,Ethan Toudic,548.6
514,Gianna Cavacuiti,748.7
514,James hushon,395.2
514,Joy Ojeabulu,1513.5
514,Lesley Nyonggesa,718.0
514,Luca Marlowe,734.3
514,Michael Adewumi,678.8
514,Mimy Kanza,737.2
514,Otito,1091.0
514,Rael,2182.4
514,Rashida kinattingalakath,1356.6
514,Remy,1114.6
514,Rosie Birch,1552.4
514,Rufkat Adetola oladipo,1923.5
514,Sally Muinami,191.4
514,Sodiq Salaudeen,1503.1
514,Soumaya,1977.9
514,Steve Nolan,1252.6
515,Abderrahmane Boukhaled,1794.0
515,Basirat Adeyemo,850.4
515,Charlotte Smith,1907.7
515,David Ekpo,113.6
515,Emmanuela Odoh,968.5
515,Eno-obong Udofia,1742.7
515,Ethan Toudic,1247.1
515,Gianna Cavacuiti,1288.6
515,James hushon,3011.6
515,Joy Ojeabulu,480.5
515,Lesley Nyonggesa,987.9
515,Luca Marlowe,1818.1
515,Michael Adewumi,1475.4
515,Mimy Kanza,2967.2
515,Otito,1886.4
515,Rael,1440.1
515,Rashida kinattingalakath,982.7
515,Remy,2599.6
515,Rosie Birch,1924.7
515,Rufkat Adetola oladipo,1040.8
515,Sally Muinami,617.5
515,Sodiq Salaudeen,2924.8
515,Soumaya,1596.9
515,Steve Nolan,1224.9
516,Abderrahmane Boukhaled,1728.8
516,Basirat Adeyemo,1063.7
516,Charlotte Smith,1666.8
516,David Ekpo,930.1
516,Emmanuela Odoh,753.4
516,Eno-obong Udofia,808.6
516,Ethan Toudic,2457.9
516,Gianna Cavacuiti,1662.4
516,James hushon,1018.0
516,Joy Ojeabulu,2752.8
516,Lesley Nyonggesa,1073.6
516,Luca Marlowe,1364.0
516,Michael Adewumi,262.3
516,Mimy Kanza,1648.7
516,Otito,544.9
516,Rael,1374.6
516,Rashida kinattingalakath,1895.6
516,Remy,2256.0
516,Rosie Birch,2523.1
516,Rufkat Adetola oladipo,877.1
516,Sally Muinami,2173.1
516,Sodiq Salaudeen,1926.2
516,Soumaya,1235.5
516,Steve Nolan,411.7
517,Abderrahmane Boukhaled,1483.8
517,Basirat Adeyemo,1583.2
517,Charlotte Smith,1136.5
517,David Ekpo,1953.8
517,Emmanuela Odoh,1943.9
517,Eno-obong Udofia,1717.7
517,Ethan Toudic,1022.1
517,Gianna Cavacuiti,2403.4
517,James hushon,1786.5
517,Joy Ojeabulu,942.5
517,Lesley Nyonggesa,1406.2
517,Luca Marlowe,2436.9
517,Michael Adewumi,2664.3
517,Mimy Kanza,159.0
517,Otito,1948.2
517,Rael,1809.3
517,Rashida kinattingalakath,1487.6
517,Remy,1178.6
517,Rosie Birch,1752.0
517,Rufkat Adetola oladipo,1661.1
517,Sally Muinami,971.1
517,Sodiq Salaudeen,2469.1
517,Soumaya,783.4
517,Steve Nolan,615.2
518,Abderrahmane Boukhaled,798.7
518,Basirat Adeyemo,1848.6
518,Charlotte Smith,1212.1
518,David Ekpo,1076.4
518,Emmanuela Odoh,3009.2
518,Eno-obong Udofia,641.7
518,Ethan Toudic,364.0
518,Gianna Cavacuiti,158.1
518,James hushon,852.1
518,Joy Ojeabulu,1622.3
518,Lesley Nyonggesa,1544.2
518,Luca Marlowe,112.6
518,Michael Adewumi,339.9
518,Mimy Kanza,1491.7
518,Otito,878.0
518,Rael,1156.6
518,Rashida kinattingalakath,1862.9
518,Remy,648.4
518,Rosie Birch,995.4
518,Rufkat Adetola oladipo,688.2
518,Sally Muinami,1356.7
518,Sodiq Salaudeen,1012.5
518,Soumaya,1971.5
518,Steve Nolan,2350.1
519,Abderrahmane Boukhaled,433.6
519,Basirat Adeyemo,1112.0
519,Charlotte Smith,418.3
519,David Ekpo,2767.4
519,Emmanuela Odoh,1388.4
519,Eno-obong Udofia,868.1
519,Ethan Toudic,311.1
519,Gianna Cavacuiti,1707.4
519,James hushon,678.8
519,Joy Ojeabulu,1836.4
519,Lesley Nyonggesa,415.3
519,Luca Marlowe,2690.6
519,Michael Adewumi,1966.3
519,Mimy Kanza,579.3
519,Otito,1406.4
519,Rael,1586.4
519,Rashida kinattingalakath,774.5
519,Remy,1778.1
519,Rosie Birch,165.0
519,Rufkat Adetola oladipo,1748.1
519,Sally Muinami,1607.4
519,Sodiq Salaudeen,1391.7
519,Soumaya,2246.1
519,Steve Nolan,1229.6
520,Abderrahmane Boukhaled,2260.8
520,Basirat Adeyemo,2185.4
520,Charlotte Smith,1649.0
520,David Ekpo,1547.2
520,Emmanuela Odoh,2307.5
520,Eno-obong Udofia,549.2
520,Ethan Toudic,1460.4
520,Gianna Cavacuiti,230.1
520,James hushon,1050.9
520,Joy Ojeabulu,510.9
520,Lesley Nyonggesa,553.3
520,Luca Marlowe,1332.8
520,Michael Adewumi,327.4
520,Mimy Kanza,1205.8
520,Otito,3010.1
520,Rael,1788.4
520,Rashida kinattingalakath,1049.2
520,Remy,1548.2
520,Rosie Birch,1840.8
520,Rufkat Adetola oladipo,1351.6
520,Sally Muinami,1576.7
520,Sodiq Salaudeen,1900.0
520,Soumaya,726.4
520,Steve Nolan,1200.0
521,Abderrahmane Boukhaled,937.0
521,Basirat Adeyemo,524.3
521,Charlotte Smith,1318.2
521,David Ekpo,553.9
521,Emmanuela Odoh,583.5
521,Eno-obong Udofia,949.3
521,Ethan Toudic,586.1
521,Gianna Cavacuiti,2236.6
521,James hushon,1448.8
521,Joy Ojeabulu,1773.0
521,Lesley Nyonggesa,538.4
521,Luca Marlowe,2055.9
521,Michael Adewumi,465.0
521,Mimy Kanza,2042.8
521,Otito,652.1
521,Rael,1500.2
521,Rashida kinattingalakath,1665.9
521,Remy,847.0
521,Rosie Birch,421.1
521,Rufkat Adetola oladipo,1128.9
521,Sally Muinami,1642.0
521,Sodiq Salaudeen,1429.4
521,Soumaya,1504.5
521,Steve Nolan,878.0
522,Abderrahmane Boukhaled,1526.0
522,Basirat Adeyemo,408.6
522,Charlotte Smith,1507.2
522,David Ekpo,2668.2
522,Emmanuela Odoh,1514.0
522,Eno-obong Udofia,1064.2
522,Ethan Toudic,1620.9
522,Gianna Cavacuiti,2569.6
522,James hushon,1371.1
522,Joy Ojeabulu,1378.2
522,Lesley Nyonggesa,1566.8
522,Luca Marlowe,1083.8
522,Michael Adewumi,483.7
522,Mimy Kanza,391.2
522,Otito,920.3
522,Rael,365.8
522,Rashida kinattingalakath,811.2
522,Remy,1675.1
522,Rosie Birch,2222.3
522,Rufkat Adetola oladipo,1745.7
522,Sally Muinami,1100.8
522,Sodiq Salaudeen,957.7
522,Soumaya,838.1
522,Steve Nolan,1500.6
523,Abderrahmane Boukhaled,2105.5
523,Basirat Adeyemo,2051.8
523,Charlotte Smith,1049.5
523,David Ekpo,1311.8
523,Emmanuela Odoh,1534.1
523,Eno-obong Udofia,1813.0
523,Ethan Toudic,726.1
523,Gianna Cavacuiti,2451.6
523,James hushon,372.7
523,Joy Ojeabulu,414.4
523,Lesley Nyonggesa,2311.9
523,Luca Marlowe,1559.0
523,Michael Adewumi,3274.0
523,Mimy Kanza,2140.8
523,Otito,1030.0
523,Rael,140.5
523,Rashida kinattingalakath,156.1
523,Remy,197.9
523,Rosie Birch,1021.5
523,Rufkat Adetola oladipo,148.4
523,Sally Muinami,1854.6
523,Sodiq Salaudeen,300.7
523,Soumaya,456.8
523,Steve Nolan,1203.2
524,Abderrahmane Boukhaled,816.6
524,Basirat Adeyemo,974.5
524,Charlotte Smith,1231.0
524,David Ekpo,1316.9
524,Emmanuela Odoh,1636.8
524,Eno-obong Udofia,421.4
524,Ethan Toudic,775.0
524,Gianna Cavacuiti,621.0
524,James hushon,851.9
524,Joy Ojeabulu,2073.0
524,Lesley Nyonggesa,547.5
524,Luca Marlowe,1310.1
524,Michael Adewumi,173.4
524,Mimy Kanza,358.3
524,Otito,2080.0
524,Rael,769.8
524,Rashida kinattingalakath,866.1
524,Remy,1704.7
524,Rosie Birch,692.5
524,Rufkat Adetola oladipo,1546.2
524,Sally Muinami,1878.3
524,Sodiq Salaudeen,1948.9
524,Soumaya,1080.7
524,Steve Nolan,1325.6
525,Abderrahmane Boukhaled,626.3
525,Basirat Adeyemo,2354.2
525,Charlotte Smith,551.9
525,David Ekpo,779.8
525,Emmanuela Odoh,261.9
525,Eno-obong Udofia,1454.2
525,Ethan Toudic,1339.7
525,Gianna Cavacuiti,806.1
525,James hushon,1391.4
525,Joy Ojeabulu,1312.8
525,Lesley Nyonggesa,486.1
525,Luca Marlowe,1348.0
525,Michael Adewumi,1518.2
525,Mimy Kanza,1510.3
525,Otito,1337.0
525,Rael,1179.9
525,Rashida kinattingalakath,1320.1
525,Remy,2931.5
525,Rosie Birch,2400.8
525,Rufkat Adetola oladipo,1842.3
525,Sally Muinami,1254.6
525,Sodiq Salaudeen,369.0
525,Soumaya,2456.8
525,Steve Nolan,773.7
526,Abderrahmane Boukhaled,1543.0
526,Basirat Adeyemo,1476.3
526,Charlotte Smith,1374.3
526,David Ekpo,469.5
526,Emmanuela Odoh,2495.8
526,Eno-obong Udofia,262.8
526,Ethan Toudic,1375.8
526,Gianna Cavacuiti,2606.4
526,James hushon,2417.4
526,Joy Ojeabulu,392.3
526,Lesley Nyonggesa,2335.7
526,Luca Marlowe,1187.7
526,Michael Adewumi,774.7
526,Mimy Kanza,499.5
526,Otito,1157.9
526,Rael,985.2
526,Rashida kinattingalakath,1484.6
526,Remy,1325.8
526,Rosie Birch,653.5
526,Rufkat Adetola oladipo,789.5
526,Sally Muinami,873.5
526,Sodiq Salaudeen,100.0
526,Soumaya,804.8
526,Steve Nolan,724.1
527,Abderrahmane Boukhaled,158.0
527,Basirat Adeyemo,1614.0
527,Charlotte Smith,981.4
527,David Ekpo,842.5
527,Emmanuela Odoh,958.2
527,Eno-obong Udofia,2180.4
527,Ethan Toudic,1076.7
527,Gianna Cavacuiti,2653.2
527,James hushon,1824.8
527,Joy Ojeabulu,511.2
527,Lesley Nyonggesa,960.0
527,Luca Marlowe,1204.3
527,Michael Adewumi,855.8
527,Mimy Kanza,1383.2
527,Otito,1836.8
527,Rael,1004.6
527,Rashida kinattingalakath,1868.4
527,Remy,714.2
527,Rosie Birch,976.6
527,Rufkat Adetola oladipo,1265.5
527,Sally Muinami,1528.7
527,Sodiq Salaudeen,963.4
527,Soumaya,2414.4
527,Steve Nolan,632.7
528,Abderrahmane Boukhaled,959.9
528,Basirat Adeyemo,3780.2
528,Charlotte Smith,326.6
528,David Ekpo,100.0
528,Emmanuela Odoh,471.7
528,Eno-obong Udofia,525.6
528,Ethan Toudic,1126.7
528,Gianna Cavacuiti,1207.6
528,James hushon,1371.0
528,Joy Ojeabulu,651.8
528,Lesley Nyonggesa,661.6
528,Luca Marlowe,1859.3
528,Michael Adewumi,585.3
528,Mimy Kanza,540.8
528,Otito,173.0
528,Rael,759.4
528,Rashida kinattingalakath,3241.3
528,Remy,2068.0
528,Rosie Birch,1466.6
528,Rufkat Adetola oladipo,1967.8
528,Sally Muinami,853.2
528,Sodiq Salaudeen,705.6
528,Soumaya,2434.1
528,Steve Nolan,873.3
529,Abderrahmane Boukhaled,1255.5
529,Basirat Adeyemo,1406.6
529,Charlotte Smith,1831.2
529,David Ekpo,681.4
529,Emmanuela Odoh,525.0
529,Eno-obong Udofia,1100.6
529,Ethan Toudic,907.2
529,Gianna Cavacuiti,300.6
529,James hushon,411.1
529,Joy Ojeabulu,1249.9
529,Lesley Nyonggesa,926.5
529,Luca Marlowe,1046.8
529,Michael Adewumi,1707.3
529,Mimy Kanza,1086.3
529,Otito,149.8
529,Rael,824.4
529,Rashida kinattingalakath,1733.4
529,Remy,1267.8
529,Rosie Birch,2079.4
529,Rufkat Adetola oladipo,211.8
529,Sally Muinami,1645.2
529,Sodiq Salaudeen,2155.1
529,Soumaya,1224.6
529,Steve Nolan,1684.0
530,Abderrahmane Boukhaled,2441.5
530,Basirat Adeyemo,1502.6
530,Charlotte Smith,240.1
530,David Ekpo,1731.1
530,Emmanuela Odoh,573.1
530,Eno-obong Udofia,1834.1
530,Ethan Toudic,675.1
530,Gianna Cavacuiti,843.1
530,James hushon,1384.7
530,Joy Ojeabulu,2100.4
530,Lesley Nyonggesa,1827.1
530,Luca Marlowe,933.9
530,Michael Adewumi,1855.0
530,Mimy Kanza,183.1
530,Otito,1125.2
530,Rael,2546.2
530,Rashida kinattingalakath,1472.2
530,Remy,2032.6
530,Rosie Birch,767.7
530,Rufkat Adetola oladipo,1419.6
530,Sally Muinami,2457.3
530,Sodiq Salaudeen,3221.6
530,Soumaya,905.1
530,Steve Nolan,725.0
531,Abderrahmane Boukhaled,2272.9
531,Basirat Adeyemo,1111.4
531,Charlotte Smith,719.5
531,David Ekpo,1879.0
531,Emmanuela Odoh,763.8
531,Eno-obong Udofia,525.9
531,Ethan Toudic,1360.5
531,Gianna Cavacuiti,449.4
531,James hushon,1618.4
531,Joy Ojeabulu,2379.0
531,Lesley Nyonggesa,1812.8
531,Luca Marlowe,100.0
531,Michael Adewumi,632.7
531,Mimy Kanza,1251.4
531,Otito,748.2
531,Rael,2457.5
531,Rashida kinattingalakath,1561.5
531,Remy,1563.9
531,Rosie Birch,1409.3
531,Rufkat Adetola oladipo,562.6
531,Sally Muinami,836.3
531,Sodiq Salaudeen,1710.3
531,Soumaya,2834.5
531,Steve Nolan,388.8
532,Abderrahmane Boukhaled,895.0
532,Basirat Adeyemo,1200.4
532,Charlotte Smith,586.8
532,David Ekpo,1447.7
532,Emmanuela Odoh,2047.3
532,Eno-obong Udofia,1248.8
532,Ethan Toudic,463.8
532,Gianna Cavacuiti,266.4
532,James hushon,1409.1
532,Joy Ojeabulu,1827.4
532,Lesley Nyonggesa,2082.4
532,Luca Marlowe,2030.6
532,Michael Adewumi,1317.3
532,Mimy Kanza,351.0
532,Otito,785.4
532,Rael,1938.6
532,Rashida kinattingalakath,711.8
532,Remy,937.0
532,Rosie Birch,1501.4
532,Rufkat Adetola oladipo,1608.1
532,Sally Muinami,1013.0
532,Sodiq Salaudeen,1671.7
532,Soumaya,1653.8
532,Steve Nolan,709.9
533,Abderrahmane Boukhaled,1053.5
533,Basirat Adeyemo,1940.6
533,Charlotte Smith,285.8
533,David Ekpo,217.8
533,Emmanuela Odoh,1650.5
533,Eno-obong Udofia,1153.0
533,Ethan Toudic,719.7
533,Gianna Cavacuiti,1454.4
533,James hushon,1076.8
533,Joy Ojeabulu,2948.4
533,Lesley Nyonggesa,1142.9
533,Luca Marlowe,814.9
533,Michael Adewumi,730.6
533,Mimy Kanza,1554.5
533,Otito,1468.9
533,Rael,484.9
533,Rashida kinattingalakath,1189.6
533,Remy,1641.7
533,Rosie Birch,1268.4
533,Rufkat Adetola oladipo,738.7
533,Sally Muinami,1031.4
533,Sodiq Salaudeen,604.8
533,Soumaya,835.3
533,Steve Nolan,442.4
534,Abderrahmane Boukhaled,848.2
534,Basirat Adeyemo,1124.1
534,Charlotte Smith,1802.0
534,David Ekpo,1954.3
534,Emmanuela Odoh,1179.5
534,Eno-obong Udofia,1273.9
534,Ethan Toudic,402.3
534,Gianna Cavacuiti,1086.5
534,James hushon,2263.8
534,Joy Ojeabulu,1262.7
534,Lesley Nyonggesa,936.1
534,Luca Marlowe,729.9
534,Michael Adewumi,869.3
534,Mimy Kanza,866.2
534,Otito,1657.5
534,Rael,2258.4
534,Rashida kinattingalakath,833.8
534,Remy,790.1
534,Rosie Birch,2376.5
534,Rufkat Adetola oladipo,970.6
534,Sally Muinami,1077.0
534,Sodiq Salaudeen,1130.9
534,Soumaya,1264.2
534,Steve Nolan,729.7
535,Abderrahmane Boukhaled,1789.7
535,Basirat Adeyemo,1226.8
535,Charlotte Smith,1131.8
535,David Ekpo,1867.6
535,Emmanuela Odoh,471.7
535,Eno-obong Udofia,1943.7
535,Ethan Toudic,1436.9
535,Gianna Cavacuiti,2047.8
535,James hushon,947.2
535,Joy Ojeabulu,539.8
535,Lesley Nyonggesa,747.3
535,Luca Marlowe,2539.7
535,Michael Adewumi,100.0
535,Mimy Kanza,1981.8
535,Otito,700.8
535,Rael,1451.5
535,Rashida kinattingalakath,253.9
535,Remy,896.6
535,Rosie Birch,2744.1
535,Rufkat Adetola oladipo,444.4
535,Sally Muinami,943.0
535,Sodiq Salaudeen,2463.8
535,Soumaya,1140.1
535,Steve Nolan,899.8
536,Abderrahmane Boukhaled,1748.3
536,Basirat Adeyemo,898.8
536,Charlotte Smith,1501.7
536,David Ekpo,1795.5
536,Emmanuela Odoh,916.6
536,Eno-obong Udofia,1937.4
536,Ethan Toudic,1146.3
536,Gianna Cavacuiti,1115.4
536,James hushon,3708.4
536,Joy Ojeabulu,2399.2
536,Lesley Nyonggesa,2527.7
536,Luca Marlowe,1851.4
536,Michael Adewumi,1325.8
536,Mimy Kanza,1008.3
536,Otito,1495.6
536,Rael,319.5
536,Rashida kinattingalakath,2585.0
536,Remy,780.3
536,Rosie Birch,716.6
536,Rufkat Adetola oladipo,562.0
536,Sally Muinami,1167.1
536,Sodiq Salaudeen,1489.7
536,Soumaya,833.9
536,Steve Nolan,664.7
537,Abderrahmane Boukhaled,602.5
537,Basirat Adeyemo,1656.3
537,Charlotte Smith,1959.3
537,David Ekpo,1264.9
537,Emmanuela Odoh,921.8
537,Eno-obong Udofia,845.5
537,Ethan Toudic,1002.3
537,Gianna Cavacuiti,684.0
537,James hushon,458.8
537,Joy Ojeabulu,2754.8
537,Lesley Nyonggesa,1631.1
537,Luca Marlowe,854.1
537,Michael Adewumi,1216.7
537,Mimy Kanza,2318.2
537,Otito,1255.7
537,Rael,887.9
537,Rashida kinattingalakath,706.3
537,Remy,2117.4
537,Rosie Birch,286.3
537,Rufkat Adetola oladipo,614.0
537,Sally Muinami,1508.9
537,Sodiq Salaudeen,1668.8
537,Soumaya,1097.2
537,Steve Nolan,871.4
538,Abderrahmane Boukhaled,1135.0
538,Basirat Adeyemo,1967.9
538,Charlotte Smith,239.0
538,David Ekpo,1120.8
538,Emmanuela Odoh,829.0
538,Eno-obong Udofia,1409.1
538,Ethan Toudic,307.4
538,Gianna Cavacuiti,1022.0
538,James hushon,763.0
538,Joy Ojeabulu,1538.2
538,Lesley Nyonggesa,383.8
538,Luca Marlowe,493.4
538,Michael Adewumi,952.0
538,Mimy Kanza,697.0
538,Otito,1246.0
538,Rael,618.8
538,Rashida kinattingalakath,850.0
538,Remy,1592.7
538,Rosie Birch,1328.0
538,Rufkat Adetola oladipo,1294.4
538,Sally Muinami,703.0
538,Sodiq Salaudeen,979.4
538,Soumaya,646.5
538,Steve Nolan,2935.6
539,Abderrahmane Boukhaled,1279.4
539,Basirat Adeyemo,100.0
539,Charlotte Smith,2081.5
539,David Ekpo,517.4
539,Emmanuela Odoh,807.5
539,Eno-obong Udofia,787.7
539,Ethan Toudic,1215.4
539,Gianna Cavacuiti,1522.8
539,James hushon,325.4
539,Joy Ojeabulu,760.8
539,Lesley Nyonggesa,1152.7
539,Luca Marlowe,1689.2
539,Michael Adewumi,1135.9
539,Mimy Kanza,2500.8
539,Otito,511.9
539,Rael,259.1
539,Rashida kinattingalakath,2316.0
539,Remy,1148.9
539,Rosie Birch,442.5
539,Rufkat Adetola oladipo,1250.0
539,Sally Muinami,786.3
539,Sodiq Salaudeen,671.2
539,Soumaya,1898.1
539,Steve Nolan,1182.8
540,Abderrahmane Boukhaled,1679.7
540,Basirat Adeyemo,1771.1
540,Charlotte Smith,1435.2
540,David Ekpo,730.3
540,Emmanuela Odoh,1834.2
540,Eno-obong Udofia,453.5
540,Ethan Toudic,1072.4
540,Gianna Cavacuiti,2501.5
540,James hushon,1447.6
540,Joy Ojeabulu,798.2
540,Lesley Nyonggesa,609.2
540,Luca Marlowe,1754.6
540,Michael Adewumi,2048.1
540,Mimy Kanza,1360.0
540,Otito,1231.1
540,Rael,338.6
540,Rashida kinattingalakath,1707.6
540,Remy,665.6
540,Rosie Birch,1722.2
540,Rufkat Adetola oladipo,1800.6
540,Sally Muinami,453.8
540,Sodiq Salaudeen,1464.6
540,Soumaya,1901.4
540,Steve Nolan,1281.0
541,Abderrahmane Boukhaled,237.8
541,Basirat Adeyemo,687.6
541,Charlotte Smith,252.0
541,David Ekpo,2063.6
541,Emmanuela Odoh,485.0
541,Eno-obong Udofia,1886.4
541,Ethan Toudic,1787.0
541,Gianna Cavacuiti,972.2
541,James hushon,1450.7
541,Joy Ojeabulu,1721.1
541,Lesley Nyonggesa,972.4
541,Luca Marlowe,1889.9
541,Michael Adewumi,962.6
541,Mimy Kanza,650.3
541,Otito,1153.6
541,Rael,698.7
541,Rashida kinattingalakath,1030.7
541,Remy,775.5
541,Rosie Birch,1991.3
541,Rufkat Adetola oladipo,2304.2
541,Sally Muinami,788.6
541,Sodiq Salaudeen,1010.2
541,Soumaya,1731.6
541,Steve Nolan,2419.0
542,Abderrahmane Boukhaled,2611.4
542,Basirat Adeyemo,1358.1
542,Charlotte Smith,298.9
542,David Ekpo,646.2
542,Emmanuela Odoh,1529.1
542,Eno-obong Udofia,1591.4
542,Ethan Toudic,141.2
542,Gianna Cavacuiti,2175.4
542,James hushon,571.1
542,Joy Ojeabulu,1668.1
542,Lesley Nyonggesa,1024.9
542,Luca Marlowe,1123.9
542,Michael Adewumi,1763.0
542,Mimy Kanza,339.6
542,Otito,2917.5
542,Rael,566.8
542,Rashida kinattingalakath,783.4
542,Remy,642.2
542,Rosie Birch,465.0
542,Rufkat Adetola oladipo,928.9
542,Sally Muinami,1133.6
542,Sodiq Salaudeen,599.8
542,Soumaya,1008.7
542,Steve Nolan,1784.9
543,Abderrahmane Boukhaled,1913.5
543,Basirat Adeyemo,1935.8
543,Charlotte Smith,2107.5
543,David Ekpo,1476.2
543,Emmanuela Odoh,245.3
543,Eno-obong Udofia,1702.6
543,Ethan Toudic,621.3
543,Gianna Cavacuiti,958.0
543,James hushon,856.0
543,Joy Ojeabulu,1622.6
543,Lesley Nyonggesa,1991.2
543,Luca Marlowe,890.6
543,Michael Adewumi,597.3
543,Mimy Kanza,685.0
543,Otito,561.3
543,Rael,1425.4
543,Rashida kinattingalakath,1530.7
543,Remy,1887.4
543,Rosie Birch,806.5
543,Rufkat Adetola oladipo,857.0
543,Sally Muinami,1263.3
543,Sodiq Salaudeen,1681.1
543,Soumaya,2048.7
543,Steve Nolan,1416.8
544,Abderrahmane Boukhaled,1916.1
544,Basirat Adeyemo,1307.0
544,Charlotte Smith,1078.4
544,David Ekpo,884.7
544,Emmanuela Odoh,2182.6
544,Eno-obong Udofia,1484.8
544,Ethan Toudic,280.0
544,Gianna Cavacuiti,565.4
544,James hushon,2786.3
544,Joy Ojeabulu,1791.6
544,Lesley Nyonggesa,1422.7
544,Luca Marlowe,1378.8
544,Michael Adewumi,952.2
544,Mimy Kanza,1237.3
544,Otito,1890.5
544,Rael,811.4
544,Rashida kinattingalakath,731.7
544,Remy,562.7
544,Rosie Birch,1367.8
544,Rufkat Adetola oladipo,1517.1
544,Sally Muinami,112.1
544,Sodiq Salaudeen,1287.5
544,Soumaya,2349.9
544,Steve Nolan,1838.6
545,Abderrahmane Boukhaled,868.0
545,Basirat Adeyemo,1944.2
545,Charlotte Smith,581.9
545,David Ekpo,2135.1
545,Emmanuela Odoh,1007.2
545,Eno-obong Udofia,548.1
545,Ethan Toudic,1418.4
545,Gianna Cavacuiti,2645.2
545,James hushon,1368.7
545,Joy Ojeabulu,1423.0
545,Lesley Nyonggesa,760.8
545,Luca Marlowe,1116.7
545,Michael Adewumi,2773.3
545,Mimy Kanza,1169.7
545,Otito,2446.0
545,Rael,997.8
545,Rashida kinattingalakath,311.2
545,Remy,1022.1
545,Rosie Birch,1326.4
545,Rufkat Adetola oladipo,912.6
545,Sally Muinami,417.8
545,Sodiq Salaudeen,878.3
545,Soumaya,2919.2
545,Steve Nolan,323.4
546,Abderrahmane Boukhaled,1598.0
546,Basirat Adeyemo,1322.0
546,Charlotte Smith,2333.6
546,David Ekpo,640.1
546,Emmanuela Odoh,1529.4
546,Eno-obong Udofia,1084.6
546,Ethan Toudic,1981.4
546,Gianna Cavacuiti,1903.1
546,James hushon,1453.3
546,Joy Ojeabulu,2882.5
546,Lesley Nyonggesa,1697.4
546,Luca Marlowe,873.1
546,Michael Adewumi,1268.2
546,Mimy Kanza,1367.6
546,Otito,642.4
546,Rael,1392.6
546,Rashida kinattingalakath,1963.8
546,Remy,1166.9
546,Rosie Birch,2092.4
546,Rufkat Adetola oladipo,1263.5
546,Sally Muinami,2313.1
546,Sodiq Salaudeen,4476.9
546,Soumaya,1859.3
546,Steve Nolan,1275.1
547,Abderrahmane Boukhaled,247.0
547,Basirat Adeyemo,1329.7
547,Charlotte Smith,1954.2
547,David Ekpo,1180.3
547,Emmanuela Odoh,666.6
547,Eno-obong Udofia,1661.9
547,Ethan Toudic,1422.0
547,Gianna Cavacuiti,1545.4
547,James hushon,1645.2
547,Joy Ojeabulu,971.7
547,Lesley Nyonggesa,809.2
547,Luca Marlowe,1389.2
547,Michael Adewumi,1078.0
547,Mimy Kanza,1536.5
547,Otito,761.7
547,Rael,723.0
547,Rashida kinattingalakath,1079.2
547,Remy,2465.9
547,Rosie Birch,1592.2
547,Rufkat Adetola oladipo,1770.0
547,Sally Muinami,509.8
547,Sodiq Salaudeen,1769.8
547,Soumaya,807.0
547,Steve Nolan,267.4
548,Abderrahmane Boukhaled,2805.5
548,Basirat Adeyemo,2508.5
548,Charlotte Smith,1245.8
548,David Ekpo,1953.8
548,Emmanuela Odoh,1539.2
548,Eno-obong Udofia,1600.9
548,Ethan Toudic,1206.9
548,Gianna Cavacuiti,518.9
548,James hushon,2396.3
548,Joy Ojeabulu,1370.5
548,Lesley Nyonggesa,358.6
548,Luca Marlowe,1180.4
548,Michael Adewumi,1803.8
548,Mimy Kanza,1584.0
548,Otito,645.0
548,Rael,990.7
548,Rashida kinattingalakath,1332.5
548,Remy,1656.1
548,Rosie Birch,1548.9
548,Rufkat Adetola oladipo,1759.8
548,Sally Muinami,1737.7
548,Sodiq Salaudeen,428.0
548,Soumaya,842.1
548,Steve Nolan,2221.6
549,Abderrahmane Boukhaled,594.8
549,Basirat Adeyemo,863.7
549,Charlotte Smith,2034.5
549,David Ekpo,216.7
549,Emmanuela Odoh,334.0
549,Eno-obong Udofia,1026.5
549,Ethan Toudic,367.6
549,Gianna Cavacuiti,651.4
549,James hushon,951.7
549,Joy Ojeabulu,342.4
549,Lesley Nyonggesa,215.6
549,Luca Marlowe,1422.3
549,Michael Adewumi,1172.1
549,Mimy Kanza,2131.3
549,Otito,1193.0
549,Rael,1187.3
549,Rashida kinattingalakath,1630.9
549,Remy,951.6
549,Rosie Birch,2906.0
549,Rufkat Adetola oladipo,1185.5
549,Sally Muinami,1071.5
549,Sodiq Salaudeen,960.3
549,Soumaya,1902.7
549,Steve Nolan,543.2
550,Abderrahmane Boukhaled,629.9
550,Basirat Adeyemo,402.0
550,Charlotte Smith,1601.5
550,David Ekpo,2233.9
550,Emmanuela Odoh,2401.0
550,Eno-obong Udofia,1600.8
550,Ethan Toudic,2272.4
550,Gianna Cavacuiti,1488.8
550,James hushon,987.4
550,Joy Ojeabulu,376.9
550,Lesley Nyonggesa,2310.5
550,Luca Marlowe,1619.2
550,Michael Adewumi,1229.5
550,Mimy Kanza,608.6
550,Otito,1268.0
550,Rael,1435.3
550,Rashida kinattingalakath,2301.1
550,Remy,888.9
550,Rosie Birch,1838.0
550,Rufkat Adetola oladipo,2738.5
550,Sally Muinami,1421.7
550,Sodiq Salaudeen,1508.2
550,Soumaya,861.4
550,Steve Nolan,1576.7
551,Abderrahmane Boukhaled,1664.0
551,Basirat Adeyemo,993.5
551,Charlotte Smith,404.6
551,David Ekpo,1636.4
551,Emmanuela Odoh,1914.8
551,Eno-obong Udofia,861.2
551,Ethan Toudic,1287.0
551,Gianna Cavacuiti,1965.8
551,James hushon,1578.2
551,Joy Ojeabulu,976.9
551,Lesley Nyonggesa,2333.4
551,Luca Marlowe,836.5
551,Michael Adewumi,1309.1
551,Mimy Kanza,2594.1
551,Otito,2235.9
551,Rael,1826.4
551,Rashida kinattingalakath,2261.1
551,Remy,601.9
551,Rosie Birch,2965.2
551,Rufkat Adetola oladipo,926.4
551,Sally Muinami,1140.4
551,Sodiq Salaudeen,588.6
551,Soumaya,2650.4
551,Steve Nolan,407.4
552,Abderrahmane Boukhaled,1469.0
552,Basirat Adeyemo,1761.9
552,Charlotte Smith,314.7
552,David Ekpo,804.5
552,Emmanuela Odoh,2177.6
552,Eno-obong Udofia,600.1
552,Ethan Toudic,1576.9
552,Gianna Cavacuiti,876.0
552,James hushon,2225.8
552,Joy Ojeabulu,3308.1
552,Lesley Nyonggesa,396.8
552,Luca Marlowe,1577.4
552,Michael Adewumi,773.3
552,Mimy Kanza,3276.3
552,Otito,1527.5
552,Rael,505.2
552,Rashida kinattingalakath,604.6
552,Remy,2043.8
552,Rosie Birch,1238.9
552,Rufkat Adetola oladipo,979.8
552,Sally Muinami,1967.1
552,Sodiq Salaudeen,1916.3
552,Soumaya,387.9
552,Steve Nolan,455.6
553,Abderrahmane Boukhaled,1096.4
553,Basirat Adeyemo,1243.5
553,Charlotte Smith,1725.4
553,David Ekpo,644.6
553,Emmanuela Odoh,953.6
553,Eno-obong Udofia,1526.9
553,Ethan Toudic,1688.1
553,Gianna Cavacuiti,576.3
553,James hushon,1632.7
553,Joy Ojeabulu,1091.3
553,Lesley Nyonggesa,1248.1
553,Luca Marlowe,2919.7
553,Michael Adewumi,2128.2
553,Mimy Kanza,1914.6
553,Otito,799.0
553,Rael,337.2
553,Rashida kinattingalakath,2408.8
553,Remy,1848.2
553,Rosie Birch,1702.9
553,Rufkat Adetola oladipo,2218.8
553,Sally Muinami,1135.6
553,Sodiq Salaudeen,2487.3
553,Soumaya,391.8
553,Steve Nolan,1357.2
554,Abderrahmane Boukhaled,1422.3
554,Basirat Adeyemo,2321.5
554,Charlotte Smith,593.1
554,David Ekpo,2235.6
554,Emmanuela Odoh,1795.6
554,Eno-obong Udofia,1223.5
554,Ethan Toudic,725.1
554,Gianna Cavacuiti,934.6
554,James hushon,2399.2
554,Joy Ojeabulu,2985.9
554,Lesley Nyonggesa,1738.1
554,Luca Marlowe,287.0
554,Michael Adewumi,1064.5
554,Mimy Kanza,973.6
554,Otito,1087.9
554,Rael,1068.4
554,Rashida kinattingalakath,1164.8
554,Remy,345.8
554,Rosie Birch,280.3
554,Rufkat Adetola oladipo,1429.3
554,Sally Muinami,1256.8
554,Sodiq Salaudeen,792.9
554,Soumaya,188.7
554,Steve Nolan,1226.5
555,Abderrahmane Boukhaled,703.9
555,Basirat Adeyemo,398.1
555,Charlotte Smith,496.6
555,David Ekpo,1180.2
555,Emmanuela Odoh,1352.7
555,Eno-obong Udofia,954.3
555,Ethan Toudic,571.3
555,Gianna Cavacuiti,1538.3
555,James hushon,2297.1
555,Joy Ojeabulu,950.0
555,Lesley Nyonggesa,3542.4
555,Luca Marlowe,1928.1
555,Michael Adewumi,2748.6
555,Mimy Kanza,712.2
555,Otito,1959.5
555,Rael,1827.0
555,Rashida kinattingalakath,1779.1
555,Remy,1519.7
555,Rosie Birch,406.0
555,Rufkat Adetola oladipo,512.8
555,Sally Muinami,1782.0
555,Sodiq Salaudeen,2128.8
555,Soumaya,720.6
555,Steve Nolan,2655.6
556,Abderrahmane Boukhaled,1700.5
556,Basirat Adeyemo,628.1
556,Charlotte Smith,1887.0
556,David Ekpo,362.0
556,Emmanuela Odoh,2236.7
556,Eno-obong Udofia,547.0
556,Ethan Toudic,1101.0
556,Gianna Cavacuiti,2138.6
556,James hushon,1715.1
556,Joy Ojeabulu,781.7
556,Lesley Nyonggesa,1923.6
556,Luca Marlowe,1428.5
556,Michael Adewumi,1239.8
556,Mimy Kanza,384.9
556,Otito,231.0
556,Rael,1769.7
556,Rashida kinattingalakath,914.0
556,Remy,765.0
556,Rosie Birch,1621.9
556,Rufkat Adetola oladipo,1131.3
556,Sally Muinami,1416.1
556,Sodiq Salaudeen,1555.1
556,Soumaya,612.1
556,Steve Nolan,1287.9
557,Abderrahmane Boukhaled,906.3
557,Basirat Adeyemo,1293.0
557,Charlotte Smith,554.3
557,David Ekpo,1417.8
557,Emmanuela Odoh,2548.4
557,Eno-obong Udofia,1273.0
557,Ethan Toudic,1275.8
557,Gianna Cavacuiti,611.2
557,James hushon,263.8
557,Joy Ojeabulu,1390.2
557,Lesley Nyonggesa,893.1
557,Luca Marlowe,1207.1
557,Michael Adewumi,1584.3
557,Mimy Kanza,1065.9
557,Otito,1003.4
557,Rael,941.7
557,Rashida kinattingalakath,1338.8
557,Remy,2773.6
557,Rosie Birch,1085.7
557,Rufkat Adetola oladipo,4074.4
557,Sally Muinami,2208.5
557,Sodiq Salaudeen,581.9
557,Soumaya,571.4
557,Steve Nolan,529.3
558,Abderrahmane Boukhaled,1474.5
558,Basirat Adeyemo,918.8
558,Charlotte Smith,1226.2
558,David Ekpo,1070.0
558,Emmanuela Odoh,624.8
558,Eno-obong Udofia,1447.7
558,Ethan Toudic,2176.7
558,Gianna Cavacuiti,995.9
558,James hushon,858.4
558,Joy Ojeabulu,1565.8
558,Lesley Nyonggesa,787.9
558,Luca Marlowe,1257.3
558,Michael Adewumi,1832.7
558,Mimy Kanza,1675.6
558,Otito,1076.6
558,Rael,1544.8
558,Rashida kinattingalakath,1803.5
558,Remy,1127.6
558,Rosie Birch,1974.3
558,Rufkat Adetola oladipo,639.2
558,Sally Muinami,1036.0
558,Sodiq Salaudeen,787.1
558,Soumaya,981.9
558,Steve Nolan,2518.5
559,Abderrahmane Boukhaled,1752.7
559,Basirat Adeyemo,1155.9
559,Charlotte Smith,385.1
559,David Ekpo,1190.4
559,Emmanuela Odoh,799.7
559,Eno-obong Udofia,472.2
559,Ethan Toudic,1264.3
559,Gianna Cavacuiti,1310.3
559,James hushon,548.4
559,Joy Ojeabulu,727.6
559,Lesley Nyonggesa,238.3
559,Luca Marlowe,743.1
559,Michael Adewumi,2132.3
559,Mimy Kanza,1040.9
559,Otito,3031.4
559,Rael,2017.1
559,Rashida kinattingalakath,702.6
559,Remy,1607.8
559,Rosie Birch,622.8
559,Rufkat Adetola oladipo,1759.0
559,Sally Muinami,216.4
559,Sodiq Salaudeen,100.0
559,Soumaya,515.9
559,Steve Nolan,1215.9
560,Abderrahmane Boukhaled,803.2
560,Basirat Adeyemo,796.3
560,Charlotte Smith,545.6
560,David Ekpo,484.6
560,Emmanuela Odoh,1754.1
560,Eno-obong Udofia,184.4
560,Ethan Toudic,1809.8
560,Gianna Cavacuiti,1514.2
560,James hushon,1833.1
560,Joy Ojeabulu,2482.3
560,Lesley Nyonggesa,2046.9
560,Luca Marlowe,392.4
560,Michael Adewumi,2918.2
560,Mimy Kanza,1292.5
560,Otito,742.1
560,Rael,1329.8
560,Rashida kinattingalakath,1161.8
560,Remy,541.1
560,Rosie Birch,1667.1
560,Rufkat Adetola oladipo,100.0
560,Sally Muinami,909.6
560,Sodiq Salaudeen,2817.6
560,Soumaya,161.5
560,Steve Nolan,293.0
561,Abderrahmane Boukhaled,1249.8
561,Basirat Adeyemo,543.9
561,Charlotte Smith,731.1
561,David Ekpo,3339.1
561,Emmanuela Odoh,1036.9
561,Eno-obong Udofia,577.3
561,Ethan Toudic,395.0
561,Gianna Cavacuiti,926.4
561,James hushon,795.3
561,Joy Ojeabulu,982.6
561,Lesley Nyonggesa,841.9
561,Luca Marlowe,486.1
561,Michael Adewumi,256.3
561,Mimy Kanza,310.3
561,Otito,566.8
561,Rael,2025.0
561,Rashida kinattingalakath,995.1
561,Remy,1380.5
561,Rosie Birch,1741.0
561,Rufkat Adetola oladipo,2016.5
561,Sally Muinami,976.4
561,Sodiq Salaudeen,666.0
561,Soumaya,1901.3
561,Steve Nolan,712.2
562,Abderrahmane Boukhaled,635.9
562,Basirat Adeyemo,638.1
562,Charlotte Smith,1066.4
562,David Ekpo,2182.4
562,Emmanuela Odoh,1357.3
562,Eno-obong Udofia,224.2
562,Ethan Toudic,1054.0
562,Gianna Cavacuiti,419.9
562,James hushon,1100.5
562,Joy Ojeabulu,1140.4
562,Lesley Nyonggesa,1362.2
562,Luca Marlowe,784.9
562,Michael Adewumi,298.3
562,Mimy Kanza,652.6
562,Otito,782.0
562,Rael,1566.6
562,Rashida kinattingalakath,995.3
562,Remy,1503.0
562,Rosie Birch,1399.0
562,Rufkat Adetola oladipo,866.2
562,Sally Muinami,1157.3
562,Sodiq Salaudeen,1792.7
562,Soumaya,1015.2
562,Steve Nolan,593.1
563,Abderrahmane Boukhaled,603.5
563,Basirat Adeyemo,889.8
563,Charlotte Smith,552.2
563,David Ekpo,2645.2
563,Emmanuela Odoh,1851.0
563,Eno-obong Udofia,1271.5
563,Ethan Toudic,1077.6
563,Gianna Cavacuiti,1428.4
563,James hushon,734.9
563,Joy Ojeabulu,1407.7
563,Lesley Nyonggesa,865.4
563,Luca Marlowe,1829.6
563,Michael Adewumi,1083.3
563,Mimy Kanza,978.6
563,Otito,2271.4
563,Rael,602.3
563,Rashida kinattingalakath,550.6
563,Remy,363.2
563,Rosie Birch,100.0
563,Rufkat Adetola oladipo,2014.5
563,Sally Muinami,336.1
563,Sodiq Salaudeen,1707.2
563,Soumaya,1834.6
563,Steve Nolan,1606.7
564,Abderrahmane Boukhaled,1084.9
564,Basirat Adeyemo,1385.4
564,Charlotte Smith,100.0
564,David Ekpo,725.1
564,Emmanuela Odoh,1860.6
564,Eno-obong Udofia,1998.5
564,Ethan Toudic,1083.0
564,Gianna Cavacuiti,957.5
564,James hushon,1548.1
564,Joy Ojeabulu,1936.1
564,Lesley Nyonggesa,509.4
564,Luca Marlowe,1269.9
564,Michael Adewumi,894.3
564,Mimy Kanza,2605.4
564,Otito,296.5
564,Rael,1498.0
564,Rashida kinattingalakath,1794.9
564,Remy,1469.7
564,Rosie Birch,1462.9
564,Rufkat Adetola oladipo,438.4
564,Sally Muinami,727.5
564,Sodiq Salaudeen,1227.2
564,Soumaya,453.1
564,Steve Nolan,1045.3
565,Abderrahmane Boukhaled,701.2
565,Basirat Adeyemo,1261.6
565,Charlotte Smith,1362.4
565,David Ekpo,699.0
565,Emmanuela Odoh,565.9
565,Eno-obong Udofia,1715.2
565,Ethan Toudic,1086.1
565,Gianna Cavacuiti,567.7
565,James hushon,1122.4
565,Joy Ojeabulu,825.0
565,Lesley Nyonggesa,1663.2
565,Luca Marlowe,464.8
565,Michael Adewumi,234.9
565,Mimy Kanza,1419.0
565,Otito,358.0
565,Rael,339.2
565,Rashida kinattingalakath,650.8
565,Remy,1499.9
565,Rosie Birch,544.4
565,Rufkat Adetola oladipo,810.1
565,Sally Muinami,1172.6
565,Sodiq Salaudeen,922.7
565,Soumaya,3380.2
565,Steve Nolan,1917.0
566,Abderrahmane Boukhaled,147.1
566,Basirat Adeyemo,1106.9
566,Charlotte Smith,2142.4
566,David Ekpo,1118.2
566,Emmanuela Odoh,971.8
566,Eno-obong Udofia,672.4
566,Ethan Toudic,1019.0
566,Gianna Cavacuiti,998.5
566,James hushon,1740.5
566,Joy Ojeabulu,594.1
566,Lesley Nyonggesa,923.4
566,Luca Marlowe,1450.5
566,Michael Adewumi,901.0
566,Mimy Kanza,666.7
566,Otito,1955.4
566,Rael,907.4
566,Rashida kinattingalakath,1515.3
566,Remy,1707.4
566,Rosie Birch,1917.0
566,Rufkat Adetola oladipo,1795.8
566,Sally Muinami,236.9
566,Sodiq Salaudeen,1077.3
566,Soumaya,1288.8
566,Steve Nolan,221.2
567,Abderrahmane Boukhaled,1082.9
567,Basirat Adeyemo,436.9
567,Charlotte Smith,779.4
567,David Ekpo,1128.9
567,Emmanuela Odoh,219.6
567,Eno-obong Udofia,254.3
567,Ethan Toudic,1526.2
567,Gianna Cavacuiti,2201.6
567,James hushon,379.3
567,Joy Ojeabulu,165.2
567,Lesley Nyonggesa,242.6
567,Luca Marlowe,983.4
567,Michael Adewumi,1259.6
567,Mimy Kanza,1961.3
567,Otito,773.3
567,Rael,394.9
567,Rashida kinattingalakath,638.1
567,Remy,1277.1
567,Rosie Birch,1443.6
567,Rufkat Adetola oladipo,1339.6
567,Sally Muinami,1301.6
567,Sodiq Salaudeen,738.1
567,Soumaya,1453.1
567,Steve Nolan,1796.5
568,Abderrahmane Boukhaled,524.9
568,Basirat Adeyemo,357.0
568,Charlotte Smith,966.2
568,David Ekpo,1277.1
568,Emmanuela Odoh,854.5
568,Eno-obong Udofia,1562.9
568,Ethan Toudic,1613.5
568,Gianna Cavacuiti,734.9
568,James hushon,3447.3
568,Joy Ojeabulu,1544.3
568,Lesley Nyonggesa,1810.4
568,Luca Marlowe,1540.9
568,Michael Adewumi,2535.5
568,Mimy Kanza,450.9
568,Otito,1694.8
568,Rael,826.6
568,Rashida kinattingalakath,618.3
568,Remy,311.8
568,Rosie Birch,1243.5
568,Rufkat Adetola oladipo,1742.6
568,Sally Muinami,1151.1
568,Sodiq Salaudeen,464.0
568,Soumaya,747.4
568,Steve Nolan,1624.8
569,Abderrahmane Boukhaled,1065.2
569,Basirat Adeyemo,2224.5
569,Charlotte Smith,616.9
569,David Ekpo,273.8
569,Emmanuela Odoh,463.0
569,Eno-obong Udofia,1155.5
569,Ethan Toudic,1396.3
569,Gianna Cavacuiti,722.2
569,James hushon,473.5
569,Joy Ojeabulu,902.3
569,Lesley Nyonggesa,405.0
569,Luca Marlowe,1552.4
569,Michael Adewumi,202.6
569,Mimy Kanza,755.0
569,Otito,1159.3
569,Rael,1954.5
569,Rashida kinattingalakath,707.4
569,Remy,2338.9
569,Rosie Birch,637.9
569,Rufkat Adetola oladipo,1032.3
569,Sally Muinami,1334.2
569,Sodiq Salaudeen,1088.0
569,Soumaya,1054.8
569,Steve Nolan,296.9
570,Abderrahmane Boukhaled,1347.7
570,Basirat Adeyemo,1351.1
570,Charlotte Smith,2466.4
570,David Ekpo,1318.4
570,Emmanuela Odoh,1541.7
570,Eno-obong Udofia,257.0
570,Ethan Toudic,1108.8
570,Gianna Cavacuiti,1161.3
570,James hushon,2237.9
570,Joy Ojeabulu,1808.3
570,Lesley Nyonggesa,1266.2
570,Luca Marlowe,1619.7
570,Michael Adewumi,559.9
570,Mimy Kanza,516.6
570,Otito,183.9
570,Rael,1025.9
570,Rashida kinattingalakath,1950.2
570,Remy,1248.0
570,Rosie Birch,306.0
570,Rufkat Adetola oladipo,1016.4
570,Sally Muinami,1493.7
570,Sodiq Salaudeen,1416.7
570,Soumaya,2104.4
570,Steve Nolan,1793.0
571,Abderrahmane Boukhaled,288.1
571,Basirat Adeyemo,742.8
571,Charlotte Smith,1029.3
571,David Ekpo,897.3
571,Emmanuela Odoh,1352.1
571,Eno-obong Udofia,217.9
571,Ethan Toudic,731.6
571,Gianna Cavacuiti,103.6
571,James hushon,906.4
571,Joy Ojeabulu,953.4
571,Lesley Nyonggesa,1480.8
571,Luca Marlowe,1390.1
571,Michael Adewumi,333.0
571,Mimy Kanza,2896.2
571,Otito,981.0
571,Rael,1463.4
571,Rashida kinattingalakath,1042.0
571,Remy,1356.7
571,Rosie Birch,1107.5
571,Rufkat Adetola oladipo,2191.2
571,Sally Muinami,2206.2
571,Sodiq Salaudeen,613.9
571,Soumaya,1429.8
571,Steve Nolan,2186.2
572,Abderrahmane Boukhaled,742.6
572,Basirat Adeyemo,2488.8
572,Charlotte Smith,771.6
572,David Ekpo,1491.7
572,Emmanuela Odoh,402.4
572,Eno-obong Udofia,1359.7
572,Ethan Toudic,857.2
572,Gianna Cavacuiti,785.0
572,James hushon,1116.8
572,Joy Ojeabulu,2207.0
572,Lesley Nyonggesa,1601.5
572,Luca Marlowe,1127.2
572,Michael Adewumi,328.5
572,Mimy Kanza,1571.2
572,Otito,861.0
572,Rael,685.7
572,Rashida kinattingalakath,1232.7
572,Remy,230.8
572,Rosie Birch,879.4
572,Rufkat Adetola oladipo,1257.1
572,Sally Muinami,1036.8
572,Sodiq Salaudeen,1313.8
572,Soumaya,220.4
572,Steve Nolan,2850.6
573,Abderrahmane Boukhaled,899.1
573,Basirat Adeyemo,1947.0
573,Charlotte Smith,1867.3
573,David Ekpo,369.3
573,Emmanuela Odoh,795.1
573,Eno-obong Udofia,1857.9
573,Ethan Toudic,1049.5
573,Gianna Cavacuiti,1483.7
573,James hushon,3178.9
573,Joy Ojeabulu,2368.7
573,Lesley Nyonggesa,1546.4
573,Luca Marlowe,826.4
573,Michael Adewumi,2143.3
573,Mimy Kanza,1699.0
573,Otito,1432.2
573,Rael,1093.1
573,Rashida kinattingalakath,432.6
573,Remy,289.4
573,Rosie Birch,1568.2
573,Rufkat Adetola oladipo,1787.8
573,Sally Muinami,467.6
573,Sodiq Salaudeen,1144.4
573,Soumaya,1899.0
573,Steve Nolan,147.6
574,Abderrahmane Boukhaled,1492.5
574,Basirat Adeyemo,593.0
574,Charlotte Smith,889.9
574,David Ekpo,398.6
574,Emmanuela Odoh,2158.0
574,Eno-obong Udofia,3004.8
574,Ethan Toudic,555.0
574,Gianna Cavacuiti,1972.0
574,James hushon,922.2
574,Joy Ojeabulu,332.4
574,Lesley Nyonggesa,1171.9
574,Luca Marlowe,2506.4
574,Michael Adewumi,1386.6
574,Mimy Kanza,443.7
574,Otito,1623.6
574,Rael,2378.8
574,Rashida kinattingalakath,1106.1
574,Remy,462.3
574,Rosie Birch,2302.1
574,Rufkat Adetola oladipo,820.3
574,Sally Muinami,342.9
574,Sodiq Salaudeen,172.2
574,Soumaya,1173.3
574,Steve Nolan,2346.1
575,Abderrahmane Boukhaled,637.1
575,Basirat Adeyemo,1982.1
575,Charlotte Smith,824.3
575,David Ekpo,2837.8
575,Emmanuela Odoh,1381.6
575,Eno-obong Udofia,1992.9
575,Ethan Toudic,1155.9
575,Gianna Cavacuiti,1025.2
575,James hushon,1190.0
575,Joy Ojeabulu,1432.9
575,Lesley Nyonggesa,759.4
575,Luca Marlowe,2628.2
575,Michael Adewumi,2398.8
575,Mimy Kanza,597.7
575,Otito,1225.8
575,Rael,399.9
575,Rashida kinattingalakath,1119.0
575,Remy,1563.4
575,Rosie Birch,591.7
575,Rufkat Adetola oladipo,967.2
575,Sally Muinami,727.9
575,Sodiq Salaudeen,227.1
575,Soumaya,2606.6
575,Steve Nolan,745.1
576,Abderrahmane Boukhaled,399.0
576,Basirat Adeyemo,1298.9
576,Charlotte Smith,986.9
576,David Ekpo,1088.7
576,Emmanuela Odoh,894.4
576,Eno-obong Udofia,1354.4
576,Ethan Toudic,333.3
576,Gianna Cavacuiti,546.0
576,James hushon,564.3
576,Joy Ojeabulu,1872.9
576,Lesley Nyonggesa,1013.6
576,Luca Marlowe,1516.6
576,Michael Adewumi,1926.5
576,Mimy Kanza,556.6
576,Otito,1411.5
576,Rael,228.4
576,Rashida kinattingalakath,391.2
576,Remy,2392.6
576,Rosie Birch,767.6
576,Rufkat Adetola oladipo,2417.0
576,Sally Muinami,364.4
576,Sodiq Salaudeen,361.1
576,Soumaya,2157.2
576,Steve Nolan,1335.1
577,Abderrahmane Boukhaled,2808.4
577,Basirat Adeyemo,305.8
577,Charlotte Smith,1036.9
577,David Ekpo,280.9
577,Emmanuela Odoh,778.4
577,Eno-obong Udofia,483.1
577,Ethan Toudic,697.2
577,Gianna Cavacuiti,2091.7
577,James hushon,2844.0
577,Joy Ojeabulu,1425.9
577,Lesley Nyonggesa,1855.4
577,Luca Marlowe,1749.0
577,Michael Adewumi,968.0
577,Mimy Kanza,469.7
577,Otito,1975.4
577,Rael,1598.0
577,Rashida kinattingalakath,1079.7
577,Remy,1656.4
577,Rosie Birch,2187.3
577,Rufkat Adetola oladipo,822.6
577,Sally Muinami,534.7
577,Sodiq Salaudeen,489.3
577,Soumaya,1328.9
577,Steve Nolan,769.8
578,Abderrahmane Boukhaled,591.2
578,Basirat Adeyemo,2590.0
578,Charlotte Smith,2245.8
578,David Ekpo,1261.6
578,Emmanuela Odoh,497.6
578,Eno-obong Udofia,1071.8
578,Ethan Toudic,2497.4
578,Gianna Cavacuiti,1519.3
578,James hushon,1706.9
578,Joy Ojeabulu,2026.1
578,Lesley Nyonggesa,681.3
578,Luca Marlowe,1563.0
578,Michael Adewumi,1193.2
578,Mimy Kanza,1988.2
578,Otito,830.4
578,Rael,100.6
578,Rashida kinattingalakath,1059.9
578,Remy,1188.7
578,Rosie Birch,836.3
578,Rufkat Adetola oladipo,1275.7
578,Sally Muinami,784.5
578,Sodiq Salaudeen,889.9
578,Soumaya,871.8
578,Steve Nolan,379.9
579,Abderrahmane Boukhaled,943.4
579,Basirat Adeyemo,365.1
579,Charlotte Smith,1306.8
579,David Ekpo,942.8
579,Emmanuela Odoh,1635.3
579,Eno-obong Udofia,458.8
579,Ethan Toudic,1524.2
579,Gianna Cavacuiti,1271.8
579,James hushon,1067.9
579,Joy Ojeabulu,299.9
579,Lesley Nyonggesa,3221.4
579,Luca Marlowe,1444.0
579,Michael Adewumi,1316.4
579,Mimy Kanza,805.3
579,Otito,2241.9
579,Rael,995.1
579,Rashida kinattingalakath,2157.5
579,Remy,819.3
579,Rosie Birch,723.8
579,Rufkat Adetola oladipo,2037.6
579,Sally Muinami,1454.3
579,Sodiq Salaudeen,730.3
579,Soumaya,758.0
579,Steve Nolan,1040.2
580,Abderrahmane Boukhaled,1852.0
580,Basirat Adeyemo,1085.1
580,Charlotte Smith,1262.4
580,David Ekpo,798.6
580,Emmanuela Odoh,1140.4
580,Eno-obong Udofia,1308.9
580,Ethan Toudic,663.3
580,Gianna Cavacuiti,1447.6
580,James hushon,381.2
580,Joy Ojeabulu,1465.8
580,Lesley Nyonggesa,1297.0
580,Luca Marlowe,3098.8
580,Michael Adewumi,397.1
580,Mimy Kanza,1533.2
580,Otito,103.3
580,Rael,1329.9
580,Rashida kinattingalakath,1813.9
580,Remy,2323.4
580,Rosie Birch,1096.3
580,Rufkat Adetola oladipo,2917.9
580,Sally Muinami,712.9
580,Sodiq Salaudeen,1502.6
580,Soumaya,1335.9
580,Steve Nolan,1233.1
581,Abderrahmane Boukhaled,2034.5
581,Basirat Adeyemo,925.7
581,Charlotte Smith,1640.4
581,David Ekpo,1514.4
581,Emmanuela Odoh,1286.5
581,Eno-obong Udofia,1697.2
581,Ethan Toudic,1682.9
581,Gianna Cavacuiti,1263.8
581,James hushon,902.6
581,Joy Ojeabulu,3399.5
581,Lesley Nyonggesa,764.0
581,Luca Marlowe,913.4
581,Michael Adewumi,1947.3
581,Mimy Kanza,1364.6
581,Otito,336.6
581,Rael,1137.7
581,Rashida kinattingalakath,1156.7
581,Remy,1104.4
581,Rosie Birch,1676.0
581,Rufkat Adetola oladipo,994.3
581,Sally Muinami,1288.6
581,Sodiq Salaudeen,725.6
581,Soumaya,2256.5
581,Steve Nolan,1175.2
582,Abderrahmane Boukhaled,2073.2
582,Basirat Adeyemo,420.1
582,Charlotte Smith,104.7
582,David Ekpo,411.3
582,Emmanuela Odoh,967.6
582,Eno-obong Udofia,290.4
582,Ethan Toudic,884.8
582,Gianna Cavacuiti,942.6
582,James hushon,1096.5
582,Joy Ojeabulu,1263.1
582,Lesley Nyonggesa,1080.4
582,Luca Marlowe,1637.2
582,Michael Adewumi,485.4
582,Mimy Kanza,752.4
582,Otito,157.6
582,Rael,1309.5
582,Rashida kinattingalakath,888.0
582,Remy,1316.7
582,Rosie Birch,830.1
582,Rufkat Adetola oladipo,987.3
582,Sally Muinami,2132.3
582,Sodiq Salaudeen,353.1
582,Soumaya,1063.6
582,Steve Nolan,636.2
583,Abderrahmane Boukhaled,1797.6
583,Basirat Adeyemo,1865.7
583,Charlotte Smith,267.0
583,David Ekpo,1647.0
583,Emmanuela Odoh,1294.2
583,Eno-obong Udofia,100.7
583,Ethan Toudic,641.5
583,Gianna Cavacuiti,1198.4
583,James hushon,1381.2
583,Joy Ojeabulu,740.6
583,Lesley Nyonggesa,883.7
583,Luca Marlowe,823.9
583,Michael Adewumi,1250.9
583,Mimy Kanza,747.9
583,Otito,1032.4
583,Rael,767.8
583,Rashida kinattingalakath,1858.0
583,Remy,3197.4
583,Rosie Birch,399.6
583,Rufkat Adetola oladipo,1509.4
583,Sally Muinami,1139.8
583,Sodiq Salaudeen,1103.2
583,Soumaya,794.0
583,Steve Nolan,243.5
584,Abderrahmane Boukhaled,784.8
584,Basirat Adeyemo,1112.5
584,Charlotte Smith,1072.3
584,David Ekpo,2342.4
584,Emmanuela Odoh,2087.6
584,Eno-obong Udofia,467.8
584,Ethan Toudic,2125.7
584,Gianna Cavacuiti,907.6
584,James hushon,2044.2
584,Joy Ojeabulu,2865.0
584,Lesley Nyonggesa,1518.0
584,Luca Marlowe,1386.9
584,Michael Adewumi,442.6
584,Mimy Kanza,1803.8
584,Otito,100.0
584,Rael,2288.3
584,Rashida kinattingalakath,1890.2
584,Remy,1617.7
584,Rosie Birch,1142.3
584,Rufkat Adetola oladipo,950.8
584,Sally Muinami,1283.0
584,Sodiq Salaudeen,881.3
584,Soumaya,3041.6
584,Steve Nolan,1470.7
585,Abderrahmane Boukhaled,1278.8
585,Basirat Adeyemo,1640.6
585,Charlotte Smith,1235.5
585,David Ekpo,1027.7
585,Emmanuela Odoh,1111.2
585,Eno-obong Udofia,214.4
585,Ethan Toudic,704.1
585,Gianna Cavacuiti,852.8
585,James hushon,890.6
585,Joy Ojeabulu,2248.2
585,Lesley Nyonggesa,659.2
585,Luca Marlowe,100.0
585,Michael Adewumi,1493.1
585,Mimy Kanza,1017.2
585,Otito,458.6
585,Rael,1892.4
585,Rashida kinattingalakath,835.7
585,Remy,2125.4
585,Rosie Birch,2525.2
585,Rufkat Adetola oladipo,2585.2
585,Sally Muinami,1257.7
585,Sodiq Salaudeen,2500.9
585,Soumaya,1788.7
585,Steve Nolan,558.4
586,Abderrahmane Boukhaled,1352.4
586,Basirat Adeyemo,1714.6
586,Charlotte Smith,2337.2
586,David Ekpo,743.4
586,Emmanuela Odoh,1352.7
586,Eno-obong Udofia,718.1
586,Ethan Toudic,359.7
586,Gianna Cavacuiti,1256.4
586,James hushon,590.1
586,Joy Ojeabulu,1971.0
586,Lesley Nyonggesa,1451.2
586,Luca Marlowe,624.8
586,Michael Adewumi,616.7
586,Mimy Kanza,196.5
586,Otito,1148.2
586,Rael,1832.0
586,Rashida kinattingalakath,794.0
586,Remy,634.1
586,Rosie Birch,1140.5
586,Rufkat Adetola oladipo,572.8
586,Sally Muinami,497.0
586,Sodiq Salaudeen,1471.1
586,Soumaya,1139.9
586,Steve Nolan,732.6
587,Abderrahmane Boukhaled,2653.5
587,Basirat Adeyemo,1498.5
587,Charlotte Smith,780.4
587,David Ekpo,2190.2
587,Emmanuela Odoh,1217.5
587,Eno-obong Udofia,1101.6
587,Ethan Toudic,1665.2
587,Gianna Cavacuiti,1695.4
587,James hushon,268.1
587,Joy Ojeabulu,2428.5
587,Lesley Nyonggesa,1634.8
587,Luca Marlowe,421.5
587,Michael Adewumi,1565.1
587,Mimy Kanza,497.8
587,Otito,1165.4
587,Rael,559.7
587,Rashida kinattingalakath,126.9
587,Remy,2968.4
587,Rosie Birch,1296.6
587,Rufkat Adetola oladipo,1813.0
587,Sally Muinami,2107.7
587,Sodiq Salaudeen,1299.7
587,Soumaya,1812.6
587,Steve Nolan,895.9
588,Abderrahmane Boukhaled,198.8
588,Basirat Adeyemo,842.6
588,Charlotte Smith,1451.6
588,David Ekpo,702.2
588,Emmanuela Odoh,310.1
588,Eno-obong Udofia,513.4
588,Ethan Toudic,2037.4
588,Gianna Cavacuiti,632.3
588,James hushon,831.3
588,Joy Ojeabulu,1058.6
588,Lesley Nyonggesa,1344.8
588,Luca Marlowe,861.6
588,Michael Adewumi,1781.0
588,Mimy Kanza,2346.1
588,Otito,1807.1
588,Rael,767.4
588,Rashida kinattingalakath,1716.8
588,Remy,726.4
588,Rosie Birch,572.2
588,Rufkat Adetola oladipo,1736.4
588,Sally Muinami,1375.6
588,Sodiq Salaudeen,631.6
588,Soumaya,444.6
588,Steve Nolan,1405.5
589,Abderrahmane Boukhaled,2242.5
589,Basirat Adeyemo,1154.6
589,Charlotte Smith,2624.4
589,David Ekpo,178.2
589,Emmanuela Odoh,976.6
589,Eno-obong Udofia,319.5
589,Ethan Toudic,735.9
589,Gianna Cavacuiti,1058.6
589,James hushon,302.7
589,Joy Ojeabulu,2077.4
589,Lesley Nyonggesa,678.0
589,Luca Marlowe,1555.6
589,Michael Adewumi,938.4
589,Mimy Kanza,402.3
589,Otito,351.2
589,Rael,695.5
589,Rashida kinattingalakath,1163.2
589,Remy,867.6
589,Rosie Birch,1743.4
589,Rufkat Adetola oladipo,251.3
589,Sally Muinami,903.7
589,Sodiq Salaudeen,2059.4
589,Soumaya,2770.0
589,Steve Nolan,1743.9
590,Abderrahmane Boukhaled,1200.1
590,Basirat Adeyemo,1085.2
590,Charlotte Smith,1577.6
590,David Ekpo,562.1
590,Emmanuela Odoh,1508.3
590,Eno-obong Udofia,473.7
590,Ethan Toudic,1460.2
590,Gianna Cavacuiti,742.9
590,James hushon,1801.2
590,Joy Ojeabulu,782.0
590,Lesley Nyonggesa,811.3
590,Luca Marlowe,208.4
590,Michael Adewumi,2187.2
590,Mimy Kanza,1863.6
590,Otito,2229.9
590,Rael,1205.5
590,Rashida kinattingalakath,1539.8
590,Remy,259.9
590,Rosie Birch,2488.3
590,Rufkat Adetola oladipo,1110.4
590,Sally Muinami,2476.0
590,Sodiq Salaudeen,1176.2
590,Soumaya,599.7
590,Steve Nolan,621.9
591,Abderrahmane Boukhaled,269.9
591,Basirat Adeyemo,1005.6
591,Charlotte Smith,1925.2
591,David Ekpo,703.1
591,Emmanuela Odoh,777.6
591,Eno-obong Udofia,1445.3
591,Ethan Toudic,1793.2
591,Gianna Cavacuiti,1564.2
591,James hushon,163.6
591,Joy Ojeabulu,382.2
591,Lesley Nyonggesa,289.0
591,Luca Marlowe,1393.2
591,Michael Adewumi,2575.8
591,Mimy Kanza,670.3
591,Otito,2262.4
591,Rael,1002.8
591,Rashida kinattingalakath,770.9
591,Remy,610.3
591,Rosie Birch,1020.6
591,Rufkat Adetola oladipo,1022.0
591,Sally Muinami,1115.0
591,Sodiq Salaudeen,2267.3
591,Soumaya,1327.3
591,Steve Nolan,1825.4
592,Abderrahmane Boukhaled,994.0
592,Basirat Adeyemo,990.4
592,Charlotte Smith,1188.9
592,David Ekpo,987.4
592,Emmanuela Odoh,1566.2
592,Eno-obong Udofia,652.8
592,Ethan Toudic,1678.8
592,Gianna Cavacuiti,530.6
592,James hushon,2248.3
592,Joy Ojeabulu,1784.3
592,Lesley Nyonggesa,773.1
592,Luca Marlowe,347.8
592,Michael Adewumi,1645.2
592,Mimy Kanza,211.1
592,Otito,2301.6
592,Rael,808.7
592,Rashida kinattingalakath,185.1
592,Remy,1542.9
592,Rosie Birch,562.5
592,Rufkat Adetola oladipo,560.2
592,Sally Muinami,336.0
592,Sodiq Salaudeen,1025.4
592,Soumaya,596.4
592,Steve Nolan,2332.4
593,Abderrahmane Boukhaled,1028.7
593,Basirat Adeyemo,957.1
593,Charlotte Smith,1973.9
593,David Ekpo,1486.3
593,Emmanuela Odoh,352.0
593,Eno-obong Udofia,3461.8
593,Ethan Toudic,1801.9
593,Gianna Cavacuiti,952.3
593,James hushon,267.2
593,Joy Ojeabulu,1625.4
593,Lesley Nyonggesa,803.4
593,Luca Marlowe,2849.1
593,Michael Adewumi,1292.5
593,Mimy Kanza,416.8
593,Otito,234.4
593,Rael,496.3
593,Rashida kinattingalakath,1103.8
593,Remy,1834.5
593,Rosie Birch,890.4
593,Rufkat Adetola oladipo,572.0
593,Sally Muinami,1414.8
593,Sodiq Salaudeen,313.7
593,Soumaya,1971.0
593,Steve Nolan,2265.4
594,Abderrahmane Boukhaled,2686.7
594,Basirat Adeyemo,537.5
594,Charlotte Smith,2030.5
594,David Ekpo,835.8
594,Emmanuela Odoh,252.2
594,Eno-obong Udofia,1590.0
594,Ethan Toudic,597.1
594,Gianna Cavacuiti,946.1
594,James hushon,1223.6
594,Joy Ojeabulu,613.6
594,Lesley Nyonggesa,2086.0
594,Luca Marlowe,475.7
594,Michael Adewumi,987.6
594,Mimy Kanza,1299.3
594,Otito,921.6
594,Rael,391.7
594,Rashida kinattingalakath,1230.5
594,Remy,649.9
594,Rosie Birch,495.6
594,Rufkat Adetola oladipo,826.1
594,Sally Muinami,2444.0
594,Sodiq Salaudeen,1070.9
594,Soumaya,1516.6
594,Steve Nolan,1452.7
595,Abderrahmane Boukhaled,1030.7
595,Basirat Adeyemo,2257.2
595,Charlotte Smith,1226.1
595,David Ekpo,1139.1
595,Emmanuela Odoh,439.8
595,Eno-obong Udofia,524.4
595,Ethan Toudic,2098.3
595,Gianna Cavacuiti,1959.7
595,James hushon,973.2
595,Joy Ojeabulu,603.5
595,Lesley Nyonggesa,623.5
595,Luca Marlowe,481.5
595,Michael Adewumi,1245.6
595,Mimy Kanza,3471.3
595,Otito,939.9
595,Rael,1662.1
595,Rashida kinattingalakath,1777.7
595,Remy,2809.7
595,Rosie Birch,569.5
595,Rufkat Adetola oladipo,2764.5
595,Sally Muinami,933.0
595,Sodiq Salaudeen,2634.9
595,Soumaya,1362.9
595,Steve Nolan,155.1
596,Abderrahmane Boukhaled,2055.8
596,Basirat Adeyemo,3061.3
596,Charlotte Smith,696.7
596,David Ekpo,1653.8
596,Emmanuela Odoh,335.3
596,Eno-obong Udofia,1456.9
596,Ethan Toudic,1082.3
596,Gianna Cavacuiti,328.6
596,James hushon,1637.0
596,Joy Ojeabulu,666.8
596,Lesley Nyonggesa,2123.0
596,Luca Marlowe,1300.8
596,Michael Adewumi,2023.4
596,Mimy Kanza,1384.4
596,Otito,1019.6
596,Rael,461.1
596,Rashida kinattingalakath,1405.9
596,Remy,1004.6
596,Rosie Birch,2565.7
596,Rufkat Adetola oladipo,683.5
596,Sally Muinami,716.5
596,Sodiq Salaudeen,271.4
596,Soumaya,565.9
596,Steve Nolan,1777.4
597,Abderrahmane Boukhaled,2719.6
597,Basirat Adeyemo,457.9
597,Charlotte Smith,1614.3
597,David Ekpo,966.4
597,Emmanuela Odoh,604.8
597,Eno-obong Udofia,2129.6
597,Ethan Toudic,2215.5
597,Gianna Cavacuiti,1145.4
597,James hushon,183.4
597,Joy Ojeabulu,852.7
597,Lesley Nyonggesa,440.0
597,Luca Marlowe,1162.7
597,Michael Adewumi,2803.7
597,Mimy Kanza,913.8
597,Otito,809.4
597,Rael,2885.8
597,Rashida kinattingalakath,767.0
597,Remy,652.1
597,Rosie Birch,1418.0
597,Rufkat Adetola oladipo,1756.3
597,Sally Muinami,2212.0
597,Sodiq Salaudeen,2528.1
597,Soumaya,709.2
597,Steve Nolan,1053.1
598,Abderrahmane Boukhaled,1415.5
598,Basirat Adeyemo,994.1
598,Charlotte Smith,885.1
598,David Ekpo,529.1
598,Emmanuela Odoh,387.8
598,Eno-obong Udofia,1977.5
598,Ethan Toudic,1560.1
598,Gianna Cavacuiti,495.8
598,James hushon,2702.4
598,Joy Ojeabulu,1117.2
598,Lesley Nyonggesa,774.5
598,Luca Marlowe,245.8
598,Michael Adewumi,1765.2
598,Mimy Kanza,1988.7
598,Otito,459.7
598,Rael,2212.8
598,Rashida kinattingalakath,1223.9
598,Remy,1983.2
598,Rosie Birch,1802.3
598,Rufkat Adetola oladipo,2995.0
598,Sally Muinami,554.2
598,Sodiq Salaudeen,1613.8
598,Soumaya,792.7
598,Steve Nolan,1077.2
599,Abderrahmane Boukhaled,2085.6
599,Basirat Adeyemo,2173.4
599,Charlotte Smith,1915.4
599,David Ekpo,1265.0
599,Emmanuela Odoh,319.3
599,Eno-obong Udofia,1513.3
599,Ethan Toudic,100.0
599,Gianna Cavacuiti,1484.2
599,James hushon,340.1
599,Joy Ojeabulu,862.5
599,Lesley Nyonggesa,1939.2
599,Luca Marlowe,1045.3
599,Michael Adewumi,657.2
599,Mimy Kanza,534.2
599,Otito,270.2
599,Rael,2349.9
599,Rashida kinattingalakath,2504.0
599,Remy,1386.1
599,Rosie Birch,1620.3
599,Rufkat Adetola oladipo,709.2
599,Sally Muinami,1052.2
599,Sodiq Salaudeen,866.6
599,Soumaya,1406.5
599,Steve Nolan,100.3
600,Abderrahmane Boukhaled,674.3
600,Basirat Adeyemo,482.3
600,Charlotte Smith,293.5
600,David Ekpo,2788.7
600,Emmanuela Odoh,1076.9
600,Eno-obong Udofia,1312.7
600,Ethan Toudic,122.6
600,Gianna Cavacuiti,332.3
600,James hushon,247.3
600,Joy Ojeabulu,2470.2
600,Lesley Nyonggesa,1316.9
600,Luca Marlowe,907.7
600,Michael Adewumi,1527.6
600,Mimy Kanza,1318.1
600,Otito,533.7
600,Rael,1085.5
600,Rashida kinattingalakath,2249.6
600,Remy,1463.6
600,Rosie Birch,416.7
600,Rufkat Adetola oladipo,2005.8
600,Sally Muinami,1265.1
600,Sodiq Salaudeen,329.8
600,Soumaya,2610.0
600,Steve Nolan,234.9
601,Abderrahmane Boukhaled,500.3
601,Basirat Adeyemo,933.5
601,Charlotte Smith,308.6
601,David Ekpo,973.3
601,Emmanuela Odoh,874.0
601,Eno-obong Udofia,1563.9
601,Ethan Toudic,819.2
601,Gianna Cavacuiti,669.7
601,James hushon,1315.3
601,Joy Ojeabulu,1763.4
601,Lesley Nyonggesa,1001.6
601,Luca Marlowe,657.7
601,Michael Adewumi,1346.3
601,Mimy Kanza,3117.8
601,Otito,397.3
601,Rael,420.0
601,Rashida kinattingalakath,345.7
601,Remy,2286.2
601,Rosie Birch,1324.6
601,Rufkat Adetola oladipo,457.6
601,Sally Muinami,941.6
601,Sodiq Salaudeen,109.0
601,Soumaya,630.2
601,Steve Nolan,1138.5
602,Abderrahmane Boukhaled,1916.5
602,Basirat Adeyemo,1966.0
602,Charlotte Smith,2495.5
602,David Ekpo,664.9
602,Emmanuela Odoh,1102.6
602,Eno-obong Udofia,2297.0
602,Ethan Toudic,2430.2
602,Gianna Cavacuiti,782.3
602,James hushon,1218.4
602,Joy Ojeabulu,1729.5
602,Lesley Nyonggesa,1998.2
602,Luca Marlowe,918.6
602,Michael Adewumi,2036.4
602,Mimy Kanza,404.8
602,Otito,778.8
602,Rael,1048.9
602,Rashida kinattingalakath,241.6
602,Remy,1467.7
602,Rosie Birch,877.6
602,Rufkat Adetola oladipo,1002.7
602,Sally Muinami,2508.1
602,Sodiq Salaudeen,1980.1
602,Soumaya,280.9
602,Steve Nolan,1170.9
603,Abderrahmane Boukhaled,2013.6
603,Basirat Adeyemo,2099.3
603,Charlotte Smith,1098.6
603,David Ekpo,821.6
603,Emmanuela Odoh,1058.2
603,Eno-obong Udofia,219.9
603,Ethan Toudic,1652.4
603,Gianna Cavacuiti,2022.8
603,James hushon,2338.6
603,Joy Ojeabulu,556.6
603,Lesley Nyonggesa,1703.0
603,Luca Marlowe,2740.0
603,Michael Adewumi,785.4
603,Mimy Kanza,916.6
603,Otito,309.9
603,Rael,1934.7
603,Rashida kinattingalakath,764.5
603,Remy,1832.1
603,Rosie Birch,265.6
603,Rufkat Adetola oladipo,1105.5
603,Sally Muinami,890.4
603,Sodiq Salaudeen,625.6
603,Soumaya,1183.4
603,Steve Nolan,2581.1
604,Abderrahmane Boukhaled,605.8
604,Basirat Adeyemo,604.1
604,Charlotte Smith,442.1
604,David Ekpo,1531.5
604,Emmanuela Odoh,407.1
604,Eno-obong Udofia,458.4
604,Ethan Toudic,3000.2
604,Gianna Cavacuiti,1643.1
604,James hushon,1167.8
604,Joy Ojeabulu,703.9
604,Lesley Nyonggesa,1988.4
604,Luca Marlowe,141.0
604,Michael Adewumi,1419.7
604,Mimy Kanza,1394.1
604,Otito,440.3
604,Rael,927.0
604,Rashida kinattingalakath,1552.9
604,Remy,2025.3
604,Rosie Birch,358.7
604,Rufkat Adetola oladipo,1249.9
604,Sally Muinami,918.9
604,Sodiq Salaudeen,1038.2
604,Soumaya,1722.8
604,Steve Nolan,1070.6
605,Abderrahmane Boukhaled,100.0
605,Basirat Adeyemo,1524.7
605,Charlotte Smith,1698.9
605,David Ekpo,1462.1
605,Emmanuela Odoh,150.8
605,Eno-obong Udofia,790.4
605,Ethan Toudic,219.8
605,Gianna Cavacuiti,1459.1
605,James hushon,1044.1
605,Joy Ojeabulu,1425.4
605,Lesley Nyonggesa,2056.2
605,Luca Marlowe,974.8
605,Michael Adewumi,732.4
605,Mimy Kanza,792.5
605,Otito,3874.1
605,Rael,620.3
605,Rashida kinattingalakath,346.8
605,Remy,389.0
605,Rosie Birch,622.8
605,Rufkat Adetola oladipo,1472.2
605,Sally Muinami,1602.1
605,Sodiq Salaudeen,446.2
605,Soumaya,737.4
605,Steve Nolan,1560.4
606,Abderrahmane Boukhaled,693.2
606,Basirat Adeyemo,724.2
606,Charlotte Smith,486.9
606,David Ekpo,1247.6
606,Emmanuela Odoh,214.3
606,Eno-obong Udofia,2486.0
606,Ethan Toudic,1383.9
606,Gianna Cavacuiti,2379.2
606,James hushon,1377.6
606,Joy Ojeabulu,348.0
606,Lesley Nyonggesa,568.4
606,Luca Marlowe,1153.1
606,Michael Adewumi,824.8
606,Mimy Kanza,929.8
606,Otito,1762.0
606,Rael,1155.0
606,Rashida kinattingalakath,492.0
606,Remy,2127.9
606,Rosie Birch,377.1
606,Rufkat Adetola oladipo,1990.3
606,Sally Muinami,1830.6
606,Sodiq Salaudeen,1257.6
606,Soumaya,1087.5
606,Steve Nolan,1482.8
607,Abderrahmane Boukhaled,123.6
607,Basirat Adeyemo,109.3
607,Charlotte Smith,957.4
607,David Ekpo,782.1
607,Emmanuela Odoh,1205.8
607,Eno-obong Udofia,1063.1
607,Ethan Toudic,593.5
607,Gianna Cavacuiti,1365.9
607,James hushon,2140.8
607,Joy Ojeabulu,2270.8
607,Lesley Nyonggesa,910.4
607,Luca Marlowe,1099.3
607,Michael Adewumi,1057.1
607,Mimy Kanza,100.0
607,Otito,1227.0
607,Rael,824.4
607,Rashida kinattingalakath,2274.7
607,Remy,2635.4
607,Rosie Birch,817.5
607,Rufkat Adetola oladipo,235.4
607,Sally Muinami,594.8
607,Sodiq Salaudeen,743.9
607,Soumaya,920.1
607,Steve Nolan,985.3
608,Abderrahmane Boukhaled,937.5
608,Basirat Adeyemo,1469.4
608,Charlotte Smith,2384.9
608,David Ekpo,504.6
608,Emmanuela Odoh,2158.6
608,Eno-obong Udofia,2528.7
608,Ethan Toudic,2074.4
608,Gianna Cavacuiti,2498.7
608,James hushon,1850.0
608,Joy Ojeabulu,704.6
608,Lesley Nyonggesa,1381.0
608,Luca Marlowe,2362.9
608,Michael Adewumi,969.2
608,Mimy Kanza,374.4
608,Otito,2083.0
608,Rael,298.9
608,Rashida kinattingalakath,1113.7
608,Remy,2729.2
608,Rosie Birch,247.0
608,Rufkat Adetola oladipo,739.4
608,Sally Muinami,302.0
608,Sodiq Salaudeen,811.0
608,Soumaya,808.9
608,Steve Nolan,1198.9
609,Abderrahmane Boukhaled,2555.0
609,Basirat Adeyemo,601.5
609,Charlotte Smith,1355.7
609,David Ekpo,976.7
609,Emmanuela Odoh,1178.6
609,Eno-obong Udofia,593.3
609,Ethan Toudic,1038.7
609,Gianna Cavacuiti,1457.2
609,James hushon,2759.4
609,Joy Ojeabulu,2797.0
609,Lesley Nyonggesa,363.2
609,Luca Marlowe,2326.3
609,Michael Adewumi,2230.5
609,Mimy Kanza,739.5
609,Otito,306.0
609,Rael,1078.1
609,Rashida kinattingalakath,1547.0
609,Remy,636.0
609,Rosie Birch,2758.0
609,Rufkat Adetola oladipo,1410.4
609,Sally Muinami,1053.7
609,Sodiq Salaudeen,2220.2
609,Soumaya,318.4
609,Steve Nolan,3014.8
610,Abderrahmane Boukhaled,1517.0
610,Basirat Adeyemo,619.7
610,Charlotte Smith,1659.4
610,David Ekpo,2392.2
610,Emmanuela Odoh,1712.2
610,Eno-obong Udofia,651.2
610,Ethan Toudic,1103.3
610,Gianna Cavacuiti,694.6
610,James hushon,712.1
610,Joy Ojeabulu,1036.2
610,Lesley Nyonggesa,108.4
610,Luca Marlowe,1712.7
610,Michael Adewumi,116.5
610,Mimy Kanza,2007.4
610,Otito,463.9
610,Rael,2170.6
610,Rashida kinattingalakath,524.9
610,Remy,991.8
610,Rosie Birch,2199.2
610,Rufkat Adetola oladipo,1358.0
610,Sally Muinami,873.4
610,Sodiq Salaudeen,2424.4
610,Soumaya,1481.9
610,Steve Nolan,1828.7
611,Abderrahmane Boukhaled,1356.4
611,Basirat Adeyemo,396.5
611,Charlotte Smith,760.0
611,David Ekpo,898.9
611,Emmanuela Odoh,836.1
611,Eno-obong Udofia,1771.7
611,Ethan Toudic,1910.5
611,Gianna Cavacuiti,3308.1
611,James hushon,1557.5
611,Joy Ojeabulu,331.6
611,Lesley Nyonggesa,1620.5
611,Luca Marlowe,2271.0
611,Michael Adewumi,2133.6
611,Mimy Kanza,1879.7
611,Otito,1560.8
611,Rael,571.3
611,Rashida kinattingalakath,681.3
611,Remy,354.9
611,Rosie Birch,1073.0
611,Rufkat Adetola oladipo,1067.0
611,Sally Muinami,2529.3
611,Sodiq Salaudeen,460.6
611,Soumaya,295.0
611,Steve Nolan,1246.0
612,Abderrahmane Boukhaled,1362.8
612,Basirat Adeyemo,1439.4
612,Charlotte Smith,2388.2
612,David Ekpo,2074.6
612,Emmanuela Odoh,1782.6
612,Eno-obong Udofia,234.4
612,Ethan Toudic,2522.7
612,Gianna Cavacuiti,932.6
612,James hushon,582.6
612,Joy Ojeabulu,697.0
612,Lesley Nyonggesa,1551.7
612,Luca Marlowe,474.8
612,Michael Adewumi,237.9
612,Mimy Kanza,2118.3
612,Otito,1235.9
612,Rael,2441.4
612,Rashida kinattingalakath,580.4
612,Remy,1246.6
612,Rosie Birch,1091.1
612,Rufkat Adetola oladipo,2199.7
612,Sally Muinami,1071.5
612,Sodiq Salaudeen,2104.6
612,Soumaya,1150.4
612,Steve Nolan,1486.9
613,Abderrahmane Boukhaled,2040.4
613,Basirat Adeyemo,1643.4
613,Charlotte Smith,831.9
613,David Ekpo,1948.4
613,Emmanuela Odoh,1505.1
613,Eno-obong Udofia,1515.4
613,Ethan Toudic,1150.8
613,Gianna Cavacuiti,1063.7
613,James hushon,373.7
613,Joy Ojeabulu,772.5
613,Lesley Nyonggesa,1905.0
613,Luca Marlowe,1741.0
613,Michael Adewumi,1100.9
613,Mimy Kanza,343.6
613,Otito,2048.4
613,Rael,1318.2
613,Rashida kinattingalakath,1928.2
613,Remy,711.6
613,Rosie Birch,858.0
613,Rufkat Adetola oladipo,639.2
613,Sally Muinami,295.8
613,Sodiq Salaudeen,1299.3
613,Soumaya,1909.7
613,Steve Nolan,1448.5
614,Abderrahmane Boukhaled,1124.1
614,Basirat Adeyemo,990.2
614,Charlotte Smith,1034.8
614,David Ekpo,991.1
614,Emmanuela Odoh,1779.1
614,Eno-obong Udofia,1429.7
614,Ethan Toudic,2447.3
614,Gianna Cavacuiti,3293.9
614,James hushon,545.9
614,Joy Ojeabulu,1374.3
614,Lesley Nyonggesa,1821.8
614,Luca Marlowe,551.3
614,Michael Adewumi,2346.7
614,Mimy Kanza,2104.6
614,Otito,737.2
614,Rael,1165.0
614,Rashida kinattingalakath,1615.6
614,Remy,638.0
614,Rosie Birch,1894.1
614,Rufkat Adetola oladipo,987.9
614,Sally Muinami,547.4
614,Sodiq Salaudeen,2388.2
614,Soumaya,484.8
614,Steve Nolan,879.5
615,Abderrahmane Boukhaled,773.1
615,Basirat Adeyemo,850.3
615,Charlotte Smith,3033.3
615,David Ekpo,1916.1
615,Emmanuela Odoh,360.5
615,Eno-obong Udofia,1655.8
615,Ethan Toudic,2058.7
615,Gianna Cavacuiti,1252.0
615,James hushon,983.2
615,Joy Ojeabulu,1288.2
615,Lesley Nyonggesa,955.1
615,Luca Marlowe,1002.6
615,Michael Adewumi,1577.0
615,Mimy Kanza,2085.4
615,Otito,817.9
615,Rael,836.6
615,Rashida kinattingalakath,624.7
615,Remy,1901.9
615,Rosie Birch,1908.0
615,Rufkat Adetola oladipo,1763.3
615,Sally Muinami,1581.7
615,Sodiq Salaudeen,747.2
615,Soumaya,261.8
615,Steve Nolan,2145.2
616,Abderrahmane Boukhaled,2117.2
616,Basirat Adeyemo,500.0
616,Charlotte Smith,621.3
616,David Ekpo,390.1
616,Emmanuela Odoh,1705.3
616,Eno-obong Udofia,1476.6
616,Ethan Toudic,2425.8
616,Gianna Cavacuiti,1785.1
616,James hushon,961.4
616,Joy Ojeabulu,1857.7
616,Lesley Nyonggesa,1796.9
616,Luca Marlowe,1087.0
616,Michael Adewumi,1396.8
616,Mimy Kanza,1454.9
616,Otito,912.8
616,Rael,532.0
616,Rashida kinattingalakath,320.7
616,Remy,1460.8
616,Rosie Birch,1273.3
616,Rufkat Adetola oladipo,577.8
616,Sally Muinami,1023.8
616,Sodiq Salaudeen,1380.1
616,Soumaya,1711.7
616,Steve Nolan,1893.8
617,Abderrahmane Boukhaled,1004.4
617,Basirat Adeyemo,766.1
617,Charlotte Smith,1944.0
617,David Ekpo,2495.4
617,Emmanuela Odoh,471.4
617,Eno-obong Udofia,483.9
617,Ethan Toudic,240.8
617,Gianna Cavacuiti,1776.3
617,James hushon,555.4
617,Joy Ojeabulu,2480.4
617,Lesley Nyonggesa,1461.2
617,Luca Marlowe,259.7
617,Michael Adewumi,1987.9
617,Mimy Kanza,992.5
617,Otito,1443.3
617,Rael,1126.4
617,Rashida kinattingalakath,2164.2
617,Remy,621.9
617,Rosie Birch,907.4
617,Rufkat Adetola oladipo,1861.5
617,Sally Muinami,823.8
617,Sodiq Salaudeen,1546.4
617,Soumaya,986.0
617,Steve Nolan,513.7
618,Abderrahmane Boukhaled,480.9
618,Basirat Adeyemo,701.2
618,Charlotte Smith,1114.1
618,David Ekpo,241.5
618,Emmanuela Odoh,2221.9
618,Eno-obong Udofia,2084.6
618,Ethan Toudic,1482.8
618,Gianna Cavacuiti,713.3
618,James hushon,851.8
618,Joy Ojeabulu,507.5
618,Lesley Nyonggesa,1273.6
618,Luca Marlowe,1349.1
618,Michael Adewumi,1817.1
618,Mimy Kanza,1149.3
618,Otito,2067.1
618,Rael,1871.6
618,Rashida kinattingalakath,1351.2
618,Remy,1682.7
618,Rosie Birch,1733.6
618,Rufkat Adetola oladipo,2076.4
618,Sally Muinami,1592.5
618,Sodiq Salaudeen,1276.1
618,Soumaya,1056.5
618,Steve Nolan,680.9
619,Abderrahmane Boukhaled,1043.7
619,Basirat Adeyemo,2778.0
619,Charlotte Smith,1404.2
619,David Ekpo,1828.6
619,Emmanuela Odoh,2192.7
619,Eno-obong Udofia,543.5
619,Ethan Toudic,1787.0
619,Gianna Cavacuiti,929.7
619,James hushon,2262.0
619,Joy Ojeabulu,1432.4
619,Lesley Nyonggesa,854.8
619,Luca Marlowe,1958.4
619,Michael Adewumi,1119.5
619,Mimy Kanza,1000.5
619,Otito,597.0
619,Rael,1296.6
619,Rashida kinattingalakath,2208.5
619,Remy,650.0
619,Rosie Birch,330.0
619,Rufkat Adetola oladipo,936.4
619,Sally Muinami,1038.1
619,Sodiq Salaudeen,1114.1
619,Soumaya,643.0
619,Steve Nolan,525.4
620,Abderrahmane Boukhaled,1849.4
620,Basirat Adeyemo,1160.0
620,Charlotte Smith,438.7
620,David Ekpo,796.8
620,Emmanuela Odoh,366.2
620,Eno-obong Udofia,2255.4
620,Ethan Toudic,553.0
620,Gianna Cavacuiti,1605.4
620,James hushon,1549.8
620,Joy Ojeabulu,2512.2
620,Lesley Nyonggesa,244.5
620,Luca Marlowe,1231.0
620,Michael Adewumi,463.3
620,Mimy Kanza,1251.8
620,Otito,167.0
620,Rael,1078.6
620,Rashida kinattingalakath,1127.7
620,Remy,1644.1
620,Rosie Birch,331.5
620,Rufkat Adetola oladipo,385.8
620,Sally Muinami,1297.9
620,Sodiq Salaudeen,491.4
620,Soumaya,1440.5
620,Steve Nolan,792.6
621,Abderrahmane Boukhaled,1445.3
621,Basirat Adeyemo,1653.1
621,Charlotte Smith,1371.8
621,David Ekpo,2078.5
621,Emmanuela Odoh,2890.9
621,Eno-obong Udofia,2208.9
621,Ethan Toudic,1018.9
621,Gianna Cavacuiti,1047.0
621,James hushon,1433.6
621,Joy Ojeabulu,829.6
621,Lesley Nyonggesa,2716.2
621,Luca Marlowe,3181.4
621,Michael Adewumi,1004.4
621,Mimy Kanza,497.5
621,Otito,1316.4
621,Rael,2361.6
621,Rashida kinattingalakath,1598.6
621,Remy,1572.6
621,Rosie Birch,307.7
621,Rufkat Adetola oladipo,1085.4
621,Sally Muinami,112.1
621,Sodiq Salaudeen,2590.9
621,Soumaya,1484.1
621,Steve Nolan,1434.0
622,Abderrahmane Boukhaled,1155.3
622,Basirat Adeyemo,1502.9
622,Charlotte Smith,1279.2
622,David Ekpo,1806.6
622,Emmanuela Odoh,3365.2
622,Eno-obong Udofia,1728.1
622,Ethan Toudic,752.1
622,Gianna Cavacuiti,3261.0
622,James hushon,585.2
622,Joy Ojeabulu,678.2
622,Lesley Nyonggesa,2316.8
622,Luca Marlowe,505.4
622,Michael Adewumi,1557.1
622,Mimy Kanza,1879.0
622,Otito,760.6
622,Rael,2875.7
622,Rashida kinattingalakath,677.2
622,Remy,506.0
622,Rosie Birch,449.3
622,Rufkat Adetola oladipo,1359.9
622,Sally Muinami,1450.2
622,Sodiq Salaudeen,1081.7
622,Soumaya,1942.9
622,Steve Nolan,565.5
623,Abderrahmane Boukhaled,2330.0
623,Basirat Adeyemo,1534.9
623,Charlotte Smith,1267.8
623,David Ekpo,1569.3
623,Emmanuela Odoh,680.7
623,Eno-obong Udofia,1582.8
623,Ethan Toudic,2114.7
623,Gianna Cavacuiti,864.8
623,James hushon,435.6
623,Joy Ojeabulu,268.7
623,Lesley Nyonggesa,1121.9
623,Luca Marlowe,2592.0
623,Michael Adewumi,1631.5
623,Mimy Kanza,1145.4
623,Otito,2514.2
623,Rael,639.6
623,Rashida kinattingalakath,2764.2
623,Remy,1099.4
623,Rosie Birch,272.2
623,Rufkat Adetola oladipo,552.3
623,Sally Muinami,982.6
623,Sodiq Salaudeen,1250.3
623,Soumaya,997.4
623,Steve Nolan,342.4
624,Abderrahmane Boukhaled,381.2
624,Basirat Adeyemo,579.7
624,Charlotte Smith,1290.6
624,David Ekpo,2082.0
624,Emmanuela Odoh,492.7
624,Eno-obong Udofia,900.4
624,Ethan Toudic,438.4
624,Gianna Cavacuiti,366.4
624,James hushon,1737.0
624,Joy Ojeabulu,533.8
624,Lesley Nyonggesa,1322.6
624,Luca Marlowe,3636.7
624,Michael Adewumi,1685.1
624,Mimy Kanza,1777.3
624,Otito,2050.2
624,Rael,2491.0
624,Rashida kinattingalakath,238.9
624,Remy,1891.2
624,Rosie Birch,166.3
624,Rufkat Adetola oladipo,1939.5
624,Sally Muinami,1358.4
624,Sodiq Salaudeen,2183.1
624,Soumaya,1391.8
624,Steve Nolan,1071.2
625,Abderrahmane Boukhaled,1393.8
625,Basirat Adeyemo,867.5
625,Charlotte Smith,1077.6
625,David Ekpo,2469.2
625,Emmanuela Odoh,1242.8
625,Eno-obong Udofia,1356.6
625,Ethan Toudic,2044.0
625,Gianna Cavacuiti,824.7
625,James hushon,1227.2
625,Joy Ojeabulu,1053.5
625,Lesley Nyonggesa,779.4
625,Luca Marlowe,1361.8
625,Michael Adewumi,1926.9
625,Mimy Kanza,1096.6
625,Otito,1656.4
625,Rael,853.2
625,Rashida kinattingalakath,742.8
625,Remy,458.0
625,Rosie Birch,604.2
625,Rufkat Adetola oladipo,1118.4
625,Sally Muinami,999.1
625,Sodiq Salaudeen,1253.6
625,Soumaya,549.6
625,Steve Nolan,514.5
626,Abderrahmane Boukhaled,4155.4
626,Basirat Adeyemo,310.9
626,Charlotte Smith,1878.7
626,David Ekpo,135.0
626,Emmanuela Odoh,372.9
626,Eno-obong Udofia,2535.9
626,Ethan Toudic,1467.1
626,Gianna Cavacuiti,2206.0
626,James hushon,891.0
626,Joy Ojeabulu,109.5
626,Lesley Nyonggesa,1210.6
626,Luca Marlowe,1042.0
626,Michael Adewumi,772.4
626,Mimy Kanza,1131.0
626,Otito,1091.0
626,Rael,1347.0
626,Rashida kinattingalakath,855.0
626,Remy,2165.0
626,Rosie Birch,1398.0
626,Rufkat Adetola oladipo,412.3
626,Sally Muinami,752.6
626,Sodiq Salaudeen,319.2
626,Soumaya,420.6
626,Steve Nolan,1709.6
627,Abderrahmane Boukhaled,992.2
627,Basirat Adeyemo,1470.9
627,Charlotte Smith,770.7
627,David Ekpo,1890.2
627,Emmanuela Odoh,1644.4
627,Eno-obong Udofia,964.4
627,Ethan Toudic,3527.1
627,Gianna Cavacuiti,907.0
627,James hushon,1155.9
627,Joy Ojeabulu,1115.2
627,Lesley Nyonggesa,2300.1
627,Luca Marlowe,2048.2
627,Michael Adewumi,1022.7
627,Mimy Kanza,2624.1
627,Otito,804.9
627,Rael,286.1
627,Rashida kinattingalakath,455.5
627,Remy,1441.8
627,Rosie Birch,1738.9
627,Rufkat Adetola oladipo,2349.9
627,Sally Muinami,568.7
627,Sodiq Salaudeen,100.0
627,Soumaya,334.7
627,Steve Nolan,199.8
628,Abderrahmane Boukhaled,428.6
628,Basirat Adeyemo,1077.7
628,Charlotte Smith,645.4
628,David Ekpo,722.6
628,Emmanuela Odoh,538.0
628,Eno-obong Udofia,749.3
628,Ethan Toudic,166.6
628,Gianna Cavacuiti,571.1
628,James hushon,1058.6
628,Joy Ojeabulu,1476.6
628,Lesley Nyonggesa,899.9
628,Luca Marlowe,1531.0
628,Michael Adewumi,833.5
628,Mimy Kanza,1434.8
628,Otito,1273.6
628,Rael,780.4
628,Rashida kinattingalakath,906.2
628,Remy,735.3
628,Rosie Birch,685.4
628,Rufkat Adetola oladipo,2885.6
628,Sally Muinami,836.3
628,Sodiq Salaudeen,1556.4
628,Soumaya,1541.9
628,Steve Nolan,853.3
629,Abderrahmane Boukhaled,1864.0
629,Basirat Adeyemo,632.4
629,Charlotte Smith,1650.7
629,David Ekpo,152.1
629,Emmanuela Odoh,817.8
629,Eno-obong Udofia,1283.8
629,Ethan Toudic,1802.4
629,Gianna Cavacuiti,1285.7
629,James hushon,2184.2
629,Joy Ojeabulu,2626.4
629,Lesley Nyonggesa,1648.2
629,Luca Marlowe,1294.3
629,Michael Adewumi,1900.7
629,Mimy Kanza,1202.0
629,Otito,2248.3
629,Rael,1096.7
629,Rashida kinattingalakath,1040.6
629,Remy,877.5
629,Rosie Birch,1488.1
629,Rufkat Adetola oladipo,273.8
629,Sally Muinami,1515.3
629,Sodiq Salaudeen,2147.4
629,Soumaya,200.7
629,Steve Nolan,1607.4
630,Abderrahmane Boukhaled,1088.5
630,Basirat Adeyemo,1542.8
630,Charlotte Smith,228.1
630,David Ekpo,1122.7
630,Emmanuela Odoh,2452.4
630,Eno-obong Udofia,2212.4
630,Ethan Toudic,1651.8
630,Gianna Cavacuiti,801.2
630,James hushon,229.0
630,Joy Ojeabulu,978.8
630,Lesley Nyonggesa,1194.6
630,Luca Marlowe,1046.4
630,Michael Adewumi,856.5
630,Mimy Kanza,477.0
630,Otito,422.8
630,Rael,1222.0
630,Rashida kinattingalakath,875.3
630,Remy,2290.7
630,Rosie Birch,395.4
630,Rufkat Adetola oladipo,833.0
630,Sally Muinami,882.0
630,Sodiq Salaudeen,1257.5
630,Soumaya,1739.4
630,Steve Nolan,2369.7
631,Abderrahmane Boukhaled,1291.8
631,Basirat Adeyemo,1774.6
631,Charlotte Smith,1344.2
631,David Ekpo,804.6
631,Emmanuela Odoh,172.2
631,Eno-obong Udofia,982.8
631,Ethan Toudic,394.6
631,Gianna Cavacuiti,594.8
631,James hushon,555.1
631,Joy Ojeabulu,1822.0
631,Lesley Nyonggesa,927.7
631,Luca Marlowe,1809.7
631,Michael Adewumi,729.3
631,Mimy Kanza,1146.0
631,Otito,1627.1
631,Rael,1106.3
631,Rashida kinattingalakath,1105.6
631,Remy,952.7
631,Rosie Birch,434.9
631,Rufkat Adetola oladipo,2273.9
631,Sally Muinami,1766.1
631,Sodiq Salaudeen,1191.9
631,Soumaya,1398.6
631,Steve Nolan,1268.2
632,Abderrahmane Boukhaled,436.8
632,Basirat Adeyemo,1767.1
632,Charlotte Smith,1716.8
632,David Ekpo,872.1
632,Emmanuela Odoh,360.0
632,Eno-obong Udofia,483.3
632,Ethan Toudic,1775.4
632,Gianna Cavacuiti,1120.4
632,James hushon,1369.6
632,Joy Ojeabulu,1744.5
632,Lesley Nyonggesa,1174.7
632,Luca Marlowe,1011.9
632,Michael Adewumi,168.0
632,Mimy Kanza,668.4
632,Otito,1265.1
632,Rael,1439.6
632,Rashida kinattingalakath,1229.8
632,Remy,1499.8
632,Rosie Birch,198.9
632,Rufkat Adetola oladipo,1112.3
632,Sally Muinami,170.8
632,Sodiq Salaudeen,265.2
632,Soumaya,1942.6
632,Steve Nolan,3060.9
633,Abderrahmane Boukhaled,2072.7
633,Basirat Adeyemo,976.6
633,Charlotte Smith,481.7
633,David Ekpo,1636.5
633,Emmanuela Odoh,1049.4
633,Eno-obong Udofia,2333.1
633,Ethan Toudic,1747.6
633,Gianna Cavacuiti,1074.3
633,James hushon,1590.2
633,Joy Ojeabulu,831.5
633,Lesley Nyonggesa,364.5
633,Luca Marlowe,825.6
633,Michael Adewumi,2118.8
633,Mimy Kanza,1444.4
633,Otito,1414.2
633,Rael,705.1
633,Rashida kinattingalakath,1488.4
633,Remy,1873.2
633,Rosie Birch,1383.9
633,Rufkat Adetola oladipo,2435.8
633,Sally Muinami,1836.9
633,Sodiq Salaudeen,1080.5
633,Soumaya,2902.6
633,Steve Nolan,1129.8
634,Abderrahmane Boukhaled,995.4
634,Basirat Adeyemo,509.6
634,Charlotte Smith,1605.8
634,David Ekpo,218.8
634,Emmanuela Odoh,407.8
634,Eno-obong Udofia,918.0
634,Ethan Toudic,452.3
634,Gianna Cavacuiti,453.0
634,James hushon,1889.1
634,Joy Ojeabulu,1801.1
634,Lesley Nyonggesa,713.6
634,Luca Marlowe,458.3
634,Michael Adewumi,1688.3
634,Mimy Kanza,1240.8
634,Otito,1776.3
634,Rael,1924.2
634,Rashida kinattingalakath,2331.4
634,Remy,2266.9
634,Rosie Birch,1999.3
634,Rufkat Adetola oladipo,177.8
634,Sally Muinami,607.4
634,Sodiq Salaudeen,1524.6
634,Soumaya,1205.1
634,Steve Nolan,1290.6
635,Abderrahmane Boukhaled,613.9
635,Basirat Adeyemo,531.5
635,Charlotte Smith,1887.0
635,David Ekpo,729.0
635,Emmanuela Odoh,775.9
635,Eno-obong Udofia,2858.6
635,Ethan Toudic,275.4
635,Gianna Cavacuiti,798.7
635,James hushon,1058.0
635,Joy Ojeabulu,880.6
635,Lesley Nyonggesa,411.5
635,Luca Marlowe,2078.1
635,Michael Adewumi,833.9
635,Mimy Kanza,150.0
635,Otito,1418.6
635,Rael,975.7
635,Rashida kinattingalakath,2366.1
635,Remy,1237.1
635,Rosie Birch,243.8
635,Rufkat Adetola oladipo,815.3
635,Sally Muinami,1448.8
635,Sodiq Salaudeen,298.0
635,Soumaya,1787.7
635,Steve Nolan,147.5
636,Abderrahmane Boukhaled,1396.8
636,Basirat Adeyemo,1360.7
636,Charlotte Smith,1887.3
636,David Ekpo,1399.8
636,Emmanuela Odoh,955.2
636,Eno-obong Udofia,1185.6
636,Ethan Toudic,1081.6
636,Gianna Cavacuiti,1945.2
636,James hushon,2741.8
636,Joy Ojeabulu,1858.7
636,Lesley Nyonggesa,813.5
636,Luca Marlowe,2444.5
636,Michael Adewumi,1078.3
636,Mimy Kanza,1966.5
636,Otito,1718.5
636,Rael,1935.7
636,Rashida kinattingalakath,2321.6
636,Remy,1411.0
636,Rosie Birch,992.1
636,Rufkat Adetola oladipo,1144.0
636,Sally Muinami,1510.5
636,Sodiq Salaudeen,409.9
636,Soumaya,2684.7
636,Steve Nolan,288.0
637,Abderrahmane Boukhaled,1269.3
637,Basirat Adeyemo,261.8
637,Charlotte Smith,178.3
637,David Ekpo,1694.5
637,Emmanuela Odoh,969.7
637,Eno-obong Udofia,1485.4
637,Ethan Toudic,994.1
637,Gianna Cavacuiti,1707.8
637,James hushon,1343.1
637,Joy Ojeabulu,1509.4
637,Lesley Nyonggesa,2140.4
637,Luca Marlowe,480.4
637,Michael Adewumi,586.1
637,Mimy Kanza,1130.8
637,Otito,1338.1
637,Rael,393.5
637,Rashida kinattingalakath,1078.4
637,Remy,526.3
637,Rosie Birch,1013.3
637,Rufkat Adetola oladipo,1410.6
637,Sally Muinami,1624.8
637,Sodiq Salaudeen,1072.9
637,Soumaya,517.0
637,Steve Nolan,2366.9
638,Abderrahmane Boukhaled,1371.6
638,Basirat Adeyemo,812.6
638,Charlotte Smith,601.8
638,David Ekpo,3193.8
638,Emmanuela Odoh,442.9
638,Eno-obong Udofia,2016.0
638,Ethan Toudic,1654.6
638,Gianna Cavacuiti,1217.2
638,James hushon,1791.7
638,Joy Ojeabulu,271.1
638,Lesley Nyonggesa,436.8
638,Luca Marlowe,762.2
638,Michael Adewumi,280.6
638,Mimy Kanza,1809.9
638,Otito,1052.4
638,Rael,1041.8
638,Rashida kinattingalakath,678.9
638,Remy,676.0
638,Rosie Birch,1026.6
638,Rufkat Adetola oladipo,202.9
638,Sally Muinami,522.8
638,Sodiq Salaudeen,970.9
638,Soumaya,1237.8
638,Steve Nolan,1277.0
639,Abderrahmane Boukhaled,646.1
639,Basirat Adeyemo,1197.6
639,Charlotte Smith,1136.9
639,David Ekpo,1303.3
639,Emmanuela Odoh,451.4
639,Eno-obong Udofia,2629.6
639,Ethan Toudic,1179.6
639,Gianna Cavacuiti,1807.4
639,James hushon,908.1
639,Joy Ojeabulu,2336.7
639,Lesley Nyonggesa,1053.6
639,Luca Marlowe,1292.7
639,Michael Adewumi,1347.5
639,Mimy Kanza,1618.5
639,Otito,1739.1
639,Rael,1262.0
639,Rashida kinattingalakath,848.3
639,Remy,715.9
639,Rosie Birch,3667.9
639,Rufkat Adetola oladipo,1701.1
639,Sally Muinami,1210.3
639,Sodiq Salaudeen,432.5
639,Soumaya,1868.3
639,Steve Nolan,1480.2
640,Abderrahmane Boukhaled,1177.4
640,Basirat Adeyemo,1575.1
640,Charlotte Smith,2739.6
640,David Ekpo,491.9
640,Emmanuela Odoh,1479.1
640,Eno-obong Udofia,951.1
640,Ethan Toudic,460.8
640,Gianna Cavacuiti,488.3
640,James hushon,1231.3
640,Joy Ojeabulu,719.4
640,Lesley Nyonggesa,1130.7
640,Luca Marlowe,925.8
640,Michael Adewumi,936.6
640,Mimy Kanza,682.1
640,Otito,780.7
640,Rael,1733.8
640,Rashida kinattingalakath,1186.8
640,Remy,206.4
640,Rosie Birch,2067.8
640,Rufkat Adetola oladipo,678.5
640,Sally Muinami,2114.5
640,Sodiq Salaudeen,675.6
640,Soumaya,1117.7
640,Steve Nolan,1249.8
641,Abderrahmane Boukhaled,1560.6
641,Basirat Adeyemo,1911.9
641,Charlotte Smith,2098.2
641,David Ekpo,379.9
641,Emmanuela Odoh,1666.0
641,Eno-obong Udofia,1845.7
641,Ethan Toudic,2562.8
641,Gianna Cavacuiti,729.0
641,James hushon,1333.1
641,Joy Ojeabulu,1326.8
641,Lesley Nyonggesa,897.2
641,Luca Marlowe,807.2
641,Michael Adewumi,772.7
641,Mimy Kanza,1609.6
641,Otito,101.6
641,Rael,1678.1
641,Rashida kinattingalakath,622.3
641,Remy,588.6
641,Rosie Birch,563.2
641,Rufkat Adetola oladipo,1165.8
641,Sally Muinami,374.2
641,Sodiq Salaudeen,1720.7
641,Soumaya,593.1
641,Steve Nolan,2629.4
642,Abderrahmane Boukhaled,1184.9
642,Basirat Adeyemo,859.8
642,Charlotte Smith,1210.0
642,David Ekpo,238.8
642,Emmanuela Odoh,711.4
642,Eno-obong Udofia,537.0
642,Ethan Toudic,2143.6
642,Gianna Cavacuiti,1609.4
642,James hushon,778.8
642,Joy Ojeabulu,1828.5
642,Lesley Nyonggesa,1096.9
642,Luca Marlowe,636.5
642,Michael Adewumi,647.0
642,Mimy Kanza,1223.9
642,Otito,1770.3
642,Rael,1405.6
642,Rashida kinattingalakath,1805.9
642,Remy,750.2
642,Rosie Birch,773.0
642,Rufkat Adetola oladipo,2919.3
642,Sally Muinami,1031.0
642,Sodiq Salaudeen,1249.4
642,Soumaya,1743.1
642,Steve Nolan,269.2
643,Abderrahmane Boukhaled,1538.2
643,Basirat Adeyemo,1720.0
643,Charlotte Smith,1235.9
643,David Ekpo,181.7
643,Emmanuela Odoh,625.0
643,Eno-obong Udofia,613.6
643,Ethan Toudic,987.8
643,Gianna Cavacuiti,388.3
643,James hushon,509.5
643,Joy Ojeabulu,1117.9
643,Lesley Nyonggesa,506.0
643,Luca Marlowe,1457.2
643,Michael Adewumi,1126.0
643,Mimy Kanza,1945.4
643,Otito,2878.9
643,Rael,1897.2
643,Rashida kinattingalakath,1194.0
643,Remy,2311.2
643,Rosie Birch,1077.4
643,Rufkat Adetola oladipo,252.9
643,Sally Muinami,1435.9
643,Sodiq Salaudeen,1034.0
643,Soumaya,754.5
643,Steve Nolan,1097.4
644,Abderrahmane Boukhaled,792.1
644,Basirat Adeyemo,1488.6
644,Charlotte Smith,1342.6
644,David Ekpo,3428.8
644,Emmanuela Odoh,1018.2
644,Eno-obong Udofia,1840.2
644,Ethan Toudic,1136.1
644,Gianna Cavacuiti,1806.8
644,James hushon,1220.1
644,Joy Ojeabulu,1166.8
644,Lesley Nyonggesa,1517.9
644,Luca Marlowe,150.8
644,Michael Adewumi,2085.2
644,Mimy Kanza,2316.3
644,Otito,1748.1
644,Rael,1345.1
644,Rashida kinattingalakath,689.7
644,Remy,1382.9
644,Rosie Birch,113.7
644,Rufkat Adetola oladipo,792.8
644,Sally Muinami,499.0
644,Sodiq Salaudeen,1041.3
644,Soumaya,342.4
644,Steve Nolan,1605.2
645,Abderrahmane Boukhaled,1911.1
645,Basirat Adeyemo,1305.6
645,Charlotte Smith,1355.5
645,David Ekpo,318.0
645,Emmanuela Odoh,669.4
645,Eno-obong Udofia,2836.6
645,Ethan Toudic,1876.5
645,Gianna Cavacuiti,794.8
645,James hushon,1470.3
645,Joy Ojeabulu,1212.8
645,Lesley Nyonggesa,1816.4
645,Luca Marlowe,1325.6
645,Michael Adewumi,2244.1
645,Mimy Kanza,819.7
645,Otito,1859.1
645,Rael,1427.3
645,Rashida kinattingalakath,1327.4
645,Remy,460.8
645,Rosie Birch,1295.9
645,Rufkat Adetola oladipo,1267.4
645,Sally Muinami,818.6
645,Sodiq Salaudeen,498.1
645,Soumaya,1091.1
645,Steve Nolan,691.3
646,Abderrahmane Boukhaled,681.1
646,Basirat Adeyemo,801.7
646,Charlotte Smith,1230.0
646,David Ekpo,418.9
646,Emmanuela Odoh,358.4
646,Eno-obong Udofia,409.7
646,Ethan Toudic,1760.1
646,Gianna Cavacuiti,1401.5
646,James hushon,2071.1
646,Joy Ojeabulu,999.1
646,Lesley Nyonggesa,547.4
646,Luca Marlowe,1116.1
646,Michael Adewumi,2624.1
646,Mimy Kanza,1845.9
646,Otito,1180.5
646,Rael,2337.2
646,Rashida kinattingalakath,1052.7
646,Remy,1035.3
646,Rosie Birch,1223.6
646,Rufkat Adetola oladipo,3246.5
646,Sally Muinami,732.6
646,Sodiq Salaudeen,2165.4
646,Soumaya,267.4
646,Steve Nolan,1469.3
647,Abderrahmane Boukhaled,741.4
647,Basirat Adeyemo,2769.3
647,Charlotte Smith,2280.4
647,David Ekpo,1092.9
647,Emmanuela Odoh,1018.9
647,Eno-obong Udofia,751.0
647,Ethan Toudic,2061.2
647,Gianna Cavacuiti,1802.2
647,James hushon,470.6
647,Joy Ojeabulu,1086.8
647,Lesley Nyonggesa,1455.1
647,Luca Marlowe,116.4
647,Michael Adewumi,900.0
647,Mimy Kanza,1890.6
647,Otito,1625.8
647,Rael,639.6
647,Rashida kinattingalakath,2018.4
647,Remy,2822.7
647,Rosie Birch,1125.9
647,Rufkat Adetola oladipo,547.3
647,Sally Muinami,1530.1
647,Sodiq Salaudeen,774.0
647,Soumaya,115.5
647,Steve Nolan,1022.6
648,Abderrahmane Boukhaled,700.6
648,Basirat Adeyemo,1515.6
648,Charlotte Smith,494.2
648,David Ekpo,748.8
648,Emmanuela Odoh,2486.4
648,Eno-obong Udofia,1667.0
648,Ethan Toudic,1485.7
648,Gianna Cavacuiti,2184.8
648,James hushon,714.6
648,Joy Ojeabulu,1752.0
648,Lesley Nyonggesa,718.2
648,Luca Marlowe,2611.5
648,Michael Adewumi,574.4
648,Mimy Kanza,1607.3
648,Otito,1370.1
648,Rael,1450.4
648,Rashida kinattingalakath,2257.7
648,Remy,1240.7
648,Rosie Birch,1986.3
648,Rufkat Adetola oladipo,494.3
648,Sally Muinami,2175.4
648,Sodiq Salaudeen,1348.6
648,Soumaya,2499.9
648,Steve Nolan,178.8
649,Abderrahmane Boukhaled,1625.6
649,Basirat Adeyemo,1608.5
649,Charlotte Smith,336.2
649,David Ekpo,1836.5
649,Emmanuela Odoh,1951.7
649,Eno-obong Udofia,717.8
649,Ethan Toudic,1316.1
649,Gianna Cavacuiti,2638.4
649,James hushon,1012.8
649,Joy Ojeabulu,220.4
649,Lesley Nyonggesa,837.4
649,Luca Marlowe,1296.9
649,Michael Adewumi,1179.1
649,Mimy Kanza,644.5
649,Otito,1265.1
649,Rael,1890.5
649,Rashida kinattingalakath,1655.1
649,Remy,960.6
649,Rosie Birch,244.5
649,Rufkat Adetola oladipo,1347.7
649,Sally Muinami,431.4
649,Sodiq Salaudeen,2671.9
649,Soumaya,1553.1
649,Steve Nolan,1479.7
650,Abderrahmane Boukhaled,1428.4
650,Basirat Adeyemo,1451.4
650,Charlotte Smith,1670.9
650,David Ekpo,1742.0
650,Emmanuela Odoh,1373.6
650,Eno-obong Udofia,1555.4
650,Ethan Toudic,1507.1
650,Gianna Cavacuiti,3638.6
650,James hushon,819.6
650,Joy Ojeabulu,789.7
650,Lesley Nyonggesa,2025.7
650,Luca Marlowe,973.9
650,Michael Adewumi,1651.2
650,Mimy Kanza,1485.1
650,Otito,1162.0
650,Rael,1422.6
650,Rashida kinattingalakath,984.5
650,Remy,1488.5
650,Rosie Birch,868.5
650,Rufkat Adetola oladipo,982.2
650,Sally Muinami,755.5
650,Sodiq Salaudeen,692.3
650,Soumaya,480.8
650,Steve Nolan,1852.9
651,Abderrahmane Boukhaled,1242.4
651,Basirat Adeyemo,1626.5
651,Charlotte Smith,1214.2
651,David Ekpo,1079.0
651,Emmanuela Odoh,1112.5
651,Eno-obong Udofia,1756.4
651,Ethan Toudic,2358.8
651,Gianna Cavacuiti,1230.6
651,James hushon,1088.1
651,Joy Ojeabulu,655.6
651,Lesley Nyonggesa,1136.5
651,Luca Marlowe,1356.4
651,Michael Adewumi,1762.9
651,Mimy Kanza,1160.6
651,Otito,2050.8
651,Rael,1192.7
651,Rashida kinattingalakath,1458.9
651,Remy,1195.4
651,Rosie Birch,1149.1
651,Rufkat Adetola oladipo,665.6
651,Sally Muinami,705.6
651,Sodiq Salaudeen,2680.8
651,Soumaya,733.9
651,Steve Nolan,693.2
652,Abderrahmane Boukhaled,1015.9
652,Basirat Adeyemo,1787.8
652,Charlotte Smith,1758.2
652,David Ekpo,1773.1
652,Emmanuela Odoh,2209.7
652,Eno-obong Udofia,986.7
652,Ethan Toudic,2030.2
652,Gianna Cavacuiti,1766.2
652,James hushon,581.6
652,Joy Ojeabulu,2193.2
652,Lesley Nyonggesa,214.2
652,Luca Marlowe,1212.1
652,Michael Adewumi,582.4
652,Mimy Kanza,1832.6
652,Otito,2825.1
652,Rael,373.4
652,Rashida kinattingalakath,1353.9
652,Remy,1333.7
652,Rosie Birch,1147.2
652,Rufkat Adetola oladipo,337.8
652,Sally Muinami,1534.2
652,Sodiq Salaudeen,767.7
652,Soumaya,1840.8
652,Steve Nolan,1091.2
653,Abderrahmane Boukhaled,949.0
653,Basirat Adeyemo,1361.4
653,Charlotte Smith,2176.0
653,David Ekpo,1194.1
653,Emmanuela Odoh,1149.6
653,Eno-obong Udofia,2151.0
653,Ethan Toudic,2440.4
653,Gianna Cavacuiti,222.3
653,James hushon,609.8
653,Joy Ojeabulu,1019.3
653,Lesley Nyonggesa,250.5
653,Luca Marlowe,1681.5
653,Michael Adewumi,384.5
653,Mimy Kanza,461.5
653,Otito,230.9
653,Rael,1812.5
653,Rashida kinattingalakath,1465.4
653,Remy,1122.0
653,Rosie Birch,1441.7
653,Rufkat Adetola oladipo,1598.2
653,Sally Muinami,563.6
653,Sodiq Salaudeen,1110.1
653,Soumaya,320.2
653,Steve Nolan,680.8
654,Abderrahmane Boukhaled,1277.0
654,Basirat Adeyemo,677.2
654,Charlotte Smith,225.4
654,David Ekpo,727.7
654,Emmanuela Odoh,897.5
654,Eno-obong Udofia,1001.4
654,Ethan Toudic,1625.4
654,Gianna Cavacuiti,1358.2
654,James hushon,1009.3
654,Joy Ojeabulu,1711.4
654,Lesley Nyonggesa,860.7
654,Luca Marlowe,622.2
654,Michael Adewumi,2282.7
654,Mimy Kanza,1631.3
654,Otito,1002.2
654,Rael,1810.2
654,Rashida kinattingalakath,518.4
654,Remy,814.3
654,Rosie Birch,1803.0
654,Rufkat Adetola oladipo,663.4
654,Sally Muinami,1468.1
654,Sodiq Salaudeen,640.1
654,Soumaya,267.6
654,Steve Nolan,1627.6
655,Abderrahmane Boukhaled,1194.2
655,Basirat Adeyemo,857.5
655,Charlotte Smith,594.5
655,David Ekpo,1424.3
655,Emmanuela Odoh,529.2
655,Eno-obong Udofia,1888.0
655,Ethan Toudic,521.3
655,Gianna Cavacuiti,1316.0
655,James hushon,2777.3
655,Joy Ojeabulu,1985.7
655,Lesley Nyonggesa,1746.8
655,Luca Marlowe,1336.5
655,Michael Adewumi,726.0
655,Mimy Kanza,1705.5
655,Otito,1823.0
655,Rael,2578.4
655,Rashida kinattingalakath,2095.5
655,Remy,805.0
655,Rosie Birch,338.6
655,Rufkat Adetola oladipo,778.3
655,Sally Muinami,700.6
655,Sodiq Salaudeen,822.7
655,Soumaya,1046.6
655,Steve Nolan,1308.9
656,Abderrahmane Boukhaled,684.6
656,Basirat Adeyemo,971.0
656,Charlotte Smith,1038.2
656,David Ekpo,1146.3
656,Emmanuela Odoh,492.9
656,Eno-obong Udofia,1140.6
656,Ethan Toudic,765.5
656,Gianna Cavacuiti,2205.1
656,James hushon,1129.6
656,Joy Ojeabulu,412.0
656,Lesley Nyonggesa,1496.5
656,Luca Marlowe,904.6
656,Michael Adewumi,1678.4
656,Mimy Kanza,1677.9
656,Otito,660.4
656,Rael,993.2
656,Rashida kinattingalakath,733.2
656,Remy,1521.7
656,Rosie Birch,1065.0
656,Rufkat Adetola oladipo,289.3
656,Sally Muinami,1075.8
656,Sodiq Salaudeen,471.3
656,Soumaya,209.0
656,Steve Nolan,1561.8
657,Abderrahmane Boukhaled,386.7
657,Basirat Adeyemo,808.7
657,Charlotte Smith,917.9
657,David Ekpo,974.7
657,Emmanuela Odoh,843.6
657,Eno-obong Udofia,322.8
657,Ethan Toudic,279.6
657,Gianna Cavacuiti,2048.2
657,James hushon,1047.1
657,Joy Ojeabulu,1471.8
657,Lesley Nyonggesa,1636.2
657,Luca Marlowe,1227.8
657,Michael Adewumi,838.4
657,Mimy Kanza,1622.8
657,Otito,496.3
657,Rael,1160.7
657,Rashida kinattingalakath,1123.4
657,Remy,1937.6
657,Rosie Birch,1801.1
657,Rufkat Adetola oladipo,1383.3
657,Sally Muinami,947.5
657,Sodiq Salaudeen,965.3
657,Soumaya,2191.5
657,Steve Nolan,458.2
658,Abderrahmane Boukhaled,2137.6
658,Basirat Adeyemo,2689.5
658,Charlotte Smith,1568.0
658,David Ekpo,2675.0
658,Emmanuela Odoh,1446.5
658,Eno-obong Udofia,699.9
658,Ethan Toudic,522.1
658,Gianna Cavacuiti,106.8
658,James hushon,124.8
658,Joy Ojeabulu,386.7
658,Lesley Nyonggesa,1094.2
658,Luca Marlowe,1546.4
658,Michael Adewumi,913.5
658,Mimy Kanza,3222.1
658,Otito,1935.9
658,Rael,2815.6
658,Rashida kinattingalakath,662.9
658,Remy,568.3
658,Rosie Birch,2276.3
658,Rufkat Adetola oladipo,1307.0
658,Sally Muinami,657.1
658,Sodiq Salaudeen,100.0
658,Soumaya,1185.8
658,Steve Nolan,2854.5
659,Abderrahmane Boukhaled,344.9
659,Basirat Adeyemo,633.6
659,Charlotte Smith,1776.3
659,David Ekpo,2122.0
659,Emmanuela Odoh,776.6
659,Eno-obong Udofia,816.6
659,Ethan Toudic,1111.7
659,Gianna Cavacuiti,694.5
659,James hushon,415.9
659,Joy Ojeabulu,1010.5
659,Lesley Nyonggesa,545.1
659,Luca Marlowe,100.0
659,Michael Adewumi,328.0
659,Mimy Kanza,1311.2
659,Otito,1731.9
659,Rael,1641.6
659,Rashida kinattingalakath,445.0
659,Remy,318.5
659,Rosie Birch,1550.0
659,Rufkat Adetola oladipo,2118.7
659,Sally Muinami,1172.1
659,Sodiq Salaudeen,1267.0
659,Soumaya,304.8
659,Steve Nolan,2127.7
660,Abderrahmane Boukhaled,646.4
660,Basirat Adeyemo,1896.5
660,Charlotte Smith,1308.0
660,David Ekpo,515.4
660,Emmanuela Odoh,888.7
660,Eno-obong Udofia,1310.5
660,Ethan Toudic,696.5
660,Gianna Cavacuiti,1134.3
660,James hushon,902.7
660,Joy Ojeabulu,1512.7
660,Lesley Nyonggesa,644.9
660,Luca Marlowe,298.3
660,Michael Adewumi,455.2
660,Mimy Kanza,471.4
660,Otito,1138.9
660,Rael,378.7
660,Rashida kinattingalakath,732.8
660,Remy,1501.2
660,Rosie Birch,1986.3
660,Rufkat Adetola oladipo,434.6
660,Sally Muinami,2136.1
660,Sodiq Salaudeen,2253.7
660,Soumaya,1078.6
660,Steve Nolan,631.9
661,Abderrahmane Boukhaled,1341.7
661,Basirat Adeyemo,137.2
661,Charlotte Smith,1335.9
661,David Ekpo,919.2
661,Emmanuela Odoh,479.7
661,Eno-obong Udofia,1950.0
661,Ethan Toudic,405.9
661,Gianna Cavacuiti,896.1
661,James hushon,391.4
661,Joy Ojeabulu,200.5
661,Lesley Nyonggesa,565.5
661,Luca Marlowe,190.0
661,Michael Adewumi,675.1
661,Mimy Kanza,1553.8
661,Otito,2667.6
661,Rael,1856.2
661,Rashida kinattingalakath,708.3
661,Remy,719.5
661,Rosie Birch,562.4
661,Rufkat Adetola oladipo,392.0
661,Sally Muinami,1933.8
661,Sodiq Salaudeen,948.9
661,Soumaya,481.8
661,Steve Nolan,409.7
662,Abderrahmane Boukhaled,975.9
662,Basirat Adeyemo,594.7
662,Charlotte Smith,1168.0
662,David Ekpo,2198.9
662,Emmanuela Odoh,1754.3
662,Eno-obong Udofia,1948.6
662,Ethan Toudic,2282.4
662,Gianna Cavacuiti,922.2
662,James hushon,1720.8
662,Joy Ojeabulu,1017.0
662,Lesley Nyonggesa,575.5
662,Luca Marlowe,1879.2
662,Michael Adewumi,872.5
662,Mimy Kanza,3430.0
662,Otito,830.6
662,Rael,443.6
662,Rashida kinattingalakath,1021.5
662,Remy,406.1
662,Rosie Birch,1584.2
662,Rufkat Adetola oladipo,674.7
662,Sally Muinami,718.7
662,Sodiq Salaudeen,1051.8
662,Soumaya,491.6
662,Steve Nolan,1960.3
663,Abderrahmane Boukhaled,1826.3
663,Basirat Adeyemo,1680.3
663,Charlotte Smith,1351.6
663,David Ekpo,1161.0
663,Emmanuela Odoh,1142.2
663,Eno-obong Udofia,1932.6
663,Ethan Toudic,1894.2
663,Gianna Cavacuiti,644.2
663,James hushon,581.9
663,Joy Ojeabulu,959.4
663,Lesley Nyonggesa,721.1
663,Luca Marlowe,1187.4
663,Michael Adewumi,198.5
663,Mimy Kanza,305.0
663,Otito,1192.2
663,Rael,1379.2
663,Rashida kinattingalakath,1425.0
663,Remy,853.2
663,Rosie Birch,1162.9
663,Rufkat Adetola oladipo,789.1
663,Sally Muinami,886.7
663,Sodiq Salaudeen,1735.3
663,Soumaya,185.2
663,Steve Nolan,878.2
664,Abderrahmane Boukhaled,503.2
664,Basirat Adeyemo,1138.6
664,Charlotte Smith,1433.9
664,David Ekpo,1525.3
664,Emmanuela Odoh,115.7
664,Eno-obong Udofia,2204.6
664,Ethan Toudic,514.4
664,Gianna Cavacuiti,115.9
664,James hushon,1228.0
664,Joy Ojeabulu,540.8
664,Lesley Nyonggesa,2499.0
664,Luca Marlowe,2350.1
664,Michael Adewumi,543.3
664,Mimy Kanza,839.7
664,Otito,1345.4
664,Rael,1932.6
664,Rashida kinattingalakath,671.8
664,Remy,765.1
664,Rosie Birch,664.2
664,Rufkat Adetola oladipo,1809.4
664,Sally Muinami,961.2
664,Sodiq Salaudeen,956.4
664,Soumaya,583.6
664,Steve Nolan,810.6
665,Abderrahmane Boukhaled,612.7
665,Basirat Adeyemo,498.9
665,Charlotte Smith,1673.6
665,David Ekpo,1312.1
665,Emmanuela Odoh,643.6
665,Eno-obong Udofia,1302.9
665,Ethan Toudic,1181.8
665,Gianna Cavacuiti,177.0
665,James hushon,1993.9
665,Joy Ojeabulu,1600.4
665,Lesley Nyonggesa,921.8
665,Luca Marlowe,1221.7
665,Michael Adewumi,1785.2
665,Mimy Kanza,1961.6
665,Otito,1006.4
665,Rael,805.4
665,Rashida kinattingalakath,1941.2
665,Remy,1399.4
665,Rosie Birch,2025.4
665,Rufkat Adetola oladipo,1357.1
665,Sally Muinami,298.0
665,Sodiq Salaudeen,368.2
665,Soumaya,782.4
665,Steve Nolan,771.3
666,Abderrahmane Boukhaled,1871.6
666,Basirat Adeyemo,175.0
666,Charlotte Smith,1780.2
666,David Ekpo,1500.4
666,Emmanuela Odoh,621.8
666,Eno-obong Udofia,1007.6
666,Ethan Toudic,247.4
666,Gianna Cavacuiti,1202.1
666,James hushon,229.6
666,Joy Ojeabulu,1421.5
666,Lesley Nyonggesa,782.8
666,Luca Marlowe,2138.1
666,Michael Adewumi,1515.2
666,Mimy Kanza,2543.7
666,Otito,547.7
666,Rael,707.9
666,Rashida kinattingalakath,1063.4
666,Remy,803.1
666,Rosie Birch,1875.9
666,Rufkat Adetola oladipo,1851.8
666,Sally Muinami,2177.8
666,Sodiq Salaudeen,371.4
666,Soumaya,1762.1
666,Steve Nolan,1172.8
667,Abderrahmane Boukhaled,1485.9
667,Basirat Adeyemo,2848.4
667,Charlotte Smith,819.5
667,David Ekpo,2108.4
667,Emmanuela Odoh,970.4
667,Eno-obong Udofia,2047.1
667,Ethan Toudic,1209.4
667,Gianna Cavacuiti,135.4
667,James hushon,1326.2
667,Joy Ojeabulu,2379.1
667,Lesley Nyonggesa,1726.4
667,Luca Marlowe,689.5
667,Michael Adewumi,2025.1
667,Mimy Kanza,234.0
667,Otito,912.2
667,Rael,392.4
667,Rashida kinattingalakath,1595.7
667,Remy,2127.5
667,Rosie Birch,1894.6
667,Rufkat Adetola oladipo,2871.1
667,Sally Muinami,1426.7
667,Sodiq Salaudeen,773.6
667,Soumaya,485.8
667,Steve Nolan,1042.0
668,Abderrahmane Boukhaled,1010.7
668,Basirat Adeyemo,1347.6
668,Charlotte Smith,728.6
668,David Ekpo,396.8
668,Emmanuela Odoh,1508.9
668,Eno-obong Udofia,778.8
668,Ethan Toudic,1181.8
668,Gianna Cavacuiti,778.5
668,James hushon,436.5
668,Joy Ojeabulu,1112.8
668,Lesley Nyonggesa,1384.9
668,Luca Marlowe,635.0
668,Michael Adewumi,1293.3
668,Mimy Kanza,1341.7
668,Otito,1977.4
668,Rael,1590.8
668,Rashida kinattingalakath,1674.0
668,Remy,1821.1
668,Rosie Birch,1972.4
668,Rufkat Adetola oladipo,354.5
668,Sally Muinami,1260.6
668,Sodiq Salaudeen,1515.4
668,Soumaya,1319.9
668,Steve Nolan,1333.9
669,Abderrahmane Boukhaled,1238.5
669,Basirat Adeyemo,1014.6
669,Charlotte Smith,2073.2
669,David Ekpo,1183.6
669,Emmanuela Odoh,1420.0
669,Eno-obong Udofia,1616.6
669,Ethan Toudic,2394.6
669,Gianna Cavacuiti,659.6
669,James hushon,1031.8
669,Joy Ojeabulu,1166.7
669,Lesley Nyonggesa,1929.6
669,Luca Marlowe,661.0
669,Michael Adewumi,852.7
669,Mimy Kanza,645.9
669,Otito,737.6
669,Rael,611.0
669,Rashida kinattingalakath,709.6
669,Remy,536.8
669,Rosie Birch,434.9
669,Rufkat Adetola oladipo,874.9
669,Sally Muinami,1104.7
669,Sodiq Salaudeen,435.4
669,Soumaya,494.6
669,Steve Nolan,2462.8
670,Abderrahmane Boukhaled,687.3
670,Basirat Adeyemo,720.8
670,Charlotte Smith,3234.8
670,David Ekpo,1297.4
670,Emmanuela Odoh,1035.9
670,Eno-obong Udofia,809.3
670,Ethan Toudic,964.0
670,Gianna Cavacuiti,1185.2
670,James hushon,1338.8
670,Joy Ojeabulu,1034.6
670,Lesley Nyonggesa,1490.5
670,Luca Marlowe,1136.6
670,Michael Adewumi,1806.1
670,Mimy Kanza,511.0
670,Otito,2550.6
670,Rael,2575.2
670,Rashida kinattingalakath,873.9
670,Remy,931.0
670,Rosie Birch,1581.0
670,Rufkat Adetola oladipo,603.3
670,Sally Muinami,3077.4
670,Sodiq Salaudeen,1202.9
670,Soumaya,413.2
670,Steve Nolan,970.5
671,Abderrahmane Boukhaled,1362.2
671,Basirat Adeyemo,3077.0
671,Charlotte Smith,850.8
671,David Ekpo,925.4
671,Emmanuela Odoh,749.8
671,Eno-obong Udofia,3019.1
671,Ethan Toudic,799.2
671,Gianna Cavacuiti,645.9
671,James hushon,2139.5
671,Joy Ojeabulu,845.2
671,Lesley Nyonggesa,1867.6
671,Luca Marlowe,530.3
671,Michael Adewumi,540.7
671,Mimy Kanza,670.0
671,Otito,1276.0
671,Rael,291.0
671,Rashida kinattingalakath,1535.2
671,Remy,886.0
671,Rosie Birch,1626.7
671,Rufkat Adetola oladipo,701.7
671,Sally Muinami,1022.1
671,Sodiq Salaudeen,970.3
671,Soumaya,1293.5
671,Steve Nolan,638.9
672,Abderrahmane Boukhaled,1248.2
672,Basirat Adeyemo,245.2
672,Charlotte Smith,682.0
672,David Ekpo,2296.3
672,Emmanuela Odoh,1179.7
672,Eno-obong Udofia,1963.4
672,Ethan Toudic,688.6
672,Gianna Cavacuiti,100.3
672,James hushon,2354.8
672,Joy Ojeabulu,1856.5
672,Lesley Nyonggesa,776.3
672,Luca Marlowe,537.6
672,Michael Adewumi,1184.9
672,Mimy Kanza,989.0
672,Otito,1440.1
672,Rael,2892.3
672,Rashida kinattingalakath,581.0
672,Remy,1225.9
672,Rosie Birch,274.0
672,Rufkat Adetola oladipo,865.9
672,Sally Muinami,1155.5
672,Sodiq Salaudeen,749.5
672,Soumaya,1390.0
672,Steve Nolan,2345.8
673,Abderrahmane Boukhaled,1156.3
673,Basirat Adeyemo,788.7
673,Charlotte Smith,973.4
673,David Ekpo,353.5
673,Emmanuela Odoh,2338.4
673,Eno-obong Udofia,402.6
673,Ethan Toudic,1334.1
673,Gianna Cavacuiti,2079.9
673,James hushon,1187.7
673,Joy Ojeabulu,787.0
673,Lesley Nyonggesa,361.2
673,Luca Marlowe,1481.8
673,Michael Adewumi,1094.5
673,Mimy Kanza,678.7
673,Otito,582.3
673,Rael,665.9
673,Rashida kinattingalakath,2677.8
673,Remy,1899.1
673,Rosie Birch,819.1
673,Rufkat Adetola oladipo,1201.6
673,Sally Muinami,2732.0
673,Sodiq Salaudeen,640.5
673,Soumaya,992.1
673,Steve Nolan,2108.9
674,Abderrahmane Boukhaled,1492.9
674,Basirat Adeyemo,409.1
674,Charlotte Smith,602.4
674,David Ekpo,1477.3
674,Emmanuela Odoh,2332.3
674,Eno-obong Udofia,1155.7
674,Ethan Toudic,1415.3
674,Gianna Cavacuiti,629.7
674,James hushon,1905.2
674,Joy Ojeabulu,1659.7
674,Lesley Nyonggesa,1263.1
674,Luca Marlowe,459.7
674,Michael Adewumi,482.2
674,Mimy Kanza,592.3
674,Otito,880.0
674,Rael,835.4
674,Rashida kinattingalakath,1285.1
674,Remy,1569.9
674,Rosie Birch,2913.3
674,Rufkat Adetola oladipo,1380.0
674,Sally Muinami,1434.7
674,Sodiq Salaudeen,1625.9
674,Soumaya,1205.6
674,Steve Nolan,2588.2
675,Abderrahmane Boukhaled,1498.7
675,Basirat Adeyemo,1984.2
675,Charlotte Smith,1487.3
675,David Ekpo,1086.6
675,Emmanuela Odoh,1710.2
675,Eno-obong Udofia,1170.4
675,Ethan Toudic,1355.2
675,Gianna Cavacuiti,2017.7
675,James hushon,932.8
675,Joy Ojeabulu,1609.0
675,Lesley Nyonggesa,2262.0
675,Luca Marlowe,1050.3
675,Michael Adewumi,142.6
675,Mimy Kanza,584.8
675,Otito,1301.7
675,Rael,773.7
675,Rashida kinattingalakath,1595.2
675,Remy,1723.1
675,Rosie Birch,1187.3
675,Rufkat Adetola oladipo,1321.9
675,Sally Muinami,540.1
675,Sodiq Salaudeen,1407.8
675,Soumaya,2084.2
675,Steve Nolan,1454.6
676,Abderrahmane Boukhaled,999.0
676,Basirat Adeyemo,541.9
676,Charlotte Smith,305.0
676,David Ekpo,2381.7
676,Emmanuela Odoh,317.7
676,Eno-obong Udofia,1711.4
676,Ethan Toudic,839.1
676,Gianna Cavacuiti,1337.3
676,James hushon,1570.5
676,Joy Ojeabulu,1040.7
676,Lesley Nyonggesa,1290.6
676,Luca Marlowe,2338.0
676,Michael Adewumi,3101.9
676,Mimy Kanza,884.8
676,Otito,1852.0
676,Rael,2343.9
676,Rashida kinattingalakath,2560.9
676,Remy,2383.2
676,Rosie Birch,1253.0
676,Rufkat Adetola oladipo,814.1
676,Sally Muinami,3924.6
676,Sodiq Salaudeen,2370.0
676,Soumaya,857.7
676,Steve Nolan,1495.4
677,Abderrahmane Boukhaled,724.9
677,Basirat Adeyemo,523.0
677,Charlotte Smith,130.4
677,David Ekpo,2078.3
677,Emmanuela Odoh,787.6
677,Eno-obong Udofia,867.5
677,Ethan Toudic,666.6
677,Gianna Cavacuiti,1275.4
677,James hushon,1091.9
677,Joy Ojeabulu,279.6
677,Lesley Nyonggesa,985.1
677,Luca Marlowe,863.2
677,Michael Adewumi,1987.2
677,Mimy Kanza,678.7
677,Otito,576.7
677,Rael,628.4
677,Rashida kinattingalakath,770.4
677,Remy,1453.9
677,Rosie Birch,1777.0
677,Rufkat Adetola oladipo,1405.6
677,Sally Muinami,2231.7
677,Sodiq Salaudeen,1200.0
677,Soumaya,2210.1
677,Steve Nolan,185.0
678,Abderrahmane Boukhaled,1433.3
678,Basirat Adeyemo,1385.8
678,Charlotte Smith,413.2
678,David Ekpo,1095.9
678,Emmanuela Odoh,180.4
678,Eno-obong Udofia,2146.4
678,Ethan Toudic,412.2
678,Gianna Cavacuiti,304.5
678,James hushon,384.6
678,Joy Ojeabulu,528.5
678,Lesley Nyonggesa,1188.2
678,Luca Marlowe,723.0
678,Michael Adewumi,1269.6
678,Mimy Kanza,1909.6
678,Otito,580.0
678,Rael,757.1
678,Rashida kinattingalakath,604.0
678,Remy,1005.2
678,Rosie Birch,1728.6
678,Rufkat Adetola oladipo,131.9
678,Sally Muinami,472.4
678,Sodiq Salaudeen,138.1
678,Soumaya,1606.8
678,Steve Nolan,2611.2
679,Abderrahmane Boukhaled,347.5
679,Basirat Adeyemo,1585.2
679,Charlotte Smith,662.1
679,David Ekpo,1058.3
679,Emmanuela Odoh,960.7
679,Eno-obong Udofia,579.7
679,Ethan Toudic,3179.3
679,Gianna Cavacuiti,1332.9
679,James hushon,1064.9
679,Joy Ojeabulu,1308.2
679,Lesley Nyonggesa,3338.1
679,Luca Marlowe,782.0
679,Michael Adewumi,100.0
679,Mimy Kanza,1436.0
679,Otito,676.6
679,Rael,1897.2
679,Rashida kinattingalakath,477.9
679,Remy,1240.8
679,Rosie Birch,1729.4
679,Rufkat Adetola oladipo,1860.7
679,Sally Muinami,1231.1
679,Sodiq Salaudeen,465.8
679,Soumaya,1905.5
679,Steve Nolan,1355.7
680,Abderrahmane Boukhaled,1090.7
680,Basirat Adeyemo,1482.3
680,Charlotte Smith,123.3
680,David Ekpo,876.9
680,Emmanuela Odoh,383.4
680,Eno-obong Udofia,1525.6
680,Ethan Toudic,2714.5
680,Gianna Cavacuiti,1480.1
680,James hushon,1112.8
680,Joy Ojeabulu,702.4
680,Lesley Nyonggesa,1483.6
680,Luca Marlowe,1489.8
680,Michael Adewumi,2903.9
680,Mimy Kanza,568.9
680,Otito,356.8
680,Rael,1035.7
680,Rashida kinattingalakath,497.7
680,Remy,702.6
680,Rosie Birch,1725.5
680,Rufkat Adetola oladipo,1087.2
680,Sally Muinami,757.4
680,Sodiq Salaudeen,221.3
680,Soumaya,618.1
680,Steve Nolan,773.9
681,Abderrahmane Boukhaled,1652.3
681,Basirat Adeyemo,1128.7
681,Charlotte Smith,1521.4
681,David Ekpo,437.7
681,Emmanuela Odoh,485.9
681,Eno-obong Udofia,2778.9
681,Ethan Toudic,2236.2
681,Gianna Cavacuiti,1436.3
681,James hushon,1103.6
681,Joy Ojeabulu,2850.9
681,Lesley Nyonggesa,323.8
681,Luca Marlowe,914.5
681,Michael Adewumi,1031.2
681,Mimy Kanza,948.2
681,Otito,411.9
681,Rael,2022.6
681,Rashida kinattingalakath,1108.6
681,Remy,707.3
681,Rosie Birch,1094.6
681,Rufkat Adetola oladipo,934.3
681,Sally Muinami,1290.6
681,Sodiq Salaudeen,3532.2
681,Soumaya,1070.7
681,Steve Nolan,1458.1
682,Abderrahmane Boukhaled,2141.8
682,Basirat Adeyemo,2081.3
682,Charlotte Smith,1745.5
682,David Ekpo,1792.1
682,Emmanuela Odoh,1872.0
682,Eno-obong Udofia,842.3
682,Ethan Toudic,573.1
682,Gianna Cavacuiti,1861.2
682,James hushon,1367.8
682,Joy Ojeabulu,1372.3
682,Lesley Nyonggesa,1040.3
682,Luca Marlowe,2136.8
682,Michael Adewumi,1333.4
682,Mimy Kanza,1074.8
682,Otito,785.9
682,Rael,2019.5
682,Rashida kinattingalakath,157.0
682,Remy,533.3
682,Rosie Birch,1581.6
682,Rufkat Adetola oladipo,1462.0
682,Sally Muinami,2292.2
682,Sodiq Salaudeen,1754.6
682,Soumaya,292.1
682,Steve Nolan,1787.8
683,Abderrahmane Boukhaled,535.3
683,Basirat Adeyemo,1257.2
683,Charlotte Smith,1299.4
683,David Ekpo,726.9
683,Emmanuela Odoh,673.2
683,Eno-obong Udofia,1180.3
683,Ethan Toudic,703.2
683,Gianna Cavacuiti,842.0
683,James hushon,2056.2
683,Joy Ojeabulu,410.4
683,Lesley Nyonggesa,837.3
683,Luca Marlowe,1735.0
683,Michael Adewumi,810.6
683,Mimy Kanza,561.8
683,Otito,367.4
683,Rael,2058.5
683,Rashida kinattingalakath,2096.4
683,Remy,2498.9
683,Rosie Birch,711.9
683,Rufkat Adetola oladipo,1427.4
683,Sally Muinami,1593.4
683,Sodiq Salaudeen,2493.3
683,Soumaya,1873.4
683,Steve Nolan,2169.7
684,Abderrahmane Boukhaled,829.9
684,Basirat Adeyemo,1517.1
684,Charlotte Smith,2645.5
684,David Ekpo,509.6
684,Emmanuela Odoh,616.1
684,Eno-obong Udofia,2013.6
684,Ethan Toudic,1706.6
684,Gianna Cavacuiti,481.9
684,James hushon,1564.5
684,Joy Ojeabulu,1058.8
684,Lesley Nyonggesa,1444.1
684,Luca Marlowe,1329.9
684,Michael Adewumi,2023.2
684,Mimy Kanza,1365.8
684,Otito,1591.8
684,Rael,1012.4
684,Rashida kinattingalakath,320.8
684,Remy,2304.6
684,Rosie Birch,1028.8
684,Rufkat Adetola oladipo,2065.3
684,Sally Muinami,2567.8
684,Sodiq Salaudeen,375.6
684,Soumaya,903.0
684,Steve Nolan,635.6
685,Abderrahmane Boukhaled,759.4
685,Basirat Adeyemo,831.2
685,Charlotte Smith,790.6
685,David Ekpo,2271.4
685,Emmanuela Odoh,452.5
685,Eno-obong Udofia,2517.4
685,Ethan Toudic,1667.0
685,Gianna Cavacuiti,550.7
685,James hushon,480.0
685,Joy Ojeabulu,1102.6
685,Lesley Nyonggesa,2001.8
685,Luca Marlowe,948.8
685,Michael Adewumi,1229.9
685,Mimy Kanza,1394.6
685,Otito,821.2
685,Rael,1495.5
685,Rashida kinattingalakath,474.9
685,Remy,715.6
685,Rosie Birch,1347.0
685,Rufkat Adetola oladipo,1018.9
685,Sally Muinami,1399.9
685,Sodiq Salaudeen,789.4
685,Soumaya,1211.5
685,Steve Nolan,1814.7
686,Abderrahmane Boukhaled,745.9
686,Basirat Adeyemo,731.6
686,Charlotte Smith,726.1
686,David Ekpo,1924.3
686,Emmanuela Odoh,1386.6
686,Eno-obong Udofia,625.6
686,Ethan Toudic,1414.9
686,Gianna Cavacuiti,2073.0
686,James hushon,1400.1
686,Joy Ojeabulu,2044.5
686,Lesley Nyonggesa,1233.1
686,Luca Marlowe,490.7
686,Michael Adewumi,525.1
686,Mimy Kanza,2036.0
686,Otito,156.8
686,Rael,205.4
686,Rashida kinattingalakath,2332.5
686,Remy,1689.5
686,Rosie Birch,1355.8
686,Rufkat Adetola oladipo,1323.7
686,Sally Muinami,1083.0
686,Sodiq Salaudeen,1453.3
686,Soumaya,545.9
686,Steve Nolan,882.5
687,Abderrahmane Boukhaled,1382.0
687,Basirat Adeyemo,768.4
687,Charlotte Smith,955.9
687,David Ekpo,2449.8
687,Emmanuela Odoh,1791.4
687,Eno-obong Udofia,556.6
687,Ethan Toudic,827.5
687,Gianna Cavacuiti,1312.3
687,James hushon,376.3
687,Joy Ojeabulu,457.3
687,Lesley Nyonggesa,2195.3
687,Luca Marlowe,1530.4
687,Michael Adewumi,1007.4
687,Mimy Kanza,284.5
687,Otito,1719.3
687,Rael,2023.5
687,Rashida kinattingalakath,1144.8
687,Remy,981.0
687,Rosie Birch,3695.6
687,Rufkat Adetola oladipo,1713.8
687,Sally Muinami,1077.9
687,Sodiq Salaudeen,1202.8
687,Soumaya,867.0
687,Steve Nolan,823.7
688,Abderrahmane Boukhaled,406.2
688,Basirat Adeyemo,942.3
688,Charlotte Smith,1267.6
688,David Ekpo,701.2
688,Emmanuela Odoh,856.8
688,Eno-obong Udofia,858.8
688,Ethan Toudic,948.2
688,Gianna Cavacuiti,288.3
688,James hushon,2378.8
688,Joy Ojeabulu,898.5
688,Lesley Nyonggesa,1199.1
688,Luca Marlowe,1271.2
688,Michael Adewumi,155.0
688,Mimy Kanza,1617.9
688,Otito,791.5
688,Rael,341.4
688,Rashida kinattingalakath,3430.9
688,Remy,1047.8
688,Rosie Birch,1404.0
688,Rufkat Adetola oladipo,797.5
688,Sally Muinami,1220.6
688,Sodiq Salaudeen,1955.1
688,Soumaya,1380.6
688,Steve Nolan,2029.8
689,Abderrahmane Boukhaled,1503.8
689,Basirat Adeyemo,734.3
689,Charlotte Smith,1807.3
689,David Ekpo,1458.7
689,Emmanuela Odoh,1152.8
689,Eno-obong Udofia,902.5
689,Ethan Toudic,1858.4
689,Gianna Cavacuiti,1330.6
689,James hushon,2233.2
689,Joy Ojeabulu,1361.5
689,Lesley Nyonggesa,2258.1
689,Luca Marlowe,1795.6
689,Michael Adewumi,1690.0
689,Mimy Kanza,418.8
689,Otito,1706.8
689,Rael,2425.4
689,Rashida kinattingalakath,274.6
689,Remy,1175.9
689,Rosie Birch,1384.6
689,Rufkat Adetola oladipo,1041.6
689,Sally Muinami,849.3
689,Sodiq Salaudeen,1826.2
689,Soumaya,947.7
689,Steve Nolan,1916.9
690,Abderrahmane Boukhaled,2296.3
690,Basirat Adeyemo,619.2
690,Charlotte Smith,915.2
690,David Ekpo,1354.4
690,Emmanuela Odoh,1873.6
690,Eno-obong Udofia,882.0
690,Ethan Toudic,377.9
690,Gianna Cavacuiti,475.3
690,James hushon,238.8
690,Joy Ojeabulu,612.6
690,Lesley Nyonggesa,585.2
690,Luca Marlowe,1151.4
690,Michael Adewumi,760.0
690,Mimy Kanza,1379.5
690,Otito,182.6
690,Rael,1432.8
690,Rashida kinattingalakath,757.4
690,Remy,2306.3
690,Rosie Birch,2998.2
690,Rufkat Adetola oladipo,1810.9
690,Sally Muinami,2558.7
690,Sodiq Salaudeen,2464.0
690,Soumaya,1804.3
690,Steve Nolan,525.9
691,Abderrahmane Boukhaled,2161.1
691,Basirat Adeyemo,544.2
691,Charlotte Smith,1507.0
691,David Ekpo,2415.0
691,Emmanuela Odoh,1995.0
691,Eno-obong Udofia,1630.0
691,Ethan Toudic,1113.2
691,Gianna Cavacuiti,1001.8
691,James hushon,1466.9
691,Joy Ojeabulu,521.1
691,Lesley Nyonggesa,1035.8
691,Luca Marlowe,1123.0
691,Michael Adewumi,909.8
691,Mimy Kanza,1421.1
691,Otito,773.7
691,Rael,1363.0
691,Rashida kinattingalakath,1151.7
691,Remy,2558.2
691,Rosie Birch,203.2
691,Rufkat Adetola oladipo,846.0
691,Sally Muinami,1171.0
691,Sodiq Salaudeen,2617.7
691,Soumaya,1245.2
691,Steve Nolan,3068.0
692,Abderrahmane Boukhaled,361.8
692,Basirat Adeyemo,970.8
692,Charlotte Smith,1432.6
692,David Ekpo,1336.3
692,Emmanuela Odoh,2198.1
692,Eno-obong Udofia,1945.0
692,Ethan Toudic,1434.3
692,Gianna Cavacuiti,1408.9
692,James hushon,1122.6
692,Joy Ojeabulu,832.6
692,Lesley Nyonggesa,1552.7
692,Luca Marlowe,1430.1
692,Michael Adewumi,1254.4
692,Mimy Kanza,1009.8
692,Otito,405.2
692,Rael,2245.3
692,Rashida kinattingalakath,2333.6
692,Remy,774.1
692,Rosie Birch,288.9
692,Rufkat Adetola oladipo,1756.8
692,Sally Muinami,1946.6
692,Sodiq Salaudeen,333.6
692,Soumaya,532.3
692,Steve Nolan,2072.0
693,Abderrahmane Boukhaled,2902.0
693,Basirat Adeyemo,470.3
693,Charlotte Smith,979.0
693,David Ekpo,2068.6
693,Emmanuela Odoh,928.2
693,Eno-obong Udofia,620.3
693,Ethan Toudic,2058.2
693,Gianna Cavacuiti,1580.5
693,James hushon,1177.5
693,Joy Ojeabulu,1706.3
693,Lesley Nyonggesa,767.8
693,Luca Marlowe,2034.5
693,Michael Adewumi,934.8
693,Mimy Kanza,1037.3
693,Otito,1241.8
693,Rael,1359.5
693,Rashida kinattingalakath,1281.5
693,Remy,796.0
693,Rosie Birch,2021.2
693,Rufkat Adetola oladipo,1447.0
693,Sally Muinami,1104.5
693,Sodiq Salaudeen,2412.4
693,Soumaya,3079.3
693,Steve Nolan,569.8
694,Abderrahmane Boukhaled,2017.0
694,Basirat Adeyemo,188.1
694,Charlotte Smith,1124.9
694,David Ekpo,1459.9
694,Emmanuela Odoh,494.6
694,Eno-obong Udofia,1044.2
694,Ethan Toudic,340.2
694,Gianna Cavacuiti,420.5
694,James hushon,1536.6
694,Joy Ojeabulu,518.8
694,Lesley Nyonggesa,1739.6
694,Luca Marlowe,2030.8
694,Michael Adewumi,3248.7
694,Mimy Kanza,1121.5
694,Otito,193.4
694,Rael,2239.5
694,Rashida kinattingalakath,1924.0
694,Remy,1627.6
694,Rosie Birch,905.8
694,Rufkat Adetola oladipo,1756.6
694,Sally Muinami,551.6
694,Sodiq Salaudeen,570.5
694,Soumaya,1783.3
694,Steve Nolan,487.0
695,Abderrahmane Boukhaled,1211.0
695,Basirat Adeyemo,1276.1
695,Charlotte Smith,1031.6
695,David Ekpo,3064.7
695,Emmanuela Odoh,729.5
695,Eno-obong Udofia,243.5
695,Ethan Toudic,519.0
695,Gianna Cavacuiti,493.9
695,James hushon,1311.9
695,Joy Ojeabulu,1607.0
695,Lesley Nyonggesa,727.8
695,Luca Marlowe,519.8
695,Michael Adewumi,547.8
695,Mimy Kanza,685.2
695,Otito,1408.3
695,Rael,100.0
695,Rashida kinattingalakath,256.8
695,Remy,1071.5
695,Rosie Birch,726.8
695,Rufkat Adetola oladipo,1153.9
695,Sally Muinami,1660.1
695,Sodiq Salaudeen,1871.0
695,Soumaya,1513.0
695,Steve Nolan,580.7
696,Abderrahmane Boukhaled,1440.9
696,Basirat Adeyemo,703.4
696,Charlotte Smith,1244.7
696,David Ekpo,948.2
696,Emmanuela Odoh,1664.2
696,Eno-obong Udofia,636.5
696,Ethan Toudic,1031.6
696,Gianna Cavacuiti,2265.5
696,James hushon,361.5
696,Joy Ojeabulu,2164.2
696,Lesley Nyonggesa,655.7
696,Luca Marlowe,1779.9
696,Michael Adewumi,814.0
696,Mimy Kanza,1650.3
696,Otito,1489.2
696,Rael,2131.2
696,Rashida kinattingalakath,1795.8
696,Remy,1312.5
696,Rosie Birch,1503.6
696,Rufkat Adetola oladipo,1198.5
696,Sally Muinami,2624.9
696,Sodiq Salaudeen,522.3
696,Soumaya,1370.5
696,Steve Nolan,573.4
697,Abderrahmane Boukhaled,623.0
697,Basirat Adeyemo,364.1
697,Charlotte Smith,907.0
697,David Ekpo,1195.4
697,Emmanuela Odoh,1796.1
697,Eno-obong Udofia,942.6
697,Ethan Toudic,442.3
697,Gianna Cavacuiti,631.9
697,James hushon,1220.4
697,Joy Ojeabulu,730.7
697,Lesley Nyonggesa,2206.8
697,Luca Marlowe,1595.0
697,Michael Adewumi,245.6
697,Mimy Kanza,1355.1
697,Otito,2159.2
697,Rael,1598.6
697,Rashida kinattingalakath,1698.7
697,Remy,1203.5
697,Rosie Birch,638.8
697,Rufkat Adetola oladipo,2279.4
697,Sally Muinami,1705.1
697,Sodiq Salaudeen,894.9
697,Soumaya,1494.2
697,Steve Nolan,769.7
698,Abderrahmane Boukhaled,628.1
698,Basirat Adeyemo,799.3
698,Charlotte Smith,1184.9
698,David Ekpo,410.4
698,Emmanuela Odoh,399.3
698,Eno-obong Udofia,1316.7
698,Ethan Toudic,2194.5
698,Gianna Cavacuiti,685.2
698,James hushon,2134.9
698,Joy Ojeabulu,1433.5
698,Lesley Nyonggesa,1730.3
698,Luca Marlowe,1455.5
698,Michael Adewumi,130.8
698,Mimy Kanza,1606.0
698,Otito,490.8
698,Rael,1761.5
698,Rashida kinattingalakath,1454.4
698,Remy,1230.2
698,Rosie Birch,359.8
698,Rufkat Adetola oladipo,786.9
698,Sally Muinami,501.4
698,Sodiq Salaudeen,450.1
698,Soumaya,774.6
698,Steve Nolan,1514.0
699,Abderrahmane Boukhaled,1993.4
699,Basirat Adeyemo,904.4
699,Charlotte Smith,334.3
699,David Ekpo,1578.0
699,Emmanuela Odoh,1568.2
699,Eno-obong Udofia,936.8
699,Ethan Toudic,2573.3
699,Gianna Cavacuiti,2991.0
699,James hushon,1357.0
699,Joy Ojeabulu,1379.6
699,Lesley Nyonggesa,1906.9
699,Luca Marlowe,1092.7
699,Michael Adewumi,1037.9
699,Mimy Kanza,1317.7
699,Otito,1284.2
699,Rael,1296.2
699,Rashida kinattingalakath,407.2
699,Remy,2862.6
699,Rosie Birch,826.5
699,Rufkat Adetola oladipo,2505.0
699,Sally Muinami,138.8
699,Sodiq Salaudeen,2446.5
699,Soumaya,1043.1
699,Steve Nolan,2456.6
700,Abderrahmane Boukhaled,810.7
700,Basirat Adeyemo,577.2
700,Charlotte Smith,599.8
700,David Ekpo,2152.4
700,Emmanuela Odoh,1519.8
700,Eno-obong Udofia,911.5
700,Ethan Toudic,1464.5
700,Gianna Cavacuiti,4148.7
700,James hushon,2096.5
700,Joy Ojeabulu,413.2
700,Lesley Nyonggesa,1014.4
700,Luca Marlowe,250.6
700,Michael Adewumi,2197.0
700,Mimy Kanza,562.2
700,Otito,1949.9
700,Rael,877.8
700,Rashida kinattingalakath,3302.7
700,Remy,2502.9
700,Rosie Birch,1622.6
700,Rufkat Adetola oladipo,628.0
700,Sally Muinami,967.1
700,Sodiq Salaudeen,286.5
700,Soumaya,660.4
700,Steve Nolan,1089.9
701,Abderrahmane Boukhaled,890.6
701,Basirat Adeyemo,952.0
701,Charlotte Smith,1600.2
701,David Ekpo,278.5
701,Emmanuela Odoh,675.2
701,Eno-obong Udofia,578.3
701,Ethan Toudic,556.4
701,Gianna Cavacuiti,417.7
701,James hushon,839.8
701,Joy Ojeabulu,1173.3
701,Lesley Nyonggesa,1247.8
701,Luca Marlowe,1325.7
701,Michael Adewumi,1035.2
701,Mimy Kanza,929.1
701,Otito,2624.9
701,Rael,954.0
701,Rashida kinattingalakath,1211.3
701,Remy,228.6
701,Rosie Birch,1797.0
701,Rufkat Adetola oladipo,372.8
701,Sally Muinami,598.1
701,Sodiq Salaudeen,290.1
701,Soumaya,854.1
701,Steve Nolan,552.9
702,Abderrahmane Boukhaled,2162.9
702,Basirat Adeyemo,2390.6
702,Charlotte Smith,897.1
702,David Ekpo,1336.4
702,Emmanuela Odoh,2727.0
702,Eno-obong Udofia,1377.8
702,Ethan Toudic,2484.9
702,Gianna Cavacuiti,379.0
702,James hushon,341.8
702,Joy Ojeabulu,640.0
702,Lesley Nyonggesa,902.5
702,Luca Marlowe,1624.9
702,Michael Adewumi,909.1
702,Mimy Kanza,1350.2
702,Otito,3285.9
702,Rael,1921.3
702,Rashida kinattingalakath,2056.2
702,Remy,1096.8
702,Rosie Birch,1163.2
702,Rufkat Adetola oladipo,3247.9
702,Sally Muinami,1475.9
702,Sodiq Salaudeen,1452.1
702,Soumaya,1927.3
702,Steve Nolan,1027.7
703,Abderrahmane Boukhaled,681.5
703,Basirat Adeyemo,1321.5
703,Charlotte Smith,2075.1
703,David Ekpo,268.7
703,Emmanuela Odoh,623.1
703,Eno-obong Udofia,560.5
703,Ethan Toudic,1478.3
703,Gianna Cavacuiti,1826.4
703,James hushon,1122.8
703,Joy Ojeabulu,699.8
703,Lesley Nyonggesa,850.6
703,Luca Marlowe,1145.1
703,Michael Adewumi,740.1
703,Mimy Kanza,2695.8
703,Otito,1628.7
703,Rael,447.8
703,Rashida kinattingalakath,705.2
703,Remy,1572.7
703,Rosie Birch,327.3
703,Rufkat Adetola oladipo,1556.8
703,Sally Muinami,2781.7
703,Sodiq Salaudeen,1249.5
703,Soumaya,2804.0
703,Steve Nolan,617.2
704,Abderrahmane Boukhaled,276.9
704,Basirat Adeyemo,1359.7
704,Charlotte Smith,676.4
704,David Ekpo,1553.1
704,Emmanuela Odoh,2457.6
704,Eno-obong Udofia,1070.2
704,Ethan Toudic,846.6
704,Gianna Cavacuiti,1464.6
704,James hushon,484.0
704,Joy Ojeabulu,1011.1
704,Lesley Nyonggesa,3052.9
704,Luca Marlowe,486.3
704,Michael Adewumi,1000.8
704,Mimy Kanza,909.6
704,Otito,1870.2
704,Rael,1419.0
704,Rashida kinattingalakath,1553.8
704,Remy,723.3
704,Rosie Birch,1240.7
704,Rufkat Adetola oladipo,1310.2
704,Sally Muinami,628.7
704,Sodiq Salaudeen,2033.4
704,Soumaya,476.0
704,Steve Nolan,1621.3
705,Abderrahmane Boukhaled,522.2
705,Basirat Adeyemo,1392.0
705,Charlotte Smith,1597.5
705,David Ekpo,2627.7
705,Emmanuela Odoh,668.6
705,Eno-obong Udofia,159.7
705,Ethan Toudic,1166.5
705,Gianna Cavacuiti,995.4
705,James hushon,615.8
705,Joy Ojeabulu,2207.0
705,Lesley Nyonggesa,1105.0
705,Luca Marlowe,405.3
705,Michael Adewumi,467.5
705,Mimy Kanza,234.6
705,Otito,1315.0
705,Rael,1224.6
705,Rashida kinattingalakath,472.4
705,Remy,1187.9
705,Rosie Birch,697.6
705,Rufkat Adetola oladipo,1495.5
705,Sally Muinami,1374.2
705,Sodiq Salaudeen,2681.5
705,Soumaya,2594.8
705,Steve Nolan,1536.7
706,Abderrahmane Boukhaled,297.9
706,Basirat Adeyemo,582.2
706,Charlotte Smith,922.9
706,David Ekpo,2646.2
706,Emmanuela Odoh,573.0
706,Eno-obong Udofia,421.0
706,Ethan Toudic,2175.6
706,Gianna Cavacuiti,587.8
706,James hushon,566.6
706,Joy Ojeabulu,1581.0
706,Lesley Nyonggesa,817.0
706,Luca Marlowe,1243.8
706,Michael Adewumi,828.2
706,Mimy Kanza,1516.5
706,Otito,1928.2
706,Rael,1014.5
706,Rashida kinattingalakath,515.6
706,Remy,1175.5
706,Rosie Birch,575.7
706,Rufkat Adetola oladipo,1671.4
706,Sally Muinami,1475.0
706,Sodiq Salaudeen,1318.8
706,Soumaya,462.2
706,Steve Nolan,1250.4
707,Abderrahmane Boukhaled,1306.9
707,Basirat Adeyemo,221.8
707,Charlotte Smith,1300.8
707,David Ekpo,1580.3
707,Emmanuela Odoh,185.1
707,Eno-obong Udofia,2321.3
707,Ethan Toudic,918.0
707,Gianna Cavacuiti,1454.6
707,James hushon,1138.2
707,Joy Ojeabulu,2823.4
707,Lesley Nyonggesa,1541.2
707,Luca Marlowe,1664.7
707,Michael Adewumi,785.7
707,Mimy Kanza,2145.1
707,Otito,1570.3
707,Rael,2001.1
707,Rashida kinattingalakath,1884.7
707,Remy,1848.1
707,Rosie Birch,1522.8
707,Rufkat Adetola oladipo,2350.7
707,Sally Muinami,543.5
707,Sodiq Salaudeen,1022.6
707,Soumaya,958.4
707,Steve Nolan,794.8
708,Abderrahmane Boukhaled,942.8
708,Basirat Adeyemo,773.9
708,Charlotte Smith,1824.1
708,David Ekpo,2078.5
708,Emmanuela Odoh,2389.4
708,Eno-obong Udofia,2011.2
708,Ethan Toudic,866.1
708,Gianna Cavacuiti,2211.6
708,James hushon,1592.2
708,Joy Ojeabulu,1454.6
708,Lesley Nyonggesa,1762.7
708,Luca Marlowe,806.2
708,Michael Adewumi,1781.9
708,Mimy Kanza,1380.7
708,Otito,928.4
708,Rael,1372.2
708,Rashida kinattingalakath,1018.0
708,Remy,1454.8
708,Rosie Birch,434.3
708,Rufkat Adetola oladipo,2229.8
708,Sally Muinami,1121.7
708,Sodiq Salaudeen,2387.8
708,Soumaya,1627.6
708,Steve Nolan,1528.2
709,Abderrahmane Boukhaled,2349.4
709,Basirat Adeyemo,1587.7
709,Charlotte Smith,627.6
709,David Ekpo,1998.6
709,Emmanuela Odoh,1615.8
709,Eno-obong Udofia,928.5
709,Ethan Toudic,604.6
709,Gianna Cavacuiti,1495.9
709,James hushon,1518.1
709,Joy Ojeabulu,627.8
709,Lesley Nyonggesa,193.3
709,Luca Marlowe,229.8
709,Michael Adewumi,1595.4
709,Mimy Kanza,1213.2
709,Otito,2044.1
709,Rael,2046.6
709,Rashida kinattingalakath,1977.2
709,Remy,832.0
709,Rosie Birch,2453.8
709,Rufkat Adetola oladipo,1623.1
709,Sally Muinami,653.3
709,Sodiq Salaudeen,2815.8
709,Soumaya,269.1
709,Steve Nolan,1441.2
710,Abderrahmane Boukhaled,136.6
710,Basirat Adeyemo,1062.1
710,Charlotte Smith,1902.7
710,David Ekpo,600.0
710,Emmanuela Odoh,2156.1
710,Eno-obong Udofia,1219.1
710,Ethan Toudic,204.5
710,Gianna Cavacuiti,887.9
710,James hushon,1828.3
710,Joy Ojeabulu,1635.9
710,Lesley Nyonggesa,1272.4
710,Luca Marlowe,679.0
710,Michael Adewumi,1393.5
710,Mimy Kanza,1313.6
710,Otito,1391.9
710,Rael,1108.1
710,Rashida kinattingalakath,1428.3
710,Remy,1263.8
710,Rosie Birch,1011.8
710,Rufkat Adetola oladipo,1104.6
710,Sally Muinami,855.9
710,Sodiq Salaudeen,139.0
710,Soumaya,352.2
710,Steve Nolan,998.2
711,Abderrahmane Boukhaled,1169.0
711,Basirat Adeyemo,765.2
711,Charlotte Smith,767.3
711,David Ekpo,840.2
711,Emmanuela Odoh,1718.1
711,Eno-obong Udofia,1935.9
711,Ethan Toudic,1009.6
711,Gianna Cavacuiti,786.0
711,James hushon,926.0
711,Joy Ojeabulu,690.6
711,Lesley Nyonggesa,1285.9
711,Luca Marlowe,2268.4
711,Michael Adewumi,2424.0
711,Mimy Kanza,581.8
711,Otito,1814.2
711,Rael,929.0
711,Rashida kinattingalakath,1423.4
711,Remy,1223.7
711,Rosie Birch,1769.5
711,Rufkat Adetola oladipo,1565.1
711,Sally Muinami,470.9
711,Sodiq Salaudeen,1165.6
711,Soumaya,380.8
711,Steve Nolan,1484.7
712,Abderrahmane Boukhaled,2129.1
712,Basirat Adeyemo,4763.7
712,Charlotte Smith,765.8
712,David Ekpo,601.4
712,Emmanuela Odoh,1017.6
712,Eno-obong Udofia,1567.4
712,Ethan Toudic,1705.0
712,Gianna Cavacuiti,993.6
712,James hushon,1048.4
712,Joy Ojeabulu,1695.6
712,Lesley Nyonggesa,1651.6
712,Luca Marlowe,382.2
712,Michael Adewumi,337.6
712,Mimy Kanza,100.0
712,Otito,559.8
712,Rael,1371.8
712,Rashida kinattingalakath,1059.7
712,Remy,440.7
712,Rosie Birch,765.3
712,Rufkat Adetola oladipo,136.0
712,Sally Muinami,2238.4
712,Sodiq Salaudeen,737.1
712,Soumaya,2533.3
712,Steve Nolan,1633.1
713,Abderrahmane Boukhaled,967.3
713,Basirat Adeyemo,615.1
713,Charlotte Smith,174.5
713,David Ekpo,1226.8
713,Emmanuela Odoh,3135.3
713,Eno-obong Udofia,1728.6
713,Ethan Toudic,702.2
713,Gianna Cavacuiti,960.5
713,James hushon,562.7
713,Joy Ojeabulu,1666.3
713,Lesley Nyonggesa,1601.0
713,Luca Marlowe,537.4
713,Michael Adewumi,1207.0
713,Mimy Kanza,973.2
713,Otito,2130.9
713,Rael,790.1
713,Rashida kinattingalakath,685.9
713,Remy,1569.2
713,Rosie Birch,1121.6
713,Rufkat Adetola oladipo,1445.6
713,Sally Muinami,1558.5
713,Sodiq Salaudeen,390.8
713,Soumaya,476.4
713,Steve Nolan,1999.7
714,Abderrahmane Boukhaled,1306.1
714,Basirat Adeyemo,1347.4
714,Charlotte Smith,550.2
714,David Ekpo,1566.1
714,Emmanuela Odoh,1684.7
714,Eno-obong Udofia,283.2
714,Ethan Toudic,100.0
714,Gianna Cavacuiti,2588.4
714,James hushon,408.8
714,Joy Ojeabulu,2104.4
714,Lesley Nyonggesa,581.7
714,Luca Marlowe,675.5
714,Michael Adewumi,257.9
714,Mimy Kanza,1470.3
714,Otito,563.6
714,Rael,2757.4
714,Rashida kinattingalakath,1501.4
714,Remy,2361.5
714,Rosie Birch,1074.7
714,Rufkat Adetola oladipo,1906.3
714,Sally Muinami,1079.9
714,Sodiq Salaudeen,1785.7
714,Soumaya,1564.9
714,Steve Nolan,914.8
715,Abderrahmane Boukhaled,1035.3
715,Basirat Adeyemo,748.4
715,Charlotte Smith,762.3
715,David Ekpo,933.5
715,Emmanuela Odoh,544.5
715,Eno-obong Udofia,2003.1
715,Ethan Toudic,1402.7
715,Gianna Cavacuiti,1426.7
715,James hushon,2023.2
715,Joy Ojeabulu,2005.1
715,Lesley Nyonggesa,226.0
715,Luca Marlowe,736.3
715,Michael Adewumi,588.0
715,Mimy Kanza,369.2
715,Otito,1048.2
715,Rael,1165.4
715,Rashida kinattingalakath,1790.3
715,Remy,521.2
715,Rosie Birch,1021.1
715,Rufkat Adetola oladipo,1628.6
715,Sally Muinami,1446.9
715,Sodiq Salaudeen,1823.8
715,Soumaya,1292.0
715,Steve Nolan,306.3
716,Abderrahmane Boukhaled,1966.1
716,Basirat Adeyemo,100.0
716,Charlotte Smith,2449.6
716,David Ekpo,1025.0
716,Emmanuela Odoh,653.9
716,Eno-obong Udofia,1164.9
716,Ethan Toudic,980.5
716,Gianna Cavacuiti,504.0
716,James hushon,963.8
716,Joy Ojeabulu,1076.3
716,Lesley Nyonggesa,2180.6
716,Luca Marlowe,990.7
716,Michael Adewumi,443.2
716,Mimy Kanza,1902.3
716,Otito,1136.7
716,Rael,192.5
716,Rashida kinattingalakath,1967.8
716,Remy,621.7
716,Rosie Birch,686.5
716,Rufkat Adetola oladipo,1416.0
716,Sally Muinami,1532.9
716,Sodiq Salaudeen,1772.9
716,Soumaya,2399.1
716,Steve Nolan,2306.9
717,Abderrahmane Boukhaled,2017.1
717,Basirat Adeyemo,609.0
717,Charlotte Smith,1209.4
717,David Ekpo,1667.7
717,Emmanuela Odoh,1787.6
717,Eno-obong Udofia,614.8
717,Ethan Toudic,1249.0
717,Gianna Cavacuiti,1052.2
717,James hushon,1073.7
717,Joy Ojeabulu,1200.8
717,Lesley Nyonggesa,1384.7
717,Luca Marlowe,1421.7
717,Michael Adewumi,1118.9
717,Mimy Kanza,1251.4
717,Otito,837.5
717,Rael,723.6
717,Rashida kinattingalakath,1392.8
717,Remy,892.8
717,Rosie Birch,1416.3
717,Rufkat Adetola oladipo,372.8
717,Sally Muinami,2035.7
717,Sodiq Salaudeen,725.2
717,Soumaya,284.4
717,Steve Nolan,989.5
718,Abderrahmane Boukhaled,437.7
718,Basirat Adeyemo,1797.1
718,Charlotte Smith,1791.6
718,David Ekpo,2628.3
718,Emmanuela Odoh,531.1
718,Eno-obong Udofia,2422.0
718,Ethan Toudic,1503.6
718,Gianna Cavacuiti,858.0
718,James hushon,1777.8
718,Joy Ojeabulu,849.4
718,Lesley Nyonggesa,1151.1
718,Luca Marlowe,899.5
718,Michael Adewumi,2459.7
718,Mimy Kanza,1188.9
718,Otito,1616.9
718,Rael,1953.0
718,Rashida kinattingalakath,1662.5
718,Remy,1330.8
718,Rosie Birch,1071.4
718,Rufkat Adetola oladipo,385.6
718,Sally Muinami,1784.0
718,Sodiq Salaudeen,453.4
718,Soumaya,1491.0
718,Steve Nolan,1668.8
719,Abderrahmane Boukhaled,1738.5
719,Basirat Adeyemo,672.8
719,Charlotte Smith,1539.4
719,David Ekpo,675.5
719,Emmanuela Odoh,1412.8
719,Eno-obong Udofia,1725.2
719,Ethan Toudic,122.0
719,Gianna Cavacuiti,2127.5
719,James hushon,1292.6
719,Joy Ojeabulu,3355.7
719,Lesley Nyonggesa,1366.8
719,Luca Marlowe,505.6
719,Michael Adewumi,726.2
719,Mimy Kanza,3235.6
719,Otito,1052.0
719,Rael,3260.3
719,Rashida kinattingalakath,277.5
719,Remy,2391.0
719,Rosie Birch,1967.9
719,Rufkat Adetola oladipo,1587.3
719,Sally Muinami,852.8
719,Sodiq Salaudeen,805.8
719,Soumaya,1238.9
719,Steve Nolan,885.3
720,Abderrahmane Boukhaled,209.0
720,Basirat Adeyemo,815.2
720,Charlotte Smith,1697.7
720,David Ekpo,312.8
720,Emmanuela Odoh,270.0
720,Eno-obong Udofia,1222.5
720,Ethan Toudic,1729.1
720,Gianna Cavacuiti,606.4
720,James hushon,1970.7
720,Joy Ojeabulu,2071.8
720,Lesley Nyonggesa,927.6
720,Luca Marlowe,1572.3
720,Michael Adewumi,588.6
720,Mimy Kanza,580.2
720,Otito,3099.0
720,Rael,432.4
720,Rashida kinattingalakath,962.0
720,Remy,767.6
720,Rosie Birch,2107.4
720,Rufkat Adetola oladipo,1014.8
720,Sally Muinami,1157.2
720,Sodiq Salaudeen,871.5
720,Soumaya,1832.9
720,Steve Nolan,1260.0
721,Abderrahmane Boukhaled,716.9
721,Basirat Adeyemo,2064.6
721,Charlotte Smith,1579.8
721,David Ekpo,1264.0
721,Emmanuela Odoh,850.1
721,Eno-obong Udofia,1318.2
721,Ethan Toudic,1758.9
721,Gianna Cavacuiti,482.4
721,James hushon,1184.5
721,Joy Ojeabulu,2149.4
721,Lesley Nyonggesa,2129.4
721,Luca Marlowe,1314.1
721,Michael Adewumi,913.2
721,Mimy Kanza,351.4
721,Otito,335.8
721,Rael,1860.6
721,Rashida kinattingalakath,2957.9
721,Remy,220.8
721,Rosie Birch,2116.2
721,Rufkat Adetola oladipo,160.4
721,Sally Muinami,1991.2
721,Sodiq Salaudeen,1969.4
721,Soumaya,974.0
721,Steve Nolan,1767.3
722,Abderrahmane Boukhaled,1431.8
722,Basirat Adeyemo,284.8
722,Charlotte Smith,967.8
722,David Ekpo,625.3
722,Emmanuela Odoh,569.8
722,Eno-obong Udofia,1445.7
722,Ethan Toudic,1203.5
722,Gianna Cavacuiti,895.9
722,James hushon,1539.0
722,Joy Ojeabulu,588.3
722,Lesley Nyonggesa,542.9
722,Luca Marlowe,660.4
722,Michael Adewumi,2219.7
722,Mimy Kanza,1558.1
722,Otito,331.7
722,Rael,555.5
722,Rashida kinattingalakath,1222.8
722,Remy,408.6
722,Rosie Birch,913.0
722,Rufkat Adetola oladipo,1073.9
722,Sally Muinami,2145.1
722,Sodiq Salaudeen,1870.9
722,Soumaya,999.4
722,Steve Nolan,1523.1
723,Abderrahmane Boukhaled,955.8
723,Basirat Adeyemo,374.2
723,Charlotte Smith,1482.2
723,David Ekpo,2223.0
723,Emmanuela Odoh,1859.1
723,Eno-obong Udofia,1401.6
723,Ethan Toudic,556.6
723,Gianna Cavacuiti,970.9
723,James hushon,1006.2
723,Joy Ojeabulu,1514.5
723,Lesley Nyonggesa,2171.1
723,Luca Marlowe,2041.3
723,Michael Adewumi,1118.1
723,Mimy Kanza,659.1
723,Otito,181.0
723,Rael,632.1
723,Rashida kinattingalakath,2175.7
723,Remy,1521.1
723,Rosie Birch,366.9
723,Rufkat Adetola oladipo,916.0
723,Sally Muinami,1797.5
723,Sodiq Salaudeen,1189.1
723,Soumaya,3564.5
723,Steve Nolan,1707.8
724,Abderrahmane Boukhaled,1528.1
724,Basirat Adeyemo,1166.9
724,Charlotte Smith,1318.8
724,David Ekpo,759.3
724,Emmanuela Odoh,1971.7
724,Eno-obong Udofia,1695.2
724,Ethan Toudic,1939.6
724,Gianna Cavacuiti,1121.5
724,James hushon,1972.7
724,Joy Ojeabulu,1267.6
724,Lesley Nyonggesa,1758.7
724,Luca Marlowe,406.4
724,Michael Adewumi,882.5
724,Mimy Kanza,1522.1
724,Otito,1101.9
724,Rael,1523.0
724,Rashida kinattingalakath,951.4
724,Remy,100.0
724,Rosie Birch,939.6
724,Rufkat Adetola oladipo,561.3
724,Sally Muinami,2254.2
724,Sodiq Salaudeen,1606.9
724,Soumaya,1278.9
724,Steve Nolan,1526.3
725,Abderrahmane Boukhaled,653.6
725,Basirat Adeyemo,862.0
725,Charlotte Smith,1986.6
725,David Ekpo,1746.8
725,Emmanuela Odoh,614.8
725,Eno-obong Udofia,1795.0
725,Ethan Toudic,1282.2
725,Gianna Cavacuiti,708.8
725,James hushon,2966.1
725,Joy Ojeabulu,1385.6
725,Lesley Nyonggesa,3016.6
725,Luca Marlowe,1559.1
725,Michael Adewumi,883.4
725,Mimy Kanza,3201.8
725,Otito,1667.3
725,Rael,2432.5
725,Rashida kinattingalakath,861.1
725,Remy,702.4
725,Rosie Birch,849.5
725,Rufkat Adetola oladipo,2618.0
725,Sally Muinami,1515.4
725,Sodiq Salaudeen,1647.9
725,Soumaya,424.9
725,Steve Nolan,917.9
726,Abderrahmane Boukhaled,2157.2
726,Basirat Adeyemo,359.1
726,Charlotte Smith,2236.2
726,David Ekpo,876.2
726,Emmanuela Odoh,821.1
726,Eno-obong Udofia,591.6
726,Ethan Toudic,648.0
726,Gianna Cavacuiti,807.6
726,James hushon,937.7
726,Joy Ojeabulu,2277.0
726,Lesley Nyonggesa,586.7
726,Luca Marlowe,1933.0
726,Michael Adewumi,1603.3
726,Mimy Kanza,1119.2
726,Otito,627.9
726,Rael,1645.4
726,Rashida kinattingalakath,962.3
726,Remy,2434.5
726,Rosie Birch,612.4
726,Rufkat Adetola oladipo,2431.7
726,Sally Muinami,1887.8
726,Sodiq Salaudeen,1633.4
726,Soumaya,2891.2
726,Steve Nolan,960.4
727,Abderrahmane Boukhaled,1598.6
727,Basirat Adeyemo,1402.6
727,Charlotte Smith,2544.3
727,David Ekpo,969.0
727,Emmanuela Odoh,984.3
727,Eno-obong Udofia,299.7
727,Ethan Toudic,733.8
727,Gianna Cavacuiti,2525.6
727,James hushon,558.1
727,Joy Ojeabulu,1821.5
727,Lesley Nyonggesa,990.3
727,Luca Marlowe,1069.5
727,Michael Adewumi,1882.3
727,Mimy Kanza,1015.7
727,Otito,2661.7
727,Rael,2374.6
727,Rashida kinattingalakath,1687.0
727,Remy,100.0
727,Rosie Birch,1287.8
727,Rufkat Adetola oladipo,1268.0
727,Sally Muinami,1083.5
727,Sodiq Salaudeen,1021.5
727,Soumaya,1674.6
727,Steve Nolan,686.8
728,Abderrahmane Boukhaled,1882.0
728,Basirat Adeyemo,457.6
728,Charlotte Smith,1092.5
728,David Ekpo,2129.1
728,Emmanuela Odoh,877.1
728,Eno-obong Udofia,870.4
728,Ethan Toudic,2134.7
728,Gianna Cavacuiti,765.9
728,James hushon,691.1
728,Joy Ojeabulu,1967.6
728,Lesley Nyonggesa,1807.9
728,Luca Marlowe,498.5
728,Michael Adewumi,1416.7
728,Mimy Kanza,675.8
728,Otito,912.7
728,Rael,2390.4
728,Rashida kinattingalakath,978.6
728,Remy,1317.4
728,Rosie Birch,1235.6
728,Rufkat Adetola oladipo,1315.9
728,Sally Muinami,826.0
728,Sodiq Salaudeen,834.3
728,Soumaya,1839.6
728,Steve Nolan,1234.2
729,Abderrahmane Boukhaled,679.2
729,Basirat Adeyemo,1956.2
729,Charlotte Smith,1615.3
729,David Ekpo,526.3
729,Emmanuela Odoh,1845.3
729,Eno-obong Udofia,365.0
729,Ethan Toudic,1327.9
729,Gianna Cavacuiti,777.0
729,James hushon,585.6
729,Joy Ojeabulu,1230.0
729,Lesley Nyonggesa,1893.0
729,Luca Marlowe,736.6
729,Michael Adewumi,1446.5
729,Mimy Kanza,1138.8
729,Otito,407.9
729,Rael,3100.7
729,Rashida kinattingalakath,1454.1
729,Remy,1969.2
729,Rosie Birch,349.7
729,Rufkat Adetola oladipo,1758.6
729,Sally Muinami,2013.8
729,Sodiq Salaudeen,179.9
729,Soumaya,2141.3
729,Steve Nolan,2388.9
730,Abderrahmane Boukhaled,731.7
730,Basirat Adeyemo,1310.3
730,Charlotte Smith,2956.1
730,David Ekpo,542.8
730,Emmanuela Odoh,283.8
730,Eno-obong Udofia,594.2
730,Ethan Toudic,1258.9
730,Gianna Cavacuiti,1629.9
730,James hushon,1838.8
730,Joy Ojeabulu,1046.4
730,Lesley Nyonggesa,1076.6
730,Luca Marlowe,790.0
730,Michael Adewumi,1604.7
730,Mimy Kanza,462.2
730,Otito,481.0
730,Rael,643.7
730,Rashida kinattingalakath,487.1
730,Remy,2069.6
730,Rosie Birch,849.5
730,Rufkat Adetola oladipo,475.4
730,Sally Muinami,1961.8
730,Sodiq Salaudeen,296.0
730,Soumaya,662.4
730,Steve Nolan,778.9
731,Abderrahmane Boukhaled,784.9
731,Basirat Adeyemo,1147.2
731,Charlotte Smith,2100.9
731,David Ekpo,1355.4
731,Emmanuela Odoh,1745.0
731,Eno-obong Udofia,1778.2
731,Ethan Toudic,2122.5
731,Gianna Cavacuiti,1658.7
731,James hushon,1917.0
731,Joy Ojeabulu,300.8
731,Lesley Nyonggesa,1458.9
731,Luca Marlowe,301.9
731,Michael Adewumi,489.7
731,Mimy Kanza,1593.3
731,Otito,774.2
731,Rael,691.5
731,Rashida kinattingalakath,426.7
731,Remy,762.8
731,Rosie Birch,692.6
731,Rufkat Adetola oladipo,1668.3
731,Sally Muinami,2384.4
731,Sodiq Salaudeen,1610.0
731,Soumaya,3060.7
731,Steve Nolan,697.3
732,Abderrahmane Boukhaled,1013.7
732,Basirat Adeyemo,1275.4
732,Charlotte Smith,294.6
732,David Ekpo,1080.2
732,Emmanuela Odoh,1737.5
732,Eno-obong Udofia,773.9
732,Ethan Toudic,947.1
732,Gianna Cavacuiti,563.0
732,James hushon,1003.3
732,Joy Ojeabulu,2841.1
732,Lesley Nyonggesa,627.7
732,Luca Marlowe,1078.1
732,Michael Adewumi,1334.8
732,Mimy Kanza,1828.6
732,Otito,1188.7
732,Rael,1710.4
732,Rashida kinattingalakath,917.1
732,Remy,1359.0
732,Rosie Birch,203.7
732,Rufkat Adetola oladipo,1368.6
732,Sally Muinami,1061.4
732,Sodiq Salaudeen,268.5
732,Soumaya,768.1
732,Steve Nolan,2220.2
733,Abderrahmane Boukhaled,1234.9
733,Basirat Adeyemo,2076.5
733,Charlotte Smith,1416.0
733,David Ekpo,381.9
733,Emmanuela Odoh,664.4
733,Eno-obong Udofia,311.1
733,Ethan Toudic,268.6
733,Gianna Cavacuiti,1143.6
733,James hushon,1944.6
733,Joy Ojeabulu,913.6
733,Lesley Nyonggesa,892.4
733,Luca Marlowe,504.4
733,Michael Adewumi,598.7
733,Mimy Kanza,775.8
733,Otito,868.6
733,Rael,1460.4
733,Rashida kinattingalakath,1422.5
733,Remy,2761.2
733,Rosie Birch,2549.1
733,Rufkat Adetola oladipo,1227.8
733,Sally Muinami,970.3
733,Sodiq Salaudeen,1836.9
733,Soumaya,917.4
733,Steve Nolan,2645.9
734,Abderrahmane Boukhaled,1375.1
734,Basirat Adeyemo,2118.1
734,Charlotte Smith,1608.7
734,David Ekpo,2842.7
734,Emmanuela Odoh,932.0
734,Eno-obong Udofia,201.8
734,Ethan Toudic,311.0
734,Gianna Cavacuiti,2185.7
734,James hushon,717.5
734,Joy Ojeabulu,323.2
734,Lesley Nyonggesa,979.0
734,Luca Marlowe,336.2
734,Michael Adewumi,734.2
734,Mimy Kanza,1947.2
734,Otito,592.0
734,Rael,3159.0
734,Rashida kinattingalakath,1411.6
734,Remy,1128.8
734,Rosie Birch,1123.9
734,Rufkat Adetola oladipo,2932.9
734,Sally Muinami,892.4
734,Sodiq Salaudeen,1287.9
734,Soumaya,1735.1
734,Steve Nolan,1117.0
735,Abderrahmane Boukhaled,682.8
735,Basirat Adeyemo,1231.4
735,Charlotte Smith,1614.2
735,David Ekpo,999.3
735,Emmanuela Odoh,321.0
735,Eno-obong Udofia,910.1
735,Ethan Toudic,801.9
735,Gianna Cavacuiti,1288.5
735,James hushon,2338.7
735,Joy Ojeabulu,1182.5
735,Lesley Nyonggesa,1239.7
735,Luca Marlowe,1240.6
735,Michael Adewumi,1687.0
735,Mimy Kanza,1335.8
735,Otito,1455.7
735,Rael,334.6
735,Rashida kinattingalakath,2506.9
735,Remy,634.8
735,Rosie Birch,361.8
735,Rufkat Adetola oladipo,1670.0
735,Sally Muinami,2028.7
735,Sodiq Salaudeen,405.5
735,Soumaya,911.4
735,Steve Nolan,536.2
736,Abderrahmane Boukhaled,197.9
736,Basirat Adeyemo,1411.2
736,Charlotte Smith,948.6
736,David Ekpo,3367.2
736,Emmanuela Odoh,1387.2
736,Eno-obong Udofia,1907.7
736,Ethan Toudic,1631.3
736,Gianna Cavacuiti,1227.6
736,James hushon,850.1
736,Joy Ojeabulu,745.1
736,Lesley Nyonggesa,1719.8
736,Luca Marlowe,2544.9
736,Michael Adewumi,369.8
736,Mimy Kanza,467.6
736,Otito,2545.8
736,Rael,221.1
736,Rashida kinattingalakath,1642.1
736,Remy,1303.7
736,Rosie Birch,1654.2
736,Rufkat Adetola oladipo,988.4
736,Sally Muinami,1105.9
736,Sodiq Salaudeen,721.3
736,Soumaya,1000.1
736,Steve Nolan,1000.3
737,Abderrahmane Boukhaled,2752.2
737,Basirat Adeyemo,1825.4
737,Charlotte Smith,1391.2
737,David Ekpo,1521.0
737,Emmanuela Odoh,1153.4
737,Eno-obong Udofia,952.3
737,Ethan Toudic,1433.0
737,Gianna Cavacuiti,1199.2
737,James hushon,1910.1
737,Joy Ojeabulu,3507.1
737,Lesley Nyonggesa,1429.5
737,Luca Marlowe,302.0
737,Michael Adewumi,488.5
737,Mimy Kanza,823.3
737,Otito,1453.6
737,Rael,1021.1
737,Rashida kinattingalakath,3386.9
737,Remy,1718.2
737,Rosie Birch,1082.3
737,Rufkat Adetola oladipo,1886.7
737,Sally Muinami,878.5
737,Sodiq Salaudeen,1728.7
737,Soumaya,2226.4
737,Steve Nolan,1269.8
738,Abderrahmane Boukhaled,471.4
738,Basirat Adeyemo,2115.7
738,Charlotte Smith,712.1
738,David Ekpo,1083.1
738,Emmanuela Odoh,1965.2
738,Eno-obong Udofia,1317.7
738,Ethan Toudic,1169.3
738,Gianna Cavacuiti,2514.8
738,James hushon,1298.6
738,Joy Ojeabulu,1678.2
738,Lesley Nyonggesa,1011.5
738,Luca Marlowe,2535.7
738,Michael Adewumi,1035.2
738,Mimy Kanza,636.0
738,Otito,1947.0
738,Rael,935.5
738,Rashida kinattingalakath,556.1
738,Remy,940.5
738,Rosie Birch,954.2
738,Rufkat Adetola oladipo,3185.0
738,Sally Muinami,701.0
738,Sodiq Salaudeen,1593.4
738,Soumaya,1496.7
738,Steve Nolan,1970.3
739,Abderrahmane Boukhaled,2172.9
739,Basirat Adeyemo,288.5
739,Charlotte Smith,985.1
739,David Ekpo,922.3
739,Emmanuela Odoh,1191.4
739,Eno-obong Udofia,1032.2
739,Ethan Toudic,1885.1
739,Gianna Cavacuiti,2190.8
739,James hushon,310.4
739,Joy Ojeabulu,816.9
739,Lesley Nyonggesa,2319.5
739,Luca Marlowe,1396.5
739,Michael Adewumi,929.5
739,Mimy Kanza,2149.7
739,Otito,1698.4
739,Rael,812.2
739,Rashida kinattingalakath,985.9
739,Remy,1208.4
739,Rosie Birch,725.3
739,Rufkat Adetola oladipo,980.1
739,Sally Muinami,562.8
739,Sodiq Salaudeen,1047.1
739,Soumaya,1220.1
739,Steve Nolan,1941.6
740,Abderrahmane Boukhaled,842.9
740,Basirat Adeyemo,526.8
740,Charlotte Smith,1399.0
740,David Ekpo,932.9
740,Emmanuela Odoh,1977.8
740,Eno-obong Udofia,844.7
740,Ethan Toudic,128.9
740,Gianna Cavacuiti,157.8
740,James hushon,2026.5
740,Joy Ojeabulu,1575.9
740,Lesley Nyonggesa,1804.9
740,Luca Marlowe,2030.9
740,Michael Adewumi,2539.9
740,Mimy Kanza,1026.4
740,Otito,2981.4
740,Rael,2508.9
740,Rashida kinattingalakath,372.9
740,Remy,682.3
740,Rosie Birch,1074.9
740,Rufkat Adetola oladipo,1010.0
740,Sally Muinami,716.3
740,Sodiq Salaudeen,935.7
740,Soumaya,434.4
740,Steve Nolan,1766.0
741,Abderrahmane Boukhaled,1052.7
741,Basirat Adeyemo,2425.5
741,Charlotte Smith,213.5
741,David Ekpo,1040.3
741,Emmanuela Odoh,1891.2
741,Eno-obong Udofia,1704.6
741,Ethan Toudic,1955.8
741,Gianna Cavacuiti,1064.5
741,James hushon,1343.4
741,Joy Ojeabulu,1681.8
741,Lesley Nyonggesa,2945.6
741,Luca Marlowe,451.6
741,Michael Adewumi,100.0
741,Mimy Kanza,581.4
741,Otito,609.2
741,Rael,2111.1
741,Rashida kinattingalakath,1397.7
741,Remy,1977.4
741,Rosie Birch,1282.5
741,Rufkat Adetola oladipo,1134.2
741,Sally Muinami,583.8
741,Sodiq Salaudeen,1680.0
741,Soumaya,2081.5
741,Steve Nolan,1502.4
742,Abderrahmane Boukhaled,1806.3
742,Basirat Adeyemo,907.7
742,Charlotte Smith,640.9
742,David Ekpo,2127.4
742,Emmanuela Odoh,2403.8
742,Eno-obong Udofia,914.2
742,Ethan Toudic,500.5
742,Gianna Cavacuiti,1208.4
742,James hushon,1910.6
742,Joy Ojeabulu,2159.5
742,Lesley Nyonggesa,1464.5
742,Luca Marlowe,2287.9
742,Michael Adewumi,1469.8
742,Mimy Kanza,760.8
742,Otito,794.0
742,Rael,2296.1
742,Rashida kinattingalakath,1135.4
742,Remy,1901.8
742,Rosie Birch,463.9
742,Rufkat Adetola oladipo,1424.3
742,Sally Muinami,2944.9
742,Sodiq Salaudeen,477.9
742,Soumaya,441.1
742,Steve Nolan,382.4
743,Abderrahmane Boukhaled,731.3
743,Basirat Adeyemo,2355.6
743,Charlotte Smith,2620.5
743,David Ekpo,2262.2
743,Emmanuela Odoh,1553.8
743,Eno-obong Udofia,1668.6
743,Ethan Toudic,917.5
743,Gianna Cavacuiti,1109.8
743,James hushon,1072.7
743,Joy Ojeabulu,769.8
743,Lesley Nyonggesa,1856.2
743,Luca Marlowe,1411.0
743,Michael Adewumi,153.3
743,Mimy Kanza,1775.7
743,Otito,1076.2
743,Rael,1786.2
743,Rashida kinattingalakath,656.3
743,Remy,854.8
743,Rosie Birch,2114.7
743,Rufkat Adetola oladipo,1620.8
743,Sally Muinami,929.4
743,Sodiq Salaudeen,750.9
743,Soumaya,153.2
743,Steve Nolan,217.3
744,Abderrahmane Boukhaled,284.5
744,Basirat Adeyemo,1802.4
744,Charlotte Smith,1693.8
744,David Ekpo,1483.6
744,Emmanuela Odoh,1014.7
744,Eno-obong Udofia,2496.1
744,Ethan Toudic,1026.9
744,Gianna Cavacuiti,734.2
744,James hushon,2112.6
744,Joy Ojeabulu,255.3
744,Lesley Nyonggesa,1210.3
744,Luca Marlowe,628.9
744,Michael Adewumi,757.9
744,Mimy Kanza,918.8
744,Otito,881.6
744,Rael,1680.8
744,Rashida kinattingalakath,2727.7
744,Remy,191.4
744,Rosie Birch,197.7
744,Rufkat Adetola oladipo,149.4
744,Sally Muinami,2254.0
744,Sodiq Salaudeen,1516.2
744,Soumaya,1328.7
744,Steve Nolan,2242.2
745,Abderrahmane Boukhaled,705.4
745,Basirat Adeyemo,891.8
745,Charlotte Smith,761.3
745,David Ekpo,1433.2
745,Emmanuela Odoh,1850.6
745,Eno-obong Udofia,1037.6
745,Ethan Toudic,1865.6
745,Gianna Cavacuiti,498.8
745,James hushon,581.2
745,Joy Ojeabulu,556.2
745,Lesley Nyonggesa,1167.9
745,Luca Marlowe,882.3
745,Michael Adewumi,1685.6
745,Mimy Kanza,855.0
745,Otito,771.4
745,Rael,911.1
745,Rashida kinattingalakath,412.5
745,Remy,1849.0
745,Rosie Birch,1482.0
745,Rufkat Adetola oladipo,696.8
745,Sally Muinami,424.2
745,Sodiq Salaudeen,1593.9
745,Soumaya,887.3
745,Steve Nolan,1189.3
746,Abderrahmane Boukhaled,696.5
746,Basirat Adeyemo,532.2
746,Charlotte Smith,1615.5
746,David Ekpo,2065.0
746,Emmanuela Odoh,920.3
746,Eno-obong Udofia,1544.2
746,Ethan Toudic,2265.4
746,Gianna Cavacuiti,2351.6
746,James hushon,283.5
746,Joy Ojeabulu,347.6
746,Lesley Nyonggesa,1672.2
746,Luca Marlowe,900.3
746,Michael Adewumi,1434.2
746,Mimy Kanza,2005.6
746,Otito,2700.8
746,Rael,904.4
746,Rashida kinattingalakath,275.2
746,Remy,865.5
746,Rosie Birch,2520.7
746,Rufkat Adetola oladipo,1178.1
746,Sally Muinami,1019.8
746,Sodiq Salaudeen,1263.4
746,Soumaya,394.9
746,Steve Nolan,2592.2
747,Abderrahmane Boukhaled,629.8
747,Basirat Adeyemo,2591.8
747,Charlotte Smith,431.6
747,David Ekpo,2531.6
747,Emmanuela Odoh,826.8
747,Eno-obong Udofia,1323.1
747,Ethan Toudic,304.3
747,Gianna Cavacuiti,589.2
747,James hushon,1376.0
747,Joy Ojeabulu,1251.0
747,Lesley Nyonggesa,889.6
747,Luca Marlowe,1351.8
747,Michael Adewumi,1012.8
747,Mimy Kanza,584.2
747,Otito,870.0
747,Rael,1072.8
747,Rashida kinattingalakath,567.5
747,Remy,503.8
747,Rosie Birch,2884.5
747,Rufkat Adetola oladipo,630.4
747,Sally Muinami,3163.1
747,Sodiq Salaudeen,1827.3
747,Soumaya,1140.1
747,Steve Nolan,2350.2
748,Abderrahmane Boukhaled,1653.4
748,Basirat Adeyemo,1832.3
748,Charlotte Smith,752.7
748,David Ekpo,492.9
748,Emmanuela Odoh,1408.7
748,Eno-obong Udofia,1430.8
748,Ethan Toudic,1101.3
748,Gianna Cavacuiti,653.3
748,James hushon,917.9
748,Joy Ojeabulu,682.4
748,Lesley Nyonggesa,3006.3
748,Luca Marlowe,894.4
748,Michael Adewumi,660.2
748,Mimy Kanza,1079.8
748,Otito,1277.1
748,Rael,1509.7
748,Rashida kinattingalakath,929.2
748,Remy,2288.6
748,Rosie Birch,535.8
748,Rufkat Adetola oladipo,2026.6
748,Sally Muinami,1821.2
748,Sodiq Salaudeen,300.7
748,Soumaya,788.2
748,Steve Nolan,1237.8
749,Abderrahmane Boukhaled,1088.9
749,Basirat Adeyemo,1047.0
749,Charlotte Smith,822.6
749,David Ekpo,604.7
749,Emmanuela Odoh,2015.4
749,Eno-obong Udofia,1351.3
749,Ethan Toudic,1181.1
749,Gianna Cavacuiti,2090.4
749,James hushon,1912.8
749,Joy Ojeabulu,918.4
749,Lesley Nyonggesa,2049.4
749,Luca Marlowe,2741.8
749,Michael Adewumi,1802.9
749,Mimy Kanza,1332.7
749,Otito,1480.9
749,Rael,2115.5
749,Rashida kinattingalakath,938.3
749,Remy,1689.8
749,Rosie Birch,251.2
749,Rufkat Adetola oladipo,458.7
749,Sally Muinami,2320.4
749,Sodiq Salaudeen,834.9
749,Soumaya,590.4
749,Steve Nolan,1559.7
750,Abderrahmane Boukhaled,897.3
750,Basirat Adeyemo,1877.1
750,Charlotte Smith,229.6
750,David Ekpo,469.0
750,Emmanuela Odoh,409.2
750,Eno-obong Udofia,1270.2
750,Ethan Toudic,902.0
750,Gianna Cavacuiti,1896.3
750,James hushon,2754.7
750,Joy Ojeabulu,743.6
750,Lesley Nyonggesa,813.1
750,Luca Marlowe,440.8
750,Michael Adewumi,1700.8
750,Mimy Kanza,1431.3
750,Otito,1579.3
750,Rael,846.3
750,Rashida kinattingalakath,1183.6
750,Remy,2414.9
750,Rosie Birch,1035.1
750,Rufkat Adetola oladipo,1500.6
750,Sally Muinami,1109.2
750,Sodiq Salaudeen,1986.9
750,Soumaya,1747.5
750,Steve Nolan,1784.5
751,Abderrahmane Boukhaled,1150.2
751,Basirat Adeyemo,818.0
751,Charlotte Smith,3153.0
751,David Ekpo,1068.4
751,Emmanuela Odoh,1052.3
751,Eno-obong Udofia,2163.4
751,Ethan Toudic,1962.6
751,Gianna Cavacuiti,1263.8
751,James hushon,1107.8
751,Joy Ojeabulu,1013.8
751,Lesley Nyonggesa,902.3
751,Luca Marlowe,1418.1
751,Michael Adewumi,2776.7
751,Mimy Kanza,709.3
751,Otito,924.5
751,Rael,1186.7
751,Rashida kinattingalakath,1324.6
751,Remy,1424.6
751,Rosie Birch,1014.2
751,Rufkat Adetola oladipo,1665.5
751,Sally Muinami,512.4
751,Sodiq Salaudeen,1904.6
751,Soumaya,259.4
751,Steve Nolan,2546.6
752,Abderrahmane Boukhaled,1117.7
752,Basirat Adeyemo,1925.9
752,Charlotte Smith,1754.6
752,David Ekpo,2907.5
752,Emmanuela Odoh,669.3
752,Eno-obong Udofia,1792.7
752,Ethan Toudic,1683.4
752,Gianna Cavacuiti,1709.7
752,James hushon,1315.1
752,Joy Ojeabulu,145.2
752,Lesley Nyonggesa,784.0
752,Luca Marlowe,2466.6
752,Michael Adewumi,847.9
752,Mimy Kanza,382.8
752,Otito,1963.5
752,Rael,357.9
752,Rashida kinattingalakath,1557.5
752,Remy,1172.8
752,Rosie Birch,2794.3
752,Rufkat Adetola oladipo,1128.8
752,Sally Muinami,2880.5
752,Sodiq Salaudeen,2077.6
752,Soumaya,753.3
752,Steve Nolan,788.0
753,Abderrahmane Boukhaled,629.7
753,Basirat Adeyemo,1681.1
753,Charlotte Smith,569.9
753,David Ekpo,1686.3
753,Emmanuela Odoh,348.2
753,Eno-obong Udofia,1242.5
753,Ethan Toudic,430.1
753,Gianna Cavacuiti,1275.0
753,James hushon,562.6
753,Joy Ojeabulu,348.3
753,Lesley Nyonggesa,1071.7
753,Luca Marlowe,2622.8
753,Michael Adewumi,446.4
753,Mimy Kanza,289.9
753,Otito,2972.7
753,Rael,1043.7
753,Rashida kinattingalakath,1413.6
753,Remy,548.9
753,Rosie Birch,753.8
753,Rufkat Adetola oladipo,1583.7
753,Sally Muinami,1347.1
753,Sodiq Salaudeen,1416.7
753,Soumaya,2504.2
753,Steve Nolan,1438.6
754,Abderrahmane Boukhaled,902.4
754,Basirat Adeyemo,610.3
754,Charlotte Smith,763.6
754,David Ekpo,968.1
754,Emmanuela Odoh,1285.3
754,Eno-obong Udofia,647.2
754,Ethan Toudic,2304.4
754,Gianna Cavacuiti,953.4
754,James hushon,2701.4
754,Joy Ojeabulu,890.0
754,Lesley Nyonggesa,1401.3
754,Luca Marlowe,1873.4
754,Michael Adewumi,2543.1
754,Mimy Kanza,934.1
754,Otito,1169.3
754,Rael,3432.6
754,Rashida kinattingalakath,1505.4
754,Remy,477.4
754,Rosie Birch,2303.4
754,Rufkat Adetola oladipo,352.6
754,Sally Muinami,2408.5
754,Sodiq Salaudeen,1571.2
754,Soumaya,944.9
754,Steve Nolan,1642.4
755,Abderrahmane Boukhaled,1042.3
755,Basirat Adeyemo,2006.3
755,Charlotte Smith,1413.9
755,David Ekpo,365.2
755,Emmanuela Odoh,841.2
755,Eno-obong Udofia,444.1
755,Ethan Toudic,2329.4
755,Gianna Cavacuiti,1514.5
755,James hushon,815.8
755,Joy Ojeabulu,380.4
755,Lesley Nyonggesa,1624.0
755,Luca Marlowe,1490.9
755,Michael Adewumi,1299.9
755,Mimy Kanza,1350.0
755,Otito,1587.6
755,Rael,491.4
755,Rashida kinattingalakath,559.2
755,Remy,1343.2
755,Rosie Birch,1600.2
755,Rufkat Adetola oladipo,1570.2
755,Sally Muinami,1515.7
755,Sodiq Salaudeen,2255.9
755,Soumaya,868.7
755,Steve Nolan,1153.6
756,Abderrahmane Boukhaled,1389.7
756,Basirat Adeyemo,320.0
756,Charlotte Smith,871.1
756,David Ekpo,2289.4
756,Emmanuela Odoh,554.4
756,Eno-obong Udofia,1114.1
756,Ethan Toudic,1282.3
756,Gianna Cavacuiti,953.2
756,James hushon,569.2
756,Joy Ojeabulu,1128.3
756,Lesley Nyonggesa,1634.8
756,Luca Marlowe,1297.7
756,Michael Adewumi,1587.7
756,Mimy Kanza,325.4
756,Otito,1810.5
756,Rael,1355.2
756,Rashida kinattingalakath,2026.7
756,Remy,1813.9
756,Rosie Birch,490.0
756,Rufkat Adetola oladipo,1611.4
756,Sally Muinami,1747.6
756,Sodiq Salaudeen,2369.6
756,Soumaya,895.7
756,Steve Nolan,689.1
757,Abderrahmane Boukhaled,997.6
757,Basirat Adeyemo,703.7
757,Charlotte Smith,1953.3
757,David Ekpo,2343.2
757,Emmanuela Odoh,957.5
757,Eno-obong Udofia,980.8
757,Ethan Toudic,475.7
757,Gianna Cavacuiti,237.4
757,James hushon,1385.0
757,Joy Ojeabulu,2458.7
757,Lesley Nyonggesa,2453.3
757,Luca Marlowe,144.3
757,Michael Adewumi,578.6
757,Mimy Kanza,1350.5
757,Otito,1528.5
757,Rael,451.9
757,Rashida kinattingalakath,1538.1
757,Remy,1498.7
757,Rosie Birch,1065.4
757,Rufkat Adetola oladipo,1914.2
757,Sally Muinami,1873.2
757,Sodiq Salaudeen,1945.3
757,Soumaya,655.1
757,Steve Nolan,1389.0
758,Abderrahmane Boukhaled,1171.5
758,Basirat Adeyemo,1992.5
758,Charlotte Smith,956.5
758,David Ekpo,1485.2
758,Emmanuela Odoh,686.4
758,Eno-obong Udofia,1383.2
758,Ethan Toudic,2102.6
758,Gianna Cavacuiti,372.9
758,James hushon,1764.0
758,Joy Ojeabulu,1857.1
758,Lesley Nyonggesa,528.6
758,Luca Marlowe,1188.5
758,Michael Adewumi,2262.8
758,Mimy Kanza,946.9
758,Otito,528.2
758,Rael,316.5
758,Rashida kinattingalakath,839.0
758,Remy,2545.0
758,Rosie Birch,1139.2
758,Rufkat Adetola oladipo,2063.8
758,Sally Muinami,296.1
758,Sodiq Salaudeen,1211.8
758,Soumaya,656.7
758,Steve Nolan,1323.7
759,Abderrahmane Boukhaled,914.1
759,Basirat Adeyemo,1550.5
759,Charlotte Smith,2286.9
759,David Ekpo,1509.6
759,Emmanuela Odoh,456.3
759,Eno-obong Udofia,1155.0
759,Ethan Toudic,1842.6
759,Gianna Cavacuiti,1619.9
759,James hushon,1739.3
759,Joy Ojeabulu,1576.6
759,Lesley Nyonggesa,719.5
759,Luca Marlowe,2362.0
759,Michael Adewumi,2674.4
759,Mimy Kanza,2109.5
759,Otito,1384.1
759,Rael,2926.0
759,Rashida kinattingalakath,507.1
759,Remy,532.3
759,Rosie Birch,2314.3
759,Rufkat Adetola oladipo,1064.9
759,Sally Muinami,1843.6
759,Sodiq Salaudeen,1224.7
759,Soumaya,1944.4
759,Steve Nolan,484.0
760,Abderrahmane Boukhaled,2089.4
760,Basirat Adeyemo,1173.0
760,Charlotte Smith,1182.6
760,David Ekpo,1793.8
760,Emmanuela Odoh,872.2
760,Eno-obong Udofia,1023.8
760,Ethan Toudic,1738.0
760,Gianna Cavacuiti,1142.4
760,James hushon,293.1
760,Joy Ojeabulu,1460.3
760,Lesley Nyonggesa,1252.3
760,Luca Marlowe,1153.0
760,Michael Adewumi,808.0
760,Mimy Kanza,2326.2
760,Otito,780.1
760,Rael,939.0
760,Rashida kinattingalakath,702.4
760,Remy,699.3
760,Rosie Birch,1166.7
760,Rufkat Adetola oladipo,1602.1
760,Sally Muinami,1834.1
760,Sodiq Salaudeen,1920.5
760,Soumaya,833.4
760,Steve Nolan,141.2
761,Abderrahmane Boukhaled,836.5
761,Basirat Adeyemo,1068.4
761,Charlotte Smith,1368.8
761,David Ekpo,328.1
761,Emmanuela Odoh,475.4
761,Eno-obong Udofia,1087.7
761,Ethan Toudic,655.5
761,Gianna Cavacuiti,1295.5
761,James hushon,1399.2
761,Joy Ojeabulu,2347.8
761,Lesley Nyonggesa,1527.3
761,Luca Marlowe,2958.5
761,Michael Adewumi,187.4
761,Mimy Kanza,2184.5
761,Otito,1514.3
761,Rael,1315.6
761,Rashida kinattingalakath,665.8
761,Remy,1925.3
761,Rosie Birch,1029.1
761,Rufkat Adetola oladipo,969.8
761,Sally Muinami,1504.6
761,Sodiq Salaudeen,2820.0
761,Soumaya,314.8
761,Steve Nolan,388.9
762,Abderrahmane Boukhaled,618.8
762,Basirat Adeyemo,1622.3
762,Charlotte Smith,447.0
762,David Ekpo,729.4
762,Emmanuela Odoh,1362.3
762,Eno-obong Udofia,396.4
762,Ethan Toudic,565.5
762,Gianna Cavacuiti,1774.7
762,James hushon,1800.7
762,Joy Ojeabulu,100.0
762,Lesley Nyonggesa,1415.2
762,Luca Marlowe,1751.7
762,Michael Adewumi,1813.8
762,Mimy Kanza,692.5
762,Otito,2561.9
762,Rael,476.8
762,Rashida kinattingalakath,434.5
762,Remy,1207.1
762,Rosie Birch,638.1
762,Rufkat Adetola oladipo,820.6
762,Sally Muinami,1178.4
762,Sodiq Salaudeen,1818.9
762,Soumaya,797.1
762,Steve Nolan,1991.1
763,Abderrahmane Boukhaled,764.0
763,Basirat Adeyemo,3232.7
763,Charlotte Smith,1741.8
763,David Ekpo,1428.9
763,Emmanuela Odoh,1388.6
763,Eno-obong Udofia,1343.0
763,Ethan Toudic,828.6
763,Gianna Cavacuiti,2310.0
763,James hushon,391.5
763,Joy Ojeabulu,601.8
763,Lesley Nyonggesa,1003.8
763,Luca Marlowe,965.6
763,Michael Adewumi,488.7
763,Mimy Kanza,978.5
763,Otito,1801.6
763,Rael,1854.5
763,Rashida kinattingalakath,1446.6
763,Remy,1414.3
763,Rosie Birch,380.0
763,Rufkat Adetola oladipo,1849.3
763,Sally Muinami,1769.8
763,Sodiq Salaudeen,1204.5
763,Soumaya,431.8
763,Steve Nolan,1118.2
764,Abderrahmane Boukhaled,1903.1
764,Basirat Adeyemo,447.4
764,Charlotte Smith,1535.9
764,David Ekpo,477.8
764,Emmanuela Odoh,1180.5
764,Eno-obong Udofia,1403.6
764,Ethan Toudic,1409.0
764,Gianna Cavacuiti,606.6
764,James hushon,397.8
764,Joy Ojeabulu,2368.4
764,Lesley Nyonggesa,2034.1
764,Luca Marlowe,1488.4
764,Michael Adewumi,2676.8
764,Mimy Kanza,1673.2
764,Otito,213.6
764,Rael,2009.9
764,Rashida kinattingalakath,539.7
764,Remy,1579.8
764,Rosie Birch,1197.7
764,Rufkat Adetola oladipo,678.6
764,Sally Muinami,1134.1
764,Sodiq Salaudeen,1663.8
764,Soumaya,2268.9
764,Steve Nolan,443.9
765,Abderrahmane Boukhaled,1864.3
765,Basirat Adeyemo,2373.8
765,Charlotte Smith,1387.9
765,David Ekpo,606.7
765,Emmanuela Odoh,903.8
765,Eno-obong Udofia,3593.7
765,Ethan Toudic,1442.6
765,Gianna Cavacuiti,1129.0
765,James hushon,453.2
765,Joy Ojeabulu,284.2
765,Lesley Nyonggesa,158.5
765,Luca Marlowe,2361.8
765,Michael Adewumi,546.0
765,Mimy Kanza,1121.9
765,Otito,1775.9
765,Rael,512.5
765,Rashida kinattingalakath,1132.8
765,Remy,1956.4
765,Rosie Birch,1572.2
765,Rufkat Adetola oladipo,1260.8
765,Sally Muinami,2121.9
765,Sodiq Salaudeen,595.7
765,Soumaya,1413.3
765,Steve Nolan,967.4
766,Abderrahmane Boukhaled,762.6
766,Basirat Adeyemo,719.8
766,Charlotte Smith,119.8
766,David Ekpo,1025.8
766,Emmanuela Odoh,989.2
766,Eno-obong Udofia,1057.7
766,Ethan Toudic,562.3
766,Gianna Cavacuiti,1430.1
766,James hushon,1165.7
766,Joy Ojeabulu,1788.7
766,Lesley Nyonggesa,1812.7
766,Luca Marlowe,2320.2
766,Michael Adewumi,1714.4
766,Mimy Kanza,936.1
766,Otito,730.3
766,Rael,851.3
766,Rashida kinattingalakath,895.8
766,Remy,1122.5
766,Rosie Birch,100.0
766,Rufkat Adetola oladipo,868.5
766,Sally Muinami,1386.8
766,Sodiq Salaudeen,1705.2
766,Soumaya,2808.9
766,Steve Nolan,1807.5
767,Abderrahmane Boukhaled,1524.1
767,Basirat Adeyemo,629.1
767,Charlotte Smith,1535.4
767,David Ekpo,612.2
767,Emmanuela Odoh,1048.2
767,Eno-obong Udofia,1339.5
767,Ethan Toudic,756.9
767,Gianna Cavacuiti,2859.8
767,James hushon,399.9
767,Joy Ojeabulu,822.6
767,Lesley Nyonggesa,806.5
767,Luca Marlowe,218.9
767,Michael Adewumi,1362.4
767,Mimy Kanza,1964.0
767,Otito,3474.8
767,Rael,396.3
767,Rashida kinattingalakath,525.4
767,Remy,2302.6
767,Rosie Birch,1305.1
767,Rufkat Adetola oladipo,1124.3
767,Sally Muinami,1875.3
767,Sodiq Salaudeen,1748.7
767,Soumaya,576.1
767,Steve Nolan,250.1
768,Abderrahmane Boukhaled,956.3
768,Basirat Adeyemo,704.5
768,Charlotte Smith,1206.5
768,David Ekpo,281.0
768,Emmanuela Odoh,1367.6
768,Eno-obong Udofia,725.5
768,Ethan Toudic,1721.3
768,Gianna Cavacuiti,906.4
768,James hushon,1599.2
768,Joy Ojeabulu,953.3
768,Lesley Nyonggesa,1325.4
768,Luca Marlowe,1007.8
768,Michael Adewumi,1523.7
768,Mimy Kanza,1798.2
768,Otito,1953.6
768,Rael,2415.1
768,Rashida kinattingalakath,546.7
768,Remy,452.4
768,Rosie Birch,860.2
768,Rufkat Adetola oladipo,2017.6
768,Sally Muinami,100.0
768,Sodiq Salaudeen,1123.0
768,Soumaya,1463.6
768,Steve Nolan,1096.6
769,Abderrahmane Boukhaled,133.8
769,Basirat Adeyemo,989.4
769,Charlotte Smith,1292.7
769,David Ekpo,1815.2
769,Emmanuela Odoh,2825.1
769,Eno-obong Udofia,1712.0
769,Ethan Toudic,1566.9
769,Gianna Cavacuiti,1438.5
769,James hushon,1773.1
769,Joy Ojeabulu,1010.4
769,Lesley Nyonggesa,530.4
769,Luca Marlowe,489.3
769,Michael Adewumi,1607.7
769,Mimy Kanza,719.4
769,Otito,614.1
769,Rael,2733.1
769,Rashida kinattingalakath,1709.8
769,Remy,138.5
769,Rosie Birch,605.4
769,Rufkat Adetola oladipo,1393.6
769,Sally Muinami,1590.2
769,Sodiq Salaudeen,1010.2
769,Soumaya,656.1
769,Steve Nolan,1511.3
770,Abderrahmane Boukhaled,452.7
770,Basirat Adeyemo,1026.2
770,Charlotte Smith,1696.9
770,David Ekpo,817.1
770,Emmanuela Odoh,1396.1
770,Eno-obong Udofia,241.7
770,Ethan Toudic,479.7
770,Gianna Cavacuiti,1758.0
770,James hushon,827.9
770,Joy Ojeabulu,2080.7
770,Lesley Nyonggesa,1762.0
770,Luca Marlowe,1291.7
770,Michael Adewumi,1228.6
770,Mimy Kanza,1890.7
770,Otito,1180.8
770,Rael,2128.8
770,Rashida kinattingalakath,1455.1
770,Remy,1711.4
770,Rosie Birch,1026.0
770,Rufkat Adetola oladipo,792.8
770,Sally Muinami,574.4
770,Sodiq Salaudeen,1391.0
770,Soumaya,948.7
770,Steve Nolan,2115.3
771,Abderrahmane Boukhaled,1700.7
771,Basirat Adeyemo,446.2
771,Charlotte Smith,1454.2
771,David Ekpo,1532.4
771,Emmanuela Odoh,951.2
771,Eno-obong Udofia,386.3
771,Ethan Toudic,1488.5
771,Gianna Cavacuiti,1128.3
771,James hushon,572.1
771,Joy Ojeabulu,1249.3
771,Lesley Nyonggesa,817.8
771,Luca Marlowe,2166.0
771,Michael Adewumi,1236.8
771,Mimy Kanza,1453.9
771,Otito,1039.5
771,Rael,1783.0
771,Rashida kinattingalakath,1222.1
771,Remy,514.4
771,Rosie Birch,948.3
771,Rufkat Adetola oladipo,715.9
771,Sally Muinami,553.8
771,Sodiq Salaudeen,1704.8
771,Soumaya,381.5
771,Steve Nolan,1039.6
772,Abderrahmane Boukhaled,1370.6
772,Basirat Adeyemo,1034.0
772,Charlotte Smith,366.4
772,David Ekpo,752.3
772,Emmanuela Odoh,1706.7
772,Eno-obong Udofia,3143.5
772,Ethan Toudic,447.8
772,Gianna Cavacuiti,712.6
772,James hushon,1031.4
772,Joy Ojeabulu,816.7
772,Lesley Nyonggesa,2413.4
772,Luca Marlowe,1670.5
772,Michael Adewumi,2269.0
772,Mimy Kanza,765.0
772,Otito,1561.9
772,Rael,312.2
772,Rashida kinattingalakath,2160.2
772,Remy,702.4
772,Rosie Birch,714.1
772,Rufkat Adetola oladipo,2403.4
772,Sally Muinami,147.1
772,Sodiq Salaudeen,1181.6
772,Soumaya,2004.0
772,Steve Nolan,851.6
773,Abderrahmane Boukhaled,713.6
773,Basirat Adeyemo,1281.2
773,Charlotte Smith,1614.1
773,David Ekpo,108.3
773,Emmanuela Odoh,625.6
773,Eno-obong Udofia,1515.9
773,Ethan Toudic,1190.4
773,Gianna Cavacuiti,549.0
773,James hushon,971.8
773,Joy Ojeabulu,374.4
773,Lesley Nyonggesa,111.2
773,Luca Marlowe,1307.3
773,Michael Adewumi,1975.0
773,Mimy Kanza,1793.1
773,Otito,3820.0
773,Rael,100.0
773,Rashida kinattingalakath,519.5
773,Remy,1549.1
773,Rosie Birch,569.7
773,Rufkat Adetola oladipo,1930.5
773,Sally Muinami,2434.5
773,Sodiq Salaudeen,1970.8
773,Soumaya,1726.3
773,Steve Nolan,1251.1
774,Abderrahmane Boukhaled,1008.5
774,Basirat Adeyemo,1907.8
774,Charlotte Smith,1549.5
774,David Ekpo,1649.7
774,Emmanuela Odoh,1878.4
774,Eno-obong Udofia,261.5
774,Ethan Toudic,1562.6
774,Gianna Cavacuiti,2046.5
774,James hushon,1552.3
774,Joy Ojeabulu,2679.7
774,Lesley Nyonggesa,465.0
774,Luca Marlowe,1662.5
774,Michael Adewumi,841.3
774,Mimy Kanza,403.2
774,Otito,652.4
774,Rael,1324.6
774,Rashida kinattingalakath,1610.7
774,Remy,1597.6
774,Rosie Birch,395.2
774,Rufkat Adetola oladipo,957.6
774,Sally Muinami,778.9
774,Sodiq Salaudeen,184.3
774,Soumaya,1495.4
774,Steve Nolan,1610.8
775,Abderrahmane Boukhaled,1412.8
775,Basirat Adeyemo,2454.9
775,Charlotte Smith,1060.4
775,David Ekpo,770.3
775,Emmanuela Odoh,2179.4
775,Eno-obong Udofia,1368.9
775,Ethan Toudic,1648.6
775,Gianna Cavacuiti,2655.9
775,James hushon,3525.3
775,Joy Ojeabulu,1426.3
775,Lesley Nyonggesa,1186.7
775,Luca Marlowe,1704.8
775,Michael Adewumi,245.7
775,Mimy Kanza,524.6
775,Otito,1713.0
775,Rael,2100.4
775,Rashida kinattingalakath,935.1
775,Remy,1111.6
775,Rosie Birch,429.2
775,Rufkat Adetola oladipo,1068.2
775,Sally Muinami,599.5
775,Sodiq Salaudeen,923.1
775,Soumaya,1392.7
775,Steve Nolan,1291.5
776,Abderrahmane Boukhaled,1201.4
776,Basirat Adeyemo,1986.5
776,Charlotte Smith,1399.3
776,David Ekpo,767.8
776,Emmanuela Odoh,1279.7
776,Eno-obong Udofia,1193.8
776,Ethan Toudic,673.9
776,Gianna Cavacuiti,643.4
776,James hushon,716.9
776,Joy Ojeabulu,745.7
776,Lesley Nyonggesa,1741.7
776,Luca Marlowe,1828.6
776,Michael Adewumi,608.9
776,Mimy Kanza,1290.4
776,Otito,1078.2
776,Rael,1577.9
776,Rashida kinattingalakath,310.2
776,Remy,1079.0
776,Rosie Birch,1336.8
776,Rufkat Adetola oladipo,738.6
776,Sally Muinami,502.2
776,Sodiq Salaudeen,573.2
776,Soumaya,2128.3
776,Steve Nolan,709.0
777,Abderrahmane Boukhaled,2426.8
777,Basirat Adeyemo,427.4
777,Charlotte Smith,948.2
777,David Ekpo,528.0
777,Emmanuela Odoh,2290.2
777,Eno-obong Udofia,2045.1
777,Ethan Toudic,2329.5
777,Gianna Cavacuiti,2925.7
777,James hushon,362.9
777,Joy Ojeabulu,846.8
777,Lesley Nyonggesa,1227.0
777,Luca Marlowe,1526.2
777,Michael Adewumi,1834.8
777,Mimy Kanza,696.6
777,Otito,1894.8
777,Rael,2105.6
777,Rashida kinattingalakath,983.7
777,Remy,560.5
777,Rosie Birch,808.0
777,Rufkat Adetola oladipo,1233.7
777,Sally Muinami,888.8
777,Sodiq Salaudeen,1095.8
777,Soumaya,725.1
777,Steve Nolan,1582.2
778,Abderrahmane Boukhaled,2507.9
778,Basirat Adeyemo,2031.6
778,Charlotte Smith,1160.6
778,David Ekpo,1288.2
778,Emmanuela Odoh,1089.8
778,Eno-obong Udofia,1024.3
778,Ethan Toudic,617.2
778,Gianna Cavacuiti,627.8
778,James hushon,268.0
778,Joy Ojeabulu,1213.7
778,Lesley Nyonggesa,957.7
778,Luca Marlowe,1266.6
778,Michael Adewumi,564.7
778,Mimy Kanza,555.6
778,Otito,606.3
778,Rael,714.7
778,Rashida kinattingalakath,1112.3
778,Remy,981.3
778,Rosie Birch,2354.1
778,Rufkat Adetola oladipo,1041.4
778,Sally Muinami,502.2
778,Sodiq Salaudeen,2361.0
778,Soumaya,2725.3
778,Steve Nolan,732.0
779,Abderrahmane Boukhaled,918.4
779,Basirat Adeyemo,3138.0
779,Charlotte Smith,1050.5
779,David Ekpo,1778.6
779,Emmanuela Odoh,1940.8
779,Eno-obong Udofia,1118.0
779,Ethan Toudic,1335.2
779,Gianna Cavacuiti,563.5
779,James hushon,2083.4
779,Joy Ojeabulu,1275.7
779,Lesley Nyonggesa,1453.1
779,Luca Marlowe,298.9
779,Michael Adewumi,1919.5
779,Mimy Kanza,728.7
779,Otito,2075.6
779,Rael,834.3
779,Rashida kinattingalakath,1358.3
779,Remy,1364.0
779,Rosie Birch,265.2
779,Rufkat Adetola oladipo,1876.8
779,Sally Muinami,942.2
779,Sodiq Salaudeen,1590.0
779,Soumaya,1507.6
779,Steve Nolan,242.5
780,Abderrahmane Boukhaled,1681.5
780,Basirat Adeyemo,905.2
780,Charlotte Smith,374.6
780,David Ekpo,2514.7
780,Emmanuela Odoh,3115.7
780,Eno-obong Udofia,2154.0
780,Ethan Toudic,1783.5
780,Gianna Cavacuiti,2364.3
780,James hushon,785.4
780,Joy Ojeabulu,1398.0
780,Lesley Nyonggesa,3411.0
780,Luca Marlowe,1659.4
780,Michael Adewumi,2304.6
780,Mimy Kanza,609.6
780,Otito,1591.0
780,Rael,904.6
780,Rashida kinattingalakath,839.5
780,Remy,2138.0
780,Rosie Birch,806.7
780,Rufkat Adetola oladipo,1759.3
780,Sally Muinami,2400.0
780,Sodiq Salaudeen,1065.8
780,Soumaya,3161.5
780,Steve Nolan,2401.6
781,Abderrahmane Boukhaled,294.4
781,Basirat Adeyemo,767.0
781,Charlotte Smith,1290.6
781,David Ekpo,215.1
781,Emmanuela Odoh,564.8
781,Eno-obong Udofia,727.4
781,Ethan Toudic,1210.1
781,Gianna Cavacuiti,775.1
781,James hushon,2262.4
781,Joy Ojeabulu,2459.6
781,Lesley Nyonggesa,195.8
781,Luca Marlowe,461.2
781,Michael Adewumi,1806.3
781,Mimy Kanza,1220.8
781,Otito,2302.4
781,Rael,732.4
781,Rashida kinattingalakath,1215.3
781,Remy,2348.6
781,Rosie Birch,1193.6
781,Rufkat Adetola oladipo,545.1
781,Sally Muinami,474.4
781,Sodiq Salaudeen,684.0
781,Soumaya,1333.9
781,Steve Nolan,802.1
782,Abderrahmane Boukhaled,2859.6
782,Basirat Adeyemo,867.3
782,Charlotte Smith,722.9
782,David Ekpo,913.4
782,Emmanuela Odoh,677.9
782,Eno-obong Udofia,734.5
782,Ethan Toudic,2809.1
782,Gianna Cavacuiti,114.1
782,James hushon,1542.4
782,Joy Ojeabulu,1080.3
782,Lesley Nyonggesa,501.9
782,Luca Marlowe,984.6
782,Michael Adewumi,682.8
782,Mimy Kanza,893.0
782,Otito,100.0
782,Rael,2259.3
782,Rashida kinattingalakath,372.1
782,Remy,1669.0
782,Rosie Birch,768.7
782,Rufkat Adetola oladipo,2092.5
782,Sally Muinami,3198.9
782,Sodiq Salaudeen,2353.9
782,Soumaya,1878.4
782,Steve Nolan,2134.7
783,Abderrahmane Boukhaled,1127.9
783,Basirat Adeyemo,903.0
783,Charlotte Smith,982.3
783,David Ekpo,1838.1
783,Emmanuela Odoh,948.4
783,Eno-obong Udofia,1322.5
783,Ethan Toudic,1214.8
783,Gianna Cavacuiti,826.3
783,James hushon,3161.8
783,Joy Ojeabulu,1206.8
783,Lesley Nyonggesa,2340.8
783,Luca Marlowe,1897.3
783,Michael Adewumi,684.5
783,Mimy Kanza,1162.3
783,Otito,727.6
783,Rael,1491.1
783,Rashida kinattingalakath,2054.1
783,Remy,2001.4
783,Rosie Birch,1281.5
783,Rufkat Adetola oladipo,564.1
783,Sally Muinami,1411.8
783,Sodiq Salaudeen,1120.6
783,Soumaya,928.9
783,Steve Nolan,297.2
784,Abderrahmane Boukhaled,1245.4
784,Basirat Adeyemo,1222.8
784,Charlotte Smith,1196.4
784,David Ekpo,723.9
784,Emmanuela Odoh,100.0
784,Eno-obong Udofia,456.6
784,Ethan Toudic,1753.3
784,Gianna Cavacuiti,689.1
784,James hushon,1823.6
784,Joy Ojeabulu,839.6
784,Lesley Nyonggesa,712.4
784,Luca Marlowe,818.8
784,Michael Adewumi,915.2
784,Mimy Kanza,592.1
784,Otito,1410.3
784,Rael,1251.6
784,Rashida kinattingalakath,1376.4
784,Remy,503.9
784,Rosie Birch,1099.6
784,Rufkat Adetola oladipo,853.9
784,Sally Muinami,695.0
784,Sodiq Salaudeen,1971.8
784,Soumaya,1090.0
784,Steve Nolan,2092.0
785,Abderrahmane Boukhaled,250.5
785,Basirat Adeyemo,1428.5
785,Charlotte Smith,1213.1
785,David Ekpo,1495.1
785,Emmanuela Odoh,1386.3
785,Eno-obong Udofia,1372.8
785,Ethan Toudic,1274.7
785,Gianna Cavacuiti,2645.9
785,James hushon,1827.4
785,Joy Ojeabulu,869.5
785,Lesley Nyonggesa,885.2
785,Luca Marlowe,417.2
785,Michael Adewumi,1445.8
785,Mimy Kanza,1687.2
785,Otito,780.7
785,Rael,2132.1
785,Rashida kinattingalakath,1556.8
785,Remy,831.8
785,Rosie Birch,1534.6
785,Rufkat Adetola oladipo,3100.9
785,Sally Muinami,755.7
785,Sodiq Salaudeen,1879.8
785,Soumaya,1133.3
785,Steve Nolan,2192.9
786,Abderrahmane Boukhaled,714.2
786,Basirat Adeyemo,297.2
786,Charlotte Smith,407.3
786,David Ekpo,1876.4
786,Emmanuela Odoh,1168.2
786,Eno-obong Udofia,1270.4
786,Ethan Toudic,924.9
786,Gianna Cavacuiti,1531.8
786,James hushon,921.9
786,Joy Ojeabulu,1862.7
786,Lesley Nyonggesa,646.2
786,Luca Marlowe,1152.8
786,Michael Adewumi,1547.5
786,Mimy Kanza,466.6
786,Otito,2549.7
786,Rael,1145.4
786,Rashida kinattingalakath,880.5
786,Remy,841.2
786,Rosie Birch,841.9
786,Rufkat Adetola oladipo,1835.7
786,Sally Muinami,1776.7
786,Sodiq Salaudeen,574.2
786,Soumaya,1728.9
786,Steve Nolan,1889.0
787,Abderrahmane Boukhaled,1050.6
787,Basirat Adeyemo,318.7
787,Charlotte Smith,1342.7
787,David Ekpo,2061.7
787,Emmanuela Odoh,729.8
787,Eno-obong Udofia,310.8
787,Ethan Toudic,549.5
787,Gianna Cavacuiti,1019.4
787,James hushon,2097.9
787,Joy Ojeabulu,4155.6
787,Lesley Nyonggesa,1072.6
787,Luca Marlowe,2424.7
787,Michael Adewumi,1644.1
787,Mimy Kanza,2135.7
787,Otito,589.6
787,Rael,1699.2
787,Rashida kinattingalakath,1774.5
787,Remy,511.0
787,Rosie Birch,1713.6
787,Rufkat Adetola oladipo,2455.7
787,Sally Muinami,459.3
787,Sodiq Salaudeen,617.2
787,Soumaya,2477.1
787,Steve Nolan,741.8
788,Abderrahmane Boukhaled,709.8
788,Basirat Adeyemo,1273.6
788,Charlotte Smith,882.4
788,David Ekpo,724.9
788,Emmanuela Odoh,1927.0
788,Eno-obong Udofia,447.0
788,Ethan Toudic,714.7
788,Gianna Cavacuiti,451.1
788,James hushon,1988.4
788,Joy Ojeabulu,1116.0
788,Lesley Nyonggesa,1053.8
788,Luca Marlowe,844.9
788,Michael Adewumi,1510.6
788,Mimy Kanza,1028.1
788,Otito,2000.7
788,Rael,1486.3
788,Rashida kinattingalakath,2605.2
788,Remy,360.0
788,Rosie Birch,1035.2
788,Rufkat Adetola oladipo,573.9
788,Sally Muinami,958.3
788,Sodiq Salaudeen,1735.5
788,Soumaya,568.3
788,Steve Nolan,1827.1
789,Abderrahmane Boukhaled,791.6
789,Basirat Adeyemo,534.3
789,Charlotte Smith,1181.5
789,David Ekpo,199.2
789,Emmanuela Odoh,695.8
789,Eno-obong Udofia,1967.2
789,Ethan Toudic,128.0
789,Gianna Cavacuiti,210.1
789,James hushon,2435.2
789,Joy Ojeabulu,1409.9
789,Lesley Nyonggesa,1063.6
789,Luca Marlowe,1145.0
789,Michael Adewumi,1278.7
789,Mimy Kanza,770.7
789,Otito,529.5
789,Rael,1734.4
789,Rashida kinattingalakath,2148.1
789,Remy,1590.4
789,Rosie Birch,915.3
789,Rufkat Adetola oladipo,368.9
789,Sally Muinami,1459.3
789,Sodiq Salaudeen,1217.5
789,Soumaya,1239.3
789,Steve Nolan,625.2
790,Abderrahmane Boukhaled,174.9
790,Basirat Adeyemo,1001.0
790,Charlotte Smith,2022.9
790,David Ekpo,1914.5
790,Emmanuela Odoh,809.6
790,Eno-obong Udofia,1642.8
790,Ethan Toudic,526.0
790,Gianna Cavacuiti,960.7
790,James hushon,459.7
790,Joy Ojeabulu,2996.2
790,Lesley Nyonggesa,278.0
790,Luca Marlowe,939.6
790,Michael Adewumi,1575.2
790,Mimy Kanza,666.7
790,Otito,1539.7
790,Rael,1371.0
790,Rashida kinattingalakath,1073.2
790,Remy,1636.0
790,Rosie Birch,288.1
790,Rufkat Adetola oladipo,1532.8
790,Sally Muinami,683.0
790,Sodiq Salaudeen,1226.4
790,Soumaya,1466.9
790,Steve Nolan,1497.3
791,Abderrahmane Boukhaled,1239.4
791,Basirat Adeyemo,489.3
791,Charlotte Smith,489.8
791,David Ekpo,923.6
791,Emmanuela Odoh,2667.7
791,Eno-obong Udofia,1436.6
791,Ethan Toudic,442.3
791,Gianna Cavacuiti,2378.2
791,James hushon,1951.8
791,Joy Ojeabulu,2136.8
791,Lesley Nyonggesa,922.8
791,Luca Marlowe,1801.6
791,Michael Adewumi,274.5
791,Mimy Kanza,664.5
791,Otito,475.4
791,Rael,2863.5
791,Rashida kinattingalakath,1980.3
791,Remy,874.3
791,Rosie Birch,931.9
791,Rufkat Adetola oladipo,1516.2
791,Sally Muinami,2552.3
791,Sodiq Salaudeen,2102.1
791,Soumaya,2108.0
791,Steve Nolan,1129.1
792,Abderrahmane Boukhaled,1005.1
792,Basirat Adeyemo,1315.6
792,Charlotte Smith,1305.3
792,David Ekpo,490.7
792,Emmanuela Odoh,965.8
792,Eno-obong Udofia,2530.0
792,Ethan Toudic,2521.1
792,Gianna Cavacuiti,454.9
792,James hushon,266.8
792,Joy Ojeabulu,1177.1
792,Lesley Nyonggesa,613.3
792,Luca Marlowe,1569.1
792,Michael Adewumi,350.9
792,Mimy Kanza,437.3
792,Otito,2831.6
792,Rael,713.2
792,Rashida kinattingalakath,1504.2
792,Remy,236.1
792,Rosie Birch,556.1
792,Rufkat Adetola oladipo,1580.0
792,Sally Muinami,1470.9
792,Sodiq Salaudeen,1055.6
792,Soumaya,725.6
792,Steve Nolan,3058.4
793,Abderrahmane Boukhaled,1607.5
793,Basirat Adeyemo,1099.2
793,Charlotte Smith,2512.1
793,David Ekpo,1355.7
793,Emmanuela Odoh,782.0
793,Eno-obong Udofia,2743.1
793,Ethan Toudic,1987.8
793,Gianna Cavacuiti,995.6
793,James hushon,1611.9
793,Joy Ojeabulu,1079.2
793,Lesley Nyonggesa,942.8
793,Luca Marlowe,165.3
793,Michael Adewumi,315.7
793,Mimy Kanza,148.7
793,Otito,1125.6
793,Rael,138.6
793,Rashida kinattingalakath,3060.9
793,Remy,3259.2
793,Rosie Birch,930.5
793,Rufkat Adetola oladipo,1058.2
793,Sally Muinami,1850.1
793,Sodiq Salaudeen,1040.3
793,Soumaya,906.2
793,Steve Nolan,804.0
794,Abderrahmane Boukhaled,1088.6
794,Basirat Adeyemo,2807.2
794,Charlotte Smith,2133.8
794,David Ekpo,1616.0
794,Emmanuela Odoh,997.7
794,Eno-obong Udofia,335.5
794,Ethan Toudic,1734.0
794,Gianna Cavacuiti,315.2
794,James hushon,1403.8
794,Joy Ojeabulu,1364.1
794,Lesley Nyonggesa,1238.8
794,Luca Marlowe,2241.3
794,Michael Adewumi,1189.0
794,Mimy Kanza,1754.4
794,Otito,624.2
794,Rael,1356.5
794,Rashida kinattingalakath,1956.2
794,Remy,3429.2
794,Rosie Birch,333.4
794,Rufkat Adetola oladipo,1031.0
794,Sally Muinami,299.2
794,Sodiq Salaudeen,1167.1
794,Soumaya,382.7
794,Steve Nolan,416.2
795,Abderrahmane Boukhaled,1476.4
795,Basirat Adeyemo,961.4
795,Charlotte Smith,2156.2
795,David Ekpo,442.7
795,Emmanuela Odoh,726.5
795,Eno-obong Udofia,881.4
795,Ethan Toudic,310.5
795,Gianna Cavacuiti,802.3
795,James hushon,1310.6
795,Joy Ojeabulu,1659.7
795,Lesley Nyonggesa,609.6
795,Luca Marlowe,1109.2
795,Michael Adewumi,788.8
795,Mimy Kanza,1067.0
795,Otito,1615.5
795,Rael,928.1
795,Rashida kinattingalakath,1300.6
795,Remy,1740.4
795,Rosie Birch,813.1
795,Rufkat Adetola oladipo,867.0
795,Sally Muinami,1162.6
795,Sodiq Salaudeen,1534.3
795,Soumaya,2225.3
795,Steve Nolan,490.0
796,Abderrahmane Boukhaled,612.7
796,Basirat Adeyemo,1382.0
796,Charlotte Smith,1856.6
796,David Ekpo,344.7
796,Emmanuela Odoh,945.5
796,Eno-obong Udofia,172.0
796,Ethan Toudic,530.5
796,Gianna Cavacuiti,791.6
796,James hushon,115.0
796,Joy Ojeabulu,1241.2
796,Lesley Nyonggesa,575.8
796,Luca Marlowe,1669.0
796,Michael Adewumi,2014.7
796,Mimy Kanza,1036.2
796,Otito,1748.2
796,Rael,1192.5
796,Rashida kinattingalakath,969.8
796,Remy,1375.9
796,Rosie Birch,383.4
796,Rufkat Adetola oladipo,357.6
796,Sally Muinami,366.9
796,Sodiq Salaudeen,1213.0
796,Soumaya,420.6
796,Steve Nolan,1475.9
797,Abderrahmane Boukhaled,294.1
797,Basirat Adeyemo,532.5
797,Charlotte Smith,410.3
797,David Ekpo,467.2
797,Emmanuela Odoh,592.8
797,Eno-obong Udofia,100.0
797,Ethan Toudic,1039.6
797,Gianna Cavacuiti,668.4
797,James hushon,1165.3
797,Joy Ojeabulu,432.1
797,Lesley Nyonggesa,1075.7
797,Luca Marlowe,2383.7
797,Michael Adewumi,252.8
797,Mimy Kanza,2280.2
797,Otito,3253.0
797,Rael,1139.2
797,Rashida kinattingalakath,1948.4
797,Remy,750.5
797,Rosie Birch,448.5
797,Rufkat Adetola oladipo,1569.3
797,Sally Muinami,1955.5
797,Sodiq Salaudeen,1463.4
797,Soumaya,242.0
797,Steve Nolan,1370.4
798,Abderrahmane Boukhaled,1386.3
798,Basirat Adeyemo,580.4
798,Charlotte Smith,1372.2
798,David Ekpo,1195.8
798,Emmanuela Odoh,593.6
798,Eno-obong Udofia,450.5
798,Ethan Toudic,1334.2
798,Gianna Cavacuiti,1095.6
798,James hushon,866.8
798,Joy Ojeabulu,540.7
798,Lesley Nyonggesa,1039.1
798,Luca Marlowe,306.4
798,Michael Adewumi,941.8
798,Mimy Kanza,2344.6
798,Otito,1416.1
798,Rael,926.9
798,Rashida kinattingalakath,1740.7
798,Remy,531.8
798,Rosie Birch,2754.5
798,Rufkat Adetola oladipo,1237.9
798,Sally Muinami,1555.5
798,Sodiq Salaudeen,517.5
798,Soumaya,789.6
798,Steve Nolan,1223.4
799,Abderrahmane Boukhaled,1178.0
799,Basirat Adeyemo,2560.8
799,Charlotte Smith,2676.5
799,David Ekpo,524.7
799,Emmanuela Odoh,969.7
799,Eno-obong Udofia,152.0
799,Ethan Toudic,289.0
799,Gianna Cavacuiti,1880.2
799,James hushon,324.3
799,Joy Ojeabulu,559.3
799,Lesley Nyonggesa,457.9
799,Luca Marlowe,1269.9
799,Michael Adewumi,1785.7
799,Mimy Kanza,2126.9
799,Otito,2902.7
799,Rael,1044.8
799,Rashida kinattingalakath,1682.5
799,Remy,1880.3
799,Rosie Birch,696.7
799,Rufkat Adetola oladipo,1319.7
799,Sally Muinami,627.3
799,Sodiq Salaudeen,1200.7
799,Soumaya,1214.7
799,Steve Nolan,1538.7
800,Abderrahmane Boukhaled,2035.8
800,Basirat Adeyemo,1892.4
800,Charlotte Smith,674.6
800,David Ekpo,1028.0
800,Emmanuela Odoh,2203.4
800,Eno-obong Udofia,452.4
800,Ethan Toudic,1335.7
800,Gianna Cavacuiti,757.3
800,James hushon,544.3
800,Joy Ojeabulu,954.0
800,Lesley Nyonggesa,1877.2
800,Luca Marlowe,1461.1
800,Michael Adewumi,777.0
800,Mimy Kanza,2716.6
800,Otito,1934.3
800,Rael,675.3
800,Rashida kinattingalakath,1984.7
800,Remy,407.1
800,Rosie Birch,1330.8
800,Rufkat Adetola oladipo,2388.0
800,Sally Muinami,499.9
800,Sodiq Salaudeen,656.1
800,Soumaya,680.5
800,Steve Nolan,100.0
801,Abderrahmane Boukhaled,1466.2
801,Basirat Adeyemo,1658.3
801,Charlotte Smith,1440.8
801,David Ekpo,2020.6
801,Emmanuela Odoh,1066.4
801,Eno-obong Udofia,1125.8
801,Ethan Toudic,550.0
801,Gianna Cavacuiti,582.2
801,James hushon,1520.8
801,Joy Ojeabulu,1164.6
801,Lesley Nyonggesa,292.0
801,Luca Marlowe,100.0
801,Michael Adewumi,1385.8
801,Mimy Kanza,3286.4
801,Otito,842.4
801,Rael,1129.1
801,Rashida kinattingalakath,1435.2
801,Remy,1089.1
801,Rosie Birch,1210.8
801,Rufkat Adetola oladipo,1158.7
801,Sally Muinami,605.3
801,Sodiq Salaudeen,1454.0
801,Soumaya,443.0
801,Steve Nolan,309.0
802,Abderrahmane Boukhaled,1803.6
802,Basirat Adeyemo,527.3
802,Charlotte Smith,539.8
802,David Ekpo,318.4
802,Emmanuela Odoh,368.3
802,Eno-obong Udofia,964.7
802,Ethan Toudic,1972.7
802,Gianna Cavacuiti,1455.2
802,James hushon,1531.3
802,Joy Ojeabulu,2500.8
802,Lesley Nyonggesa,1228.3
802,Luca Marlowe,1550.9
802,Michael Adewumi,1289.4
802,Mimy Kanza,2268.6
802,Otito,199.4
802,Rael,180.1
802,Rashida kinattingalakath,463.7
802,Remy,1504.9
802,Rosie Birch,1410.3
802,Rufkat Adetola oladipo,1570.7
802,Sally Muinami,1392.1
802,Sodiq Salaudeen,641.0
802,Soumaya,1313.8
802,Steve Nolan,277.4
803,Abderrahmane Boukhaled,2465.5
803,Basirat Adeyemo,1446.8
803,Charlotte Smith,2440.5
803,David Ekpo,831.8
803,Emmanuela Odoh,462.6
803,Eno-obong Udofia,779.8
803,Ethan Toudic,1546.2
803,Gianna Cavacuiti,946.4
803,James hushon,377.1
803,Joy Ojeabulu,1403.8
803,Lesley Nyonggesa,1058.1
803,Luca Marlowe,1340.7
803,Michael Adewumi,1263.3
803,Mimy Kanza,1647.5
803,Otito,755.8
803,Rael,1464.9
803,Rashida kinattingalakath,1721.0
803,Remy,1233.7
803,Rosie Birch,1405.3
803,Rufkat Adetola oladipo,1096.0
803,Sally Muinami,1242.7
803,Sodiq Salaudeen,1053.9
803,Soumaya,366.1
803,Steve Nolan,813.2
804,Abderrahmane Boukhaled,1129.6
804,Basirat Adeyemo,626.9
804,Charlotte Smith,347.2
804,David Ekpo,1608.5
804,Emmanuela Odoh,2990.8
804,Eno-obong Udofia,499.2
804,Ethan Toudic,1729.4
804,Gianna Cavacuiti,1735.6
804,James hushon,1413.8
804,Joy Ojeabulu,1875.5
804,Lesley Nyonggesa,1887.6
804,Luca Marlowe,1411.3
804,Michael Adewumi,384.6
804,Mimy Kanza,1525.4
804,Otito,522.9
804,Rael,1642.1
804,Rashida kinattingalakath,273.6
804,Remy,1906.1
804,Rosie Birch,1236.1
804,Rufkat Adetola oladipo,1391.5
804,Sally Muinami,527.9
804,Sodiq Salaudeen,1176.8
804,Soumaya,3179.8
804,Steve Nolan,1531.7
805,Abderrahmane Boukhaled,1313.3
805,Basirat Adeyemo,1148.0
805,Charlotte Smith,140.9
805,David Ekpo,1678.7
805,Emmanuela Odoh,1118.9
805,Eno-obong Udofia,1380.1
805,Ethan Toudic,347.9
805,Gianna Cavacuiti,2046.1
805,James hushon,987.0
805,Joy Ojeabulu,1384.5
805,Lesley Nyonggesa,970.0
805,Luca Marlowe,712.7
805,Michael Adewumi,1273.0
805,Mimy Kanza,556.3
805,Otito,353.9
805,Rael,1146.9
805,Rashida kinattingalakath,1186.9
805,Remy,816.4
805,Rosie Birch,1130.9
805,Rufkat Adetola oladipo,821.6
805,Sally Muinami,1857.1
805,Sodiq Salaudeen,1908.1
805,Soumaya,1761.7
805,Steve Nolan,1986.0
806,Abderrahmane Boukhaled,1821.0
806,Basirat Adeyemo,1045.4
806,Charlotte Smith,315.6
806,David Ekpo,518.6
806,Emmanuela Odoh,1813.8
806,Eno-obong Udofia,345.7
806,Ethan Toudic,782.5
806,Gianna Cavacuiti,838.6
806,James hushon,1734.8
806,Joy Ojeabulu,1011.7
806,Lesley Nyonggesa,2564.2
806,Luca Marlowe,2435.4
806,Michael Adewumi,1368.1
806,Mimy Kanza,1966.6
806,Otito,2542.0
806,Rael,237.7
806,Rashida kinattingalakath,1059.0
806,Remy,1081.2
806,Rosie Birch,643.1
806,Rufkat Adetola oladipo,1286.2
806,Sally Muinami,1721.7
806,Sodiq Salaudeen,1994.3
806,Soumaya,107.6
806,Steve Nolan,371.6
807,Abderrahmane Boukhaled,764.4
807,Basirat Adeyemo,671.3
807,Charlotte Smith,2758.0
807,David Ekpo,1911.8
807,Emmanuela Odoh,2629.4
807,Eno-obong Udofia,679.2
807,Ethan Toudic,1939.6
807,Gianna Cavacuiti,1321.1
807,James hushon,1577.8
807,Joy Ojeabulu,2106.3
807,Lesley Nyonggesa,1352.5
807,Luca Marlowe,354.8
807,Michael Adewumi,2486.7
807,Mimy Kanza,2468.9
807,Otito,1094.0
807,Rael,1938.6
807,Rashida kinattingalakath,2259.4
807,Remy,284.8
807,Rosie Birch,1390.8
807,Rufkat Adetola oladipo,374.8
807,Sally Muinami,817.8
807,Sodiq Salaudeen,755.2
807,Soumaya,686.2
807,Steve Nolan,320.1
808,Abderrahmane Boukhaled,1328.7
808,Basirat Adeyemo,1374.7
808,Charlotte Smith,1481.9
808,David Ekpo,345.3
808,Emmanuela Odoh,1067.7
808,Eno-obong Udofia,1835.5
808,Ethan Toudic,1631.5
808,Gianna Cavacuiti,1856.4
808,James hushon,452.8
808,Joy Ojeabulu,1381.4
808,Lesley Nyonggesa,2036.2
808,Luca Marlowe,1082.5
808,Michael Adewumi,2107.7
808,Mimy Kanza,1621.4
808,Otito,2905.8
808,Rael,466.6
808,Rashida kinattingalakath,2067.2
808,Remy,362.3
808,Rosie Birch,1624.8
808,Rufkat Adetola oladipo,917.2
808,Sally Muinami,1033.0
808,Sodiq Salaudeen,1478.1
808,Soumaya,1763.4
808,Steve Nolan,905.0
809,Abderrahmane Boukhaled,448.4
809,Basirat Adeyemo,1677.4
809,Charlotte Smith,1240.3
809,David Ekpo,895.6
809,Emmanuela Odoh,1684.1
809,Eno-obong Udofia,1334.5
809,Ethan Toudic,2641.0
809,Gianna Cavacuiti,2294.1
809,James hushon,1403.6
809,Joy Ojeabulu,241.9
809,Lesley Nyonggesa,403.1
809,Luca Marlowe,1075.6
809,Michael Adewumi,702.4
809,Mimy Kanza,1282.9
809,Otito,2270.4
809,Rael,422.1
809,Rashida kinattingalakath,393.0
809,Remy,2329.0
809,Rosie Birch,1966.5
809,Rufkat Adetola oladipo,521.8
809,Sally Muinami,1023.6
809,Sodiq Salaudeen,1738.4
809,Soumaya,733.0
809,Steve Nolan,796.6
810,Abderrahmane Boukhaled,1433.5
810,Basirat Adeyemo,1665.1
810,Charlotte Smith,1922.4
810,David Ekpo,1769.9
810,Emmanuela Odoh,2320.8
810,Eno-obong Udofia,2850.2
810,Ethan Toudic,456.4
810,Gianna Cavacuiti,256.8
810,James hushon,744.8
810,Joy Ojeabulu,433.8
810,Lesley Nyonggesa,1657.5
810,Luca Marlowe,846.9
810,Michael Adewumi,347.0
810,Mimy Kanza,337.2
810,Otito,1671.1
810,Rael,337.3
810,Rashida kinattingalakath,2473.0
810,Remy,668.5
810,Rosie Birch,907.8
810,Rufkat Adetola oladipo,1741.7
810,Sally Muinami,2541.9
810,Sodiq Salaudeen,738.6
810,Soumaya,1231.0
810,Steve Nolan,392.6
811,Abderrahmane Boukhaled,1752.2
811,Basirat Adeyemo,562.9
811,Charlotte Smith,727.6
811,David Ekpo,937.5
811,Emmanuela Odoh,1502.3
811,Eno-obong Udofia,788.8
811,Ethan Toudic,820.2
811,Gianna Cavacuiti,1899.8
811,James hushon,2360.2
811,Joy Ojeabulu,832.5
811,Lesley Nyonggesa,1476.1
811,Luca Marlowe,2076.5
811,Michael Adewumi,1334.6
811,Mimy Kanza,1100.1
811,Otito,654.2
811,Rael,1567.5
811,Rashida kinattingalakath,675.7
811,Remy,2034.4
811,Rosie Birch,2134.0
811,Rufkat Adetola oladipo,1241.2
811,Sally Muinami,615.3
811,Sodiq Salaudeen,508.9
811,Soumaya,624.7
811,Steve Nolan,553.4
812,Abderrahmane Boukhaled,1340.3
812,Basirat Adeyemo,1082.6
812,Charlotte Smith,1696.8
812,David Ekpo,1467.7
812,Emmanuela Odoh,829.2
812,Eno-obong Udofia,1150.7
812,Ethan Toudic,1077.3
812,Gianna Cavacuiti,2619.6
812,James hushon,1230.4
812,Joy Ojeabulu,1357.4
812,Lesley Nyonggesa,541.0
812,Luca Marlowe,1084.1
812,Michael Adewumi,1639.9
812,Mimy Kanza,936.4
812,Otito,738.4
812,Rael,1570.5
812,Rashida kinattingalakath,1321.0
812,Remy,1001.7
812,Rosie Birch,1015.8
812,Rufkat Adetola oladipo,1164.8
812,Sally Muinami,688.0
812,Sodiq Salaudeen,188.8
812,Soumaya,2185.9
812,Steve Nolan,1230.2
813,Abderrahmane Boukhaled,470.8
813,Basirat Adeyemo,1532.4
813,Charlotte Smith,1755.8
813,David Ekpo,1040.1
813,Emmanuela Odoh,685.9
813,Eno-obong Udofia,580.9
813,Ethan Toudic,2142.1
813,Gianna Cavacuiti,667.9
813,James hushon,1027.0
813,Joy Ojeabulu,1127.4
813,Lesley Nyonggesa,983.9
813,Luca Marlowe,947.2
813,Michael Adewumi,2101.7
813,Mimy Kanza,864.6
813,Otito,1784.7
813,Rael,802.6
813,Rashida kinattingalakath,1775.0
813,Remy,1488.4
813,Rosie Birch,1680.2
813,Rufkat Adetola oladipo,901.6
813,Sally Muinami,285.6
813,Sodiq Salaudeen,2165.9
813,Soumaya,2309.3
813,Steve Nolan,1612.8
814,Abderrahmane Boukhaled,298.9
814,Basirat Adeyemo,1575.8
814,Charlotte Smith,387.6
814,David Ekpo,1291.7
814,Emmanuela Odoh,1201.2
814,Eno-obong Udofia,580.8
814,Ethan Toudic,802.2
814,Gianna Cavacuiti,548.2
814,James hushon,2850.7
814,Joy Ojeabulu,797.1
814,Lesley Nyonggesa,977.2
814,Luca Marlowe,1796.9
814,Michael Adewumi,1618.8
814,Mimy Kanza,1943.6
814,Otito,1162.4
814,Rael,548.5
814,Rashida kinattingalakath,343.3
814,Remy,168.5
814,Rosie Birch,743.8
814,Rufkat Adetola oladipo,2259.5
814,Sally Muinami,528.6
814,Sodiq Salaudeen,730.8
814,Soumaya,271.7
814,Steve Nolan,321.5
815,Abderrahmane Boukhaled,2194.6
815,Basirat Adeyemo,893.2
815,Charlotte Smith,1993.8
815,David Ekpo,162.6
815,Emmanuela Odoh,1426.2
815,Eno-obong Udofia,1154.4
815,Ethan Toudic,2573.4
815,Gianna Cavacuiti,1616.4
815,James hushon,325.9
815,Joy Ojeabulu,911.3
815,Lesley Nyonggesa,623.4
815,Luca Marlowe,933.5
815,Michael Adewumi,2298.3
815,Mimy Kanza,1248.6
815,Otito,1201.3
815,Rael,1327.2
815,Rashida kinattingalakath,581.1
815,Remy,724.9
815,Rosie Birch,1502.9
815,Rufkat Adetola oladipo,1512.1
815,Sally Muinami,2141.2
815,Sodiq Salaudeen,2629.8
815,Soumaya,456.5
815,Steve Nolan,1639.2
816,Abderrahmane Boukhaled,1094.0
816,Basirat Adeyemo,1132.4
816,Charlotte Smith,442.8
816,David Ekpo,922.2
816,Emmanuela Odoh,1289.9
816,Eno-obong Udofia,764.1
816,Ethan Toudic,588.6
816,Gianna Cavacuiti,1464.4
816,James hushon,1332.1
816,Joy Ojeabulu,1488.9
816,Lesley Nyonggesa,2026.9
816,Luca Marlowe,724.3
816,Michael Adewumi,1932.9
816,Mimy Kanza,927.2
816,Otito,817.5
816,Rael,1591.1
816,Rashida kinattingalakath,1732.6
816,Remy,768.6
816,Rosie Birch,584.5
816,Rufkat Adetola oladipo,740.4
816,Sally Muinami,1784.3
816,Sodiq Salaudeen,341.4
816,Soumaya,1281.5
816,Steve Nolan,832.5
817,Abderrahmane Boukhaled,1255.2
817,Basirat Adeyemo,1318.0
817,Charlotte Smith,2389.6
817,David Ekpo,401.3
817,Emmanuela Odoh,1653.5
817,Eno-obong Udofia,1440.2
817,Ethan Toudic,579.8
817,Gianna Cavacuiti,1320.6
817,James hushon,1979.7
817,Joy Ojeabulu,1122.0
817,Lesley Nyonggesa,739.0
817,Luca Marlowe,1969.5
817,Michael Adewumi,1631.8
817,Mimy Kanza,1571.9
817,Otito,1534.0
817,Rael,978.5
817,Rashida kinattingalakath,680.9
817,Remy,457.8
817,Rosie Birch,1828.3
817,Rufkat Adetola oladipo,1117.1
817,Sally Muinami,351.8
817,Sodiq Salaudeen,1623.5
817,Soumaya,2848.5
817,Steve Nolan,1456.7
818,Abderrahmane Boukhaled,2392.2
818,Basirat Adeyemo,718.7
818,Charlotte Smith,1432.1
818,David Ekpo,741.7
818,Emmanuela Odoh,848.0
818,Eno-obong Udofia,803.1
818,Ethan Toudic,441.1
818,Gianna Cavacuiti,1153.0
818,James hushon,1522.7
818,Joy Ojeabulu,1405.2
818,Lesley Nyonggesa,2235.9
818,Luca Marlowe,2614.0
818,Michael Adewumi,778.8
818,Mimy Kanza,1151.8
818,Otito,1703.3
818,Rael,2951.6
818,Rashida kinattingalakath,1195.9
818,Remy,2535.8
818,Rosie Birch,1528.9
818,Rufkat Adetola oladipo,673.9
818,Sally Muinami,890.6
818,Sodiq Salaudeen,2232.5
818,Soumaya,941.5
818,Steve Nolan,1980.0
819,Abderrahmane Boukhaled,868.1
819,Basirat Adeyemo,2456.0
819,Charlotte Smith,191.3
819,David Ekpo,1820.2
819,Emmanuela Odoh,337.3
819,Eno-obong Udofia,1422.4
819,Ethan Toudic,603.4
819,Gianna Cavacuiti,509.3
819,James hushon,577.7
819,Joy Ojeabulu,875.8
819,Lesley Nyonggesa,533.7
819,Luca Marlowe,1748.3
819,Michael Adewumi,3094.5
819,Mimy Kanza,1156.2
819,Otito,1151.9
819,Rael,993.3
819,Rashida kinattingalakath,1567.5
819,Remy,1602.9
819,Rosie Birch,1978.5
819,Rufkat Adetola oladipo,1833.8
819,Sally Muinami,2980.9
819,Sodiq Salaudeen,2616.7
819,Soumaya,898.5
819,Steve Nolan,1455.0
820,Abderrahmane Boukhaled,935.1
820,Basirat Adeyemo,965.3
820,Charlotte Smith,1673.4
820,David Ekpo,1058.3
820,Emmanuela Odoh,2219.8
820,Eno-obong Udofia,2519.4
820,Ethan Toudic,150.4
820,Gianna Cavacuiti,2034.4
820,James hushon,1052.1
820,Joy Ojeabulu,1142.3
820,Lesley Nyonggesa,655.2
820,Luca Marlowe,1980.6
820,Michael Adewumi,1381.9
820,Mimy Kanza,465.7
820,Otito,1597.7
820,Rael,1427.6
820,Rashida kinattingalakath,152.9
820,Remy,2502.3
820,Rosie Birch,532.0
820,Rufkat Adetola oladipo,1678.5
820,Sally Muinami,1739.2
820,Sodiq Salaudeen,999.0
820,Soumaya,1154.5
820,Steve Nolan,2042.2
821,Abderrahmane Boukhaled,2561.0
821,Basirat Adeyemo,809.8
821,Charlotte Smith,1159.3
821,David Ekpo,694.4
821,Emmanuela Odoh,1977.0
821,Eno-obong Udofia,1425.9
821,Ethan Toudic,3810.2
821,Gianna Cavacuiti,2793.8
821,James hushon,1792.4
821,Joy Ojeabulu,1140.5
821,Lesley Nyonggesa,745.5
821,Luca Marlowe,1763.6
821,Michael Adewumi,990.0
821,Mimy Kanza,817.8
821,Otito,530.0
821,Rael,1651.5
821,Rashida kinattingalakath,1192.0
821,Remy,787.1
821,Rosie Birch,2426.0
821,Rufkat Adetola oladipo,966.4
821,Sally Muinami,313.9
821,Sodiq Salaudeen,1772.2
821,Soumaya,1696.5
821,Steve Nolan,216.6
822,Abderrahmane Boukhaled,1470.8
822,Basirat Adeyemo,1685.8
822,Charlotte Smith,821.9
822,David Ekpo,664.1
822,Emmanuela Odoh,712.0
822,Eno-obong Udofia,1189.7
822,Ethan Toudic,321.7
822,Gianna Cavacuiti,526.1
822,James hushon,496.7
822,Joy Ojeabulu,345.3
822,Lesley Nyonggesa,1182.6
822,Luca Marlowe,203.7
822,Michael Adewumi,1679.9
822,Mimy Kanza,729.1
822,Otito,2469.7
822,Rael,983.1
822,Rashida kinattingalakath,1874.8
822,Remy,479.5
822,Rosie Birch,1309.4
822,Rufkat Adetola oladipo,1438.5
822,Sally Muinami,1068.4
822,Sodiq Salaudeen,1365.9
822,Soumaya,1011.7
822,Steve Nolan,1141.4
823,Abderrahmane Boukhaled,1662.5
823,Basirat Adeyemo,795.1
823,Charlotte Smith,383.2
823,David Ekpo,140.4
823,Emmanuela Odoh,463.8
823,Eno-obong Udofia,1201.3
823,Ethan Toudic,1371.6
823,Gianna Cavacuiti,1963.6
823,James hushon,1489.6
823,Joy Ojeabulu,1391.7
823,Lesley Nyonggesa,589.2
823,Luca Marlowe,719.2
823,Michael Adewumi,1925.8
823,Mimy Kanza,2170.1
823,Otito,829.9
823,Rael,1040.2
823,Rashida kinattingalakath,647.5
823,Remy,564.0
823,Rosie Birch,853.5
823,Rufkat Adetola oladipo,415.3
823,Sally Muinami,780.0
823,Sodiq Salaudeen,1809.9
823,Soumaya,883.9
823,Steve Nolan,1107.7
824,Abderrahmane Boukhaled,382.0
824,Basirat Adeyemo,2720.1
824,Charlotte Smith,680.5
824,David Ekpo,1412.8
824,Emmanuela Odoh,732.3
824,Eno-obong Udofia,662.6
824,Ethan Toudic,855.0
824,Gianna Cavacuiti,841.5
824,James hushon,1200.9
824,Joy Ojeabulu,1530.6
824,Lesley Nyonggesa,1301.2
824,Luca Marlowe,1003.2
824,Michael Adewumi,1177.6
824,Mimy Kanza,2184.3
824,Otito,1799.2
824,Rael,2593.0
824,Rashida kinattingalakath,796.8
824,Remy,1213.7
824,Rosie Birch,736.9
824,Rufkat Adetola oladipo,2339.5
824,Sally Muinami,1830.2
824,Sodiq Salaudeen,606.7
824,Soumaya,2640.9
824,Steve Nolan,1450.1
825,Abderrahmane Boukhaled,716.6
825,Basirat Adeyemo,2072.3
825,Charlotte Smith,3001.5
825,David Ekpo,672.2
825,Emmanuela Odoh,1136.7
825,Eno-obong Udofia,960.7
825,Ethan Toudic,1992.7
825,Gianna Cavacuiti,933.6
825,James hushon,1010.0
825,Joy Ojeabulu,1338.6
825,Lesley Nyonggesa,2105.5
825,Luca Marlowe,1826.1
825,Michael Adewumi,965.0
825,Mimy Kanza,1162.8
825,Otito,3491.9
825,Rael,2140.2
825,Rashida kinattingalakath,557.6
825,Remy,1192.4
825,Rosie Birch,1818.2
825,Rufkat Adetola oladipo,1302.9
825,Sally Muinami,1151.2
825,Sodiq Salaudeen,2003.0
825,Soumaya,1542.4
825,Steve Nolan,3499.4
826,Abderrahmane Boukhaled,1042.8
826,Basirat Adeyemo,892.0
826,Charlotte Smith,851.6
826,David Ekpo,1984.4
826,Emmanuela Odoh,770.9
826,Eno-obong Udofia,1458.7
826,Ethan Toudic,1425.3
826,Gianna Cavacuiti,484.3
826,James hushon,330.8
826,Joy Ojeabulu,984.9
826,Lesley Nyonggesa,377.1
826,Luca Marlowe,1393.3
826,Michael Adewumi,1021.2
826,Mimy Kanza,1702.6
826,Otito,2212.7
826,Rael,2777.6
826,Rashida kinattingalakath,2096.1
826,Remy,912.2
826,Rosie Birch,1782.6
826,Rufkat Adetola oladipo,954.0
826,Sally Muinami,1730.4
826,Sodiq Salaudeen,504.8
826,Soumaya,790.4
826,Steve Nolan,2246.1
827,Abderrahmane Boukhaled,1753.4
827,Basirat Adeyemo,1460.9
827,Charlotte Smith,334.4
827,David Ekpo,1953.0
827,Emmanuela Odoh,1306.3
827,Eno-obong Udofia,1154.7
827,Ethan Toudic,3694.2
827,Gianna Cavacuiti,720.9
827,James hushon,1432.1
827,Joy Ojeabulu,2716.1
827,Lesley Nyonggesa,945.1
827,Luca Marlowe,2369.7
827,Michael Adewumi,1821.4
827,Mimy Kanza,953.1
827,Otito,1228.1
827,Rael,2195.7
827,Rashida kinattingalakath,2489.4
827,Remy,1186.7
827,Rosie Birch,756.9
827,Rufkat Adetola oladipo,2002.0
827,Sally Muinami,1100.8
827,Sodiq Salaudeen,1396.2
827,Soumaya,630.0
827,Steve Nolan,304.8
828,Abderrahmane Boukhaled,1124.5
828,Basirat Adeyemo,2002.2
828,Charlotte Smith,1566.7
828,David Ekpo,1378.3
828,Emmanuela Odoh,364.6
828,Eno-obong Udofia,1796.1
828,Ethan Toudic,1480.0
828,Gianna Cavacuiti,2423.4
828,James hushon,905.2
828,Joy Ojeabulu,2009.7
828,Lesley Nyonggesa,1085.5
828,Luca Marlowe,1528.9
828,Michael Adewumi,822.2
828,Mimy Kanza,2068.6
828,Otito,1460.6
828,Rael,1323.8
828,Rashida kinattingalakath,316.0
828,Remy,953.8
828,Rosie Birch,2512.6
828,Rufkat Adetola oladipo,130.2
828,Sally Muinami,2173.6
828,Sodiq Salaudeen,1107.0
828,Soumaya,1730.6
828,Steve Nolan,650.7
829,Abderrahmane Boukhaled,1295.8
829,Basirat Adeyemo,387.9
829,Charlotte Smith,638.6
829,David Ekpo,1260.4
829,Emmanuela Odoh,694.0
829,Eno-obong Udofia,2593.1
829,Ethan Toudic,1277.3
829,Gianna Cavacuiti,549.8
829,James hushon,1116.8
829,Joy Ojeabulu,2093.1
829,Lesley Nyonggesa,660.4
829,Luca Marlowe,537.8
829,Michael Adewumi,1070.2
829,Mimy Kanza,770.9
829,Otito,869.0
829,Rael,741.2
829,Rashida kinattingalakath,747.7
829,Remy,753.2
829,Rosie Birch,633.0
829,Rufkat Adetola oladipo,1220.0
829,Sally Muinami,656.3
829,Sodiq Salaudeen,711.8
829,Soumaya,1143.3
829,Steve Nolan,2365.5
830,Abderrahmane Boukhaled,1616.0
830,Basirat Adeyemo,2241.8
830,Charlotte Smith,578.9
830,David Ekpo,607.5
830,Emmanuela Odoh,639.6
830,Eno-obong Udofia,2065.0
830,Ethan Toudic,1310.8
830,Gianna Cavacuiti,2808.9
830,James hushon,1381.4
830,Joy Ojeabulu,1477.4
830,Lesley Nyonggesa,1158.3
830,Luca Marlowe,1115.7
830,Michael Adewumi,897.5
830,Mimy Kanza,304.3
830,Otito,2191.9
830,Rael,2123.3
830,Rashida kinattingalakath,1073.3
830,Remy,1219.3
830,Rosie Birch,2106.4
830,Rufkat Adetola oladipo,318.5
830,Sally Muinami,174.0
830,Sodiq Salaudeen,1648.4
830,Soumaya,1290.0
830,Steve Nolan,944.2
831,Abderrahmane Boukhaled,2526.0
831,Basirat Adeyemo,1967.0
831,Charlotte Smith,1146.6
831,David Ekpo,884.9
831,Emmanuela Odoh,1287.4
831,Eno-obong Udofia,1312.2
831,Ethan Toudic,522.6
831,Gianna Cavacuiti,1563.6
831,James hushon,100.0
831,Joy Ojeabulu,1666.2
831,Lesley Nyonggesa,2150.4
831,Luca Marlowe,1992.4
831,Michael Adewumi,562.7
831,Mimy Kanza,1322.9
831,Otito,1171.5
831,Rael,1535.9
831,Rashida kinattingalakath,1698.4
831,Remy,1571.9
831,Rosie Birch,331.1
831,Rufkat Adetola oladipo,468.6
831,Sally Muinami,555.0
831,Sodiq Salaudeen,1182.2
831,Soumaya,1438.3
831,Steve Nolan,2104.7
832,Abderrahmane Boukhaled,753.9
832,Basirat Adeyemo,1939.4
832,Charlotte Smith,1620.6
832,David Ekpo,1559.8
832,Emmanuela Odoh,890.4
832,Eno-obong Udofia,1016.6
832,Ethan Toudic,1269.1
832,Gianna Cavacuiti,2835.9
832,James hushon,1218.2
832,Joy Ojeabulu,1978.3
832,Lesley Nyonggesa,973.7
832,Luca Marlowe,1715.8
832,Michael Adewumi,1001.4
832,Mimy Kanza,321.0
832,Otito,1758.9
832,Rael,2484.7
832,Rashida kinattingalakath,1020.1
832,Remy,2055.6
832,Rosie Birch,2155.5
832,Rufkat Adetola oladipo,2092.3
832,Sally Muinami,302.2
832,Sodiq Salaudeen,685.2
832,Soumaya,607.5
832,Steve Nolan,850.2
833,Abderrahmane Boukhaled,455.2
833,Basirat Adeyemo,1958.4
833,Charlotte Smith,2251.8
833,David Ekpo,1282.5
833,Emmanuela Odoh,801.6
833,Eno-obong Udofia,1848.5
833,Ethan Toudic,799.3
833,Gianna Cavacuiti,1373.7
833,James hushon,2005.2
833,Joy Ojeabulu,717.7
833,Lesley Nyonggesa,616.0
833,Luca Marlowe,1476.7
833,Michael Adewumi,2019.5
833,Mimy Kanza,817.7
833,Otito,1289.0
833,Rael,401.9
833,Rashida kinattingalakath,1230.7
833,Remy,813.6
833,Rosie Birch,1353.2
833,Rufkat Adetola oladipo,1240.0
833,Sally Muinami,1433.7
833,Sodiq Salaudeen,2786.4
833,Soumaya,1254.4
833,Steve Nolan,351.9
834,Abderrahmane Boukhaled,291.4
834,Basirat Adeyemo,763.4
834,Charlotte Smith,905.4
834,David Ekpo,1930.0
834,Emmanuela Odoh,1289.1
834,Eno-obong Udofia,348.0
834,Ethan Toudic,876.6
834,Gianna Cavacuiti,361.1
834,James hushon,2276.3
834,Joy Ojeabulu,2432.0
834,Lesley Nyonggesa,517.0
834,Luca Marlowe,2308.1
834,Michael Adewumi,2655.2
834,Mimy Kanza,1444.0
834,Otito,1794.8
834,Rael,1688.7
834,Rashida kinattingalakath,1487.8
834,Remy,780.4
834,Rosie Birch,877.2
834,Rufkat Adetola oladipo,558.6
834,Sally Muinami,1398.3
834,Sodiq Salaudeen,327.5
834,Soumaya,1184.4
834,Steve Nolan,873.8
835,Abderrahmane Boukhaled,351.0
835,Basirat Adeyemo,2686.9
835,Charlotte Smith,1834.4
835,David Ekpo,1764.7
835,Emmanuela Odoh,2314.0
835,Eno-obong Udofia,2009.4
835,Ethan Toudic,1169.8
835,Gianna Cavacuiti,1281.4
835,James hushon,430.2
835,Joy Ojeabulu,174.2
835,Lesley Nyonggesa,862.4
835,Luca Marlowe,1560.3
835,Michael Adewumi,2084.9
835,Mimy Kanza,1397.9
835,Otito,1055.0
835,Rael,776.9
835,Rashida kinattingalakath,1806.3
835,Remy,598.3
835,Rosie Birch,1123.8
835,Rufkat Adetola oladipo,1108.4
835,Sally Muinami,898.9
835,Sodiq Salaudeen,979.9
835,Soumaya,416.7
835,Steve Nolan,343.1
836,Abderrahmane Boukhaled,550.3
836,Basirat Adeyemo,801.8
836,Charlotte Smith,1971.1
836,David Ekpo,1386.9
836,Emmanuela Odoh,1586.5
836,Eno-obong Udofia,883.7
836,Ethan Toudic,678.6
836,Gianna Cavacuiti,770.2
836,James hushon,2140.6
836,Joy Ojeabulu,816.8
836,Lesley Nyonggesa,1414.7
836,Luca Marlowe,953.8
836,Michael Adewumi,416.6
836,Mimy Kanza,1348.9
836,Otito,681.0
836,Rael,990.5
836,Rashida kinattingalakath,1825.9
836,Remy,1556.5
836,Rosie Birch,918.6
836,Rufkat Adetola oladipo,1795.4
836,Sally Muinami,701.2
836,Sodiq Salaudeen,336.0
836,Soumaya,982.4
836,Steve Nolan,1627.9
837,Abderrahmane Boukhaled,1057.3
837,Basirat Adeyemo,786.1
837,Charlotte Smith,1197.6
837,David Ekpo,297.8
837,Emmanuela Odoh,1470.4
837,Eno-obong Udofia,1137.0
837,Ethan Toudic,2266.4
837,Gianna Cavacuiti,2485.4
837,James hushon,1562.6
837,Joy Ojeabulu,261.9
837,Lesley Nyonggesa,1332.3
837,Luca Marlowe,1347.0
837,Michael Adewumi,2203.7
837,Mimy Kanza,643.8
837,Otito,1120.4
837,Rael,1109.5
837,Rashida kinattingalakath,2658.0
837,Remy,832.3
837,Rosie Birch,1814.8
837,Rufkat Adetola oladipo,2521.0
837,Sally Muinami,436.0
837,Sodiq Salaudeen,1219.1
837,Soumaya,1741.7
837,Steve Nolan,565.5
838,Abderrahmane Boukhaled,1378.4
838,Basirat Adeyemo,487.8
838,Charlotte Smith,1222.6
838,David Ekpo,911.4
838,Emmanuela Odoh,790.9
838,Eno-obong Udofia,133.6
838,Ethan Toudic,1386.2
838,Gianna Cavacuiti,320.4
838,James hushon,2325.6
838,Joy Ojeabulu,851.4
838,Lesley Nyonggesa,1531.3
838,Luca Marlowe,1726.0
838,Michael Adewumi,1340.3
838,Mimy Kanza,1386.1
838,Otito,1702.4
838,Rael,149.6
838,Rashida kinattingalakath,2140.5
838,Remy,427.2
838,Rosie Birch,1881.2
838,Rufkat Adetola oladipo,914.2
838,Sally Muinami,549.0
838,Sodiq Salaudeen,1677.5
838,Soumaya,650.7
838,Steve Nolan,968.0
839,Abderrahmane Boukhaled,357.4
839,Basirat Adeyemo,1830.1
839,Charlotte Smith,1386.8
839,David Ekpo,1532.0
839,Emmanuela Odoh,3034.1
839,Eno-obong Udofia,890.0
839,Ethan Toudic,980.8
839,Gianna Cavacuiti,231.0
839,James hushon,773.1
839,Joy Ojeabulu,746.1
839,Lesley Nyonggesa,1082.1
839,Luca Marlowe,598.8
839,Michael Adewumi,258.7
839,Mimy Kanza,1605.9
839,Otito,1098.0
839,Rael,763.6
839,Rashida kinattingalakath,607.7
839,Remy,587.8
839,Rosie Birch,959.3
839,Rufkat Adetola oladipo,1909.3
839,Sally Muinami,1404.6
839,Sodiq Salaudeen,629.5
839,Soumaya,1183.2
839,Steve Nolan,1392.7
840,Abderrahmane Boukhaled,1135.7
840,Basirat Adeyemo,672.2
840,Charlotte Smith,580.6
840,David Ekpo,1703.7
840,Emmanuela Odoh,744.7
840,Eno-obong Udofia,578.5
840,Ethan Toudic,1425.1
840,Gianna Cavacuiti,1565.8
840,James hushon,2035.5
840,Joy Ojeabulu,2379.5
840,Lesley Nyonggesa,881.8
840,Luca Marlowe,1034.7
840,Michael Adewumi,1081.5
840,Mimy Kanza,2245.5
840,Otito,534.0
840,Rael,893.4
840,Rashida kinattingalakath,833.6
840,Remy,2109.2
840,Rosie Birch,861.0
840,Rufkat Adetola oladipo,2658.2
840,Sally Muinami,1475.5
840,Sodiq Salaudeen,100.0
840,Soumaya,2189.2
840,Steve Nolan,2043.1
841,Abderrahmane Boukhaled,1125.8
841,Basirat Adeyemo,812.5
841,Charlotte Smith,1471.3
841,David Ekpo,1342.8
841,Emmanuela Odoh,2978.1
841,Eno-obong Udofia,1380.2
841,Ethan Toudic,1348.0
841,Gianna Cavacuiti,2050.3
841,James hushon,1820.6
841,Joy Ojeabulu,1041.6
841,Lesley Nyonggesa,1712.4
841,Luca Marlowe,1064.5
841,Michael Adewumi,1093.6
841,Mimy Kanza,1111.2
841,Otito,1668.2
841,Rael,1907.7
841,Rashida kinattingalakath,757.0
841,Remy,368.5
841,Rosie Birch,1584.6
841,Rufkat Adetola oladipo,2430.7
841,Sally Muinami,365.8
841,Sodiq Salaudeen,1371.2
841,Soumaya,1434.4
841,Steve Nolan,418.9
842,Abderrahmane Boukhaled,2487.7
842,Basirat Adeyemo,1609.8
842,Charlotte Smith,1351.5
842,David Ekpo,340.5
842,Emmanuela Odoh,109.6
842,Eno-obong Udofia,922.2
842,Ethan Toudic,556.6
842,Gianna Cavacuiti,383.7
842,James hushon,393.5
842,Joy Ojeabulu,642.0
842,Lesley Nyonggesa,2021.3
842,Luca Marlowe,1561.4
842,Michael Adewumi,174.9
842,Mimy Kanza,2376.4
842,Otito,295.2
842,Rael,2229.6
842,Rashida kinattingalakath,1312.5
842,Remy,2449.7
842,Rosie Birch,1349.2
842,Rufkat Adetola oladipo,305.5
842,Sally Muinami,427.3
842,Sodiq Salaudeen,605.3
842,Soumaya,1356.8
842,Steve Nolan,678.2
843,Abderrahmane Boukhaled,1249.8
843,Basirat Adeyemo,1195.6
843,Charlotte Smith,1164.8
843,David Ekpo,1211.4
843,Emmanuela Odoh,657.8
843,Eno-obong Udofia,2322.1
843,Ethan Toudic,1426.4
843,Gianna Cavacuiti,2374.4
843,James hushon,848.3
843,Joy Ojeabulu,770.8
843,Lesley Nyonggesa,1601.8
843,Luca Marlowe,1481.0
843,Michael Adewumi,776.6
843,Mimy Kanza,925.9
843,Otito,1049.1
843,Rael,1108.1
843,Rashida kinattingalakath,1073.9
843,Remy,312.6
843,Rosie Birch,689.3
843,Rufkat Adetola oladipo,1320.6
843,Sally Muinami,846.8
843,Sodiq Salaudeen,1674.9
843,Soumaya,222.6
843,Steve Nolan,140.3
844,Abderrahmane Boukhaled,1432.5
844,Basirat Adeyemo,1722.7
844,Charlotte Smith,732.0
844,David Ekpo,933.8
844,Emmanuela Odoh,407.6
844,Eno-obong Udofia,2599.5
844,Ethan Toudic,836.3
844,Gianna Cavacuiti,1462.0
844,James hushon,795.0
844,Joy Ojeabulu,1890.7
844,Lesley Nyonggesa,1032.8
844,Luca Marlowe,163.1
844,Michael Adewumi,267.3
844,Mimy Kanza,813.5
844,Otito,1454.8
844,Rael,162.1
844,Rashida kinattingalakath,2678.3
844,Remy,750.7
844,Rosie Birch,2135.8
844,Rufkat Adetola oladipo,1270.0
844,Sally Muinami,2520.0
844,Sodiq Salaudeen,525.9
844,Soumaya,1308.3
844,Steve Nolan,516.9
845,Abderrahmane Boukhaled,1886.4
845,Basirat Adeyemo,1995.6
845,Charlotte Smith,616.6
845,David Ekpo,358.8
845,Emmanuela Odoh,511.0
845,Eno-obong Udofia,311.9
845,Ethan Toudic,631.4
845,Gianna Cavacuiti,725.4
845,James hushon,1741.2
845,Joy Ojeabulu,1272.4
845,Lesley Nyonggesa,674.0
845,Luca Marlowe,141.7
845,Michael Adewumi,1097.5
845,Mimy Kanza,1907.2
845,Otito,2298.9
845,Rael,1502.9
845,Rashida kinattingalakath,1471.3
845,Remy,140.6
845,Rosie Birch,565.0
845,Rufkat Adetola oladipo,411.1
845,Sally Muinami,415.6
845,Sodiq Salaudeen,219.4
845,Soumaya,1517.9
845,Steve Nolan,2035.5
846,Abderrahmane Boukhaled,1282.0
846,Basirat Adeyemo,537.9
846,Charlotte Smith,419.8
846,David Ekpo,509.4
846,Emmanuela Odoh,1887.8
846,Eno-obong Udofia,1194.3
846,Ethan Toudic,584.4
846,Gianna Cavacuiti,833.2
846,James hushon,746.1
846,Joy Ojeabulu,309.2
846,Lesley Nyonggesa,999.9
846,Luca Marlowe,350.1
846,Michael Adewumi,165.8
846,Mimy Kanza,995.2
846,Otito,1731.3
846,Rael,2519.1
846,Rashida kinattingalakath,350.8
846,Remy,1892.0
846,Rosie Birch,1933.1
846,Rufkat Adetola oladipo,1926.5
846,Sally Muinami,590.6
846,Sodiq Salaudeen,1069.0
846,Soumaya,580.7
846,Steve Nolan,660.0
847,Abderrahmane Boukhaled,2741.4
847,Basirat Adeyemo,1554.4
847,Charlotte Smith,3001.2
847,David Ekpo,730.7
847,Emmanuela Odoh,447.0
847,Eno-obong Udofia,1480.3
847,Ethan Toudic,479.7
847,Gianna Cavacuiti,186.2
847,James hushon,2880.2
847,Joy Ojeabulu,798.4
847,Lesley Nyonggesa,2818.7
847,Luca Marlowe,1544.9
847,Michael Adewumi,521.7
847,Mimy Kanza,1662.5
847,Otito,1862.4
847,Rael,821.0
847,Rashida kinattingalakath,971.6
847,Remy,1389.4
847,Rosie Birch,736.6
847,Rufkat Adetola oladipo,141.9
847,Sally Muinami,1520.2
847,Sodiq Salaudeen,1383.4
847,Soumaya,799.4
847,Steve Nolan,1268.2
848,Abderrahmane Boukhaled,2126.1
848,Basirat Adeyemo,338.8
848,Charlotte Smith,904.4
848,David Ekpo,1022.3
848,Emmanuela Odoh,1046.7
848,Eno-obong Udofia,881.7
848,Ethan Toudic,1757.9
848,Gianna Cavacuiti,2129.8
848,James hushon,592.6
848,Joy Ojeabulu,659.6
848,Lesley Nyonggesa,1514.6
848,Luca Marlowe,1408.9
848,Michael Adewumi,1223.7
848,Mimy Kanza,2161.9
848,Otito,1249.5
848,Rael,2184.4
848,Rashida kinattingalakath,1093.8
848,Remy,1703.2
848,Rosie Birch,891.4
848,Rufkat Adetola oladipo,2084.0
848,Sally Muinami,2997.8
848,Sodiq Salaudeen,697.3
848,Soumaya,1903.9
848,Steve Nolan,1609.4
849,Abderrahmane Boukhaled,398.9
849,Basirat Adeyemo,913.2
849,Charlotte Smith,623.9
849,David Ekpo,557.5
849,Emmanuela Odoh,1031.9
849,Eno-obong Udofia,1161.4
849,Ethan Toudic,766.4
849,Gianna Cavacuiti,577.0
849,James hushon,1074.5
849,Joy Ojeabulu,2457.8
849,Lesley Nyonggesa,467.3
849,Luca Marlowe,1515.2
849,Michael Adewumi,2274.4
849,Mimy Kanza,385.8
849,Otito,982.7
849,Rael,1098.2
849,Rashida kinattingalakath,804.7
849,Remy,2432.6
849,Rosie Birch,1484.1
849,Rufkat Adetola oladipo,672.2
849,Sally Muinami,442.3
849,Sodiq Salaudeen,283.2
849,Soumaya,673.5
849,Steve Nolan,382.9
850,Abderrahmane Boukhaled,597.4
850,Basirat Adeyemo,1995.2
850,Charlotte Smith,273.1
850,David Ekpo,1176.8
850,Emmanuela Odoh,564.5
850,Eno-obong Udofia,1525.5
850,Ethan Toudic,603.8
850,Gianna Cavacuiti,2099.1
850,James hushon,496.9
850,Joy Ojeabulu,1325.4
850,Lesley Nyonggesa,579.0
850,Luca Marlowe,990.4
850,Michael Adewumi,1587.7
850,Mimy Kanza,685.5
850,Otito,1047.4
850,Rael,2587.7
850,Rashida kinattingalakath,905.3
850,Remy,744.9
850,Rosie Birch,2195.5
850,Rufkat Adetola oladipo,1467.6
850,Sally Muinami,704.3
850,Sodiq Salaudeen,2197.4
850,Soumaya,471.4
850,Steve Nolan,405.0
851,Abderrahmane Boukhaled,1164.7
851,Basirat Adeyemo,373.8
851,Charlotte Smith,1491.5
851,David Ekpo,1141.5
851,Emmanuela Odoh,1823.8
851,Eno-obong Udofia,858.6
851,Ethan Toudic,1381.8
851,Gianna Cavacuiti,431.0
851,James hushon,1163.7
851,Joy Ojeabulu,396.1
851,Lesley Nyonggesa,1863.8
851,Luca Marlowe,1955.4
851,Michael Adewumi,1024.9
851,Mimy Kanza,1015.3
851,Otito,1007.2
851,Rael,538.2
851,Rashida kinattingalakath,281.0
851,Remy,399.0
851,Rosie Birch,534.4
851,Rufkat Adetola oladipo,389.2
851,Sally Muinami,513.3
851,Sodiq Salaudeen,148.2
851,Soumaya,304.8
851,Steve Nolan,1463.5
852,Abderrahmane Boukhaled,1348.7
852,Basirat Adeyemo,524.1
852,Charlotte Smith,964.6
852,David Ekpo,1383.2
852,Emmanuela Odoh,707.9
852,Eno-obong Udofia,1832.9
852,Ethan Toudic,1503.9
852,Gianna Cavacuiti,1230.0
852,James hushon,1485.3
852,Joy Ojeabulu,1103.2
852,Lesley Nyonggesa,2053.9
852,Luca Marlowe,1688.2
852,Michael Adewumi,1943.1
852,Mimy Kanza,1294.0
852,Otito,1159.4
852,Rael,150.5
852,Rashida kinattingalakath,697.8
852,Remy,753.1
852,Rosie Birch,1062.5
852,Rufkat Adetola oladipo,1925.3
852,Sally Muinami,186.3
852,Sodiq Salaudeen,1078.0
852,Soumaya,606.2
852,Steve Nolan,1482.0
853,Abderrahmane Boukhaled,1391.8
853,Basirat Adeyemo,1917.4
853,Charlotte Smith,1236.9
853,David Ekpo,1740.6
853,Emmanuela Odoh,1041.6
853,Eno-obong Udofia,2940.2
853,Ethan Toudic,1722.1
853,Gianna Cavacuiti,1528.1
853,James hushon,431.4
853,Joy Ojeabulu,737.8
853,Lesley Nyonggesa,404.4
853,Luca Marlowe,306.0
853,Michael Adewumi,2156.6
853,Mimy Kanza,1146.2
853,Otito,1267.7
853,Rael,1197.1
853,Rashida kinattingalakath,182.7
853,Remy,452.6
853,Rosie Birch,1579.8
853,Rufkat Adetola oladipo,519.2
853,Sally Muinami,1457.1
853,Sodiq Salaudeen,1758.2
853,Soumaya,454.3
853,Steve Nolan,1349.5
854,Abderrahmane Boukhaled,2088.6
854,Basirat Adeyemo,2886.2
854,Charlotte Smith,1733.1
854,David Ekpo,1149.1
854,Emmanuela Odoh,1366.7
854,Eno-obong Udofia,880.7
854,Ethan Toudic,1428.6
854,Gianna Cavacuiti,1249.7
854,James hushon,351.4
854,Joy Ojeabulu,1530.6
854,Lesley Nyonggesa,800.6
854,Luca Marlowe,2530.1
854,Michael Adewumi,1735.7
854,Mimy Kanza,1919.8
854,Otito,1664.5
854,Rael,743.1
854,Rashida kinattingalakath,2688.4
854,Remy,1611.8
854,Rosie Birch,406.4
854,Rufkat Adetola oladipo,1760.4
854,Sally Muinami,1299.6
854,Sodiq Salaudeen,850.2
854,Soumaya,1683.9
854,Steve Nolan,1241.7
855,Abderrahmane Boukhaled,1911.6
855,Basirat Adeyemo,1739.7
855,Charlotte Smith,910.3
855,David Ekpo,684.3
855,Emmanuela Odoh,1644.9
855,Eno-obong Udofia,1145.6
855,Ethan Toudic,2512.5
855,Gianna Cavacuiti,1842.8
855,James hushon,1903.6
855,Joy Ojeabulu,206.5
855,Lesley Nyonggesa,987.9
855,Luca Marlowe,1405.1
855,Michael Adewumi,940.6
855,Mimy Kanza,1518.8
855,Otito,738.2
855,Rael,1790.3
855,Rashida kinattingalakath,736.1
855,Remy,547.7
855,Rosie Birch,748.9
855,Rufkat Adetola oladipo,1848.9
855,Sally Muinami,1802.8
855,Sodiq Salaudeen,1835.0
855,Soumaya,2557.7
855,Steve Nolan,957.5
856,Abderrahmane Boukhaled,381.8
856,Basirat Adeyemo,1869.8
856,Charlotte Smith,1101.0
856,David Ekpo,2196.0
856,Emmanuela Odoh,1316.4
856,Eno-obong Udofia,1574.7
856,Ethan Toudic,1824.6
856,Gianna Cavacuiti,2922.2
856,James hushon,2609.5
856,Joy Ojeabulu,952.0
856,Lesley Nyonggesa,2258.6
856,Luca Marlowe,1942.8
856,Michael Adewumi,387.6
856,Mimy Kanza,1926.2
856,Otito,947.3
856,Rael,1155.4
856,Rashida kinattingalakath,766.4
856,Remy,1288.7
856,Rosie Birch,933.8
856,Rufkat Adetola oladipo,597.6
856,Sally Muinami,1039.8
856,Sodiq Salaudeen,1328.0
856,Soumaya,1830.5
856,Steve Nolan,534.9
857,Abderrahmane Boukhaled,653.8
857,Basirat Adeyemo,438.0
857,Charlotte Smith,925.0
857,David Ekpo,1760.3
857,Emmanuela Odoh,378.1
857,Eno-obong Udofia,155.6
857,Ethan Toudic,1363.8
857,Gianna Cavacuiti,450.7
857,James hushon,991.1
857,Joy Ojeabulu,1250.6
857,Lesley Nyonggesa,368.3
857,Luca Marlowe,2253.3
857,Michael Adewumi,1050.2
857,Mimy Kanza,1211.1
857,Otito,2398.0
857,Rael,483.4
857,Rashida kinattingalakath,1627.3
857,Remy,2199.4
857,Rosie Birch,1887.7
857,Rufkat Adetola oladipo,2424.9
857,Sally Muinami,629.2
857,Sodiq Salaudeen,518.8
857,Soumaya,859.6
857,Steve Nolan,570.6
858,Abderrahmane Boukhaled,1982.0
858,Basirat Adeyemo,611.9
858,Charlotte Smith,696.9
858,David Ekpo,740.8
858,Emmanuela Odoh,773.4
858,Eno-obong Udofia,2207.0
858,Ethan Toudic,361.0
858,Gianna Cavacuiti,1779.0
858,James hushon,1221.7
858,Joy Ojeabulu,1777.4
858,Lesley Nyonggesa,2003.2
858,Luca Marlowe,910.2
858,Michael Adewumi,1412.3
858,Mimy Kanza,1075.4
858,Otito,1774.6
858,Rael,940.4
858,Rashida kinattingalakath,907.6
858,Remy,1233.9
858,Rosie Birch,1214.6
858,Rufkat Adetola oladipo,1416.7
858,Sally Muinami,995.2
858,Sodiq Salaudeen,945.6
858,Soumaya,1894.8
858,Steve Nolan,1725.4
859,Abderrahmane Boukhaled,1841.8
859,Basirat Adeyemo,1555.9
859,Charlotte Smith,990.3
859,David Ekpo,2264.8
859,Emmanuela Odoh,231.6
859,Eno-obong Udofia,2325.9
859,Ethan Toudic,674.1
859,Gianna Cavacuiti,1366.9
859,James hushon,1390.7
859,Joy Ojeabulu,1689.4
859,Lesley Nyonggesa,301.9
859,Luca Marlowe,866.7
859,Michael Adewumi,1543.9
859,Mimy Kanza,1517.0
859,Otito,1532.5
859,Rael,840.0
859,Rashida kinattingalakath,2027.9
859,Remy,728.6
859,Rosie Birch,1196.9
859,Rufkat Adetola oladipo,1615.4
859,Sally Muinami,595.1
859,Sodiq Salaudeen,1597.0
859,Soumaya,1082.4
859,Steve Nolan,873.3
860,Abderrahmane Boukhaled,1527.8
860,Basirat Adeyemo,384.9
860,Charlotte Smith,2459.1
860,David Ekpo,748.1
860,Emmanuela Odoh,234.7
860,Eno-obong Udofia,802.6
860,Ethan Toudic,1751.1
860,Gianna Cavacuiti,986.4
860,James hushon,1485.3
860,Joy Ojeabulu,100.0
860,Lesley Nyonggesa,1120.0
860,Luca Marlowe,1277.7
860,Michael Adewumi,1341.0
860,Mimy Kanza,555.3
860,Otito,2045.0
860,Rael,367.4
860,Rashida kinattingalakath,852.8
860,Remy,296.0
860,Rosie Birch,1719.3
860,Rufkat Adetola oladipo,288.7
860,Sally Muinami,761.7
860,Sodiq Salaudeen,830.5
860,Soumaya,2182.2
860,Steve Nolan,2245.0
861,Abderrahmane Boukhaled,3738.2
861,Basirat Adeyemo,974.8
861,Charlotte Smith,1653.8
861,David Ekpo,302.0
861,Emmanuela Odoh,556.1
861,Eno-obong Udofia,1291.8
861,Ethan Toudic,271.0
861,Gianna Cavacuiti,694.0
861,James hushon,2037.6
861,Joy Ojeabulu,1086.0
861,Lesley Nyonggesa,2365.0
861,Luca Marlowe,1054.7
861,Michael Adewumi,772.2
861,Mimy Kanza,1667.8
861,Otito,613.2
861,Rael,1631.8
861,Rashida kinattingalakath,2740.0
861,Remy,1353.1
861,Rosie Birch,546.8
861,Rufkat Adetola oladipo,2673.7
861,Sally Muinami,1757.1
861,Sodiq Salaudeen,2008.0
861,Soumaya,886.4
861,Steve Nolan,992.4
862,Abderrahmane Boukhaled,1300.3
862,Basirat Adeyemo,1706.0
862,Charlotte Smith,2475.8
862,David Ekpo,675.6
862,Emmanuela Odoh,1167.4
862,Eno-obong Udofia,870.9
862,Ethan Toudic,415.4
862,Gianna Cavacuiti,882.5
862,James hushon,1235.4
862,Joy Ojeabulu,509.1
862,Lesley Nyonggesa,1499.2
862,Luca Marlowe,426.4
862,Michael Adewumi,642.2
862,Mimy Kanza,249.9
862,Otito,1457.8
862,Rael,920.6
862,Rashida kinattingalakath,2515.1
862,Remy,924.3
862,Rosie Birch,2079.8
862,Rufkat Adetola oladipo,1692.0
862,Sally Muinami,813.1
862,Sodiq Salaudeen,2115.8
862,Soumaya,2506.4
862,Steve Nolan,2156.1
863,Abderrahmane Boukhaled,849.3
863,Basirat Adeyemo,989.2
863,Charlotte Smith,2780.8
863,David Ekpo,1115.4
863,Emmanuela Odoh,1617.5
863,Eno-obong Udofia,1297.5
863,Ethan Toudic,483.9
863,Gianna Cavacuiti,1409.8
863,James hushon,1812.8
863,Joy Ojeabulu,1014.7
863,Lesley Nyonggesa,1287.8
863,Luca Marlowe,1443.9
863,Michael Adewumi,909.6
863,Mimy Kanza,1249.0
863,Otito,877.2
863,Rael,837.2
863,Rashida kinattingalakath,1282.4
863,Remy,1616.2
863,Rosie Birch,2396.5
863,Rufkat Adetola oladipo,745.2
863,Sally Muinami,1358.9
863,Sodiq Salaudeen,2092.1
863,Soumaya,2376.6
863,Steve Nolan,1280.6
864,Abderrahmane Boukhaled,1821.5
864,Basirat Adeyemo,680.1
864,Charlotte Smith,2359.4
864,David Ekpo,184.6
864,Emmanuela Odoh,969.3
864,Eno-obong Udofia,905.0
864,Ethan Toudic,1274.0
864,Gianna Cavacuiti,1379.4
864,James hushon,1945.3
864,Joy Ojeabulu,1335.5
864,Lesley Nyonggesa,2679.8
864,Luca Marlowe,2598.0
864,Michael Adewumi,1312.0
864,Mimy Kanza,3296.1
864,Otito,776.3
864,Rael,1365.8
864,Rashida kinattingalakath,1844.3
864,Remy,1333.8
864,Rosie Birch,888.4
864,Rufkat Adetola oladipo,1336.8
864,Sally Muinami,1201.8
864,Sodiq Salaudeen,299.8
864,Soumaya,954.8
864,Steve Nolan,912.8
865,Abderrahmane Boukhaled,1510.2
865,Basirat Adeyemo,652.4
865,Charlotte Smith,1178.2
865,David Ekpo,438.3
865,Emmanuela Odoh,1170.2
865,Eno-obong Udofia,2514.7
865,Ethan Toudic,885.2
865,Gianna Cavacuiti,2315.9
865,James hushon,111.8
865,Joy Ojeabulu,2601.0
865,Lesley Nyonggesa,1364.6
865,Luca Marlowe,898.6
865,Michael Adewumi,936.0
865,Mimy Kanza,1429.7
865,Otito,1265.6
865,Rael,2306.0
865,Rashida kinattingalakath,2922.0
865,Remy,950.2
865,Rosie Birch,2543.9
865,Rufkat Adetola oladipo,1139.5
865,Sally Muinami,229.5
865,Sodiq Salaudeen,2229.9
865,Soumaya,2045.9
865,Steve Nolan,2034.9
866,Abderrahmane Boukhaled,2144.6
866,Basirat Adeyemo,1700.3
866,Charlotte Smith,896.0
866,David Ekpo,746.3
866,Emmanuela Odoh,1565.7
866,Eno-obong Udofia,1261.3
866,Ethan Toudic,1173.9
866,Gianna Cavacuiti,683.8
866,James hushon,1612.1
866,Joy Ojeabulu,2024.3
866,Lesley Nyonggesa,651.2
866,Luca Marlowe,1116.0
866,Michael Adewumi,613.3
866,Mimy Kanza,3182.8
866,Otito,1073.3
866,Rael,1060.2
866,Rashida kinattingalakath,1074.7
866,Remy,1256.2
866,Rosie Birch,1780.3
866,Rufkat Adetola oladipo,1254.5
866,Sally Muinami,981.2
866,Sodiq Salaudeen,685.1
866,Soumaya,2168.4
866,Steve Nolan,1976.2
867,Abderrahmane Boukhaled,442.5
867,Basirat Adeyemo,2374.4
867,Charlotte Smith,924.8
867,David Ekpo,1787.3
867,Emmanuela Odoh,921.7
867,Eno-obong Udofia,1468.3
867,Ethan Toudic,1866.3
867,Gianna Cavacuiti,2208.9
867,James hushon,1905.6
867,Joy Ojeabulu,659.2
867,Lesley Nyonggesa,1135.8
867,Luca Marlowe,535.2
867,Michael Adewumi,1430.8
867,Mimy Kanza,1867.8
867,Otito,1213.6
867,Rael,518.0
867,Rashida kinattingalakath,1290.5
867,Remy,1606.2
867,Rosie Birch,1540.2
867,Rufkat Adetola oladipo,2131.2
867,Sally Muinami,1126.9
867,Sodiq Salaudeen,181.1
867,Soumaya,759.7
867,Steve Nolan,2224.3
868,Abderrahmane Boukhaled,292.6
868,Basirat Adeyemo,1529.8
868,Charlotte Smith,1469.4
868,David Ekpo,982.8
868,Emmanuela Odoh,2045.5
868,Eno-obong Udofia,856.7
868,Ethan Toudic,109.3
868,Gianna Cavacuiti,1449.0
868,James hushon,1079.0
868,Joy Ojeabulu,384.9
868,Lesley Nyonggesa,499.0
868,Luca Marlowe,1572.2
868,Michael Adewumi,1676.9
868,Mimy Kanza,1697.0
868,Otito,1791.7
868,Rael,328.8
868,Rashida kinattingalakath,949.3
868,Remy,355.0
868,Rosie Birch,913.5
868,Rufkat Adetola oladipo,841.8
868,Sally Muinami,246.2
868,Sodiq Salaudeen,1100.6
868,Soumaya,208.6
868,Steve Nolan,788.2
869,Abderrahmane Boukhaled,731.1
869,Basirat Adeyemo,1350.9
869,Charlotte Smith,1643.9
869,David Ekpo,113.3
869,Emmanuela Odoh,519.4
869,Eno-obong Udofia,1257.6
869,Ethan Toudic,2121.2
869,Gianna Cavacuiti,1951.6
869,James hushon,423.7
869,Joy Ojeabulu,991.4
869,Lesley Nyonggesa,856.6
869,Luca Marlowe,742.8
869,Michael Adewumi,1749.2
869,Mimy Kanza,1541.9
869,Otito,3704.3
869,Rael,989.6
869,Rashida kinattingalakath,1073.9
869,Remy,444.2
869,Rosie Birch,428.1
869,Rufkat Adetola oladipo,643.4
869,Sally Muinami,697.7
869,Sodiq Salaudeen,734.8
869,Soumaya,1940.6
869,Steve Nolan,427.1
870,Abderrahmane Boukhaled,2154.4
870,Basirat Adeyemo,942.8
870,Charlotte Smith,1298.1
870,David Ekpo,2104.8
870,Emmanuela Odoh,713.9
870,Eno-obong Udofia,741.8
870,Ethan Toudic,1133.2
870,Gianna Cavacuiti,1870.6
870,James hushon,1684.1
870,Joy Ojeabulu,967.2
870,Lesley Nyonggesa,1205.9
870,Luca Marlowe,477.8
870,Michael Adewumi,2191.4
870,Mimy Kanza,1886.4
870,Otito,775.0
870,Rael,1526.9
870,Rashida kinattingalakath,919.8
870,Remy,1349.8
870,Rosie Birch,1014.3
870,Rufkat Adetola oladipo,545.5
870,Sally Muinami,835.2
870,Sodiq Salaudeen,1639.9
870,Soumaya,997.6
870,Steve Nolan,1346.7
871,Abderrahmane Boukhaled,1292.9
871,Basirat Adeyemo,476.6
871,Charlotte Smith,514.4
871,David Ekpo,533.4
871,Emmanuela Odoh,109.6
871,Eno-obong Udofia,2037.8
871,Ethan Toudic,3057.6
871,Gianna Cavacuiti,1125.4
871,James hushon,1611.8
871,Joy Ojeabulu,1432.6
871,Lesley Nyonggesa,605.6
871,Luca Marlowe,1356.5
871,Michael Adewumi,851.8
871,Mimy Kanza,1071.5
871,Otito,2025.2
871,Rael,1370.3
871,Rashida kinattingalakath,527.8
871,Remy,2175.0
871,Rosie Birch,100.0
871,Rufkat Adetola oladipo,134.4
871,Sally Muinami,1144.2
871,Sodiq Salaudeen,946.5
871,Soumaya,2579.7
871,Steve Nolan,956.0
872,Abderrahmane Boukhaled,3245.8
872,Basirat Adeyemo,687.8
872,Charlotte Smith,1891.7
872,David Ekpo,1952.8
872,Emmanuela Odoh,1060.6
872,Eno-obong Udofia,2164.9
872,Ethan Toudic,1858.3
872,Gianna Cavacuiti,617.0
872,James hushon,1234.4
872,Joy Ojeabulu,959.6
872,Lesley Nyonggesa,1529.7
872,Luca Marlowe,1662.6
872,Michael Adewumi,1691.0
872,Mimy Kanza,724.8
872,Otito,2382.8
872,Rael,1265.4
872,Rashida kinattingalakath,978.1
872,Remy,706.7
872,Rosie Birch,396.8
872,Rufkat Adetola oladipo,1430.7
872,Sally Muinami,936.3
872,Sodiq Salaudeen,1365.8
872,Soumaya,2568.6
872,Steve Nolan,364.6
873,Abderrahmane Boukhaled,2463.5
873,Basirat Adeyemo,297.1
873,Charlotte Smith,756.4
873,David Ekpo,125.1
873,Emmanuela Odoh,261.0
873,Eno-obong Udofia,587.1
873,Ethan Toudic,1689.7
873,Gianna Cavacuiti,1165.1
873,James hushon,809.6
873,Joy Ojeabulu,1788.7
873,Lesley Nyonggesa,1256.2
873,Luca Marlowe,1279.3
873,Michael Adewumi,113.3
873,Mimy Kanza,1134.6
873,Otito,1025.2
873,Rael,942.1
873,Rashida kinattingalakath,464.7
873,Remy,1029.3
873,Rosie Birch,1026.9
873,Rufkat Adetola oladipo,1235.1
873,Sally Muinami,1314.4
873,Sodiq Salaudeen,874.4
873,Soumaya,350.8
873,Steve Nolan,2001.6
874,Abderrahmane Boukhaled,854.5
874,Basirat Adeyemo,1778.0
874,Charlotte Smith,243.7
874,David Ekpo,1611.2
874,Emmanuela Odoh,1028.2
874,Eno-obong Udofia,2228.4
874,Ethan Toudic,388.0
874,Gianna Cavacuiti,774.0
874,James hushon,1044.3
874,Joy Ojeabulu,1982.7
874,Lesley Nyonggesa,247.5
874,Luca Marlowe,1195.0
874,Michael Adewumi,1494.3
874,Mimy Kanza,868.6
874,Otito,1795.9
874,Rael,960.7
874,Rashida kinattingalakath,1222.4
874,Remy,1000.7
874,Rosie Birch,1617.2
874,Rufkat Adetola oladipo,724.9
874,Sally Muinami,1259.3
874,Sodiq Salaudeen,100.0
874,Soumaya,483.0
874,Steve Nolan,1893.4
875,Abderrahmane Boukhaled,2212.2
875,Basirat Adeyemo,1125.8
875,Charlotte Smith,1830.6
875,David Ekpo,1546.1
875,Emmanuela Odoh,575.1
875,Eno-obong Udofia,1738.3
875,Ethan Toudic,961.7
875,Gianna Cavacuiti,437.5
875,James hushon,1878.0
875,Joy Ojeabulu,1096.6
875,Lesley Nyonggesa,895.8
875,Luca Marlowe,1070.7
875,Michael Adewumi,3924.8
875,Mimy Kanza,2133.0
875,Otito,265.7
875,Rael,1626.8
875,Rashida kinattingalakath,1817.7
875,Remy,294.9
875,Rosie Birch,226.8
875,Rufkat Adetola oladipo,1695.2
875,Sally Muinami,1221.2
875,Sodiq Salaudeen,956.4
875,Soumaya,881.4
875,Steve Nolan,414.6
876,Abderrahmane Boukhaled,520.9
876,Basirat Adeyemo,842.0
876,Charlotte Smith,745.1
876,David Ekpo,400.8
876,Emmanuela Odoh,2502.9
876,Eno-obong Udofia,1295.7
876,Ethan Toudic,199.7
876,Gianna Cavacuiti,1390.4
876,James hushon,1352.2
876,Joy Ojeabulu,2090.3
876,Lesley Nyonggesa,1448.6
876,Luca Marlowe,1513.3
876,Michael Adewumi,2661.3
876,Mimy Kanza,2683.0
876,Otito,583.5
876,Rael,2465.2
876,Rashida kinattingalakath,2341.5
876,Remy,1972.9
876,Rosie Birch,436.7
876,Rufkat Adetola oladipo,736.9
876,Sally Muinami,1341.1
876,Sodiq Salaudeen,1450.9
876,Soumaya,789.7
876,Steve Nolan,539.6
877,Abderrahmane Boukhaled,596.1
877,Basirat Adeyemo,1450.1
877,Charlotte Smith,1678.7
877,David Ekpo,681.8
877,Emmanuela Odoh,1510.6
877,Eno-obong Udofia,932.2
877,Ethan Toudic,1847.6
877,Gianna Cavacuiti,1977.5
877,James hushon,1376.0
877,Joy Ojeabulu,2138.6
877,Lesley Nyonggesa,1935.2
877,Luca Marlowe,1141.5
877,Michael Adewumi,1157.1
877,Mimy Kanza,1003.9
877,Otito,948.2
877,Rael,1030.7
877,Rashida kinattingalakath,1913.9
877,Remy,1748.1
877,Rosie Birch,402.7
877,Rufkat Adetola oladipo,1237.7
877,Sally Muinami,1313.5
877,Sodiq Salaudeen,305.5
877,Soumaya,978.2
877,Steve Nolan,2329.7
878,Abderrahmane Boukhaled,1224.3
878,Basirat Adeyemo,259.7
878,Charlotte Smith,230.5
878,David Ekpo,871.7
878,Emmanuela Odoh,768.0
878,Eno-obong Udofia,884.1
878,Ethan Toudic,651.4
878,Gianna Cavacuiti,1984.4
878,James hushon,2222.5
878,Joy Ojeabulu,202.0
878,Lesley Nyonggesa,161.9
878,Luca Marlowe,910.8
878,Michael Adewumi,925.4
878,Mimy Kanza,2523.3
878,Otito,1285.4
878,Rael,2322.0
878,Rashida kinattingalakath,1195.3
878,Remy,386.8
878,Rosie Birch,509.0
878,Rufkat Adetola oladipo,915.2
878,Sally Muinami,2567.9
878,Sodiq Salaudeen,1307.4
878,Soumaya,2123.6
878,Steve Nolan,3206.5
879,Abderrahmane Boukhaled,2968.0
879,Basirat Adeyemo,2193.6
879,Charlotte Smith,717.8
879,David Ekpo,1763.2
879,Emmanuela Odoh,1421.0
879,Eno-obong Udofia,1443.4
879,Ethan Toudic,2347.7
879,Gianna Cavacuiti,1848.6
879,James hushon,796.8
879,Joy Ojeabulu,1197.6
879,Lesley Nyonggesa,2145.7
879,Luca Marlowe,1677.6
879,Michael Adewumi,1929.4
879,Mimy Kanza,586.7
879,Otito,2344.4
879,Rael,319.9
879,Rashida kinattingalakath,1251.4
879,Remy,1788.2
879,Rosie Birch,1878.9
879,Rufkat Adetola oladipo,1758.1
879,Sally Muinami,250.1
879,Sodiq Salaudeen,737.4
879,Soumaya,685.6
879,Steve Nolan,306.4
880,Abderrahmane Boukhaled,817.3
880,Basirat Adeyemo,1080.0
880,Charlotte Smith,680.8
880,David Ekpo,1487.4
880,Emmanuela Odoh,297.5
880,Eno-obong Udofia,561.6
880,Ethan Toudic,2633.9
880,Gianna Cavacuiti,425.9
880,James hushon,992.2
880,Joy Ojeabulu,231.1
880,Lesley Nyonggesa,432.3
880,Luca Marlowe,619.1
880,Michael Adewumi,1080.7
880,Mimy Kanza,369.7
880,Otito,1583.8
880,Rael,404.7
880,Rashida kinattingalakath,1839.8
880,Remy,996.3
880,Rosie Birch,910.4
880,Rufkat Adetola oladipo,1349.2
880,Sally Muinami,1445.1
880,Sodiq Salaudeen,935.5
880,Soumaya,2824.4
880,Steve Nolan,1487.2
881,Abderrahmane Boukhaled,543.9
881,Basirat Adeyemo,129.5
881,Charlotte Smith,1462.6
881,David Ekpo,302.8
881,Emmanuela Odoh,1031.7
881,Eno-obong Udofia,2824.1
881,Ethan Toudic,2572.7
881,Gianna Cavacuiti,1355.7
881,James hushon,1297.9
881,Joy Ojeabulu,1404.0
881,Lesley Nyonggesa,1550.9
881,Luca Marlowe,547.6
881,Michael Adewumi,1010.6
881,Mimy Kanza,472.3
881,Otito,1264.6
881,Rael,1403.4
881,Rashida kinattingalakath,2052.8
881,Remy,316.4
881,Rosie Birch,1845.0
881,Rufkat Adetola oladipo,1665.8
881,Sally Muinami,2284.0
881,Sodiq Salaudeen,105.9
881,Soumaya,1890.5
881,Steve Nolan,1552.4
882,Abderrahmane Boukhaled,1154.6
882,Basirat Adeyemo,573.3
882,Charlotte Smith,285.2
882,David Ekpo,907.6
882,Emmanuela Odoh,1016.6
882,Eno-obong Udofia,1024.5
882,Ethan Toudic,1201.4
882,Gianna Cavacuiti,1270.9
882,James hushon,1099.1
882,Joy Ojeabulu,259.2
882,Lesley Nyonggesa,456.5
882,Luca Marlowe,531.8
882,Michael Adewumi,1618.7
882,Mimy Kanza,198.2
882,Otito,695.1
882,Rael,678.0
882,Rashida kinattingalakath,972.6
882,Remy,609.3
882,Rosie Birch,1147.3
882,Rufkat Adetola oladipo,594.8
882,Sally Muinami,1498.7
882,Sodiq Salaudeen,1683.8
882,Soumaya,3084.5
882,Steve Nolan,1475.1
883,Abderrahmane Boukhaled,2542.0
883,Basirat Adeyemo,1818.2
883,Charlotte Smith,335.0
883,David Ekpo,973.2
883,Emmanuela Odoh,777.1
883,Eno-obong Udofia,1104.8
883,Ethan Toudic,706.3
883,Gianna Cavacuiti,333.6
883,James hushon,1044.2
883,Joy Ojeabulu,1259.5
883,Lesley Nyonggesa,1796.0
883,Luca Marlowe,1155.9
883,Michael Adewumi,2153.5
883,Mimy Kanza,1371.2
883,Otito,923.7
883,Rael,517.5
883,Rashida kinattingalakath,845.6
883,Remy,528.2
883,Rosie Birch,683.0
883,Rufkat Adetola oladipo,2180.0
883,Sally Muinami,1108.2
883,Sodiq Salaudeen,1261.0
883,Soumaya,1567.0
883,Steve Nolan,1261.8
884,Abderrahmane Boukhaled,765.3
884,Basirat Adeyemo,1720.8
884,Charlotte Smith,1476.7
884,David Ekpo,769.6
884,Emmanuela Odoh,240.8
884,Eno-obong Udofia,1275.9
884,Ethan Toudic,3177.9
884,Gianna Cavacuiti,351.6
884,James hushon,369.0
884,Joy Ojeabulu,290.9
884,Lesley Nyonggesa,2062.8
884,Luca Marlowe,1762.2
884,Michael Adewumi,543.0
884,Mimy Kanza,464.6
884,Otito,835.6
884,Rael,744.9
884,Rashida kinattingalakath,789.6
884,Remy,1060.1
884,Rosie Birch,2929.8
884,Rufkat Adetola oladipo,896.4
884,Sally Muinami,1713.2
884,Sodiq Salaudeen,1244.2
884,Soumaya,1971.2
884,Steve Nolan,1837.4
885,Abderrahmane Boukhaled,1201.9
885,Basirat Adeyemo,295.9
885,Charlotte Smith,991.2
885,David Ekpo,2110.2
885,Emmanuela Odoh,1630.0
885,Eno-obong Udofia,1065.6
885,Ethan Toudic,705.9
885,Gianna Cavacuiti,443.0
885,James hushon,1036.4
885,Joy Ojeabulu,1046.3
885,Lesley Nyonggesa,1136.6
885,Luca Marlowe,1888.8
885,Michael Adewumi,1366.2
885,Mimy Kanza,691.2
885,Otito,854.7
885,Rael,404.8
885,Rashida kinattingalakath,810.9
885,Remy,665.2
885,Rosie Birch,1164.4
885,Rufkat Adetola oladipo,1355.2
885,Sally Muinami,1717.0
885,Sodiq Salaudeen,997.1
885,Soumaya,2474.3
885,Steve Nolan,1013.0
886,Abderrahmane Boukhaled,725.0
886,Basirat Adeyemo,2643.4
886,Charlotte Smith,1246.4
886,David Ekpo,1223.2
886,Emmanuela Odoh,1539.1
886,Eno-obong Udofia,231.4
886,Ethan Toudic,360.4
886,Gianna Cavacuiti,787.8
886,James hushon,514.4
886,Joy Ojeabulu,240.4
886,Lesley Nyonggesa,1752.6
886,Luca Marlowe,1085.8
886,Michael Adewumi,1273.1
886,Mimy Kanza,1436.1
886,Otito,2084.9
886,Rael,2078.0
886,Rashida kinattingalakath,397.4
886,Remy,1902.6
886,Rosie Birch,1317.6
886,Rufkat Adetola oladipo,482.6
886,Sally Muinami,557.8
886,Sodiq Salaudeen,1060.3
886,Soumaya,1476.6
886,Steve Nolan,1529.4
887,Abderrahmane Boukhaled,665.0
887,Basirat Adeyemo,746.2
887,Charlotte Smith,702.8
887,David Ekpo,1645.5
887,Emmanuela Odoh,1448.9
887,Eno-obong Udofia,521.0
887,Ethan Toudic,611.4
887,Gianna Cavacuiti,577.2
887,James hushon,1647.1
887,Joy Ojeabulu,374.6
887,Lesley Nyonggesa,1267.5
887,Luca Marlowe,186.0
887,Michael Adewumi,569.4
887,Mimy Kanza,2928.5
887,Otito,1462.3
887,Rael,869.5
887,Rashida kinattingalakath,1473.2
887,Remy,451.1
887,Rosie Birch,772.0
887,Rufkat Adetola oladipo,819.8
887,Sally Muinami,958.1
887,Sodiq Salaudeen,1224.7
887,Soumaya,1656.6
887,Steve Nolan,1032.2
888,Abderrahmane Boukhaled,3581.1
888,Basirat Adeyemo,269.2
888,Charlotte Smith,1114.8
888,David Ekpo,1298.9
888,Emmanuela Odoh,1361.0
888,Eno-obong Udofia,1270.3
888,Ethan Toudic,1354.1
888,Gianna Cavacuiti,813.7
888,James hushon,147.4
888,Joy Ojeabulu,1025.7
888,Lesley Nyonggesa,601.5
888,Luca Marlowe,2324.1
888,Michael Adewumi,1352.4
888,Mimy Kanza,726.6
888,Otito,898.5
888,Rael,861.8
888,Rashida kinattingalakath,1874.0
888,Remy,598.4
888,Rosie Birch,2406.9
888,Rufkat Adetola oladipo,764.2
888,Sally Muinami,349.6
888,Sodiq Salaudeen,1391.6
888,Soumaya,1638.5
888,Steve Nolan,305.8
889,Abderrahmane Boukhaled,120.2
889,Basirat Adeyemo,1307.6
889,Charlotte Smith,770.8
889,David Ekpo,1228.3
889,Emmanuela Odoh,1035.6
889,Eno-obong Udofia,496.6
889,Ethan Toudic,816.1
889,Gianna Cavacuiti,2875.0
889,James hushon,2011.0
889,Joy Ojeabulu,1869.6
889,Lesley Nyonggesa,3075.1
889,Luca Marlowe,465.7
889,Michael Adewumi,2709.0
889,Mimy Kanza,2213.7
889,Otito,1028.4
889,Rael,1125.9
889,Rashida kinattingalakath,641.6
889,Remy,287.7
889,Rosie Birch,2256.9
889,Rufkat Adetola oladipo,2252.1
889,Sally Muinami,437.6
889,Sodiq Salaudeen,566.6
889,Soumaya,359.1
889,Steve Nolan,253.6
890,Abderrahmane Boukhaled,890.1
890,Basirat Adeyemo,1474.9
890,Charlotte Smith,543.4
890,David Ekpo,1742.3
890,Emmanuela Odoh,741.1
890,Eno-obong Udofia,964.9
890,Ethan Toudic,669.1
890,Gianna Cavacuiti,467.1
890,James hushon,401.0
890,Joy Ojeabulu,293.8
890,Lesley Nyonggesa,1208.6
890,Luca Marlowe,2418.0
890,Michael Adewumi,1474.9
890,Mimy Kanza,662.8
890,Otito,2283.9
890,Rael,1327.1
890,Rashida kinattingalakath,1307.8
890,Remy,574.7
890,Rosie Birch,558.4
890,Rufkat Adetola oladipo,1762.1
890,Sally Muinami,1239.7
890,Sodiq Salaudeen,1330.8
890,Soumaya,1489.0
890,Steve Nolan,1616.9
891,Abderrahmane Boukhaled,824.4
891,Basirat Adeyemo,1519.9
891,Charlotte Smith,1787.6
891,David Ekpo,431.8
891,Emmanuela Odoh,1111.4
891,Eno-obong Udofia,596.7
891,Ethan Toudic,1194.5
891,Gianna Cavacuiti,1157.5
891,James hushon,1015.3
891,Joy Ojeabulu,1545.4
891,Lesley Nyonggesa,973.4
891,Luca Marlowe,888.0
891,Michael Adewumi,2453.4
891,Mimy Kanza,388.7
891,Otito,1530.2
891,Rael,1587.3
891,Rashida kinattingalakath,976.2
891,Remy,679.9
891,Rosie Birch,681.7
891,Rufkat Adetola oladipo,1986.6
891,Sally Muinami,637.7
891,Sodiq Salaudeen,847.7
891,Soumaya,549.3
891,Steve Nolan,1664.1
892,Abderrahmane Boukhaled,510.0
892,Basirat Adeyemo,1183.9
892,Charlotte Smith,168.6
892,David Ekpo,305.1
892,Emmanuela Odoh,2174.0
892,Eno-obong Udofia,1910.2
892,Ethan Toudic,2732.4
892,Gianna Cavacuiti,742.6
892,James hushon,947.1
892,Joy Ojeabulu,794.3
892,Lesley Nyonggesa,484.2
892,Luca Marlowe,774.1
892,Michael Adewumi,1509.7
892,Mimy Kanza,1918.4
892,Otito,170.2
892,Rael,1277.0
892,Rashida kinattingalakath,1008.0
892,Remy,2006.8
892,Rosie Birch,1062.2
892,Rufkat Adetola oladipo,2314.7
892,Sally Muinami,1027.8
892,Sodiq Salaudeen,1414.5
892,Soumaya,1814.6
892,Steve Nolan,782.3
893,Abderrahmane Boukhaled,1523.4
893,Basirat Adeyemo,484.3
893,Charlotte Smith,529.6
893,David Ekpo,1394.1
893,Emmanuela Odoh,1362.3
893,Eno-obong Udofia,336.3
893,Ethan Toudic,1442.2
893,Gianna Cavacuiti,1866.4
893,James hushon,1505.4
893,Joy Ojeabulu,1095.0
893,Lesley Nyonggesa,1932.4
893,Luca Marlowe,1366.2
893,Michael Adewumi,1618.1
893,Mimy Kanza,1342.8
893,Otito,405.1
893,Rael,1121.7
893,Rashida kinattingalakath,309.2
893,Remy,1706.8
893,Rosie Birch,1507.3
893,Rufkat Adetola oladipo,3124.5
893,Sally Muinami,1747.7
893,Sodiq Salaudeen,345.1
893,Soumaya,1545.4
893,Steve Nolan,1156.0
894,Abderrahmane Boukhaled,1680.8
894,Basirat Adeyemo,1089.8
894,Charlotte Smith,530.4
894,David Ekpo,525.8
894,Emmanuela Odoh,561.4
894,Eno-obong Udofia,1037.8
894,Ethan Toudic,1213.5
894,Gianna Cavacuiti,1670.5
894,James hushon,1230.2
894,Joy Ojeabulu,1091.5
894,Lesley Nyonggesa,577.3
894,Luca Marlowe,1652.2
894,Michael Adewumi,888.5
894,Mimy Kanza,2529.0
894,Otito,1858.6
894,Rael,789.4
894,Rashida kinattingalakath,1681.7
894,Remy,798.4
894,Rosie Birch,1440.8
894,Rufkat Adetola oladipo,3053.5
894,Sally Muinami,784.8
894,Sodiq Salaudeen,1297.8
894,Soumaya,988.9
894,Steve Nolan,636.5
895,Abderrahmane Boukhaled,3136.6
895,Basirat Adeyemo,961.7
895,Charlotte Smith,389.8
895,David Ekpo,450.6
895,Emmanuela Odoh,1023.3
895,Eno-obong Udofia,1336.0
895,Ethan Toudic,1106.6
895,Gianna Cavacuiti,856.6
895,James hushon,307.2
895,Joy Ojeabulu,2401.3
895,Lesley Nyonggesa,1013.7
895,Luca Marlowe,735.4
895,Michael Adewumi,463.0
895,Mimy Kanza,2357.4
895,Otito,1098.2
895,Rael,513.5
895,Rashida kinattingalakath,693.0
895,Remy,506.4
895,Rosie Birch,978.8
895,Rufkat Adetola oladipo,1215.7
895,Sally Muinami,1046.1
895,Sodiq Salaudeen,794.8
895,Soumaya,1039.9
895,Steve Nolan,1444.0
896,Abderrahmane Boukhaled,1717.4
896,Basirat Adeyemo,241.6
896,Charlotte Smith,1753.9
896,David Ekpo,1324.0
896,Emmanuela Odoh,1435.1
896,Eno-obong Udofia,898.6
896,Ethan Toudic,2222.3
896,Gianna Cavacuiti,832.8
896,James hushon,1197.6
896,Joy Ojeabulu,3503.9
896,Lesley Nyonggesa,858.0
896,Luca Marlowe,895.3
896,Michael Adewumi,2209.8
896,Mimy Kanza,124.1
896,Otito,431.9
896,Rael,1289.3
896,Rashida kinattingalakath,549.6
896,Remy,1674.8
896,Rosie Birch,1689.3
896,Rufkat Adetola oladipo,692.3
896,Sally Muinami,257.0
896,Sodiq Salaudeen,1052.2
896,Soumaya,1876.7
896,Steve Nolan,2115.0
897,Abderrahmane Boukhaled,3577.1
897,Basirat Adeyemo,437.8
897,Charlotte Smith,454.6
897,David Ekpo,276.3
897,Emmanuela Odoh,1668.2
897,Eno-obong Udofia,1934.4
897,Ethan Toudic,574.3
897,Gianna Cavacuiti,1441.0
897,James hushon,407.5
897,Joy Ojeabulu,728.0
897,Lesley Nyonggesa,655.8
897,Luca Marlowe,1010.6
897,Michael Adewumi,1178.2
897,Mimy Kanza,1205.7
897,Otito,1463.5
897,Rael,2469.3
897,Rashida kinattingalakath,1160.7
897,Remy,909.9
897,Rosie Birch,515.7
897,Rufkat Adetola oladipo,2139.0
897,Sally Muinami,1637.8
897,Sodiq Salaudeen,2028.6
897,Soumaya,501.1
897,Steve Nolan,1100.8
898,Abderrahmane Boukhaled,2395.8
898,Basirat Adeyemo,545.8
898,Charlotte Smith,1494.7
898,David Ekpo,2726.6
898,Emmanuela Odoh,1009.8
898,Eno-obong Udofia,702.8
898,Ethan Toudic,2159.1
898,Gianna Cavacuiti,1295.7
898,James hushon,2612.1
898,Joy Ojeabulu,932.4
898,Lesley Nyonggesa,808.3
898,Luca Marlowe,1560.3
898,Michael Adewumi,1154.8
898,Mimy Kanza,678.5
898,Otito,2035.9
898,Rael,210.4
898,Rashida kinattingalakath,772.6
898,Remy,1038.8
898,Rosie Birch,1561.1
898,Rufkat Adetola oladipo,1831.0
898,Sally Muinami,1738.8
898,Sodiq Salaudeen,433.0
898,Soumaya,948.2
898,Steve Nolan,467.0
899,Abderrahmane Boukhaled,535.1
899,Basirat Adeyemo,1612.6
899,Charlotte Smith,1570.5
899,David Ekpo,1525.5
899,Emmanuela Odoh,639.2
899,Eno-obong Udofia,771.7
899,Ethan Toudic,2277.0
899,Gianna Cavacuiti,1063.9
899,James hushon,2657.8
899,Joy Ojeabulu,579.0
899,Lesley Nyonggesa,2107.2
899,Luca Marlowe,232.4
899,Michael Adewumi,1280.7
899,Mimy Kanza,874.0
899,Otito,338.3
899,Rael,579.7
899,Rashida kinattingalakath,390.6
899,Remy,1588.5
899,Rosie Birch,325.2
899,Rufkat Adetola oladipo,1835.2
899,Sally Muinami,557.0
899,Sodiq Salaudeen,931.2
899,Soumaya,451.5
899,Steve Nolan,1069.2
900,Abderrahmane Boukhaled,1633.9
900,Basirat Adeyemo,1937.5
900,Charlotte Smith,740.9
900,David Ekpo,1715.2
900,Emmanuela Odoh,2364.4
900,Eno-obong Udofia,253.2
900,Ethan Toudic,1908.6
900,Gianna Cavacuiti,302.7
900,James hushon,2073.6
900,Joy Ojeabulu,503.8
900,Lesley Nyonggesa,1082.2
900,Luca Marlowe,1374.4
900,Michael Adewumi,395.6
900,Mimy Kanza,1712.9
900,Otito,2389.7
900,Rael,168.6
900,Rashida kinattingalakath,388.0
900,Remy,806.3
900,Rosie Birch,2511.8
900,Rufkat Adetola oladipo,2339.4
900,Sally Muinami,333.3
900,Sodiq Salaudeen,600.0
900,Soumaya,1500.3
900,Steve Nolan,1120.1
901,Abderrahmane Boukhaled,824.1
901,Basirat Adeyemo,630.2
901,Charlotte Smith,1922.0
901,David Ekpo,2507.2
901,Emmanuela Odoh,1430.1
901,Eno-obong Udofia,1972.4
901,Ethan Toudic,1733.6
901,Gianna Cavacuiti,534.4
901,James hushon,1600.6
901,Joy Ojeabulu,618.6
901,Lesley Nyonggesa,473.7
901,Luca Marlowe,1225.1
901,Michael Adewumi,1207.3
901,Mimy Kanza,1575.1
901,Otito,593.5
901,Rael,1083.4
901,Rashida kinattingalakath,1687.3
901,Remy,591.7
901,Rosie Birch,252.2
901,Rufkat Adetola oladipo,2359.8
901,Sally Muinami,640.0
901,Sodiq Salaudeen,710.9
901,Soumaya,1856.3
901,Steve Nolan,2014.8
902,Abderrahmane Boukhaled,1385.4
902,Basirat Adeyemo,996.8
902,Charlotte Smith,2435.6
902,David Ekpo,1256.6
902,Emmanuela Odoh,3205.6
902,Eno-obong Udofia,1712.8
902,Ethan Toudic,227.7
902,Gianna Cavacuiti,624.4
902,James hushon,2181.8
902,Joy Ojeabulu,2249.8
902,Lesley Nyonggesa,2572.8
902,Luca Marlowe,1859.7
902,Michael Adewumi,2108.2
902,Mimy Kanza,1832.0
902,Otito,327.4
902,Rael,1616.6
902,Rashida kinattingalakath,1000.4
902,Remy,1222.7
902,Rosie Birch,1154.8
902,Rufkat Adetola oladipo,1191.8
902,Sally Muinami,1090.8
902,Sodiq Salaudeen,774.2
902,Soumaya,2782.2
902,Steve Nolan,967.3
903,Abderrahmane Boukhaled,1047.5
903,Basirat Adeyemo,2347.3
903,Charlotte Smith,813.1
903,David Ekpo,302.5
903,Emmanuela Odoh,843.4
903,Eno-obong Udofia,1049.6
903,Ethan Toudic,1209.8
903,Gianna Cavacuiti,1139.7
903,James hushon,1942.2
903,Joy Ojeabulu,1667.3
903,Lesley Nyonggesa,1030.6
903,Luca Marlowe,918.0
903,Michael Adewumi,661.6
903,Mimy Kanza,1683.8
903,Otito,751.6
903,Rael,1481.9
903,Rashida kinattingalakath,844.6
903,Remy,1881.1
903,Rosie Birch,1008.9
903,Rufkat Adetola oladipo,1499.6
903,Sally Muinami,1140.8
903,Sodiq Salaudeen,1576.9
903,Soumaya,969.4
903,Steve Nolan,425.7
904,Abderrahmane Boukhaled,2127.9
904,Basirat Adeyemo,1459.0
904,Charlotte Smith,1298.2
904,David Ekpo,1426.9
904,Emmanuela Odoh,1331.0
904,Eno-obong Udofia,1292.4
904,Ethan Toudic,842.2
904,Gianna Cavacuiti,365.2
904,James hushon,568.5
904,Joy Ojeabulu,1510.0
904,Lesley Nyonggesa,311.1
904,Luca Marlowe,1380.4
904,Michael Adewumi,2161.5
904,Mimy Kanza,856.8
904,Otito,1460.0
904,Rael,522.6
904,Rashida kinattingalakath,1081.8
904,Remy,1733.4
904,Rosie Birch,755.5
904,Rufkat Adetola oladipo,889.4
904,Sally Muinami,117.5
904,Sodiq Salaudeen,1482.1
904,Soumaya,1808.4
904,Steve Nolan,963.1
905,Abderrahmane Boukhaled,640.1
905,Basirat Adeyemo,1157.3
905,Charlotte Smith,1172.0
905,David Ekpo,2622.9
905,Emmanuela Odoh,1426.5
905,Eno-obong Udofia,402.5
905,Ethan Toudic,1191.1
905,Gianna Cavacuiti,862.4
905,James hushon,994.6
905,Joy Ojeabulu,2284.6
905,Lesley Nyonggesa,969.7
905,Luca Marlowe,2341.2
905,Michael Adewumi,2861.3
905,Mimy Kanza,2093.9
905,Otito,694.8
905,Rael,1255.6
905,Rashida kinattingalakath,589.9
905,Remy,1288.5
905,Rosie Birch,1407.6
905,Rufkat Adetola oladipo,684.6
905,Sally Muinami,739.8
905,Sodiq Salaudeen,607.0
905,Soumaya,594.5
905,Steve Nolan,2155.5
906,Abderrahmane Boukhaled,1171.5
906,Basirat Adeyemo,432.6
906,Charlotte Smith,2586.4
906,David Ekpo,444.8
906,Emmanuela Odoh,514.8
906,Eno-obong Udofia,483.4
906,Ethan Toudic,998.9
906,Gianna Cavacuiti,1639.8
906,James hushon,985.1
906,Joy Ojeabulu,549.2
906,Lesley Nyonggesa,1440.0
906,Luca Marlowe,1184.5
906,Michael Adewumi,1834.8
906,Mimy Kanza,2044.5
906,Otito,613.2
906,Rael,1323.3
906,Rashida kinattingalakath,907.0
906,Remy,1167.6
906,Rosie Birch,1446.8
906,Rufkat Adetola oladipo,1599.2
906,Sally Muinami,1461.4
906,Sodiq Salaudeen,2361.7
906,Soumaya,1691.8
906,Steve Nolan,1686.1
907,Abderrahmane Boukhaled,2941.2
907,Basirat Adeyemo,1462.1
907,Charlotte Smith,922.6
907,David Ekpo,914.7
907,Emmanuela Odoh,1411.6
907,Eno-obong Udofia,283.4
907,Ethan Toudic,455.0
907,Gianna Cavacuiti,1692.2
907,James hushon,461.2
907,Joy Ojeabulu,960.1
907,Lesley Nyonggesa,777.2
907,Luca Marlowe,1108.4
907,Michael Adewumi,957.8
907,Mimy Kanza,611.8
907,Otito,2056.8
907,Rael,1921.0
907,Rashida kinattingalakath,819.4
907,Remy,1916.1
907,Rosie Birch,1264.4
907,Rufkat Adetola oladipo,569.6
907,Sally Muinami,1179.1
907,Sodiq Salaudeen,1218.4
907,Soumaya,2187.0
907,Steve Nolan,1174.3
908,Abderrahmane Boukhaled,1508.7
908,Basirat Adeyemo,1301.4
908,Charlotte Smith,1243.7
908,David Ekpo,1168.2
908,Emmanuela Odoh,770.0
908,Eno-obong Udofia,625.7
908,Ethan Toudic,531.0
908,Gianna Cavacuiti,521.6
908,James hushon,1139.7
908,Joy Ojeabulu,2367.8
908,Lesley Nyonggesa,1145.2
908,Luca Marlowe,2610.1
908,Michael Adewumi,1892.9
908,Mimy Kanza,1565.5
908,Otito,678.1
908,Rael,972.4
908,Rashida kinattingalakath,2904.9
908,Remy,2265.7
908,Rosie Birch,1820.2
908,Rufkat Adetola oladipo,1265.7
908,Sally Muinami,1244.4
908,Sodiq Salaudeen,276.4
908,Soumaya,1894.1
908,Steve Nolan,1601.5
909,Abderrahmane Boukhaled,662.6
909,Basirat Adeyemo,1841.8
909,Charlotte Smith,1574.0
909,David Ekpo,1825.3
909,Emmanuela Odoh,1153.2
909,Eno-obong Udofia,601.9
909,Ethan Toudic,1372.8
909,Gianna Cavacuiti,1236.9
909,James hushon,1568.2
909,Joy Ojeabulu,494.8
909,Lesley Nyonggesa,1876.0
909,Luca Marlowe,3252.8
909,Michael Adewumi,2396.5
909,Mimy Kanza,2282.5
909,Otito,2254.4
909,Rael,695.2
909,Rashida kinattingalakath,100.0
909,Remy,653.1
909,Rosie Birch,2810.9
909,Rufkat Adetola oladipo,1247.0
909,Sally Muinami,891.8
909,Sodiq Salaudeen,2310.9
909,Soumaya,2224.1
909,Steve Nolan,1717.1
910,Abderrahmane Boukhaled,692.0
910,Basirat Adeyemo,278.4
910,Charlotte Smith,300.0
910,David Ekpo,1015.8
910,Emmanuela Odoh,1015.7
910,Eno-obong Udofia,509.8
910,Ethan Toudic,698.2
910,Gianna Cavacuiti,1404.0
910,James hushon,1481.6
910,Joy Ojeabulu,1918.7
910,Lesley Nyonggesa,1122.7
910,Luca Marlowe,1099.3
910,Michael Adewumi,1312.6
910,Mimy Kanza,2242.1
910,Otito,1718.5
910,Rael,1380.1
910,Rashida kinattingalakath,853.1
910,Remy,757.8
910,Rosie Birch,2015.3
910,Rufkat Adetola oladipo,1748.1
910,Sally Muinami,741.4
910,Sodiq Salaudeen,1507.4
910,Soumaya,2222.6
910,Steve Nolan,2207.1
911,Abderrahmane Boukhaled,395.8
911,Basirat Adeyemo,931.2
911,Charlotte Smith,1722.0
911,David Ekpo,2083.0
911,Emmanuela Odoh,1042.5
911,Eno-obong Udofia,181.8
911,Ethan Toudic,180.0
911,Gianna Cavacuiti,1708.4
911,James hushon,875.2
911,Joy Ojeabulu,1263.2
911,Lesley Nyonggesa,139.0
911,Luca Marlowe,1928.5
911,Michael Adewumi,417.4
911,Mimy Kanza,1791.4
911,Otito,367.7
911,Rael,1069.5
911,Rashida kinattingalakath,2193.5
911,Remy,530.6
911,Rosie Birch,989.6
911,Rufkat Adetola oladipo,1943.4
911,Sally Muinami,411.4
911,Sodiq Salaudeen,477.4
911,Soumaya,1354.8
911,Steve Nolan,243.5
912,Abderrahmane Boukhaled,1523.4
912,Basirat Adeyemo,705.7
912,Charlotte Smith,566.6
912,David Ekpo,157.8
912,Emmanuela Odoh,1714.3
912,Eno-obong Udofia,1975.4
912,Ethan Toudic,561.9
912,Gianna Cavacuiti,775.3
912,James hushon,1706.1
912,Joy Ojeabulu,615.8
912,Lesley Nyonggesa,1552.4
912,Luca Marlowe,707.6
912,Michael Adewumi,497.9
912,Mimy Kanza,1212.6
912,Otito,2361.2
912,Rael,312.4
912,Rashida kinattingalakath,123.4
912,Remy,1724.8
912,Rosie Birch,1533.0
912,Rufkat Adetola oladipo,1718.4
912,Sally Muinami,667.5
912,Sodiq Salaudeen,361.8
912,Soumaya,1715.6
912,Steve Nolan,2469.5
913,Abderrahmane Boukhaled,1172.4
913,Basirat Adeyemo,1074.8
913,Charlotte Smith,1322.6
913,David Ekpo,945.3
913,Emmanuela Odoh,1001.1
913,Eno-obong Udofia,2261.6
913,Ethan Toudic,710.1
913,Gianna Cavacuiti,1406.1
913,James hushon,1908.8
913,Joy Ojeabulu,1358.4
913,Lesley Nyonggesa,679.4
913,Luca Marlowe,1770.0
913,Michael Adewumi,584.3
913,Mimy Kanza,1084.0
913,Otito,3001.9
913,Rael,626.7
913,Rashida kinattingalakath,640.6
913,Remy,836.2
913,Rosie Birch,178.3
913,Rufkat Adetola oladipo,1307.9
913,Sally Muinami,1522.1
913,Sodiq Salaudeen,855.5
913,Soumaya,573.7
913,Steve Nolan,930.2
914,Abderrahmane Boukhaled,2466.0
914,Basirat Adeyemo,546.5
914,Charlotte Smith,1195.0
914,David Ekpo,518.6
914,Emmanuela Odoh,1841.1
914,Eno-obong Udofia,497.7
914,Ethan Toudic,1468.6
914,Gianna Cavacuiti,145.2
914,James hushon,836.9
914,Joy Ojeabulu,3067.0
914,Lesley Nyonggesa,2037.5
914,Luca Marlowe,596.7
914,Michael Adewumi,1018.3
914,Mimy Kanza,1111.5
914,Otito,528.3
914,Rael,1157.6
914,Rashida kinattingalakath,1104.7
914,Remy,1005.6
914,Rosie Birch,1175.5
914,Rufkat Adetola oladipo,2548.4
914,Sally Muinami,1314.8
914,Sodiq Salaudeen,2229.7
914,Soumaya,363.7
914,Steve Nolan,686.2
915,Abderrahmane Boukhaled,1446.9
915,Basirat Adeyemo,2049.0
915,Charlotte Smith,1688.9
915,David Ekpo,1245.9
915,Emmanuela Odoh,1738.6
915,Eno-obong Udofia,582.2
915,Ethan Toudic,2304.4
915,Gianna Cavacuiti,2385.8
915,James hushon,895.4
915,Joy Ojeabulu,605.7
915,Lesley Nyonggesa,2181.2
915,Luca Marlowe,939.9
915,Michael Adewumi,844.8
915,Mimy Kanza,666.6
915,Otito,814.3
915,Rael,1617.5
915,Rashida kinattingalakath,943.5
915,Remy,715.3
915,Rosie Birch,871.3
915,Rufkat Adetola oladipo,1768.3
915,Sally Muinami,592.2
915,Sodiq Salaudeen,255.1
915,Soumaya,943.2
915,Steve Nolan,268.3
916,Abderrahmane Boukhaled,1260.5
916,Basirat Adeyemo,3126.7
916,Charlotte Smith,1434.0
916,David Ekpo,477.1
916,Emmanuela Odoh,827.6
916,Eno-obong Udofia,460.4
916,Ethan Toudic,2436.3
916,Gianna Cavacuiti,1258.4
916,James hushon,989.9
916,Joy Ojeabulu,597.5
916,Lesley Nyonggesa,1490.0
916,Luca Marlowe,2282.4
916,Michael Adewumi,1961.3
916,Mimy Kanza,1573.1
916,Otito,2000.7
916,Rael,2075.9
916,Rashida kinattingalakath,2535.4
916,Remy,1527.6
916,Rosie Birch,1062.2
916,Rufkat Adetola oladipo,1003.7
916,Sally Muinami,1219.1
916,Sodiq Salaudeen,311.9
916,Soumaya,1176.8
916,Steve Nolan,1845.1
917,Abderrahmane Boukhaled,2378.6
917,Basirat Adeyemo,1674.2
917,Charlotte Smith,749.0
917,David Ekpo,218.7
917,Emmanuela Odoh,1286.2
917,Eno-obong Udofia,195.8
917,Ethan Toudic,129.0
917,Gianna Cavacuiti,488.4
917,James hushon,803.8
917,Joy Ojeabulu,1050.1
917,Lesley Nyonggesa,1798.2
917,Luca Marlowe,1943.9
917,Michael Adewumi,576.8
917,Mimy Kanza,935.1
917,Otito,264.4
917,Rael,1176.2
917,Rashida kinattingalakath,1175.1
917,Remy,1872.4
917,Rosie Birch,904.2
917,Rufkat Adetola oladipo,378.8
917,Sally Muinami,1430.1
917,Sodiq Salaudeen,2440.8
917,Soumaya,2550.0
917,Steve Nolan,1387.9
918,Abderrahmane Boukhaled,3164.5
918,Basirat Adeyemo,1142.2
918,Charlotte Smith,1304.0
918,David Ekpo,1687.9
918,Emmanuela Odoh,788.2
918,Eno-obong Udofia,1887.0
918,Ethan Toudic,2103.4
918,Gianna Cavacuiti,423.2
918,James hushon,770.4
918,Joy Ojeabulu,526.6
918,Lesley Nyonggesa,1715.6
918,Luca Marlowe,1731.0
918,Michael Adewumi,1882.2
918,Mimy Kanza,1927.5
918,Otito,2248.1
918,Rael,1138.6
918,Rashida kinattingalakath,1141.2
918,Remy,1906.7
918,Rosie Birch,525.9
918,Rufkat Adetola oladipo,468.2
918,Sally Muinami,1084.7
918,Sodiq Salaudeen,796.5
918,Soumaya,1362.6
918,Steve Nolan,634.3
919,Abderrahmane Boukhaled,576.1
919,Basirat Adeyemo,2280.4
919,Charlotte Smith,2167.3
919,David Ekpo,1620.5
919,Emmanuela Odoh,2458.5
919,Eno-obong Udofia,683.7
919,Ethan Toudic,2069.3
919,Gianna Cavacuiti,898.4
919,James hushon,1702.8
919,Joy Ojeabulu,2553.6
919,Lesley Nyonggesa,1181.2
919,Luca Marlowe,696.0
919,Michael Adewumi,892.9
919,Mimy Kanza,1756.6
919,Otito,1056.6
919,Rael,1975.3
919,Rashida kinattingalakath,1169.0
919,Remy,933.6
919,Rosie Birch,274.3
919,Rufkat Adetola oladipo,577.4
919,Sally Muinami,675.9
919,Sodiq Salaudeen,2911.8
919,Soumaya,729.7
919,Steve Nolan,685.0
920,Abderrahmane Boukhaled,727.9
920,Basirat Adeyemo,542.3
920,Charlotte Smith,1726.8
920,David Ekpo,3077.6
920,Emmanuela Odoh,608.4
920,Eno-obong Udofia,2098.8
920,Ethan Toudic,2304.4
920,Gianna Cavacuiti,2106.2
920,James hushon,1179.3
920,Joy Ojeabulu,905.9
920,Lesley Nyonggesa,2398.0
920,Luca Marlowe,1054.3
920,Michael Adewumi,905.3
920,Mimy Kanza,1017.7
920,Otito,2537.7
920,Rael,648.6
920,Rashida kinattingalakath,1567.9
920,Remy,1082.2
920,Rosie Birch,912.7
920,Rufkat Adetola oladipo,1956.8
920,Sally Muinami,1009.2
920,Sodiq Salaudeen,844.3
920,Soumaya,1407.7
920,Steve Nolan,460.1
921,Abderrahmane Boukhaled,1288.3
921,Basirat Adeyemo,2134.3
921,Charlotte Smith,2485.1
921,David Ekpo,764.5
921,Emmanuela Odoh,1331.4
921,Eno-obong Udofia,347.6
921,Ethan Toudic,744.4
921,Gianna Cavacuiti,1532.4
921,James hushon,1536.4
921,Joy Ojeabulu,798.9
921,Lesley Nyonggesa,818.3
921,Luca Marlowe,148.1
921,Michael Adewumi,686.2
921,Mimy Kanza,476.4
921,Otito,507.1
921,Rael,1887.3
921,Rashida kinattingalakath,953.9
921,Remy,846.0
921,Rosie Birch,1559.4
921,Rufkat Adetola oladipo,3106.8
921,Sally Muinami,550.0
921,Sodiq Salaudeen,308.4
921,Soumaya,1148.2
921,Steve Nolan,1750.8
922,Abderrahmane Boukhaled,3609.4
922,Basirat Adeyemo,1242.5
922,Charlotte Smith,612.8
922,David Ekpo,2635.7
922,Emmanuela Odoh,906.2
922,Eno-obong Udofia,994.4
922,Ethan Toudic,951.6
922,Gianna Cavacuiti,1963.5
922,James hushon,2553.9
922,Joy Ojeabulu,1510.5
922,Lesley Nyonggesa,537.0
922,Luca Marlowe,711.7
922,Michael Adewumi,3456.0
922,Mimy Kanza,1232.0
922,Otito,1255.4
922,Rael,1764.1
922,Rashida kinattingalakath,422.3
922,Remy,485.1
922,Rosie Birch,714.9
922,Rufkat Adetola oladipo,542.6
922,Sally Muinami,2399.5
922,Sodiq Salaudeen,2584.1
922,Soumaya,295.7
922,Steve Nolan,1969.4
923,Abderrahmane Boukhaled,682.7
923,Basirat Adeyemo,2691.6
923,Charlotte Smith,1102.3
923,David Ekpo,1329.7
923,Emmanuela Odoh,2117.5
923,Eno-obong Udofia,1091.0
923,Ethan Toudic,150.9
923,Gianna Cavacuiti,207.4
923,James hushon,1602.9
923,Joy Ojeabulu,1560.6
923,Lesley Nyonggesa,349.7
923,Luca Marlowe,418.3
923,Michael Adewumi,1539.5
923,Mimy Kanza,1265.0
923,Otito,1271.9
923,Rael,1280.3
923,Rashida kinattingalakath,934.8
923,Remy,711.7
923,Rosie Birch,2247.6
923,Rufkat Adetola oladipo,317.6
923,Sally Muinami,2355.9
923,Sodiq Salaudeen,1971.3
923,Soumaya,1565.2
923,Steve Nolan,821.8
924,Abderrahmane Boukhaled,1392.2
924,Basirat Adeyemo,308.0
924,Charlotte Smith,1616.8
924,David Ekpo,3269.2
924,Emmanuela Odoh,1070.7
924,Eno-obong Udofia,522.8
924,Ethan Toudic,1335.7
924,Gianna Cavacuiti,619.3
924,James hushon,1246.2
924,Joy Ojeabulu,1968.8
924,Lesley Nyonggesa,622.0
924,Luca Marlowe,695.4
924,Michael Adewumi,1215.8
924,Mimy Kanza,757.6
924,Otito,1015.5
924,Rael,204.3
924,Rashida kinattingalakath,1084.3
924,Remy,890.8
924,Rosie Birch,2028.1
924,Rufkat Adetola oladipo,796.3
924,Sally Muinami,995.3
924,Sodiq Salaudeen,681.8
924,Soumaya,1024.5
924,Steve Nolan,932.3
925,Abderrahmane Boukhaled,1487.8
925,Basirat Adeyemo,1586.9
925,Charlotte Smith,1095.3
925,David Ekpo,1588.8
925,Emmanuela Odoh,878.6
925,Eno-obong Udofia,1976.1
925,Ethan Toudic,348.4
925,Gianna Cavacuiti,100.0
925,James hushon,908.7
925,Joy Ojeabulu,763.5
925,Lesley Nyonggesa,2225.8
925,Luca Marlowe,1300.1
925,Michael Adewumi,1012.9
925,Mimy Kanza,2315.5
925,Otito,1514.6
925,Rael,1863.2
925,Rashida kinattingalakath,2530.5
925,Remy,292.8
925,Rosie Birch,878.3
925,Rufkat Adetola oladipo,3155.3
925,Sally Muinami,1842.8
925,Sodiq Salaudeen,1460.3
925,Soumaya,3354.4
925,Steve Nolan,922.2
926,Abderrahmane Boukhaled,1405.1
926,Basirat Adeyemo,1163.8
926,Charlotte Smith,1333.1
926,David Ekpo,538.8
926,Emmanuela Odoh,1509.7
926,Eno-obong Udofia,421.4
926,Ethan Toudic,1458.9
926,Gianna Cavacuiti,878.4
926,James hushon,1236.7
926,Joy Ojeabulu,1926.7
926,Lesley Nyonggesa,236.1
926,Luca Marlowe,563.7
926,Michael Adewumi,1318.4
926,Mimy Kanza,1029.0
926,Otito,1728.9
926,Rael,1680.2
926,Rashida kinattingalakath,1916.0
926,Remy,1355.4
926,Rosie Birch,1768.8
926,Rufkat Adetola oladipo,2300.9
926,Sally Muinami,839.1
926,Sodiq Salaudeen,392.8
926,Soumaya,1434.6
926,Steve Nolan,648.9
927,Abderrahmane Boukhaled,1740.8
927,Basirat Adeyemo,1080.5
927,Charlotte Smith,2305.2
927,David Ekpo,843.9
927,Emmanuela Odoh,2886.5
927,Eno-obong Udofia,793.9
927,Ethan Toudic,705.4
927,Gianna Cavacuiti,1084.5
927,James hushon,1115.2
927,Joy Ojeabulu,1306.0
927,Lesley Nyonggesa,1928.0
927,Luca Marlowe,1803.0
927,Michael Adewumi,1180.2
927,Mimy Kanza,2111.7
927,Otito,663.3
927,Rael,636.6
927,Rashida kinattingalakath,557.1
927,Remy,512.5
927,Rosie Birch,293.6
927,Rufkat Adetola oladipo,1857.2
927,Sally Muinami,725.7
927,Sodiq Salaudeen,1723.6
927,Soumaya,1287.6
927,Steve Nolan,2472.7
928,Abderrahmane Boukhaled,525.0
928,Basirat Adeyemo,1162.7
928,Charlotte Smith,1240.2
928,David Ekpo,813.2
928,Emmanuela Odoh,1298.5
928,Eno-obong Udofia,1434.9
928,Ethan Toudic,206.3
928,Gianna Cavacuiti,1601.8
928,James hushon,979.3
928,Joy Ojeabulu,2366.1
928,Lesley Nyonggesa,3395.6
928,Luca Marlowe,975.9
928,Michael Adewumi,233.4
928,Mimy Kanza,1918.1
928,Otito,1312.0
928,Rael,692.2
928,Rashida kinattingalakath,225.7
928,Remy,278.7
928,Rosie Birch,2175.7
928,Rufkat Adetola oladipo,853.0
928,Sally Muinami,2951.6
928,Sodiq Salaudeen,1133.7
928,Soumaya,1026.5
928,Steve Nolan,1102.2
929,Abderrahmane Boukhaled,611.8
929,Basirat Adeyemo,2272.2
929,Charlotte Smith,382.0
929,David Ekpo,1921.4
929,Emmanuela Odoh,1796.5
929,Eno-obong Udofia,623.5
929,Ethan Toudic,804.6
929,Gianna Cavacuiti,1696.0
929,James hushon,2522.4
929,Joy Ojeabulu,660.8
929,Lesley Nyonggesa,1398.3
929,Luca Marlowe,517.7
929,Michael Adewumi,148.9
929,Mimy Kanza,294.7
929,Otito,1477.0
929,Rael,1675.0
929,Rashida kinattingalakath,592.6
929,Remy,587.8
929,Rosie Birch,864.5
929,Rufkat Adetola oladipo,1926.2
929,Sally Muinami,329.8
929,Sodiq Salaudeen,1570.2
929,Soumaya,119.7
929,Steve Nolan,1850.3
930,Abderrahmane Boukhaled,837.0
930,Basirat Adeyemo,1846.4
930,Charlotte Smith,508.8
930,David Ekpo,719.9
930,Emmanuela Odoh,885.8
930,Eno-obong Udofia,826.0
930,Ethan Toudic,975.3
930,Gianna Cavacuiti,2370.8
930,James hushon,2099.1
930,Joy Ojeabulu,1945.5
930,Lesley Nyonggesa,1797.4
930,Luca Marlowe,1335.4
930,Michael Adewumi,208.9
930,Mimy Kanza,1836.1
930,Otito,1229.5
930,Rael,2531.1
930,Rashida kinattingalakath,340.4
930,Remy,1899.2
930,Rosie Birch,785.0
930,Rufkat Adetola oladipo,501.3
930,Sally Muinami,102.3
930,Sodiq Salaudeen,2334.4
930,Soumaya,1662.3
930,Steve Nolan,1785.8
931,Abderrahmane Boukhaled,2426.2
931,Basirat Adeyemo,1818.2
931,Charlotte Smith,679.2
931,David Ekpo,205.5
931,Emmanuela Odoh,885.6
931,Eno-obong Udofia,674.1
931,Ethan Toudic,463.6
931,Gianna Cavacuiti,668.0
931,James hushon,1582.9
931,Joy Ojeabulu,1633.3
931,Lesley Nyonggesa,1315.2
931,Luca Marlowe,1183.8
931,Michael Adewumi,1100.5
931,Mimy Kanza,254.3
931,Otito,386.4
931,Rael,1303.9
931,Rashida kinattingalakath,2392.8
931,Remy,1780.5
931,Rosie Birch,1554.7
931,Rufkat Adetola oladipo,663.5
931,Sally Muinami,1954.9
931,Sodiq Salaudeen,370.0
931,Soumaya,650.9
931,Steve Nolan,506.8
932,Abderrahmane Boukhaled,1738.0
932,Basirat Adeyemo,1243.8
932,Charlotte Smith,1450.1
932,David Ekpo,1988.4
932,Emmanuela Odoh,1298.8
932,Eno-obong Udofia,2764.0
932,Ethan Toudic,385.3
932,Gianna Cavacuiti,1536.8
932,James hushon,1271.1
932,Joy Ojeabulu,909.1
932,Lesley Nyonggesa,1044.5
932,Luca Marlowe,812.0
932,Michael Adewumi,1474.6
932,Mimy Kanza,418.7
932,Otito,1024.4
932,Rael,857.7
932,Rashida kinattingalakath,2342.4
932,Remy,881.0
932,Rosie Birch,1615.3
932,Rufkat Adetola oladipo,731.7
932,Sally Muinami,492.1
932,Sodiq Salaudeen,1515.7
932,Soumaya,754.7
932,Steve Nolan,909.9
933,Abderrahmane Boukhaled,790.7
933,Basirat Adeyemo,1060.8
933,Charlotte Smith,880.0
933,David Ekpo,581.5
933,Emmanuela Odoh,1360.9
933,Eno-obong Udofia,1044.4
933,Ethan Toudic,552.2
933,Gianna Cavacuiti,516.9
933,James hushon,1039.2
933,Joy Ojeabulu,1236.2
933,Lesley Nyonggesa,2311.0
933,Luca Marlowe,2058.8
933,Michael Adewumi,2025.0
933,Mimy Kanza,1051.6
933,Otito,972.0
933,Rael,1647.6
933,Rashida kinattingalakath,1457.6
933,Remy,592.3
933,Rosie Birch,2474.4
933,Rufkat Adetola oladipo,592.6
933,Sally Muinami,1190.8
933,Sodiq Salaudeen,943.1
933,Soumaya,2314.4
933,Steve Nolan,1134.3
934,Abderrahmane Boukhaled,801.1
934,Basirat Adeyemo,1224.8
934,Charlotte Smith,2222.6
934,David Ekpo,929.7
934,Emmanuela Odoh,1098.1
934,Eno-obong Udofia,937.4
934,Ethan Toudic,1110.6
934,Gianna Cavacuiti,940.6
934,James hushon,1405.3
934,Joy Ojeabulu,934.5
934,Lesley Nyonggesa,700.1
934,Luca Marlowe,569.2
934,Michael Adewumi,323.6
934,Mimy Kanza,297.6
934,Otito,1348.3
934,Rael,1474.4
934,Rashida kinattingalakath,2149.6
934,Remy,984.7
934,Rosie Birch,1005.5
934,Rufkat Adetola oladipo,1005.5
934,Sally Muinami,1884.5
934,Sodiq Salaudeen,831.3
934,Soumaya,2144.5
934,Steve Nolan,900.1
935,Abderrahmane Boukhaled,2307.4
935,Basirat Adeyemo,788.6
935,Charlotte Smith,2367.2
935,David Ekpo,1862.7
935,Emmanuela Odoh,612.6
935,Eno-obong Udofia,2199.9
935,Ethan Toudic,785.4
935,Gianna Cavacuiti,656.7
935,James hushon,1291.5
935,Joy Ojeabulu,923.1
935,Lesley Nyonggesa,671.6
935,Luca Marlowe,865.7
935,Michael Adewumi,3571.3
935,Mimy Kanza,743.4
935,Otito,563.3
935,Rael,1293.1
935,Rashida kinattingalakath,564.9
935,Remy,1346.7
935,Rosie Birch,268.6
935,Rufkat Adetola oladipo,864.7
935,Sally Muinami,861.8
935,Sodiq Salaudeen,508.9
935,Soumaya,1743.2
935,Steve Nolan,1448.2
936,Abderrahmane Boukhaled,534.3
936,Basirat Adeyemo,2198.3
936,Charlotte Smith,564.6
936,David Ekpo,1043.4
936,Emmanuela Odoh,1068.9
936,Eno-obong Udofia,689.6
936,Ethan Toudic,1009.9
936,Gianna Cavacuiti,2701.4
936,James hushon,676.7
936,Joy Ojeabulu,398.6
936,Lesley Nyonggesa,954.0
936,Luca Marlowe,1310.5
936,Michael Adewumi,204.5
936,Mimy Kanza,1177.5
936,Otito,480.4
936,Rael,1549.6
936,Rashida kinattingalakath,597.9
936,Remy,841.1
936,Rosie Birch,1048.5
936,Rufkat Adetola oladipo,858.3
936,Sally Muinami,1375.5
936,Sodiq Salaudeen,580.3
936,Soumaya,478.2
936,Steve Nolan,2033.3
937,Abderrahmane Boukhaled,1090.7
937,Basirat Adeyemo,2230.0
937,Charlotte Smith,777.4
937,David Ekpo,738.4
937,Emmanuela Odoh,1199.0
937,Eno-obong Udofia,2161.2
937,Ethan Toudic,1906.8
937,Gianna Cavacuiti,1510.4
937,James hushon,2973.6
937,Joy Ojeabulu,2720.7
937,Lesley Nyonggesa,466.2
937,Luca Marlowe,590.3
937,Michael Adewumi,1639.4
937,Mimy Kanza,880.1
937,Otito,1111.6
937,Rael,2339.7
937,Rashida kinattingalakath,1152.4
937,Remy,1362.2
937,Rosie Birch,2109.5
937,Rufkat Adetola oladipo,642.9
937,Sally Muinami,1945.4
937,Sodiq Salaudeen,1822.1
937,Soumaya,871.7
937,Steve Nolan,980.5
938,Abderrahmane Boukhaled,1469.8
938,Basirat Adeyemo,1114.8
938,Charlotte Smith,980.3
938,David Ekpo,1103.6
938,Emmanuela Odoh,1784.6
938,Eno-obong Udofia,1052.1
938,Ethan Toudic,1380.4
938,Gianna Cavacuiti,2008.0
938,James hushon,1720.5
938,Joy Ojeabulu,2034.6
938,Lesley Nyonggesa,2382.6
938,Luca Marlowe,2696.8
938,Michael Adewumi,3331.8
938,Mimy Kanza,1392.2
938,Otito,329.4
938,Rael,1806.5
938,Rashida kinattingalakath,1427.7
938,Remy,2756.2
938,Rosie Birch,2444.2
938,Rufkat Adetola oladipo,307.2
938,Sally Muinami,827.7
938,Sodiq Salaudeen,661.6
938,Soumaya,3144.9
938,Steve Nolan,1064.0
939,Abderrahmane Boukhaled,1711.2
939,Basirat Adeyemo,2640.5
939,Charlotte Smith,1030.8
939,David Ekpo,502.8
939,Emmanuela Odoh,100.0
939,Eno-obong Udofia,1909.1
939,Ethan Toudic,576.3
939,Gianna Cavacuiti,2185.9
939,James hushon,1933.7
939,Joy Ojeabulu,1143.2
939,Lesley Nyonggesa,1363.3
939,Luca Marlowe,976.5
939,Michael Adewumi,1183.3
939,Mimy Kanza,860.1
939,Otito,888.5
939,Rael,701.5
939,Rashida kinattingalakath,2275.1
939,Remy,1900.0
939,Rosie Birch,555.6
939,Rufkat Adetola oladipo,911.1
939,Sally Muinami,274.9
939,Sodiq Salaudeen,1556.8
939,Soumaya,723.9
939,Steve Nolan,2578.0
940,Abderrahmane Boukhaled,1282.1
940,Basirat Adeyemo,327.7
940,Charlotte Smith,1469.0
940,David Ekpo,856.5
940,Emmanuela Odoh,3126.1
940,Eno-obong Udofia,1034.5
940,Ethan Toudic,1979.9
940,Gianna Cavacuiti,511.9
940,James hushon,2244.6
940,Joy Ojeabulu,752.4
940,Lesley Nyonggesa,801.2
940,Luca Marlowe,313.5
940,Michael Adewumi,992.6
940,Mimy Kanza,321.4
940,Otito,276.2
940,Rael,1774.3
940,Rashida kinattingalakath,927.7
940,Remy,109.2
940,Rosie Birch,753.7
940,Rufkat Adetola oladipo,538.6
940,Sally Muinami,2885.7
940,Sodiq Salaudeen,977.7
940,Soumaya,326.9
940,Steve Nolan,1602.2
941,Abderrahmane Boukhaled,1595.1
941,Basirat Adeyemo,624.7
941,Charlotte Smith,361.6
941,David Ekpo,994.6
941,Emmanuela Odoh,1147.9
941,Eno-obong Udofia,3212.4
941,Ethan Toudic,1318.4
941,Gianna Cavacuiti,2509.1
941,James hushon,2113.2
941,Joy Ojeabulu,387.3
941,Lesley Nyonggesa,1700.6
941,Luca Marlowe,1373.5
941,Michael Adewumi,228.9
941,Mimy Kanza,469.0
941,Otito,2131.9
941,Rael,768.2
941,Rashida kinattingalakath,1435.6
941,Remy,292.5
941,Rosie Birch,1193.2
941,Rufkat Adetola oladipo,100.0
941,Sally Muinami,955.4
941,Sodiq Salaudeen,1181.8
941,Soumaya,988.2
941,Steve Nolan,738.5
942,Abderrahmane Boukhaled,1916.7
942,Basirat Adeyemo,966.0
942,Charlotte Smith,1845.2
942,David Ekpo,914.5
942,Emmanuela Odoh,1714.7
942,Eno-obong Udofia,1203.2
942,Ethan Toudic,820.1
942,Gianna Cavacuiti,546.2
942,James hushon,986.9
942,Joy Ojeabulu,1386.1
942,Lesley Nyonggesa,485.7
942,Luca Marlowe,823.5
942,Michael Adewumi,883.2
942,Mimy Kanza,1068.6
942,Otito,1806.4
942,Rael,2812.1
942,Rashida kinattingalakath,273.9
942,Remy,1941.7
942,Rosie Birch,2942.3
942,Rufkat Adetola oladipo,2192.2
942,Sally Muinami,2650.5
942,Sodiq Salaudeen,2091.7
942,Soumaya,468.7
942,Steve Nolan,1034.2
943,Abderrahmane Boukhaled,217.2
943,Basirat Adeyemo,228.7
943,Charlotte Smith,2043.7
943,David Ekpo,854.7
943,Emmanuela Odoh,2641.2
943,Eno-obong Udofia,1818.6
943,Ethan Toudic,909.0
943,Gianna Cavacuiti,1119.1
943,James hushon,358.8
943,Joy Ojeabulu,534.0
943,Lesley Nyonggesa,3189.5
943,Luca Marlowe,3050.5
943,Michael Adewumi,398.6
943,Mimy Kanza,2576.4
943,Otito,3182.4
943,Rael,928.5
943,Rashida kinattingalakath,1625.5
943,Remy,2071.0
943,Rosie Birch,1365.7
943,Rufkat Adetola oladipo,912.1
943,Sally Muinami,2059.0
943,Sodiq Salaudeen,1986.1
943,Soumaya,388.8
943,Steve Nolan,623.4
944,Abderrahmane Boukhaled,280.6
944,Basirat Adeyemo,1986.7
944,Charlotte Smith,1234.3
944,David Ekpo,1092.7
944,Emmanuela Odoh,571.9
944,Eno-obong Udofia,1601.1
944,Ethan Toudic,883.9
944,Gianna Cavacuiti,946.5
944,James hushon,1290.2
944,Joy Ojeabulu,583.9
944,Lesley Nyonggesa,1295.7
944,Luca Marlowe,750.5
944,Michael Adewumi,1635.7
944,Mimy Kanza,228.9
944,Otito,454.8
944,Rael,2266.0
944,Rashida kinattingalakath,1857.9
944,Remy,589.8
944,Rosie Birch,1266.9
944,Rufkat Adetola oladipo,2416.8
944,Sally Muinami,1765.7
944,Sodiq Salaudeen,1623.1
944,Soumaya,1232.2
944,Steve Nolan,2589.8
945,Abderrahmane Boukhaled,1214.0
945,Basirat Adeyemo,956.4
945,Charlotte Smith,999.5
945,David Ekpo,664.4
945,Emmanuela Odoh,575.0
945,Eno-obong Udofia,2925.8
945,Ethan Toudic,1271.6
945,Gianna Cavacuiti,261.7
945,James hushon,700.7
945,Joy Ojeabulu,181.4
945,Lesley Nyonggesa,2175.8
945,Luca Marlowe,1223.3
945,Michael Adewumi,2523.3
945,Mimy Kanza,1524.8
945,Otito,725.5
945,Rael,613.4
945,Rashida kinattingalakath,540.2
945,Remy,3019.0
945,Rosie Birch,1355.9
945,Rufkat Adetola oladipo,901.7
945,Sally Muinami,453.3
945,Sodiq Salaudeen,1582.3
945,Soumaya,740.0
945,Steve Nolan,2775.9
946,Abderrahmane Boukhaled,137.9
946,Basirat Adeyemo,187.0
946,Charlotte Smith,1655.5
946,David Ekpo,1189.5
946,Emmanuela Odoh,1603.0
946,Eno-obong Udofia,1148.4
946,Ethan Toudic,1275.9
946,Gianna Cavacuiti,1800.5
946,James hushon,1210.9
946,Joy Ojeabulu,1800.2
946,Lesley Nyonggesa,1753.3
946,Luca Marlowe,1056.0
946,Michael Adewumi,239.9
946,Mimy Kanza,358.0
946,Otito,1494.1
946,Rael,1388.9
946,Rashida kinattingalakath,1817.3
946,Remy,777.9
946,Rosie Birch,599.9
946,Rufkat Adetola oladipo,1123.0
946,Sally Muinami,182.2
946,Sodiq Salaudeen,709.4
946,Soumaya,1544.4
946,Steve Nolan,2228.0
947,Abderrahmane Boukhaled,426.6
947,Basirat Adeyemo,2390.0
947,Charlotte Smith,1060.6
947,David Ekpo,1274.1
947,Emmanuela Odoh,383.9
947,Eno-obong Udofia,472.0
947,Ethan Toudic,1113.7
947,Gianna Cavacuiti,203.1
947,James hushon,924.5
947,Joy Ojeabulu,674.6
947,Lesley Nyonggesa,384.4
947,Luca Marlowe,2025.1
947,Michael Adewumi,2686.6
947,Mimy Kanza,1951.5
947,Otito,1719.8
947,Rael,929.6
947,Rashida kinattingalakath,1092.7
947,Remy,480.2
947,Rosie Birch,689.9
947,Rufkat Adetola oladipo,531.7
947,Sally Muinami,1070.8
947,Sodiq Salaudeen,316.4
947,Soumaya,2074.8
947,Steve Nolan,641.1
948,Abderrahmane Boukhaled,1710.2
948,Basirat Adeyemo,2754.7
948,Charlotte Smith,329.7
948,David Ekpo,1011.8
948,Emmanuela Odoh,398.3
948,Eno-obong Udofia,579.6
948,Ethan Toudic,206.4
948,Gianna Cavacuiti,2042.0
948,James hushon,922.7
948,Joy Ojeabulu,1723.2
948,Lesley Nyonggesa,1122.6
948,Luca Marlowe,437.5
948,Michael Adewumi,1087.1
948,Mimy Kanza,1136.0
948,Otito,600.8
948,Rael,1805.0
948,Rashida kinattingalakath,2033.3
948,Remy,1086.8
948,Rosie Birch,942.9
948,Rufkat Adetola oladipo,1783.8
948,Sally Muinami,1273.3
948,Sodiq Salaudeen,859.1
948,Soumaya,574.7
948,Steve Nolan,356.9
949,Abderrahmane Boukhaled,1252.5
949,Basirat Adeyemo,457.5
949,Charlotte Smith,351.1
949,David Ekpo,2111.6
949,Emmanuela Odoh,311.6
949,Eno-obong Udofia,358.0
949,Ethan Toudic,664.2
949,Gianna Cavacuiti,798.6
949,James hushon,2338.9
949,Joy Ojeabulu,116.0
949,Lesley Nyonggesa,1679.5
949,Luca Marlowe,1399.9
949,Michael Adewumi,1568.3
949,Mimy Kanza,1511.6
949,Otito,2236.1
949,Rael,1739.0
949,Rashida kinattingalakath,881.4
949,Remy,739.4
949,Rosie Birch,1646.6
949,Rufkat Adetola oladipo,411.0
949,Sally Muinami,897.1
949,Sodiq Salaudeen,1685.6
949,Soumaya,640.5
949,Steve Nolan,928.7
950,Abderrahmane Boukhaled,1055.5
950,Basirat Adeyemo,245.8
950,Charlotte Smith,1472.4
950,David Ekpo,446.3
950,Emmanuela Odoh,1165.2
950,Eno-obong Udofia,1956.9
950,Ethan Toudic,2604.1
950,Gianna Cavacuiti,1180.1
950,James hushon,401.3
950,Joy Ojeabulu,1509.5
950,Lesley Nyonggesa,1363.6
950,Luca Marlowe,993.0
950,Michael Adewumi,1326.4
950,Mimy Kanza,851.5
950,Otito,1154.9
950,Rael,536.7
950,Rashida kinattingalakath,496.4
950,Remy,696.9
950,Rosie Birch,1741.1
950,Rufkat Adetola oladipo,1233.6
950,Sally Muinami,773.1
950,Sodiq Salaudeen,981.4
950,Soumaya,1035.3
950,Steve Nolan,2337.6
951,Abderrahmane Boukhaled,394.8
951,Basirat Adeyemo,424.2
951,Charlotte Smith,1115.3
951,David Ekpo,1166.2
951,Emmanuela Odoh,2504.5
951,Eno-obong Udofia,1304.2
951,Ethan Toudic,216.0
951,Gianna Cavacuiti,1234.3
951,James hushon,265.4
951,Joy Ojeabulu,730.4
951,Lesley Nyonggesa,943.6
951,Luca Marlowe,342.4
951,Michael Adewumi,1162.6
951,Mimy Kanza,614.8
951,Otito,1245.7
951,Rael,920.7
951,Rashida kinattingalakath,909.0
951,Remy,503.1
951,Rosie Birch,418.7
951,Rufkat Adetola oladipo,620.6
951,Sally Muinami,1276.1
951,Sodiq Salaudeen,1728.4
951,Soumaya,147.0
951,Steve Nolan,2789.0
952,Abderrahmane Boukhaled,1480.3
952,Basirat Adeyemo,1092.7
952,Charlotte Smith,1343.5
952,David Ekpo,1633.0
952,Emmanuela Odoh,755.5
952,Eno-obong Udofia,734.2
952,Ethan Toudic,1416.0
952,Gianna Cavacuiti,3085.1
952,James hushon,429.2
952,Joy Ojeabulu,982.5
952,Lesley Nyonggesa,2432.0
952,Luca Marlowe,215.0
952,Michael Adewumi,2367.1
952,Mimy Kanza,1276.9
952,Otito,2380.1
952,Rael,975.2
952,Rashida kinattingalakath,3063.0
952,Remy,711.8
952,Rosie Birch,891.6
952,Rufkat Adetola oladipo,1000.5
952,Sally Muinami,988.6
952,Sodiq Salaudeen,455.1
952,Soumaya,1714.8
952,Steve Nolan,1621.6
953,Abderrahmane Boukhaled,1198.6
953,Basirat Adeyemo,256.2
953,Charlotte Smith,1397.9
953,David Ekpo,2431.2
953,Emmanuela Odoh,449.5
953,Eno-obong Udofia,317.3
953,Ethan Toudic,424.7
953,Gianna Cavacuiti,1510.1
953,James hushon,899.4
953,Joy Ojeabulu,1616.6
953,Lesley Nyonggesa,986.2
953,Luca Marlowe,1171.0
953,Michael Adewumi,598.0
953,Mimy Kanza,1192.3
953,Otito,2599.6
953,Rael,2682.3
953,Rashida kinattingalakath,189.1
953,Remy,581.4
953,Rosie Birch,504.4
953,Rufkat Adetola oladipo,1185.8
953,Sally Muinami,412.7
953,Sodiq Salaudeen,1938.8
953,Soumaya,721.3
953,Steve Nolan,835.4
954,Abderrahmane Boukhaled,2074.6
954,Basirat Adeyemo,539.8
954,Charlotte Smith,917.5
954,David Ekpo,561.6
954,Emmanuela Odoh,991.0
954,Eno-obong Udofia,239.0
954,Ethan Toudic,1215.3
954,Gianna Cavacuiti,2173.5
954,James hushon,369.5
954,Joy Ojeabulu,747.1
954,Lesley Nyonggesa,2074.9
954,Luca Marlowe,1281.3
954,Michael Adewumi,855.4
954,Mimy Kanza,439.6
954,Otito,1483.6
954,Rael,1119.5
954,Rashida kinattingalakath,927.6
954,Remy,510.1
954,Rosie Birch,1911.3
954,Rufkat Adetola oladipo,1495.3
954,Sally Muinami,276.6
954,Sodiq Salaudeen,553.8
954,Soumaya,1166.6
954,Steve Nolan,1137.2
955,Abderrahmane Boukhaled,2022.6
955,Basirat Adeyemo,1108.1
955,Charlotte Smith,296.6
955,David Ekpo,946.2
955,Emmanuela Odoh,751.3
955,Eno-obong Udofia,1102.2
955,Ethan Toudic,1778.0
955,Gianna Cavacuiti,1326.5
955,James hushon,1484.6
955,Joy Ojeabulu,1282.5
955,Lesley Nyonggesa,222.2
955,Luca Marlowe,1593.8
955,Michael Adewumi,1029.6
955,Mimy Kanza,996.6
955,Otito,1974.7
955,Rael,1429.5
955,Rashida kinattingalakath,1656.6
955,Remy,2652.9
955,Rosie Birch,1141.3
955,Rufkat Adetola oladipo,1585.2
955,Sally Muinami,1044.1
955,Sodiq Salaudeen,1130.6
955,Soumaya,1960.1
955,Steve Nolan,1879.1
956,Abderrahmane Boukhaled,857.8
956,Basirat Adeyemo,371.4
956,Charlotte Smith,2056.3
956,David Ekpo,939.7
956,Emmanuela Odoh,2175.4
956,Eno-obong Udofia,1341.0
956,Ethan Toudic,798.2
956,Gianna Cavacuiti,1228.6
956,James hushon,1231.3
956,Joy Ojeabulu,2503.2
956,Lesley Nyonggesa,3823.9
956,Luca Marlowe,568.1
956,Michael Adewumi,837.0
956,Mimy Kanza,2113.5
956,Otito,1913.5
956,Rael,1559.0
956,Rashida kinattingalakath,1824.6
956,Remy,337.7
956,Rosie Birch,1500.5
956,Rufkat Adetola oladipo,1290.2
956,Sally Muinami,1621.5
956,Sodiq Salaudeen,2282.6
956,Soumaya,1094.9
956,Steve Nolan,222.8
957,Abderrahmane Boukhaled,1219.0
957,Basirat Adeyemo,1264.1
957,Charlotte Smith,936.1
957,David Ekpo,2314.8
957,Emmanuela Odoh,2029.8
957,Eno-obong Udofia,205.3
957,Ethan Toudic,964.0
957,Gianna Cavacuiti,2302.2
957,James hushon,1967.7
957,Joy Ojeabulu,1047.7
957,Lesley Nyonggesa,100.0
957,Luca Marlowe,2579.4
957,Michael Adewumi,1788.6
957,Mimy Kanza,705.9
957,Otito,1375.1
957,Rael,665.5
957,Rashida kinattingalakath,1057.8
957,Remy,677.3
957,Rosie Birch,1234.9
957,Rufkat Adetola oladipo,491.8
957,Sally Muinami,305.3
957,Sodiq Salaudeen,224.3
957,Soumaya,1714.0
957,Steve Nolan,1726.7
958,Abderrahmane Boukhaled,901.6
958,Basirat Adeyemo,510.1
958,Charlotte Smith,1220.1
958,David Ekpo,942.0
958,Emmanuela Odoh,1051.6
958,Eno-obong Udofia,958.2
958,Ethan Toudic,597.0
958,Gianna Cavacuiti,382.2
958,James hushon,1604.5
958,Joy Ojeabulu,1078.3
958,Lesley Nyonggesa,839.0
958,Luca Marlowe,1067.2
958,Michael Adewumi,1359.9
958,Mimy Kanza,549.6
958,Otito,2475.1
958,Rael,100.0
958,Rashida kinattingalakath,2878.6
958,Remy,1922.8
958,Rosie Birch,616.5
958,Rufkat Adetola oladipo,1442.3
958,Sally Muinami,1972.9
958,Sodiq Salaudeen,1272.1
958,Soumaya,1286.2
958,Steve Nolan,1113.6
959,Abderrahmane Boukhaled,1413.1
959,Basirat Adeyemo,1465.7
959,Charlotte Smith,490.5
959,David Ekpo,1319.0
959,Emmanuela Odoh,793.2
959,Eno-obong Udofia,2527.7
959,Ethan Toudic,737.7
959,Gianna Cavacuiti,950.8
959,James hushon,460.4
959,Joy Ojeabulu,1528.4
959,Lesley Nyonggesa,1716.9
959,Luca Marlowe,2153.2
959,Michael Adewumi,2737.3
959,Mimy Kanza,140.6
959,Otito,543.4
959,Rael,1303.9
959,Rashida kinattingalakath,204.9
959,Remy,2553.9
959,Rosie Birch,627.6
959,Rufkat Adetola oladipo,1286.5
959,Sally Muinami,1315.1
959,Sodiq Salaudeen,1292.7
959,Soumaya,740.8
959,Steve Nolan,692.2
960,Abderrahmane Boukhaled,1891.7
960,Basirat Adeyemo,1107.4
960,Charlotte Smith,1580.0
960,David Ekpo,442.1
960,Emmanuela Odoh,653.4
960,Eno-obong Udofia,1049.8
960,Ethan Toudic,280.9
960,Gianna Cavacuiti,194.1
960,James hushon,458.3
960,Joy Ojeabulu,891.8
960,Lesley Nyonggesa,1442.7
960,Luca Marlowe,548.8
960,Michael Adewumi,933.2
960,Mimy Kanza,1933.7
960,Otito,783.7
960,Rael,2219.4
960,Rashida kinattingalakath,493.2
960,Remy,308.6
960,Rosie Birch,2099.4
960,Rufkat Adetola oladipo,3082.5
960,Sally Muinami,2493.6
960,Sodiq Salaudeen,755.3
960,Soumaya,1231.9
960,Steve Nolan,847.3
961,Abderrahmane Boukhaled,451.2
961,Basirat Adeyemo,1552.3
961,Charlotte Smith,1234.6
961,David Ekpo,2170.2
961,Emmanuela Odoh,530.1
961,Eno-obong Udofia,3353.5
961,Ethan Toudic,2406.1
961,Gianna Cavacuiti,1409.2
961,James hushon,252.2
961,Joy Ojeabulu,1160.8
961,Lesley Nyonggesa,1030.3
961,Luca Marlowe,1655.6
961,Michael Adewumi,2137.8
961,Mimy Kanza,1573.0
961,Otito,1188.5
961,Rael,990.7
961,Rashida kinattingalakath,1404.7
961,Remy,1236.7
961,Rosie Birch,119.1
961,Rufkat Adetola oladipo,2187.5
961,Sally Muinami,1406.7
961,Sodiq Salaudeen,668.8
961,Soumaya,779.1
961,Steve Nolan,2119.1
962,Abderrahmane Boukhaled,621.8
962,Basirat Adeyemo,995.7
962,Charlotte Smith,964.3
962,David Ekpo,1434.5
962,Emmanuela Odoh,499.5
962,Eno-obong Udofia,1140.5
962,Ethan Toudic,2445.7
962,Gianna Cavacuiti,1888.3
962,James hushon,501.6
962,Joy Ojeabulu,357.0
962,Lesley Nyonggesa,1415.4
962,Luca Marlowe,1906.7
962,Michael Adewumi,1941.0
962,Mimy Kanza,1481.6
962,Otito,862.2
962,Rael,1653.1
962,Rashida kinattingalakath,1742.6
962,Remy,1601.9
962,Rosie Birch,1401.0
962,Rufkat Adetola oladipo,1882.2
962,Sally Muinami,521.3
962,Sodiq Salaudeen,379.0
962,Soumaya,2136.6
962,Steve Nolan,858.7
963,Abderrahmane Boukhaled,2486.7
963,Basirat Adeyemo,534.2
963,Charlotte Smith,1433.5
963,David Ekpo,973.0
963,Emmanuela Odoh,2738.4
963,Eno-obong Udofia,1451.5
963,Ethan Toudic,721.6
963,Gianna Cavacuiti,1391.6
963,James hushon,3381.4
963,Joy Ojeabulu,1280.2
963,Lesley Nyonggesa,1663.1
963,Luca Marlowe,1353.9
963,Michael Adewumi,1250.5
963,Mimy Kanza,1059.9
963,Otito,896.0
963,Rael,619.9
963,Rashida kinattingalakath,1434.8
963,Remy,699.5
963,Rosie Birch,1475.4
963,Rufkat Adetola oladipo,1403.0
963,Sally Muinami,634.7
963,Sodiq Salaudeen,2684.3
963,Soumaya,2022.9
963,Steve Nolan,1076.5
964,Abderrahmane Boukhaled,2157.7
964,Basirat Adeyemo,1297.2
964,Charlotte Smith,1833.2
964,David Ekpo,676.8
964,Emmanuela Odoh,1429.5
964,Eno-obong Udofia,2329.0
964,Ethan Toudic,1702.2
964,Gianna Cavacuiti,2027.0
964,James hushon,907.0
964,Joy Ojeabulu,899.6
964,Lesley Nyonggesa,1319.9
964,Luca Marlowe,635.6
964,Michael Adewumi,1442.4
964,Mimy Kanza,450.5
964,Otito,411.3
964,Rael,375.7
964,Rashida kinattingalakath,3083.4
964,Remy,2403.1
964,Rosie Birch,2686.1
964,Rufkat Adetola oladipo,2414.2
964,Sally Muinami,309.1
964,Sodiq Salaudeen,1391.5
964,Soumaya,2056.2
964,Steve Nolan,1587.9
965,Abderrahmane Boukhaled,1497.4
965,Basirat Adeyemo,1221.3
965,Charlotte Smith,1237.9
965,David Ekpo,569.7
965,Emmanuela Odoh,1009.0
965,Eno-obong Udofia,425.3
965,Ethan Toudic,2249.0
965,Gianna Cavacuiti,1682.6
965,James hushon,637.2
965,Joy Ojeabulu,830.1
965,Lesley Nyonggesa,762.6
965,Luca Marlowe,1819.0
965,Michael Adewumi,940.9
965,Mimy Kanza,560.5
965,Otito,1198.8
965,Rael,1206.4
965,Rashida kinattingalakath,160.7
965,Remy,1375.7
965,Rosie Birch,679.6
965,Rufkat Adetola oladipo,692.6
965,Sally Muinami,962.9
965,Sodiq Salaudeen,1219.4
965,Soumaya,2823.9
965,Steve Nolan,1259.2
966,Abderrahmane Boukhaled,476.5
966,Basirat Adeyemo,1547.5
966,Charlotte Smith,766.3
966,David Ekpo,478.5
966,Emmanuela Odoh,714.1
966,Eno-obong Udofia,829.1
966,Ethan Toudic,621.8
966,Gianna Cavacuiti,1227.0
966,James hushon,1583.3
966,Joy Ojeabulu,2103.3
966,Lesley Nyonggesa,807.6
966,Luca Marlowe,1707.1
966,Michael Adewumi,2379.0
966,Mimy Kanza,1004.1
966,Otito,1376.6
966,Rael,418.1
966,Rashida kinattingalakath,1661.7
966,Remy,1149.7
966,Rosie Birch,1445.5
966,Rufkat Adetola oladipo,460.6
966,Sally Muinami,2412.6
966,Sodiq Salaudeen,1636.7
966,Soumaya,859.6
966,Steve Nolan,2749.8
967,Abderrahmane Boukhaled,1035.4
967,Basirat Adeyemo,291.1
967,Charlotte Smith,1367.2
967,David Ekpo,664.4
967,Emmanuela Odoh,852.4
967,Eno-obong Udofia,626.6
967,Ethan Toudic,1867.4
967,Gianna Cavacuiti,2206.0
967,James hushon,2711.2
967,Joy Ojeabulu,1721.8
967,Lesley Nyonggesa,1480.3
967,Luca Marlowe,1334.4
967,Michael Adewumi,856.7
967,Mimy Kanza,1132.3
967,Otito,577.6
967,Rael,725.0
967,Rashida kinattingalakath,587.7
967,Remy,1343.8
967,Rosie Birch,2252.0
967,Rufkat Adetola oladipo,1337.9
967,Sally Muinami,1539.6
967,Sodiq Salaudeen,863.3
967,Soumaya,1094.7
967,Steve Nolan,1145.3
968,Abderrahmane Boukhaled,1222.0
968,Basirat Adeyemo,250.7
968,Charlotte Smith,1938.3
968,David Ekpo,1375.2
968,Emmanuela Odoh,1898.2
968,Eno-obong Udofia,2254.7
968,Ethan Toudic,777.1
968,Gianna Cavacuiti,1096.6
968,James hushon,2015.4
968,Joy Ojeabulu,2799.0
968,Lesley Nyonggesa,492.4
968,Luca Marlowe,1217.8
968,Michael Adewumi,104.8
968,Mimy Kanza,219.5
968,Otito,1980.0
968,Rael,940.9
968,Rashida kinattingalakath,568.0
968,Remy,1769.0
968,Rosie Birch,1928.9
968,Rufkat Adetola oladipo,1371.4
968,Sally Muinami,545.5
968,Sodiq Salaudeen,774.7
968,Soumaya,1013.6
968,Steve Nolan,878.0
969,Abderrahmane Boukhaled,979.9
969,Basirat Adeyemo,1007.6
969,Charlotte Smith,1365.1
969,David Ekpo,1073.9
969,Emmanuela Odoh,535.3
969,Eno-obong Udofia,1723.2
969,Ethan Toudic,506.7
969,Gianna Cavacuiti,1598.7
969,James hushon,434.5
969,Joy Ojeabulu,787.8
969,Lesley Nyonggesa,762.7
969,Luca Marlowe,1289.7
969,Michael Adewumi,516.6
969,Mimy Kanza,1460.0
969,Otito,1124.6
969,Rael,461.0
969,Rashida kinattingalakath,968.9
969,Remy,2088.2
969,Rosie Birch,122.6
969,Rufkat Adetola oladipo,715.0
969,Sally Muinami,621.8
969,Sodiq Salaudeen,1187.2
969,Soumaya,1640.4
969,Steve Nolan,1758.4
970,Abderrahmane Boukhaled,446.9
970,Basirat Adeyemo,1146.5
970,Charlotte Smith,1307.3
970,David Ekpo,1688.8
970,Emmanuela Odoh,1565.6
970,Eno-obong Udofia,1045.7
970,Ethan Toudic,1387.0
970,Gianna Cavacuiti,716.1
970,James hushon,1933.2
970,Joy Ojeabulu,732.5
970,Lesley Nyonggesa,2334.0
970,Luca Marlowe,999.3
970,Michael Adewumi,2290.0
970,Mimy Kanza,938.6
970,Otito,1071.2
970,Rael,561.6
970,Rashida kinattingalakath,1134.8
970,Remy,822.5
970,Rosie Birch,2264.0
970,Rufkat Adetola oladipo,1564.0
970,Sally Muinami,1373.8
970,Sodiq Salaudeen,717.7
970,Soumaya,692.6
970,Steve Nolan,230.2
971,Abderrahmane Boukhaled,323.7
971,Basirat Adeyemo,733.1
971,Charlotte Smith,1089.0
971,David Ekpo,1963.6
971,Emmanuela Odoh,818.6
971,Eno-obong Udofia,1727.8
971,Ethan Toudic,1804.7
971,Gianna Cavacuiti,591.3
971,James hushon,502.6
971,Joy Ojeabulu,723.4
971,Lesley Nyonggesa,1312.8
971,Luca Marlowe,1719.9
971,Michael Adewumi,1803.9
971,Mimy Kanza,413.2
971,Otito,3358.8
971,Rael,643.1
971,Rashida kinattingalakath,1803.0
971,Remy,2216.6
971,Rosie Birch,2459.8
971,Rufkat Adetola oladipo,1459.3
971,Sally Muinami,593.1
971,Sodiq Salaudeen,349.2
971,Soumaya,354.0
971,Steve Nolan,1803.9
972,Abderrahmane Boukhaled,1587.3
972,Basirat Adeyemo,2303.9
972,Charlotte Smith,988.6
972,David Ekpo,1231.0
972,Emmanuela Odoh,168.2
972,Eno-obong Udofia,426.4
972,Ethan Toudic,1517.9
972,Gianna Cavacuiti,386.8
972,James hushon,1484.1
972,Joy Ojeabulu,1327.3
972,Lesley Nyonggesa,1566.1
972,Luca Marlowe,465.6
972,Michael Adewumi,2513.2
972,Mimy Kanza,1537.3
972,Otito,407.8
972,Rael,1119.4
972,Rashida kinattingalakath,813.5
972,Remy,734.2
972,Rosie Birch,512.7
972,Rufkat Adetola oladipo,1611.2
972,Sally Muinami,490.0
972,Sodiq Salaudeen,1724.4
972,Soumaya,508.5
972,Steve Nolan,2075.2
973,Abderrahmane Boukhaled,1129.5
973,Basirat Adeyemo,1271.7
973,Charlotte Smith,1461.9
973,David Ekpo,347.4
973,Emmanuela Odoh,1747.7
973,Eno-obong Udofia,1164.4
973,Ethan Toudic,339.8
973,Gianna Cavacuiti,2483.0
973,James hushon,1229.4
973,Joy Ojeabulu,597.5
973,Lesley Nyonggesa,1079.5
973,Luca Marlowe,2598.4
973,Michael Adewumi,3977.0
973,Mimy Kanza,1838.2
973,Otito,1866.4
973,Rael,1314.1
973,Rashida kinattingalakath,1216.2
973,Remy,1542.9
973,Rosie Birch,519.6
973,Rufkat Adetola oladipo,1632.0
973,Sally Muinami,2015.4
973,Sodiq Salaudeen,1297.0
973,Soumaya,836.8
973,Steve Nolan,1655.3
974,Abderrahmane Boukhaled,2932.0
974,Basirat Adeyemo,585.7
974,Charlotte Smith,1975.2
974,David Ekpo,1406.5
974,Emmanuela Odoh,715.5
974,Eno-obong Udofia,1609.6
974,Ethan Toudic,493.2
974,Gianna Cavacuiti,1391.3
974,James hushon,766.1
974,Joy Ojeabulu,1392.2
974,Lesley Nyonggesa,2364.2
974,Luca Marlowe,1141.6
974,Michael Adewumi,1038.4
974,Mimy Kanza,1855.1
974,Otito,999.8
974,Rael,2376.8
974,Rashida kinattingalakath,381.6
974,Remy,2583.2
974,Rosie Birch,2827.2
974,Rufkat Adetola oladipo,302.4
974,Sally Muinami,825.4
974,Sodiq Salaudeen,194.1
974,Soumaya,968.7
974,Steve Nolan,1731.8
975,Abderrahmane Boukhaled,445.6
975,Basirat Adeyemo,3051.6
975,Charlotte Smith,1550.1
975,David Ekpo,2183.1
975,Emmanuela Odoh,1570.0
975,Eno-obong Udofia,1198.8
975,Ethan Toudic,703.4
975,Gianna Cavacuiti,438.6
975,James hushon,1242.6
975,Joy Ojeabulu,2025.2
975,Lesley Nyonggesa,994.5
975,Luca Marlowe,1098.1
975,Michael Adewumi,513.4
975,Mimy Kanza,1937.0
975,Otito,2615.6
975,Rael,478.7
975,Rashida kinattingalakath,584.8
975,Remy,418.5
975,Rosie Birch,890.4
975,Rufkat Adetola oladipo,893.9
975,Sally Muinami,1529.9
975,Sodiq Salaudeen,2033.8
975,Soumaya,577.4
975,Steve Nolan,212.2
976,Abderrahmane Boukhaled,2538.8
976,Basirat Adeyemo,1076.5
976,Charlotte Smith,394.3
976,David Ekpo,793.4
976,Emmanuela Odoh,1753.3
976,Eno-obong Udofia,2257.3
976,Ethan Toudic,867.2
976,Gianna Cavacuiti,1195.4
976,James hushon,1457.0
976,Joy Ojeabulu,1852.8
976,Lesley Nyonggesa,1157.3
976,Luca Marlowe,1799.3
976,Michael Adewumi,1557.2
976,Mimy Kanza,1000.6
976,Otito,1969.9
976,Rael,470.7
976,Rashida kinattingalakath,1534.7
976,Remy,1317.9
976,Rosie Birch,1865.1
976,Rufkat Adetola oladipo,737.9
976,Sally Muinami,424.1
976,Sodiq Salaudeen,601.0
976,Soumaya,1892.0
976,Steve Nolan,1422.1
977,Abderrahmane Boukhaled,620.3
977,Basirat Adeyemo,643.8
977,Charlotte Smith,1155.3
977,David Ekpo,490.6
977,Emmanuela Odoh,2395.9
977,Eno-obong Udofia,2604.4
977,Ethan Toudic,1391.8
977,Gianna Cavacuiti,1640.8
977,James hushon,1979.6
977,Joy Ojeabulu,1616.7
977,Lesley Nyonggesa,1194.3
977,Luca Marlowe,1923.4
977,Michael Adewumi,1663.0
977,Mimy Kanza,574.5
977,Otito,1113.6
977,Rael,370.7
977,Rashida kinattingalakath,1055.8
977,Remy,881.7
977,Rosie Birch,2057.0
977,Rufkat Adetola oladipo,220.0
977,Sally Muinami,309.6
977,Sodiq Salaudeen,1846.0
977,Soumaya,1674.5
977,Steve Nolan,1542.0
978,Abderrahmane Boukhaled,603.9
978,Basirat Adeyemo,510.4
978,Charlotte Smith,408.9
978,David Ekpo,2451.1
978,Emmanuela Odoh,956.1
978,Eno-obong Udofia,649.8
978,Ethan Toudic,1624.2
978,Gianna Cavacuiti,1148.0
978,James hushon,1264.4
978,Joy Ojeabulu,629.0
978,Lesley Nyonggesa,1914.5
978,Luca Marlowe,400.1
978,Michael Adewumi,2120.6
978,Mimy Kanza,1311.6
978,Otito,1335.2
978,Rael,1355.7
978,Rashida kinattingalakath,499.6
978,Remy,848.3
978,Rosie Birch,1039.5
978,Rufkat Adetola oladipo,2324.9
978,Sally Muinami,1501.2
978,Sodiq Salaudeen,1016.4
978,Soumaya,1969.8
978,Steve Nolan,1733.2
979,Abderrahmane Boukhaled,179.6
979,Basirat Adeyemo,3467.8
979,Charlotte Smith,1334.8
979,David Ekpo,899.5
979,Emmanuela Odoh,1714.0
979,Eno-obong Udofia,1302.6
979,Ethan Toudic,1498.0
979,Gianna Cavacuiti,374.8
979,James hushon,190.2
979,Joy Ojeabulu,453.7
979,Lesley Nyonggesa,1465.0
979,Luca Marlowe,734.1
979,Michael Adewumi,1895.6
979,Mimy Kanza,2588.2
979,Otito,309.5
979,Rael,759.5
979,Rashida kinattingalakath,359.1
979,Remy,1011.2
979,Rosie Birch,3414.2
979,Rufkat Adetola oladipo,1660.2
979,Sally Muinami,1834.4
979,Sodiq Salaudeen,730.3
979,Soumaya,763.3
979,Steve Nolan,363.4
980,Abderrahmane Boukhaled,2057.6
980,Basirat Adeyemo,272.7
980,Charlotte Smith,1233.0
980,David Ekpo,1904.6
980,Emmanuela Odoh,449.9
980,Eno-obong Udofia,1311.6
980,Ethan Toudic,693.0
980,Gianna Cavacuiti,941.4
980,James hushon,1867.9
980,Joy Ojeabulu,2237.6
980,Lesley Nyonggesa,664.5
980,Luca Marlowe,1374.6
980,Michael Adewumi,2529.9
980,Mimy Kanza,1482.1
980,Otito,954.9
980,Rael,1785.4
980,Rashida kinattingalakath,179.3
980,Remy,271.1
980,Rosie Birch,652.3
980,Rufkat Adetola oladipo,1036.5
980,Sally Muinami,1517.1
980,Sodiq Salaudeen,729.4
980,Soumaya,2738.5
980,Steve Nolan,260.0
981,Abderrahmane Boukhaled,478.2
981,Basirat Adeyemo,1484.2
981,Charlotte Smith,2570.5
981,David Ekpo,424.0
981,Emmanuela Odoh,134.6
981,Eno-obong Udofia,1422.5
981,Ethan Toudic,2857.5
981,Gianna Cavacuiti,1268.9
981,James hushon,1286.2
981,Joy Ojeabulu,1065.0
981,Lesley Nyonggesa,930.6
981,Luca Marlowe,525.7
981,Michael Adewumi,851.3
981,Mimy Kanza,717.4
981,Otito,1227.9
981,Rael,429.0
981,Rashida kinattingalakath,314.1
981,Remy,944.8
981,Rosie Birch,934.3
981,Rufkat Adetola oladipo,1915.7
981,Sally Muinami,2242.5
981,Sodiq Salaudeen,1731.3
981,Soumaya,2833.8
981,Steve Nolan,1724.6
982,Abderrahmane Boukhaled,2128.7
982,Basirat Adeyemo,644.6
982,Charlotte Smith,984.6
982,David Ekpo,836.7
982,Emmanuela Odoh,468.7
982,Eno-obong Udofia,1110.8
982,Ethan Toudic,520.1
982,Gianna Cavacuiti,201.2
982,James hushon,1484.2
982,Joy Ojeabulu,2370.1
982,Lesley Nyonggesa,305.2
982,Luca Marlowe,196.7
982,Michael Adewumi,2199.4
982,Mimy Kanza,792.7
982,Otito,883.4
982,Rael,538.8
982,Rashida kinattingalakath,1426.6
982,Remy,309.7
982,Rosie Birch,630.9
982,Rufkat Adetola oladipo,254.7
982,Sally Muinami,1051.3
982,Sodiq Salaudeen,1142.5
982,Soumaya,896.5
982,Steve Nolan,1407.6
983,Abderrahmane Boukhaled,2739.4
983,Basirat Adeyemo,1026.7
983,Charlotte Smith,2126.4
983,David Ekpo,150.6
983,Emmanuela Odoh,1698.3
983,Eno-obong Udofia,829.1
983,Ethan Toudic,1560.4
983,Gianna Cavacuiti,275.0
983,James hushon,1767.9
983,Joy Ojeabulu,458.3
983,Lesley Nyonggesa,833.5
983,Luca Marlowe,1518.7
983,Michael Adewumi,1294.9
983,Mimy Kanza,381.9
983,Otito,544.4
983,Rael,805.9
983,Rashida kinattingalakath,276.4
983,Remy,1058.3
983,Rosie Birch,3342.4
983,Rufkat Adetola oladipo,2357.1
983,Sally Muinami,291.0
983,Sodiq Salaudeen,2271.8
983,Soumaya,1649.2
983,Steve Nolan,736.2
984,Abderrahmane Boukhaled,787.1
984,Basirat Adeyemo,1993.1
984,Charlotte Smith,1410.8
984,David Ekpo,176.4
984,Emmanuela Odoh,969.6
984,Eno-obong Udofia,968.5
984,Ethan Toudic,444.1
984,Gianna Cavacuiti,1983.1
984,James hushon,675.3
984,Joy Ojeabulu,536.4
984,Lesley Nyonggesa,812.5
984,Luca Marlowe,1190.8
984,Michael Adewumi,942.0
984,Mimy Kanza,1890.8
984,Otito,1532.7
984,Rael,1143.6
984,Rashida kinattingalakath,2613.8
984,Remy,735.9
984,Rosie Birch,204.3
984,Rufkat Adetola oladipo,313.7
984,Sally Muinami,2029.8
984,Sodiq Salaudeen,792.0
984,Soumaya,992.4
984,Steve Nolan,1238.4
985,Abderrahmane Boukhaled,791.3
985,Basirat Adeyemo,1535.9
985,Charlotte Smith,658.2
985,David Ekpo,1014.5
985,Emmanuela Odoh,1202.4
985,Eno-obong Udofia,1417.4
985,Ethan Toudic,1597.1
985,Gianna Cavacuiti,2924.6
985,James hushon,695.1
985,Joy Ojeabulu,951.3
985,Lesley Nyonggesa,1691.3
985,Luca Marlowe,1361.4
985,Michael Adewumi,537.1
985,Mimy Kanza,1184.9
985,Otito,789.8
985,Rael,1157.1
985,Rashida kinattingalakath,2289.5
985,Remy,2000.8
985,Rosie Birch,1331.2
985,Rufkat Adetola oladipo,2512.1
985,Sally Muinami,272.8
985,Sodiq Salaudeen,596.6
985,Soumaya,295.4
985,Steve Nolan,2091.5
986,Abderrahmane Boukhaled,2249.0
986,Basirat Adeyemo,514.3
986,Charlotte Smith,1216.1
986,David Ekpo,1945.8
986,Emmanuela Odoh,1512.5
986,Eno-obong Udofia,211.4
986,Ethan Toudic,1704.8
986,Gianna Cavacuiti,542.2
986,James hushon,1887.0
986,Joy Ojeabulu,2022.0
986,Lesley Nyonggesa,1250.5
986,Luca Marlowe,159.3
986,Michael Adewumi,542.2
986,Mimy Kanza,1428.9
986,Otito,481.9
986,Rael,2371.3
986,Rashida kinattingalakath,736.0
986,Remy,1026.9
986,Rosie Birch,2404.5
986,Rufkat Adetola oladipo,1302.0
986,Sally Muinami,722.0
986,Sodiq Salaudeen,1417.8
986,Soumaya,1624.8
986,Steve Nolan,2011.9
987,Abderrahmane Boukhaled,1054.3
987,Basirat Adeyemo,2021.4
987,Charlotte Smith,1108.9
987,David Ekpo,3504.1
987,Emmanuela Odoh,600.2
987,Eno-obong Udofia,1400.4
987,Ethan Toudic,1140.9
987,Gianna Cavacuiti,1226.0
987,James hushon,744.3
987,Joy Ojeabulu,845.5
987,Lesley Nyonggesa,357.0
987,Luca Marlowe,990.1
987,Michael Adewumi,483.7
987,Mimy Kanza,188.2
987,Otito,349.9
987,Rael,219.7
987,Rashida kinattingalakath,1795.9
987,Remy,1583.4
987,Rosie Birch,2759.3
987,Rufkat Adetola oladipo,2608.8
987,Sally Muinami,827.6
987,Sodiq Salaudeen,850.0
987,Soumaya,718.3
987,Steve Nolan,698.1
988,Abderrahmane Boukhaled,2286.0
988,Basirat Adeyemo,1862.2
988,Charlotte Smith,731.9
988,David Ekpo,1348.8
988,Emmanuela Odoh,836.4
988,Eno-obong Udofia,1375.7
988,Ethan Toudic,1185.5
988,Gianna Cavacuiti,1755.7
988,James hushon,566.6
988,Joy Ojeabulu,3035.1
988,Lesley Nyonggesa,2194.4
988,Luca Marlowe,1402.5
988,Michael Adewumi,829.7
988,Mimy Kanza,1755.3
988,Otito,859.7
988,Rael,295.9
988,Rashida kinattingalakath,1524.2
988,Remy,550.0
988,Rosie Birch,668.2
988,Rufkat Adetola oladipo,765.1
988,Sally Muinami,593.5
988,Sodiq Salaudeen,1290.2
988,Soumaya,1857.4
988,Steve Nolan,400.1
989,Abderrahmane Boukhaled,1898.9
989,Basirat Adeyemo,1513.1
989,Charlotte Smith,1788.0
989,David Ekpo,1067.9
989,Emmanuela Odoh,1923.4
989,Eno-obong Udofia,378.1
989,Ethan Toudic,100.0
989,Gianna Cavacuiti,959.8
989,James hushon,1640.6
989,Joy Ojeabulu,646.0
989,Lesley Nyonggesa,1551.7
989,Luca Marlowe,1320.9
989,Michael Adewumi,1301.6
989,Mimy Kanza,579.3
989,Otito,2886.6
989,Rael,1104.5
989,Rashida kinattingalakath,1206.9
989,Remy,285.6
989,Rosie Birch,2337.8
989,Rufkat Adetola oladipo,1319.8
989,Sally Muinami,293.5
989,Sodiq Salaudeen,377.3
989,Soumaya,1710.5
989,Steve Nolan,1463.3
990,Abderrahmane Boukhaled,1853.4
990,Basirat Adeyemo,1495.9
990,Charlotte Smith,1038.0
990,David Ekpo,461.6
990,Emmanuela Odoh,863.8
990,Eno-obong Udofia,856.0
990,Ethan Toudic,1893.1
990,Gianna Cavacuiti,2493.0
990,James hushon,935.8
990,Joy Ojeabulu,1730.5
990,Lesley Nyonggesa,1170.9
990,Luca Marlowe,516.6
990,Michael Adewumi,1526.2
990,Mimy Kanza,3237.1
990,Otito,1178.3
990,Rael,444.1
990,Rashida kinattingalakath,1527.0
990,Remy,1195.1
990,Rosie Birch,1056.1
990,Rufkat Adetola oladipo,1140.0
990,Sally Muinami,284.2
990,Sodiq Salaudeen,1116.2
990,Soumaya,723.4
990,Steve Nolan,772.3
991,Abderrahmane Boukhaled,2663.0
991,Basirat Adeyemo,1737.3
991,Charlotte Smith,886.0
991,David Ekpo,2329.8
991,Emmanuela Odoh,1489.1
991,Eno-obong Udofia,1714.6
991,Ethan Toudic,717.3
991,Gianna Cavacuiti,1851.1
991,James hushon,1414.0
991,Joy Ojeabulu,886.3
991,Lesley Nyonggesa,1852.9
991,Luca Marlowe,1290.0
991,Michael Adewumi,1441.5
991,Mimy Kanza,832.4
991,Otito,853.2
991,Rael,886.8
991,Rashida kinattingalakath,1253.8
991,Remy,712.5
991,Rosie Birch,1332.3
991,Rufkat Adetola oladipo,321.6
991,Sally Muinami,721.5
991,Sodiq Salaudeen,886.0
991,Soumaya,753.1
991,Steve Nolan,645.0
992,Abderrahmane Boukhaled,193.8
992,Basirat Adeyemo,1350.3
992,Charlotte Smith,1546.4
992,David Ekpo,447.4
992,Emmanuela Odoh,832.6
992,Eno-obong Udofia,1978.9
992,Ethan Toudic,1125.5
992,Gianna Cavacuiti,2618.7
992,James hushon,639.0
992,Joy Ojeabulu,2364.5
992,Lesley Nyonggesa,1562.7
992,Luca Marlowe,934.7
992,Michael Adewumi,1631.6
992,Mimy Kanza,1593.4
992,Otito,2061.1
992,Rael,450.0
992,Rashida kinattingalakath,1642.7
992,Remy,1167.1
992,Rosie Birch,230.1
992,Rufkat Adetola oladipo,1714.5
992,Sally Muinami,1324.0
992,Sodiq Salaudeen,1529.3
992,Soumaya,2023.3
992,Steve Nolan,274.7
993,Abderrahmane Boukhaled,734.3
993,Basirat Adeyemo,1041.2
993,Charlotte Smith,432.1
993,David Ekpo,1888.4
993,Emmanuela Odoh,1191.7
993,Eno-obong Udofia,391.2
993,Ethan Toudic,579.0
993,Gianna Cavacuiti,886.5
993,James hushon,1951.9
993,Joy Ojeabulu,1332.4
993,Lesley Nyonggesa,784.7
993,Luca Marlowe,821.2
993,Michael Adewumi,2320.9
993,Mimy Kanza,1233.4
993,Otito,997.4
993,Rael,2726.0
993,Rashida kinattingalakath,230.7
993,Remy,443.5
993,Rosie Birch,1976.8
993,Rufkat Adetola oladipo,1426.9
993,Sally Muinami,2294.0
993,Sodiq Salaudeen,933.8
993,Soumaya,2736.9
993,Steve Nolan,688.0
994,Abderrahmane Boukhaled,100.0
994,Basirat Adeyemo,1350.3
994,Charlotte Smith,2249.0
994,David Ekpo,878.0
994,Emmanuela Odoh,1560.8
994,Eno-obong Udofia,1243.2
994,Ethan Toudic,2063.8
994,Gianna Cavacuiti,1306.9
994,James hushon,2157.3
994,Joy Ojeabulu,995.8
994,Lesley Nyonggesa,1640.3
994,Luca Marlowe,763.0
994,Michael Adewumi,532.4
994,Mimy Kanza,1099.5
994,Otito,1057.1
994,Rael,1726.9
994,Rashida kinattingalakath,173.4
994,Remy,1053.4
994,Rosie Birch,473.6
994,Rufkat Adetola oladipo,1540.6
994,Sally Muinami,734.2
994,Sodiq Salaudeen,244.3
994,Soumaya,1094.0
994,Steve Nolan,681.7
995,Abderrahmane Boukhaled,1987.6
995,Basirat Adeyemo,1606.4
995,Charlotte Smith,542.4
995,David Ekpo,1565.5
995,Emmanuela Odoh,892.8
995,Eno-obong Udofia,2253.1
995,Ethan Toudic,2083.7
995,Gianna Cavacuiti,1367.1
995,James hushon,660.3
995,Joy Ojeabulu,1599.2
995,Lesley Nyonggesa,1741.5
995,Luca Marlowe,1921.1
995,Michael Adewumi,1366.7
995,Mimy Kanza,1484.5
995,Otito,1940.8
995,Rael,2201.5
995,Rashida kinattingalakath,549.4
995,Remy,679.5
995,Rosie Birch,2363.5
995,Rufkat Adetola oladipo,1490.0
995,Sally Muinami,638.1
995,Sodiq Salaudeen,2113.2
995,Soumaya,1085.3
995,Steve Nolan,1636.6
996,Abderrahmane Boukhaled,153.0
996,Basirat Adeyemo,1591.3
996,Charlotte Smith,849.4
996,David Ekpo,1593.9
996,Emmanuela Odoh,2971.6
996,Eno-obong Udofia,835.4
996,Ethan Toudic,3325.8
996,Gianna Cavacuiti,2748.8
996,James hushon,452.4
996,Joy Ojeabulu,1779.8
996,Lesley Nyonggesa,510.0
996,Luca Marlowe,1152.4
996,Michael Adewumi,685.6
996,Mimy Kanza,582.7
996,Otito,1266.4
996,Rael,118.9
996,Rashida kinattingalakath,458.4
996,Remy,2324.3
996,Rosie Birch,1894.2
996,Rufkat Adetola oladipo,501.6
996,Sally Muinami,283.2
996,Sodiq Salaudeen,1285.1
996,Soumaya,654.1
996,Steve Nolan,1036.0
997,Abderrahmane Boukhaled,345.0
997,Basirat Adeyemo,1539.6
997,Charlotte Smith,1119.6
997,David Ekpo,1629.0
997,Emmanuela Odoh,713.3
997,Eno-obong Udofia,1524.5
997,Ethan Toudic,770.4
997,Gianna Cavacuiti,1813.3
997,James hushon,478.6
997,Joy Ojeabulu,1035.4
997,Lesley Nyonggesa,651.6
997,Luca Marlowe,959.8
997,Michael Adewumi,1906.3
997,Mimy Kanza,1714.2
997,Otito,1879.5
997,Rael,793.1
997,Rashida kinattingalakath,1763.8
997,Remy,1205.3
997,Rosie Birch,1650.5
997,Rufkat Adetola oladipo,627.1
997,Sally Muinami,1163.3
997,Sodiq Salaudeen,849.8
997,Soumaya,805.5
997,Steve Nolan,1775.7
998,Abderrahmane Boukhaled,479.3
998,Basirat Adeyemo,1199.3
998,Charlotte Smith,2022.5
998,David Ekpo,1441.8
998,Emmanuela Odoh,2165.6
998,Eno-obong Udofia,2370.6
998,Ethan Toudic,671.5
998,Gianna Cavacuiti,1498.9
998,James hushon,2200.3
998,Joy Ojeabulu,384.8
998,Lesley Nyonggesa,2862.8
998,Luca Marlowe,2169.6
998,Michael Adewumi,549.6
998,Mimy Kanza,2739.8
998,Otito,1005.1
998,Rael,726.2
998,Rashida kinattingalakath,3053.1
998,Remy,1956.9
998,Rosie Birch,1732.5
998,Rufkat Adetola oladipo,2358.0
998,Sally Muinami,1006.6
998,Sodiq Salaudeen,1032.2
998,Soumaya,817.1
998,Steve Nolan,1527.9
999,Abderrahmane Boukhaled,865.2
999,Basirat Adeyemo,2711.8
999,Charlotte Smith,487.4
999,David Ekpo,1264.7
999,Emmanuela Odoh,974.7
999,Eno-obong Udofia,1051.3
999,Ethan Toudic,880.8
999,Gianna Cavacuiti,2584.3
999,James hushon,1346.6
999,Joy Ojeabulu,323.2
999,Lesley Nyonggesa,1152.2
999,Luca Marlowe,1388.1
999,Michael Adewumi,1260.0
999,Mimy Kanza,721.0
999,Otito,406.8
999,Rael,1377.5
999,Rashida kinattingalakath,1841.7
999,Remy,2115.7
999,Rosie Birch,2088.6
999,Rufkat Adetola oladipo,2050.6
999,Sally Muinami,223.8
999,Sodiq Salaudeen,155.4
999,Soumaya,1584.9
999,Steve Nolan,567.0
1000,Abderrahmane Boukhaled,1662.2
1000,Basirat Adeyemo,1946.3
1000,Charlotte Smith,1066.1
1000,David Ekpo,831.7
1000,Emmanuela Odoh,443.1
1000,Eno-obong Udofia,2383.6
1000,Ethan Toudic,962.0
1000,Gianna Cavacuiti,1324.7
1000,James hushon,954.9
1000,Joy Ojeabulu,1938.6
1000,Lesley Nyonggesa,2002.2
1000,Luca Marlowe,2157.9
1000,Michael Adewumi,1893.5
1000,Mimy Kanza,2092.6
1000,Otito,464.1
1000,Rael,1628.0
1000,Rashida kinattingalakath,1041.6
1000,Remy,1390.0
1000,Rosie Birch,1970.9
1000,Rufkat Adetola oladipo,770.0
1000,Sally Muinami,2671.0
1000,Sodiq Salaudeen,270.2
1000,Soumaya,530.6
1000,Steve Nolan,1854.2
