firmid,country,sic,management,emp_firm,firmage,ownership,competition,mne_yn
1,United States,38.0,3.16666674613953,600.0,39.0,Dispersed Shareholders,  1-4 competitors,0.0
7,United States,38.0,3.11111116409302,2700.0,70.0,Private Equity/Venture Capital,10+ competitors,0.0
8,United States,24.0,3.11764717102051,800.0,19.0,Dispersed Shareholders, 5-9 competitors,0.0
10,United States,35.0,2.88888883590698,390.0,37.0,Dispersed Shareholders,  1-4 competitors,1.0
11,United States,22.0,3.58823537826538,5000.0,112.0,Dispersed Shareholders,10+ competitors,1.0
12,United States,30.0,2.83333325386047,160.0,98.0,Dispersed Shareholders,10+ competitors,1.0
12,United States,30.0,3.11111116409302,350.0,98.0,Dispersed Shareholders, 5-9 competitors,1.0
13,United States,28.0,3.05555558204651,500.0,51.0,Dispersed Shareholders,  1-4 competitors,1.0
18,United States,36.0,3.55555558204651,9800.0,41.0,Dispersed Shareholders,10+ competitors,1.0
23,United States,38.0,3.05555558204651,1000.0,13.0,Dispersed Shareholders, 5-9 competitors,1.0
25,United States,35.0,3.88888883590698,1800.0,11.0,Dispersed Shareholders,10+ competitors,0.0
26,United States,36.0,3.55555558204651,750.0,47.0,Dispersed Shareholders,10+ competitors,1.0
27,United States,36.0,3.66666674613953,150.0,1.0,Dispersed Shareholders, 5-9 competitors,1.0
29,United States,28.0,2.77777767181396,1000.0,51.0,Dispersed Shareholders,10+ competitors,1.0
30,United States,28.0,4.11111116409302,250.0,40.0,Dispersed Shareholders,10+ competitors,0.0
31,United States,27.0,3.44444441795349,8500.0,105.0,Dispersed Shareholders,10+ competitors,1.0
34,United States,38.0,4.72222232818604,135.0,44.0,Dispersed Shareholders,10+ competitors,1.0
35,United States,38.0,3.38888883590698,4200.0,30.0,Private Equity/Venture Capital, 5-9 competitors,1.0
36,United States,38.0,3.11111116409302,250.0,28.0,Dispersed Shareholders,10+ competitors,1.0
38,United States,39.0,4.44444465637207,7000.0,92.0,"Family owned, family CEO", 5-9 competitors,1.0
39,United States,35.0,4.33333349227905,8701.0,98.0,Dispersed Shareholders,10+ competitors,1.0
40,United States,35.0,3.05555558204651,3000.0,29.0,Dispersed Shareholders,10+ competitors,1.0
41,United States,36.0,2.94444441795349,370.0,22.0,Private Equity/Venture Capital, 5-9 competitors,1.0
44,United States,34.0,3.77777767181396,2000.0,105.0,Dispersed Shareholders,10+ competitors,1.0
48,United States,28.0,4.22222232818604,4000.0,124.0,Dispersed Shareholders, 5-9 competitors,1.0
50,United States,37.0,2.66666674613953,1000.0,35.0,Private Individuals, 5-9 competitors,0.0
52,United States,36.0,4.16666650772095,300.0,14.0,Dispersed Shareholders,10+ competitors,1.0
53,United States,38.0,3.44444441795349,350.0,11.0,Dispersed Shareholders, 5-9 competitors,0.0
57,United States,28.0,2.88888883590698,4000.0,160.0,Dispersed Shareholders,10+ competitors,1.0
58,United States,35.0,3.22222232818604,51.0,28.0,Dispersed Shareholders, 5-9 competitors,0.0
61,United States,20.0,2.66666674613953,6300.0,104.0,"Family owned, family CEO",  1-4 competitors,0.0
63,United States,35.0,3.0,4000.0,131.0,Dispersed Shareholders,10+ competitors,1.0
63,United States,35.0,3.27777767181396,1500.0,131.0,Dispersed Shareholders,10+ competitors,1.0
66,United States,33.0,3.66666674613953,4400.0,53.0,Dispersed Shareholders,10+ competitors,1.0
67,United States,36.0,2.94444441795349,600.0,37.0,Dispersed Shareholders,10+ competitors,1.0
68,United States,38.0,3.16666674613953,3000.0,20.0,Private Equity/Venture Capital,  1-4 competitors,0.0
70,United States,20.0,3.17647051811218,6600.0,100.0,Dispersed Shareholders,  1-4 competitors,1.0
71,United States,27.0,3.0,1300.0,182.0,Dispersed Shareholders, 5-9 competitors,0.0
72,United States,36.0,3.22222232818604,1400.0,20.0,Dispersed Shareholders,10+ competitors,1.0
75,United States,38.0,2.61111116409302,175.0,22.0,Dispersed Shareholders, 5-9 competitors,1.0
76,United States,39.0,2.88888883590698,540.0,59.0,Dispersed Shareholders,10+ competitors,1.0
78,United States,38.0,4.72222232818604,1000.0,28.0,Dispersed Shareholders,10+ competitors,1.0
84,United States,35.0,3.61111116409302,750.0,22.0,Dispersed Shareholders,10+ competitors,1.0
88,United States,38.0,2.77777767181396,130.0,24.0,Dispersed Shareholders,10+ competitors,0.0
89,United States,36.0,3.11111116409302,375.0,28.0,Dispersed Shareholders,  1-4 competitors,1.0
90,United States,38.0,2.66666674613953,230.0,60.0,Dispersed Shareholders, 5-9 competitors,0.0
91,United States,36.0,4.0,235.0,22.0,Dispersed Shareholders,  1-4 competitors,1.0
92,United States,39.0,3.27777767181396,1000.0,19.0,Dispersed Shareholders, 5-9 competitors,1.0
95,United States,35.0,2.38888883590698,300.0,86.0,Dispersed Shareholders, 5-9 competitors,0.0
96,United States,35.0,3.11111116409302,102.0,156.0,Private Individuals,  1-4 competitors,1.0
96,United States,35.0,2.33333325386047,110.0,156.0,Private Individuals, 5-9 competitors,1.0
97,United States,37.0,3.0,980.0,18.0,Dispersed Shareholders, 5-9 competitors,0.0
98,United States,34.0,2.79999995231628,450.0,89.0,Dispersed Shareholders,10+ competitors,0.0
101,United States,32.0,2.55555558204651,3426.0,76.0,Dispersed Shareholders, 5-9 competitors,0.0
104,United States,36.0,3.38888883590698,2300.0,62.0,Dispersed Shareholders,10+ competitors,1.0
105,United States,35.0,4.5,4000.0,152.0,Dispersed Shareholders, 5-9 competitors,1.0
105,United States,35.0,2.16666674613953,6000.0,147.0,Dispersed Shareholders, 5-9 competitors,1.0
106,United States,35.0,3.33333325386047,500.0,38.0,Dispersed Shareholders, 5-9 competitors,1.0
109,United States,37.0,3.61111116409302,2300.0,32.0,Dispersed Shareholders,  1-4 competitors,1.0
109,United States,37.0,3.83333325386047,2300.0,32.0,Dispersed Shareholders,10+ competitors,1.0
110,United States,36.0,3.17647051811218,6386.0,22.0,Dispersed Shareholders,  1-4 competitors,1.0
116,United States,34.0,2.77777767181396,250.0,65.0,Dispersed Shareholders, 5-9 competitors,0.0
117,United States,20.0,4.16666650772095,860.0,25.0,"Founder owned, founder CEO", 5-9 competitors,0.0
118,United States,28.0,2.72222232818604,500.0,13.0,Dispersed Shareholders, 5-9 competitors,1.0
119,United States,36.0,3.61111116409302,110.0,39.0,Private Individuals, 5-9 competitors,1.0
120,United States,20.0,2.66666674613953,3500.0,97.0,"Family owned, external CEO", 5-9 competitors,1.0
121,United States,23.0,2.66666674613953,4100.0,134.0,Dispersed Shareholders,  1-4 competitors,0.0
122,United States,34.0,3.16666674613953,250.0,18.0,Private Equity/Venture Capital, 5-9 competitors,1.0
123,United States,35.0,3.77777767181396,2200.0,39.0,Dispersed Shareholders, 5-9 competitors,1.0
124,United States,38.0,3.33333325386047,800.0,20.0,Dispersed Shareholders,10+ competitors,1.0
125,United States,24.0,2.16666674613953,160.0,97.0,Private Individuals,10+ competitors,0.0
127,United States,28.0,2.55555558204651,700.0,29.0,Dispersed Shareholders,10+ competitors,1.0
129,United States,36.0,3.38888883590698,2000.0,10.0,Dispersed Shareholders,  1-4 competitors,1.0
131,United States,22.0,3.55555558204651,4873.0,33.0,Dispersed Shareholders, 5-9 competitors,1.0
131,United States,22.0,2.44444441795349,4873.0,33.0,Dispersed Shareholders,10+ competitors,1.0
133,United States,34.0,2.66666674613953,1500.0,49.0,Dispersed Shareholders, 5-9 competitors,1.0
135,United States,35.0,3.55555558204651,380.0,16.0,Dispersed Shareholders,  1-4 competitors,1.0
137,United States,38.0,3.44444441795349,800.0,39.0,Dispersed Shareholders,10+ competitors,1.0
138,United States,35.0,3.44444441795349,2350.0,58.0,Dispersed Shareholders,10+ competitors,1.0
139,United States,38.0,3.61111116409302,400.0,20.0,Dispersed Shareholders, 5-9 competitors,1.0
142,United States,35.0,2.94444441795349,8900.0,122.0,Dispersed Shareholders,  1-4 competitors,1.0
145,United States,35.0,2.44444441795349,90.0,15.0,Dispersed Shareholders,10+ competitors,1.0
146,United States,35.0,4.5,3500.0,65.0,Dispersed Shareholders,10+ competitors,0.0
146,United States,35.0,3.16666674613953,1800.0,65.0,Dispersed Shareholders, 5-9 competitors,1.0
149,United States,38.0,2.38888883590698,360.0,22.0,Dispersed Shareholders,  1-4 competitors,1.0
150,United States,35.0,3.33333325386047,400.0,58.0,Dispersed Shareholders,10+ competitors,1.0
151,United States,36.0,3.27777767181396,180.0,22.0,"Founder owned, founder CEO", 5-9 competitors,0.0
152,United States,30.0,4.23529434204102,350.0,110.0,Dispersed Shareholders,10+ competitors,1.0
153,United States,37.0,3.16666674613953,1950.0,101.0,Dispersed Shareholders,  1-4 competitors,1.0
155,United States,20.0,3.72222232818604,4500.0,94.0,Dispersed Shareholders,  1-4 competitors,0.0
156,United States,28.0,3.22222232818604,200.0,64.0,Private Individuals,10+ competitors,0.0
157,United States,38.0,2.55555558204651,350.0,42.0,Dispersed Shareholders,  1-4 competitors,0.0
159,United States,24.0,2.66666674613953,500.0,37.0,Dispersed Shareholders,10+ competitors,0.0
160,United States,38.0,2.94444441795349,300.0,21.0,Dispersed Shareholders,  1-4 competitors,0.0
161,United States,36.0,3.61111116409302,700.0,32.0,Dispersed Shareholders,   0 competitors,1.0
163,United States,36.0,3.11111116409302,6550.0,80.0,Dispersed Shareholders,  1-4 competitors,1.0
166,United States,29.0,3.55555558204651,6746.0,78.0,Dispersed Shareholders, 5-9 competitors,0.0
167,United States,35.0,3.38888883590698,3000.0,105.0,Dispersed Shareholders, 5-9 competitors,1.0
169,United States,38.0,4.05555534362793,240.0,20.0,Dispersed Shareholders, 5-9 competitors,1.0
170,United States,28.0,3.22222232818604,2000.0,84.0,Dispersed Shareholders,  1-4 competitors,1.0
172,United States,35.0,3.55555558204651,1000.0,17.0,Dispersed Shareholders,10+ competitors,1.0
176,United States,38.0,3.27777767181396,350.0,29.0,"Founder owned, founder CEO",10+ competitors,0.0
177,United States,38.0,3.88888883590698,1200.0,37.0,Dispersed Shareholders,10+ competitors,1.0
278,United States,35.0,3.35294127464294,3000.0,61.0,"Founder owned, founder CEO", 5-9 competitors,0.0
280,United States,35.0,2.44444441795349,400.0,40.0,Dispersed Shareholders, 5-9 competitors,1.0
304,United States,25.0,3.88888883590698,1200.0,83.0,Dispersed Shareholders,10+ competitors,1.0
304,United States,25.0,4.72222232818604,2545.0,101.0,Dispersed Shareholders,10+ competitors,1.0
305,United States,37.0,3.05555558204651,1000.0,16.0,Dispersed Shareholders,  1-4 competitors,1.0
306,United States,38.0,4.33333349227905,6100.0,52.0,Dispersed Shareholders, 5-9 competitors,1.0
309,United States,35.0,3.83333325386047,1900.0,18.0,Dispersed Shareholders,10+ competitors,0.0
313,United States,34.0,2.72222232818604,400.0,51.0,Dispersed Shareholders,10+ competitors,0.0
314,United States,38.0,3.38888883590698,200.0,43.0,Dispersed Shareholders,10+ competitors,0.0
315,United States,38.0,2.94444441795349,1000.0,27.0,Dispersed Shareholders,  1-4 competitors,1.0
321,United States,38.0,2.11764717102051,38.0,25.0,Private Individuals,  1-4 competitors,1.0
322,United States,30.0,3.5,300.0,38.0,Private Equity/Venture Capital, 5-9 competitors,0.0
322,United States,30.0,2.66666674613953,750.0,38.0,Private Equity/Venture Capital,10+ competitors,0.0
324,United States,35.0,3.55555558204651,1100.0,39.0,"Founder owned, founder CEO", 5-9 competitors,0.0
329,United States,36.0,3.41176462173462,4500.0,12.0,Dispersed Shareholders, 5-9 competitors,1.0
330,United States,20.0,4.64705896377563,350.0,112.0,Dispersed Shareholders, 5-9 competitors,1.0
330,United States,20.0,3.88888883590698,900.0,112.0,Dispersed Shareholders,10+ competitors,1.0
331,United States,38.0,3.72222232818604,220.0,25.0,Dispersed Shareholders, 5-9 competitors,1.0
331,United States,38.0,3.22222232818604,300.0,25.0,Dispersed Shareholders,10+ competitors,1.0
334,United States,37.0,3.61111116409302,3500.0,19.0,Dispersed Shareholders,10+ competitors,0.0
334,United States,37.0,3.66666674613953,2400.0,52.0,Private Individuals, 5-9 competitors,1.0
335,United States,38.0,3.05555558204651,100.0,15.0,Dispersed Shareholders,  1-4 competitors,0.0
336,United States,35.0,3.61111116409302,81.0,45.0,Private Individuals, 5-9 competitors,0.0
367,United States,33.0,3.0,1300.0,42.0,Dispersed Shareholders,  1-4 competitors,0.0
371,United States,36.0,3.27777767181396,220.0,27.0,Dispersed Shareholders,10+ competitors,0.0
524,United States,30.0,4.11111116409302,850.0,51.0,Dispersed Shareholders,10+ competitors,1.0
622,United States,37.0,3.05555558204651,200.0,78.0,Private Equity/Venture Capital,  1-4 competitors,0.0
622,United States,37.0,3.27777767181396,130.0,78.0,Dispersed Shareholders,10+ competitors,0.0
640,United States,35.0,2.44444441795349,140.0,39.0,Dispersed Shareholders,10+ competitors,0.0
641,United States,26.0,3.83333325386047,9500.0,70.0,Dispersed Shareholders,  1-4 competitors,1.0
642,United States,36.0,3.66666674613953,400.0,37.0,Dispersed Shareholders,10+ competitors,0.0
643,United States,28.0,2.11111116409302,75.0,120.0,"Family owned, family CEO", 5-9 competitors,0.0
644,United States,35.0,3.27777767181396,800.0,17.0,"Founder owned, founder CEO",10+ competitors,0.0
654,United States,39.0,2.82352948188782,350.0,23.0,Dispersed Shareholders,  1-4 competitors,1.0
654,United States,39.0,2.5,500.0,23.0,Dispersed Shareholders,10+ competitors,1.0
663,United States,34.0,2.66666674613953,1200.0,126.0,Dispersed Shareholders, 5-9 competitors,1.0
665,United States,39.0,3.38888883590698,900.0,13.0,Dispersed Shareholders,10+ competitors,1.0
666,United States,28.0,2.66666674613953,1600.0,74.0,Dispersed Shareholders,10+ competitors,1.0
667,United States,35.0,4.72222232818604,7100.0,23.0,Dispersed Shareholders,  1-4 competitors,1.0
667,United States,35.0,4.0,7100.0,23.0,Dispersed Shareholders, 5-9 competitors,1.0
669,United States,38.0,3.55555558204651,140.0,19.0,Dispersed Shareholders,  1-4 competitors,0.0
671,United States,34.0,2.88888883590698,900.0,57.0,Dispersed Shareholders,  1-4 competitors,0.0
672,United States,36.0,3.5,700.0,25.0,Dispersed Shareholders,  1-4 competitors,0.0
673,United States,37.0,3.44444441795349,2300.0,28.0,Dispersed Shareholders, 5-9 competitors,0.0
675,United States,33.0,2.64705872535706,500.0,61.0,Dispersed Shareholders, 5-9 competitors,0.0
677,United States,38.0,3.61111116409302,4500.0,60.0,Dispersed Shareholders,10+ competitors,1.0
678,United States,35.0,2.72222232818604,2600.0,136.0,Dispersed Shareholders,10+ competitors,1.0
683,United States,35.0,3.05555558204651,180.0,10.0,Dispersed Shareholders, 5-9 competitors,0.0
685,United States,36.0,4.11111116409302,2000.0,21.0,Dispersed Shareholders, 5-9 competitors,1.0
686,United States,37.0,2.88235282897949,4500.0,13.0,Dispersed Shareholders,10+ competitors,1.0
688,United States,30.0,3.77777767181396,600.0,43.0,Dispersed Shareholders, 5-9 competitors,0.0
689,United States,32.0,2.38888883590698,400.0,58.0,Private Individuals,10+ competitors,0.0
689,United States,32.0,2.88888883590698,2800.0,58.0,Private Individuals,  1-4 competitors,0.0
690,United States,23.0,2.88888883590698,9800.0,70.0,"Family owned, family CEO",  1-4 competitors,0.0
692,United States,37.0,4.16666650772095,2500.0,13.0,Dispersed Shareholders, 5-9 competitors,1.0
694,United States,28.0,3.88888883590698,9556.0,201.0,Dispersed Shareholders,  1-4 competitors,1.0
695,United States,39.0,3.33333325386047,230.0,25.0,Private Equity/Venture Capital, 5-9 competitors,0.0
696,United States,34.0,2.94444441795349,1300.0,132.0,Dispersed Shareholders,10+ competitors,1.0
698,United States,33.0,3.88888883590698,8200.0,52.0,Dispersed Shareholders,10+ competitors,1.0
700,United States,38.0,3.11111116409302,170.0,24.0,Dispersed Shareholders,10+ competitors,0.0
2941,China,21.0,2.55555558204651,820.0,36.0,Government,  1-4 competitors,0.0
2942,China,30.0,3.38888883590698,16.0,12.0,Dispersed Shareholders,10+ competitors,0.0
2964,China,27.0,2.77777767181396,1196.0,21.0,Government,10+ competitors,0.0
2989,China,26.0,2.66666674613953,300.0,13.0,"Founder owned, founder CEO",  1-4 competitors,1.0
3022,China,30.0,2.94444441795349,73.0,13.0,Other,10+ competitors,1.0
3026,China,30.0,3.55555558204651,560.0,11.0,"Founder owned, founder CEO",  1-4 competitors,0.0
3039,China,35.0,2.05555558204651,155.0,6.0,Government,  1-4 competitors,0.0
3066,China,23.0,2.11111116409302,546.0,5.0,Private Individuals,10+ competitors,0.0
3072,China,28.0,3.38888883590698,1000.0,11.0,Private Individuals,10+ competitors,1.0
3073,China,23.0,1.88888883590698,400.0,7.0,Private Individuals,10+ competitors,1.0
3074,China,36.0,2.94444441795349,550.0,6.0,Dispersed Shareholders,10+ competitors,1.0
3080,China,39.0,2.27777767181396,517.0,10.0,"Founder owned, founder CEO",10+ competitors,0.0
3097,China,35.0,2.55555558204651,313.0,57.0,Private Individuals, 5-9 competitors,0.0
3125,China,36.0,3.83333325386047,842.0,8.0,Dispersed Shareholders,  1-4 competitors,1.0
3162,China,39.0,2.72222232818604,1000.0,6.0,"Founder owned, founder CEO",  1-4 competitors,1.0
3225,China,30.0,2.27777767181396,150.0,,Dispersed Shareholders,10+ competitors,0.0
3255,China,33.0,1.44444441795349,370.0,5.0,"Founder owned, founder CEO",10+ competitors,0.0
3258,China,36.0,2.05555558204651,240.0,40.0,Private Individuals,10+ competitors,0.0
3259,China,37.0,2.16666674613953,450.0,5.0,Private Individuals,10+ competitors,1.0
3338,China,37.0,1.44444441795349,1000.0,11.0,Dispersed Shareholders,10+ competitors,1.0
3469,China,34.0,2.33333325386047,2500.0,10.0,Private Individuals,  1-4 competitors,0.0
3787,China,23.0,2.44444441795349,200.0,,"Family owned, family CEO",10+ competitors,0.0
3788,China,23.0,1.88888883590698,200.0,3.0,"Founder owned, founder CEO",10+ competitors,0.0
3789,China,36.0,4.0,600.0,19.0,"Founder owned, founder CEO",10+ competitors,0.0
3790,China,36.0,1.83333337306976,90.0,8.0,"Founder owned, founder CEO",10+ competitors,0.0
3791,China,39.0,2.38888883590698,1100.0,,Private Individuals,10+ competitors,0.0
3792,China,20.0,3.11111116409302,220.0,3.0,Private Individuals,10+ competitors,0.0
3793,China,36.0,3.27777767181396,520.0,,Other, 5-9 competitors,1.0
3794,China,35.0,2.94444441795349,60.0,3.0,"Founder owned, external CEO",  1-4 competitors,0.0
3795,China,33.0,3.5,346.0,5.0,Private Individuals,10+ competitors,0.0
3796,China,23.0,2.22222232818604,1200.0,55.0,Government,10+ competitors,0.0
3797,China,23.0,1.77777779102325,400.0,,"Founder owned, founder CEO",10+ competitors,1.0
3798,China,23.0,2.5,3000.0,,"Founder owned, founder CEO",10+ competitors,1.0
3802,Germany,28.0,3.0,180.0,50.0,Dispersed Shareholders, 5-9 competitors,1.0
3802,Germany,28.0,2.88888883590698,120.0,50.0,Dispersed Shareholders,  1-4 competitors,1.0
3803,Germany,25.0,2.82352948188782,90.0,96.0,"Family owned, family CEO",10+ competitors,0.0
3804,Germany,22.0,2.83333325386047,1300.0,6.0,Private Individuals, 5-9 competitors,1.0
3805,Germany,36.0,3.0,1000.0,80.0,Dispersed Shareholders,10+ competitors,1.0
3805,Germany,36.0,3.66666674613953,1200.0,80.0,Dispersed Shareholders,10+ competitors,1.0
3807,Germany,25.0,3.05555558204651,570.0,30.0,"Founder owned, founder CEO",10+ competitors,0.0
3809,Germany,28.0,2.77777767181396,120.0,25.0,Private Individuals,10+ competitors,1.0
3811,Germany,27.0,2.41176462173462,110.0,22.0,"Founder owned, founder CEO",10+ competitors,0.0
3812,Germany,38.0,2.16666674613953,230.0,29.0,Dispersed Shareholders,  1-4 competitors,1.0
3813,Germany,38.0,4.27777767181396,103.0,16.0,Dispersed Shareholders,10+ competitors,1.0
3814,Germany,37.0,4.0,2500.0,26.0,Dispersed Shareholders,  1-4 competitors,1.0
3817,Germany,37.0,3.61111116409302,2500.0,67.0,Dispersed Shareholders,  1-4 competitors,1.0
3818,Germany,20.0,3.22222232818604,160.0,2.0,"Family owned, family CEO",10+ competitors,0.0
3819,Germany,37.0,3.38888883590698,350.0,37.0,Private Individuals, 5-9 competitors,1.0
3821,Germany,37.0,2.33333325386047,350.0,18.0,Private Individuals,10+ competitors,1.0
3822,Germany,20.0,1.875,300.0,21.0,"Family owned, family CEO",10+ competitors,0.0
3823,Germany,35.0,3.83333325386047,328.0,12.0,Dispersed Shareholders,  1-4 competitors,1.0
3823,Germany,35.0,3.33333325386047,328.0,12.0,Dispersed Shareholders,  1-4 competitors,1.0
3824,Germany,34.0,3.33333325386047,450.0,181.0,Other,10+ competitors,1.0
3825,Germany,35.0,4.05555534362793,3600.0,136.0,"Family owned, external CEO",  1-4 competitors,1.0
3826,Germany,20.0,2.44444441795349,219.0,628.0,Private Equity/Venture Capital,10+ competitors,0.0
3827,Germany,37.0,2.88888883590698,500.0,39.0,Dispersed Shareholders,  1-4 competitors,1.0
3828,Germany,33.0,2.38888883590698,2665.0,80.0,Dispersed Shareholders,10+ competitors,1.0
3831,Germany,30.0,2.05555558204651,275.0,55.0,"Family owned, family CEO",  1-4 competitors,0.0
3834,Germany,38.0,2.38888883590698,1300.0,31.0,Dispersed Shareholders,  1-4 competitors,1.0
3835,Germany,28.0,3.11111116409302,320.0,35.0,Private Individuals,  1-4 competitors,0.0
3838,Germany,35.0,3.72222232818604,4706.0,53.0,"Family owned, external CEO", 5-9 competitors,1.0
3838,Germany,35.0,3.55555558204651,4706.0,53.0,"Family owned, external CEO", 5-9 competitors,1.0
3839,Germany,32.0,3.61111116409302,1000.0,9.0,Dispersed Shareholders,10+ competitors,1.0
3840,Germany,34.0,3.44444441795349,580.0,11.0,Private Individuals, 5-9 competitors,1.0
3841,Germany,35.0,3.16666674613953,3200.0,129.0,Private Individuals,  1-4 competitors,1.0
3842,Germany,28.0,3.61111116409302,1200.0,102.0,"Family owned, external CEO",  1-4 competitors,1.0
3844,Germany,28.0,2.66666674613953,200.0,39.0,Dispersed Shareholders,10+ competitors,0.0
3845,Germany,38.0,3.27777767181396,1000.0,61.0,Other, 5-9 competitors,1.0
3846,Germany,28.0,4.05882358551025,1800.0,5.0,Private Individuals,10+ competitors,1.0
3847,Germany,25.0,3.38888883590698,220.0,98.0,"Family owned, family CEO",10+ competitors,0.0
3849,Germany,26.0,3.44444441795349,161.0,21.0,Dispersed Shareholders,  1-4 competitors,1.0
3850,Germany,32.0,2.5,300.0,109.0,Private Individuals,10+ competitors,1.0
3851,Germany,32.0,3.05555558204651,780.0,142.0,Dispersed Shareholders,  1-4 competitors,0.0
3852,Germany,39.0,3.0,450.0,17.0,Other, 5-9 competitors,1.0
3852,Germany,39.0,3.5,1800.0,17.0,Other,10+ competitors,1.0
3853,Germany,36.0,3.88888883590698,800.0,61.0,"Family owned, family CEO", 5-9 competitors,1.0
3856,Germany,30.0,2.72222232818604,240.0,41.0,"Family owned, family CEO", 5-9 competitors,0.0
3857,Germany,38.0,4.33333349227905,500.0,23.0,Dispersed Shareholders, 5-9 competitors,1.0
3858,Germany,28.0,3.11111116409302,2500.0,11.0,"Family owned, family CEO",  1-4 competitors,1.0
3858,Germany,28.0,3.0,2500.0,11.0,"Family owned, family CEO",  1-4 competitors,1.0
3859,Germany,35.0,4.0,1300.0,116.0,Dispersed Shareholders,  1-4 competitors,1.0
3859,Germany,35.0,4.0,1200.0,116.0,Dispersed Shareholders, 5-9 competitors,1.0
3860,Germany,24.0,3.11111116409302,2800.0,21.0,Private Individuals,  1-4 competitors,1.0
3861,Germany,20.0,3.5,650.0,248.0,"Family owned, external CEO",10+ competitors,1.0
3864,Germany,37.0,4.66666650772095,6216.0,105.0,"Family owned, family CEO", 5-9 competitors,1.0
3866,Germany,20.0,2.61111116409302,850.0,99.0,"Family owned, family CEO",10+ competitors,0.0
3867,Germany,26.0,3.33333325386047,1000.0,57.0,Private Equity/Venture Capital,  1-4 competitors,1.0
3868,Germany,20.0,3.66666674613953,1600.0,139.0,"Family owned, external CEO",   0 competitors,0.0
3869,Germany,34.0,3.61111116409302,130.0,15.0,Government,10+ competitors,1.0
3869,Germany,34.0,3.38888883590698,260.0,15.0,Government,10+ competitors,1.0
3871,Germany,35.0,2.17647051811218,300.0,17.0,Dispersed Shareholders,10+ competitors,1.0
3872,Germany,36.0,2.88888883590698,700.0,29.0,"Founder owned, founder CEO",10+ competitors,0.0
3873,Germany,20.0,3.77777767181396,830.0,23.0,Private Equity/Venture Capital,10+ competitors,1.0
3874,Germany,33.0,3.33333325386047,800.0,96.0,Private Individuals, 5-9 competitors,0.0
3876,Germany,24.0,3.94444441795349,90.0,22.0,"Family owned, family CEO",   0 competitors,1.0
3877,Germany,20.0,3.33333325386047,150.0,26.0,"Family owned, family CEO",  1-4 competitors,0.0
3878,Germany,38.0,3.77777767181396,365.0,18.0,"Founder owned, external CEO", 5-9 competitors,0.0
3879,Germany,34.0,3.55555558204651,153.0,59.0,"Founder owned, founder CEO",  1-4 competitors,0.0
3880,Germany,26.0,3.77777767181396,300.0,9.0,Other,10+ competitors,1.0
3881,Germany,36.0,3.0,350.0,36.0,Private Individuals, 5-9 competitors,1.0
3883,Germany,33.0,2.94444441795349,230.0,11.0,"Founder owned, founder CEO",10+ competitors,1.0
3883,Germany,33.0,3.27777767181396,250.0,11.0,"Founder owned, founder CEO", 5-9 competitors,1.0
3884,Germany,34.0,3.61111116409302,650.0,10.0,Dispersed Shareholders, 5-9 competitors,0.0
3886,Germany,37.0,3.61111116409302,350.0,142.0,Private Individuals,10+ competitors,1.0
3887,Germany,32.0,2.83333325386047,823.0,296.0,Government,  1-4 competitors,0.0
3888,Germany,20.0,2.33333325386047,160.0,126.0,Other,10+ competitors,0.0
3888,Germany,20.0,3.0,160.0,126.0,Other, 5-9 competitors,0.0
3889,Germany,26.0,3.83333325386047,183.0,16.0,Private Equity/Venture Capital, 5-9 competitors,1.0
3890,Germany,35.0,2.05555558204651,100.0,16.0,Private Individuals,  1-4 competitors,0.0
3891,Germany,38.0,2.27777767181396,200.0,15.0,Dispersed Shareholders,10+ competitors,1.0
3893,Germany,20.0,3.0,1800.0,24.0,"Family owned, family CEO", 5-9 competitors,0.0
3894,Germany,33.0,3.72222232818604,1050.0,13.0,Dispersed Shareholders,10+ competitors,1.0
3895,Germany,28.0,3.22222232818604,350.0,154.0,Dispersed Shareholders, 5-9 competitors,0.0
3896,Germany,32.0,2.58823537826538,80.0,110.0,"Family owned, family CEO",  1-4 competitors,0.0
3897,Germany,32.0,1.66666662693024,126.0,11.0,Private Equity/Venture Capital,10+ competitors,1.0
3898,Germany,35.0,1.94444441795349,100.0,8.0,Dispersed Shareholders,10+ competitors,0.0
3901,Germany,28.0,3.11111116409302,125.0,54.0,Private Equity/Venture Capital, 5-9 competitors,1.0
3902,Germany,32.0,3.38888883590698,350.0,4.0,Dispersed Shareholders,  1-4 competitors,1.0
3903,Germany,38.0,3.05555558204651,600.0,15.0,"Founder owned, founder CEO", 5-9 competitors,0.0
3904,Germany,34.0,3.0,150.0,12.0,Other, 5-9 competitors,0.0
3905,Germany,36.0,3.66666674613953,662.0,8.0,Private Individuals, 5-9 competitors,1.0
3905,Germany,36.0,3.72222232818604,662.0,8.0,Private Individuals, 5-9 competitors,1.0
3906,Germany,35.0,3.83333325386047,230.0,15.0,Dispersed Shareholders, 5-9 competitors,1.0
3907,Germany,34.0,2.83333325386047,150.0,139.0,Private Individuals, 5-9 competitors,0.0
3908,Germany,34.0,3.55555558204651,420.0,22.0,Private Individuals, 5-9 competitors,1.0
3910,Germany,35.0,3.16666674613953,125.0,16.0,Dispersed Shareholders, 5-9 competitors,1.0
3912,Germany,30.0,3.44444441795349,1500.0,14.0,"Family owned, family CEO",10+ competitors,1.0
3913,Germany,30.0,2.83333325386047,300.0,14.0,Private Individuals,  1-4 competitors,1.0
3914,Germany,32.0,2.76470589637756,160.0,5.0,Private Individuals,10+ competitors,1.0
3914,Germany,32.0,2.64705872535706,300.0,5.0,Private Individuals, 5-9 competitors,1.0
3915,Germany,35.0,2.88888883590698,1000.0,34.0,Private Individuals,10+ competitors,1.0
3915,Germany,35.0,3.72222232818604,850.0,34.0,Private Individuals,10+ competitors,1.0
3918,Germany,26.0,3.22222232818604,580.0,10.0,Dispersed Shareholders, 5-9 competitors,1.0
3919,Germany,30.0,3.5,220.0,21.0,"Founder owned, founder CEO", 5-9 competitors,0.0
3922,Germany,36.0,3.38888883590698,120.0,16.0,Dispersed Shareholders, 5-9 competitors,0.0
3925,Germany,38.0,3.72222232818604,130.0,16.0,Dispersed Shareholders, 5-9 competitors,0.0
3927,Germany,34.0,3.5,450.0,14.0,"Family owned, family CEO",10+ competitors,1.0
3929,Germany,35.0,4.11111116409302,500.0,99.0,"Family owned, family CEO",  1-4 competitors,0.0
3931,Germany,35.0,3.05555558204651,1500.0,111.0,Dispersed Shareholders,10+ competitors,1.0
3934,Germany,36.0,2.94444441795349,450.0,30.0,Private Individuals,10+ competitors,0.0
3935,Germany,32.0,2.77777767181396,300.0,92.0,Private Individuals,  1-4 competitors,0.0
3937,Germany,32.0,3.05555558204651,1200.0,97.0,Dispersed Shareholders,  1-4 competitors,1.0
3938,Germany,35.0,3.0,400.0,7.0,Private Individuals,10+ competitors,1.0
3940,Germany,24.0,2.94444441795349,1190.0,105.0,Dispersed Shareholders, 5-9 competitors,0.0
3941,Germany,30.0,2.33333325386047,105.0,36.0,"Family owned, family CEO",10+ competitors,0.0
3941,Germany,30.0,3.33333325386047,105.0,36.0,"Family owned, family CEO",10+ competitors,0.0
3944,Germany,34.0,2.38888883590698,300.0,30.0,"Family owned, family CEO", 5-9 competitors,0.0
3946,Germany,24.0,2.94444441795349,300.0,9.0,Dispersed Shareholders, 5-9 competitors,1.0
3948,Germany,28.0,3.38888883590698,185.0,50.0,"Family owned, family CEO", 5-9 competitors,0.0
3950,Germany,35.0,3.44444441795349,137.0,40.0,"Family owned, family CEO",10+ competitors,0.0
3951,Germany,36.0,3.29411768913269,2000.0,7.0,Dispersed Shareholders, 5-9 competitors,1.0
3951,Germany,36.0,3.72222232818604,2000.0,7.0,Dispersed Shareholders, 5-9 competitors,1.0
3953,Germany,30.0,2.61111116409302,600.0,86.0,"Family owned, family CEO",10+ competitors,1.0
3953,Germany,30.0,3.22222232818604,700.0,86.0,"Family owned, family CEO",10+ competitors,1.0
3954,Germany,34.0,2.16666674613953,300.0,23.0,"Founder owned, founder CEO",10+ competitors,0.0
3955,Germany,34.0,3.66666674613953,550.0,192.0,"Family owned, external CEO",10+ competitors,0.0
3957,Germany,36.0,3.05555558204651,150.0,12.0,Dispersed Shareholders,10+ competitors,1.0
3958,Germany,26.0,3.11111116409302,600.0,117.0,Private Individuals, 5-9 competitors,1.0
3959,Germany,34.0,3.11111116409302,120.0,102.0,Private Individuals,  1-4 competitors,1.0
3960,Germany,30.0,3.83333325386047,650.0,46.0,Other,  1-4 competitors,1.0
3961,Germany,35.0,2.5,230.0,34.0,"Family owned, family CEO",  1-4 competitors,0.0
3962,Germany,26.0,3.83333325386047,600.0,144.0,Private Individuals, 5-9 competitors,1.0
3963,Germany,26.0,2.66666674613953,1000.0,27.0,Dispersed Shareholders, 5-9 competitors,1.0
3963,Germany,26.0,3.27777767181396,255.0,27.0,Dispersed Shareholders, 5-9 competitors,1.0
3965,Germany,20.0,2.11111116409302,200.0,19.0,"Family owned, family CEO",  1-4 competitors,0.0
3966,Germany,28.0,3.16666674613953,320.0,17.0,Dispersed Shareholders,  1-4 competitors,1.0
3966,Germany,28.0,3.05555558204651,320.0,17.0,Dispersed Shareholders,  1-4 competitors,1.0
3967,Germany,35.0,3.61111116409302,700.0,11.0,Dispersed Shareholders,  1-4 competitors,1.0
3970,Germany,36.0,3.38888883590698,300.0,83.0,"Family owned, family CEO",10+ competitors,1.0
3971,Germany,30.0,3.44444441795349,200.0,7.0,Private Individuals,  1-4 competitors,0.0
3973,Germany,26.0,3.5,540.0,7.0,Private Equity/Venture Capital, 5-9 competitors,1.0
3974,Germany,35.0,2.61111116409302,105.0,53.0,"Family owned, family CEO",10+ competitors,0.0
3974,Germany,35.0,2.16666674613953,80.0,53.0,"Family owned, family CEO",10+ competitors,0.0
3975,Germany,33.0,3.22222232818604,200.0,105.0,"Family owned, family CEO",  1-4 competitors,0.0
3976,Germany,27.0,3.55555558204651,120.0,55.0,Other, 5-9 competitors,1.0
3980,Germany,33.0,3.38888883590698,320.0,216.0,"Family owned, family CEO",  1-4 competitors,0.0
3983,Germany,28.0,4.0,4775.0,60.0,"Family owned, external CEO",  1-4 competitors,1.0
3983,Germany,28.0,4.0,4775.0,60.0,"Family owned, external CEO",  1-4 competitors,1.0
3985,Germany,30.0,3.16666674613953,200.0,33.0,Dispersed Shareholders,10+ competitors,1.0
3987,Germany,38.0,3.33333325386047,250.0,61.0,Private Individuals,10+ competitors,1.0
3990,Germany,20.0,1.58823525905609,130.0,34.0,Private Individuals, 5-9 competitors,0.0
3992,Germany,28.0,2.88888883590698,350.0,40.0,Private Individuals,  1-4 competitors,1.0
3994,Germany,28.0,2.61111116409302,1000.0,40.0,Dispersed Shareholders,  1-4 competitors,1.0
3996,Germany,37.0,3.77777767181396,3500.0,10.0,Private Equity/Venture Capital,10+ competitors,1.0
3997,Germany,28.0,3.44444441795349,117.0,2.0,Dispersed Shareholders,10+ competitors,1.0
3998,Germany,38.0,3.38888883590698,500.0,85.0,"Family owned, family CEO", 5-9 competitors,0.0
3999,Germany,28.0,2.44444441795349,100.0,39.0,Private Individuals,  1-4 competitors,1.0
4000,Germany,20.0,2.22222232818604,270.0,18.0,"Family owned, family CEO",  1-4 competitors,0.0
4001,Germany,30.0,3.17647051811218,430.0,14.0,Private Equity/Venture Capital, 5-9 competitors,1.0
4003,Germany,28.0,3.16666674613953,3000.0,45.0,"Family owned, family CEO",  1-4 competitors,1.0
4004,Germany,34.0,4.16666650772095,720.0,25.0,Dispersed Shareholders,  1-4 competitors,1.0
4005,Germany,30.0,3.33333325386047,719.0,5.0,Private Equity/Venture Capital,10+ competitors,1.0
4005,Germany,30.0,3.5,719.0,5.0,Other, 5-9 competitors,1.0
4006,Germany,35.0,3.5,700.0,38.0,Private Individuals, 5-9 competitors,1.0
4007,Germany,34.0,3.77777767181396,800.0,25.0,Private Equity/Venture Capital,10+ competitors,1.0
4008,Germany,26.0,1.83333337306976,100.0,27.0,"Founder owned, founder CEO",  1-4 competitors,0.0
4009,Germany,35.0,3.44444441795349,120.0,74.0,Dispersed Shareholders, 5-9 competitors,1.0
4013,Germany,35.0,3.38888883590698,4307.0,142.0,Dispersed Shareholders, 5-9 competitors,1.0
4013,Germany,35.0,3.38888883590698,4307.0,142.0,Dispersed Shareholders,10+ competitors,1.0
4014,Germany,26.0,2.77777767181396,1500.0,57.0,Dispersed Shareholders, 5-9 competitors,1.0
4015,Germany,32.0,3.0,1650.0,80.0,Dispersed Shareholders,10+ competitors,1.0
4017,Germany,22.0,3.5,295.0,12.0,Dispersed Shareholders,  1-4 competitors,1.0
4019,Germany,33.0,2.44444441795349,130.0,28.0,"Family owned, family CEO",10+ competitors,1.0
4020,Germany,27.0,2.5,130.0,18.0,"Family owned, family CEO",10+ competitors,0.0
4023,Germany,35.0,3.16666674613953,220.0,7.0,Private Equity/Venture Capital,10+ competitors,1.0
4024,Germany,35.0,3.38888883590698,147.0,79.0,"Family owned, family CEO",10+ competitors,0.0
4025,Germany,34.0,3.33333325386047,700.0,8.0,Other,  1-4 competitors,1.0
4028,Germany,35.0,3.44444441795349,800.0,84.0,Dispersed Shareholders, 5-9 competitors,1.0
4029,Germany,35.0,2.23529410362244,100.0,107.0,Private Individuals, 5-9 competitors,0.0
4032,Germany,36.0,3.27777767181396,1000.0,94.0,Dispersed Shareholders, 5-9 competitors,1.0
4033,Germany,28.0,4.16666650772095,3000.0,18.0,Dispersed Shareholders,10+ competitors,1.0
4034,Germany,34.0,3.83333325386047,1800.0,53.0,"Family owned, external CEO",  1-4 competitors,1.0
4035,Germany,30.0,3.72222232818604,400.0,56.0,Private Equity/Venture Capital, 5-9 competitors,1.0
4036,Germany,20.0,3.66666674613953,800.0,118.0,Private Individuals, 5-9 competitors,0.0
4037,Germany,30.0,2.29411768913269,160.0,6.0,"Founder owned, founder CEO",10+ competitors,0.0
4038,Germany,33.0,3.72222232818604,400.0,37.0,Private Individuals,  1-4 competitors,1.0
4040,Germany,33.0,3.94444441795349,468.0,37.0,Dispersed Shareholders,10+ competitors,1.0
4040,Germany,33.0,3.22222232818604,500.0,37.0,Dispersed Shareholders,10+ competitors,1.0
4041,Germany,28.0,3.38888883590698,2700.0,7.0,Dispersed Shareholders, 5-9 competitors,1.0
4042,Germany,35.0,3.22222232818604,230.0,35.0,Dispersed Shareholders, 5-9 competitors,1.0
4043,Germany,34.0,3.16666674613953,200.0,96.0,"Family owned, family CEO", 5-9 competitors,0.0
4044,Germany,30.0,2.5,150.0,1.0,Private Individuals,10+ competitors,1.0
4045,Germany,36.0,2.27777767181396,140.0,21.0,Dispersed Shareholders,10+ competitors,0.0
4046,Germany,37.0,4.0,141.0,8.0,Dispersed Shareholders,10+ competitors,1.0
4047,Germany,28.0,3.11111116409302,220.0,1.0,Dispersed Shareholders,10+ competitors,1.0
4048,Germany,24.0,3.22222232818604,960.0,23.0,Dispersed Shareholders,10+ competitors,1.0
4048,Germany,24.0,2.94444441795349,770.0,23.0,Dispersed Shareholders,10+ competitors,1.0
4051,Germany,34.0,3.5,420.0,27.0,Private Individuals, 5-9 competitors,1.0
4052,Germany,38.0,3.55555558204651,500.0,20.0,Private Equity/Venture Capital, 5-9 competitors,1.0
4054,Germany,38.0,3.72222232818604,1000.0,5.0,Dispersed Shareholders,  1-4 competitors,1.0
4055,Germany,32.0,4.22222232818604,230.0,23.0,"Family owned, external CEO", 5-9 competitors,0.0
4056,Germany,28.0,2.27777767181396,336.0,49.0,Private Individuals,  1-4 competitors,1.0
4057,Germany,36.0,2.72222232818604,500.0,10.0,Government,  1-4 competitors,1.0
4058,Germany,34.0,3.44444441795349,2500.0,22.0,Private Individuals, 5-9 competitors,1.0
4059,Germany,20.0,3.55555558204651,4000.0,100.0,Private Individuals,10+ competitors,1.0
4060,Germany,20.0,3.0,120.0,84.0,Dispersed Shareholders,10+ competitors,1.0
4061,Germany,35.0,3.77777767181396,180.0,10.0,Private Individuals,10+ competitors,1.0
4062,Germany,20.0,3.05555558204651,1000.0,149.0,"Family owned, external CEO", 5-9 competitors,1.0
4063,Germany,26.0,2.88888883590698,330.0,52.0,Dispersed Shareholders,  1-4 competitors,1.0
4064,Germany,36.0,4.0,5249.0,12.0,Dispersed Shareholders,10+ competitors,1.0
4065,Germany,35.0,3.83333325386047,1600.0,6.0,Dispersed Shareholders,  1-4 competitors,1.0
4066,Germany,38.0,2.11111116409302,100.0,39.0,"Founder owned, founder CEO",10+ competitors,0.0
4067,Germany,36.0,2.77777767181396,450.0,60.0,"Family owned, family CEO", 5-9 competitors,1.0
4069,Germany,26.0,4.0,4182.0,11.0,Dispersed Shareholders,10+ competitors,1.0
4070,Germany,36.0,3.0,1000.0,21.0,"Founder owned, external CEO", 5-9 competitors,1.0
4072,Germany,22.0,2.94444441795349,530.0,129.0,"Family owned, family CEO",10+ competitors,0.0
4073,Germany,22.0,3.11111116409302,1300.0,142.0,"Family owned, external CEO",10+ competitors,1.0
4075,Germany,28.0,4.05555534362793,1100.0,4.0,Dispersed Shareholders,10+ competitors,1.0
4076,Germany,29.0,2.61111116409302,600.0,140.0,"Family owned, external CEO",  1-4 competitors,1.0
4077,Germany,20.0,3.27777767181396,870.0,83.0,Dispersed Shareholders,10+ competitors,0.0
4078,Germany,34.0,2.52941179275513,5636.0,153.0,Dispersed Shareholders,10+ competitors,1.0
4079,Germany,28.0,3.55555558204651,380.0,62.0,Private Individuals, 5-9 competitors,1.0
4079,Germany,28.0,2.33333325386047,385.0,62.0,Private Individuals, 5-9 competitors,1.0
4080,Germany,33.0,2.77777767181396,103.0,67.0,"Family owned, family CEO",10+ competitors,0.0
4081,Germany,35.0,2.83333325386047,4000.0,123.0,Private Individuals,  1-4 competitors,1.0
4081,Germany,35.0,3.22222232818604,2500.0,123.0,Private Individuals,  1-4 competitors,1.0
4083,Germany,30.0,3.61111116409302,800.0,108.0,Private Equity/Venture Capital, 5-9 competitors,0.0
4084,Germany,35.0,3.16666674613953,220.0,77.0,"Founder owned, external CEO",10+ competitors,0.0
4086,Germany,33.0,3.72222232818604,2500.0,10.0,Dispersed Shareholders,  1-4 competitors,1.0
4089,Germany,26.0,2.83333325386047,435.0,37.0,"Family owned, family CEO", 5-9 competitors,1.0
4090,Germany,36.0,3.94444441795349,150.0,19.0,"Founder owned, founder CEO",  1-4 competitors,1.0
4094,Germany,36.0,3.11111116409302,1700.0,10.0,Dispersed Shareholders,  1-4 competitors,1.0
4095,Germany,28.0,4.05555534362793,500.0,37.0,Dispersed Shareholders,10+ competitors,1.0
4095,Germany,28.0,2.83333325386047,1100.0,37.0,Dispersed Shareholders,10+ competitors,1.0
4096,Germany,35.0,3.22222232818604,800.0,170.0,Private Individuals, 5-9 competitors,1.0
4097,Germany,29.0,3.27777767181396,1180.0,75.0,"Family owned, family CEO",10+ competitors,1.0
4097,Germany,29.0,3.27777767181396,4200.0,75.0,"Family owned, family CEO", 5-9 competitors,1.0
4099,Germany,30.0,3.22222232818604,150.0,39.0,Dispersed Shareholders,  1-4 competitors,1.0
4100,Germany,30.0,2.79999995231628,1000.0,16.0,Dispersed Shareholders,10+ competitors,1.0
4100,Germany,30.0,3.44444441795349,1300.0,16.0,Dispersed Shareholders,10+ competitors,1.0
4101,Germany,37.0,3.55555558204651,2500.0,5.0,"Family owned, external CEO",10+ competitors,1.0
4102,Germany,30.0,4.22222232818604,2000.0,133.0,Private Equity/Venture Capital,10+ competitors,1.0
4102,Germany,30.0,4.38888883590698,2000.0,133.0,Private Equity/Venture Capital,  1-4 competitors,1.0
4103,Germany,32.0,4.11111116409302,3000.0,46.0,"Family owned, external CEO", 5-9 competitors,1.0
4104,Germany,34.0,3.38888883590698,100.0,54.0,Private Individuals,10+ competitors,0.0
4106,Germany,30.0,2.72222232818604,400.0,53.0,"Family owned, family CEO", 5-9 competitors,1.0
4107,Germany,25.0,2.5,105.0,22.0,"Family owned, family CEO",  1-4 competitors,0.0
4108,Germany,36.0,3.88888883590698,780.0,19.0,"Family owned, family CEO",10+ competitors,0.0
4108,Germany,36.0,3.88888883590698,750.0,19.0,"Family owned, family CEO",10+ competitors,0.0
4111,Germany,38.0,4.61111116409302,2446.0,139.0,"Family owned, family CEO",   0 competitors,0.0
4113,Germany,35.0,2.88888883590698,870.0,113.0,Dispersed Shareholders,10+ competitors,1.0
4114,Germany,36.0,3.33333325386047,200.0,58.0,Private Individuals,  1-4 competitors,0.0
4115,Germany,35.0,2.61111116409302,100.0,30.0,"Family owned, external CEO",10+ competitors,0.0
4116,Germany,28.0,3.22222232818604,145.0,17.0,Dispersed Shareholders, 5-9 competitors,1.0
4119,Germany,28.0,3.16666674613953,650.0,14.0,Other,10+ competitors,1.0
4120,Germany,30.0,2.61111116409302,250.0,143.0,Private Equity/Venture Capital,   0 competitors,1.0
4121,Germany,38.0,4.72222232818604,680.0,11.0,Dispersed Shareholders, 5-9 competitors,1.0
4122,Germany,38.0,2.88888883590698,600.0,61.0,Other,10+ competitors,1.0
4123,Germany,37.0,2.61111116409302,1886.0,141.0,"Family owned, family CEO",  1-4 competitors,1.0
4124,Germany,34.0,3.77777767181396,1500.0,39.0,"Founder owned, founder CEO",  1-4 competitors,0.0
4126,Germany,35.0,2.72222232818604,1600.0,95.0,"Family owned, family CEO",10+ competitors,1.0
4127,Germany,30.0,3.16666674613953,200.0,81.0,"Family owned, family CEO",10+ competitors,0.0
4128,Germany,35.0,3.16666674613953,1025.0,111.0,"Family owned, external CEO", 5-9 competitors,0.0
4128,Germany,35.0,3.5,3000.0,111.0,"Family owned, external CEO",  1-4 competitors,0.0
4129,Germany,34.0,3.05555558204651,170.0,49.0,"Family owned, family CEO",10+ competitors,1.0
4130,Germany,24.0,3.94444441795349,1000.0,17.0,Private Equity/Venture Capital,  1-4 competitors,1.0
4131,Germany,38.0,2.72222232818604,600.0,5.0,Dispersed Shareholders,  1-4 competitors,1.0
4132,Germany,30.0,3.83333325386047,650.0,4.0,Dispersed Shareholders, 5-9 competitors,1.0
4134,Germany,38.0,3.83333325386047,300.0,30.0,Dispersed Shareholders,10+ competitors,1.0
4135,Germany,30.0,4.11111116409302,270.0,32.0,"Family owned, family CEO",10+ competitors,1.0
4137,Germany,20.0,3.94444441795349,250.0,86.0,"Family owned, family CEO",10+ competitors,0.0
4138,Germany,30.0,3.38888883590698,170.0,22.0,"Founder owned, founder CEO", 5-9 competitors,0.0
4140,Germany,26.0,2.88888883590698,2600.0,134.0,"Family owned, family CEO", 5-9 competitors,1.0
4142,Germany,20.0,3.27777767181396,190.0,28.0,Private Individuals,  1-4 competitors,1.0
4143,Germany,26.0,3.33333325386047,750.0,25.0,Dispersed Shareholders,  1-4 competitors,1.0
4144,Germany,32.0,3.05555558204651,750.0,11.0,Dispersed Shareholders,10+ competitors,1.0
4145,Germany,35.0,2.5,1500.0,133.0,Dispersed Shareholders, 5-9 competitors,1.0
4146,Germany,34.0,3.05555558204651,2300.0,68.0,"Family owned, family CEO",10+ competitors,1.0
4147,Germany,36.0,2.77777767181396,165.0,52.0,Dispersed Shareholders,  1-4 competitors,1.0
4148,Germany,35.0,2.94444441795349,2621.0,15.0,Private Individuals, 5-9 competitors,1.0
4149,Germany,24.0,3.55555558204651,285.0,29.0,Private Individuals, 5-9 competitors,1.0
4150,Germany,36.0,3.64705872535706,800.0,33.0,Dispersed Shareholders,10+ competitors,1.0
4158,Germany,36.0,2.66666674613953,325.0,11.0,"Family owned, family CEO", 5-9 competitors,1.0
4159,Germany,28.0,3.44444441795349,450.0,16.0,Dispersed Shareholders,  1-4 competitors,1.0
4163,Germany,20.0,2.66666674613953,620.0,18.0,Dispersed Shareholders, 5-9 competitors,1.0
4165,Germany,27.0,2.55555558204651,150.0,19.0,"Family owned, family CEO",10+ competitors,0.0
4165,Germany,27.0,2.0,150.0,19.0,"Family owned, family CEO",10+ competitors,0.0
4166,Germany,34.0,3.5,700.0,120.0,Private Individuals,10+ competitors,1.0
4167,Germany,20.0,2.44444441795349,120.0,223.0,"Family owned, family CEO",10+ competitors,0.0
4168,Germany,20.0,2.0,110.0,121.0,Dispersed Shareholders, 5-9 competitors,1.0
4169,Germany,35.0,2.22222232818604,160.0,399.0,Private Individuals,  1-4 competitors,1.0
4171,Germany,27.0,3.16666674613953,3348.0,154.0,Private Individuals,  1-4 competitors,1.0
4172,Germany,28.0,2.83333325386047,5168.0,149.0,Private Equity/Venture Capital,10+ competitors,1.0
4173,Germany,37.0,2.77777767181396,360.0,77.0,Dispersed Shareholders, 5-9 competitors,0.0
4174,Germany,35.0,3.77777767181396,1500.0,57.0,"Family owned, family CEO",10+ competitors,1.0
4176,Germany,35.0,2.88888883590698,1700.0,20.0,Private Individuals,10+ competitors,1.0
4177,Germany,27.0,2.16666674613953,150.0,37.0,"Founder owned, founder CEO",10+ competitors,0.0
4179,Germany,30.0,2.61111116409302,280.0,39.0,"Family owned, family CEO",10+ competitors,0.0
4180,Germany,30.0,2.22222232818604,400.0,33.0,"Family owned, family CEO",10+ competitors,1.0
4181,Germany,35.0,3.61111116409302,2500.0,20.0,Dispersed Shareholders, 5-9 competitors,1.0
4182,Germany,35.0,3.05555558204651,125.0,20.0,Private Individuals, 5-9 competitors,0.0
4183,Germany,27.0,3.22222232818604,160.0,8.0,"Family owned, family CEO",10+ competitors,0.0
4184,Germany,20.0,2.44444441795349,180.0,8.0,"Family owned, family CEO", 5-9 competitors,0.0
4184,Germany,20.0,2.16666674613953,3000.0,8.0,"Family owned, family CEO",  1-4 competitors,0.0
4185,Germany,20.0,2.33333325386047,350.0,4.0,Private Individuals,10+ competitors,1.0
4186,Germany,34.0,3.38888883590698,1400.0,55.0,Other, 5-9 competitors,1.0
4187,Germany,36.0,2.55555558204651,125.0,4.0,Private Individuals, 5-9 competitors,1.0
4189,Germany,37.0,4.44444465637207,950.0,75.0,"Family owned, external CEO",  1-4 competitors,0.0
4190,Germany,35.0,2.77777767181396,2000.0,25.0,Private Equity/Venture Capital, 5-9 competitors,1.0
4190,Germany,35.0,3.0,2400.0,25.0,Private Equity/Venture Capital,10+ competitors,1.0
4191,Germany,22.0,3.83333325386047,1900.0,143.0,Private Equity/Venture Capital, 5-9 competitors,1.0
4192,Germany,35.0,3.77777767181396,9165.0,55.0,"Family owned, family CEO",  1-4 competitors,0.0
4194,Germany,36.0,3.55555558204651,3500.0,72.0,Dispersed Shareholders,10+ competitors,1.0
4196,Germany,37.0,3.05555558204651,1300.0,52.0,"Family owned, family CEO", 5-9 competitors,1.0
4198,Germany,26.0,3.27777767181396,500.0,38.0,Dispersed Shareholders,10+ competitors,1.0
4199,Germany,36.0,3.5,210.0,38.0,Other, 5-9 competitors,1.0
4203,Germany,24.0,3.16666674613953,180.0,50.0,"Family owned, family CEO",10+ competitors,0.0
4205,Germany,22.0,3.16666674613953,580.0,17.0,Private Individuals, 5-9 competitors,1.0
4206,Germany,38.0,3.64705872535706,250.0,17.0,Dispersed Shareholders, 5-9 competitors,1.0
4207,Germany,37.0,3.52941179275513,448.0,37.0,Private Individuals,10+ competitors,1.0
4208,Germany,37.0,3.22222232818604,1150.0,142.0,Private Individuals,  1-4 competitors,1.0
4209,Germany,35.0,3.33333325386047,4883.0,53.0,Other,  1-4 competitors,1.0
4209,Germany,35.0,3.83333325386047,4883.0,53.0,Other, 5-9 competitors,1.0
4210,Germany,35.0,3.44444441795349,8269.0,189.0,Private Individuals,  1-4 competitors,1.0
4210,Germany,35.0,2.72222232818604,8269.0,189.0,Private Individuals, 5-9 competitors,1.0
4211,Germany,20.0,2.22222232818604,160.0,124.0,Private Individuals,10+ competitors,1.0
4213,Germany,23.0,3.05555558204651,108.0,5.0,"Family owned, family CEO",10+ competitors,1.0
4214,Germany,35.0,2.44444441795349,130.0,116.0,"Family owned, family CEO",  1-4 competitors,0.0
4215,Germany,35.0,3.83333325386047,590.0,87.0,Private Individuals,10+ competitors,0.0
4216,Germany,35.0,4.27777767181396,430.0,76.0,Dispersed Shareholders,  1-4 competitors,1.0
4217,Germany,35.0,3.77777767181396,330.0,10.0,Dispersed Shareholders,  1-4 competitors,1.0
4218,Germany,38.0,4.11111116409302,120.0,33.0,Private Equity/Venture Capital,  1-4 competitors,1.0
4220,Germany,27.0,2.38888883590698,90.0,195.0,Private Individuals,10+ competitors,0.0
4220,Germany,27.0,3.05555558204651,95.0,195.0,Private Individuals,10+ competitors,0.0
4221,Germany,30.0,3.77777767181396,150.0,32.0,Dispersed Shareholders,10+ competitors,0.0
4221,Germany,30.0,2.61111116409302,200.0,32.0,Dispersed Shareholders,10+ competitors,0.0
4223,Germany,32.0,3.05555558204651,400.0,74.0,"Family owned, external CEO",  1-4 competitors,1.0
4224,Germany,36.0,3.33333325386047,700.0,26.0,Dispersed Shareholders,10+ competitors,1.0
4441,France,30.0,3.27777767181396,337.0,59.0,Dispersed Shareholders, 5-9 competitors,1.0
4443,France,33.0,2.33333325386047,100.0,134.0,Dispersed Shareholders,  1-4 competitors,0.0
4444,France,35.0,1.70588231086731,240.0,156.0,"Family owned, family CEO", 5-9 competitors,0.0
4446,France,36.0,2.94117641448975,467.0,146.0,Dispersed Shareholders,10+ competitors,0.0
4448,France,34.0,3.05555558204651,188.0,50.0,Other, 5-9 competitors,1.0
4450,France,35.0,2.33333325386047,169.0,72.0,Private Individuals,  1-4 competitors,1.0
4452,France,20.0,3.5,1000.0,263.0,Private Individuals,10+ competitors,1.0
4454,France,34.0,1.88888883590698,184.0,7.0,Private Individuals,  1-4 competitors,1.0
4455,France,20.0,3.33333325386047,187.0,32.0,Private Individuals, 5-9 competitors,1.0
4457,France,26.0,2.88888883590698,312.0,31.0,Private Equity/Venture Capital,10+ competitors,1.0
4459,France,24.0,1.66666662693024,1400.0,31.0,Private Equity/Venture Capital,  1-4 competitors,1.0
4462,France,33.0,3.05555558204651,580.0,18.0,Private Individuals, 5-9 competitors,0.0
4463,France,28.0,2.83333325386047,600.0,35.0,Government,  1-4 competitors,1.0
4464,France,20.0,3.33333325386047,450.0,31.0,Other,  1-4 competitors,1.0
4466,France,22.0,2.77777767181396,298.0,108.0,Private Individuals, 5-9 competitors,0.0
4467,France,35.0,3.22222232818604,1413.0,46.0,Dispersed Shareholders, 5-9 competitors,1.0
4468,France,28.0,3.22222232818604,168.0,7.0,Dispersed Shareholders,10+ competitors,1.0
4474,France,23.0,2.94444441795349,175.0,55.0,"Family owned, family CEO",10+ competitors,1.0
4475,France,28.0,3.22222232818604,220.0,28.0,"Founder owned, external CEO",10+ competitors,1.0
4476,France,22.0,3.33333325386047,440.0,60.0,"Family owned, family CEO",10+ competitors,0.0
4478,France,23.0,2.88888883590698,210.0,28.0,"Family owned, family CEO",10+ competitors,0.0
4480,France,28.0,1.77777779102325,150.0,20.0,Dispersed Shareholders,10+ competitors,1.0
4482,France,30.0,3.0,140.0,26.0,"Family owned, family CEO",10+ competitors,1.0
4483,France,28.0,3.61111116409302,200.0,27.0,Private Equity/Venture Capital,10+ competitors,1.0
4484,France,30.0,3.29411768913269,214.0,85.0,Private Individuals,10+ competitors,0.0
4485,France,30.0,1.88888883590698,370.0,27.0,"Family owned, family CEO",10+ competitors,1.0
4486,France,35.0,3.83333325386047,1500.0,27.0,Dispersed Shareholders,  1-4 competitors,1.0
4488,France,38.0,3.38888883590698,500.0,46.0,"Family owned, external CEO",  1-4 competitors,1.0
4489,France,36.0,3.0,160.0,11.0,Private Individuals,10+ competitors,0.0
4490,France,34.0,3.0,250.0,26.0,Dispersed Shareholders, 5-9 competitors,1.0
4491,France,20.0,1.72222220897675,119.0,57.0,Private Individuals,  1-4 competitors,1.0
4492,France,22.0,2.64705872535706,126.0,26.0,"Founder owned, founder CEO",10+ competitors,0.0
4494,France,35.0,3.38888883590698,200.0,151.0,"Family owned, family CEO",10+ competitors,0.0
4497,France,36.0,3.94444441795349,121.0,24.0,Dispersed Shareholders,10+ competitors,1.0
4498,France,33.0,3.44444441795349,190.0,25.0,Dispersed Shareholders,  1-4 competitors,1.0
4499,France,36.0,3.38888883590698,1300.0,70.0,"Family owned, family CEO",10+ competitors,1.0
4500,France,34.0,2.5,220.0,24.0,Private Individuals,  1-4 competitors,1.0
4504,France,35.0,2.16666674613953,3500.0,114.0,Private Individuals,  1-4 competitors,1.0
4506,France,27.0,2.16666674613953,289.0,22.0,"Family owned, family CEO",  1-4 competitors,0.0
4507,France,35.0,2.27777767181396,180.0,35.0,Dispersed Shareholders, 5-9 competitors,1.0
4508,France,26.0,2.38888883590698,330.0,22.0,Dispersed Shareholders,  1-4 competitors,1.0
4511,France,33.0,3.5,300.0,24.0,Dispersed Shareholders,10+ competitors,0.0
4513,France,34.0,2.23529410362244,600.0,22.0,Private Individuals,10+ competitors,1.0
4514,France,20.0,3.11111116409302,500.0,234.0,Private Individuals,10+ competitors,1.0
4515,France,35.0,2.55555558204651,100.0,21.0,Private Individuals, 5-9 competitors,1.0
4517,France,28.0,3.27777767181396,450.0,14.0,Dispersed Shareholders,10+ competitors,1.0
4520,France,33.0,2.55555558204651,600.0,21.0,Private Individuals,10+ competitors,1.0
4522,France,30.0,2.22222232818604,280.0,32.0,Other, 5-9 competitors,0.0
4524,France,36.0,3.61111116409302,600.0,22.0,Private Individuals,10+ competitors,1.0
4525,France,37.0,3.27777767181396,168.0,21.0,Private Individuals,10+ competitors,1.0
4527,France,20.0,1.94444441795349,255.0,21.0,"Founder owned, founder CEO", 5-9 competitors,1.0
4529,France,39.0,3.76470589637756,232.0,159.0,Dispersed Shareholders,10+ competitors,1.0
4530,France,25.0,2.83333325386047,181.0,94.0,Dispersed Shareholders,10+ competitors,1.0
4531,France,37.0,2.76470589637756,182.0,107.0,Dispersed Shareholders,  1-4 competitors,1.0
4533,France,27.0,2.11111116409302,108.0,111.0,"Family owned, family CEO",10+ competitors,0.0
4534,France,37.0,3.77777767181396,204.0,49.0,"Family owned, family CEO",  1-4 competitors,1.0
4536,France,35.0,2.11111116409302,1500.0,20.0,"Founder owned, founder CEO",  1-4 competitors,1.0
4536,France,35.0,2.38888883590698,4500.0,20.0,"Founder owned, founder CEO",  1-4 competitors,1.0
4537,France,35.0,3.27777767181396,300.0,20.0,Dispersed Shareholders, 5-9 competitors,1.0
4542,France,20.0,3.38888883590698,320.0,19.0,Other,  1-4 competitors,1.0
4544,France,37.0,4.22222232818604,2679.0,19.0,Government, 5-9 competitors,1.0
4545,France,36.0,3.05882358551025,1100.0,19.0,Dispersed Shareholders,10+ competitors,1.0
4550,France,36.0,3.72222232818604,655.0,53.0,Dispersed Shareholders,  1-4 competitors,1.0
4551,France,35.0,2.66666674613953,135.0,17.0,"Founder owned, external CEO", 5-9 competitors,0.0
4552,France,28.0,3.27777767181396,484.0,19.0,Dispersed Shareholders, 5-9 competitors,1.0
4553,France,38.0,2.94444441795349,1200.0,18.0,"Family owned, family CEO",  1-4 competitors,1.0
4554,France,38.0,3.61111116409302,254.0,29.0,Dispersed Shareholders,10+ competitors,1.0
4557,France,36.0,2.5,105.0,18.0,Private Individuals, 5-9 competitors,0.0
4559,France,20.0,2.72222232818604,390.0,18.0,Dispersed Shareholders, 5-9 competitors,1.0
4560,France,35.0,2.27777767181396,200.0,18.0,Private Equity/Venture Capital,10+ competitors,1.0
4561,France,30.0,2.77777767181396,580.0,18.0,Dispersed Shareholders, 5-9 competitors,1.0
4563,France,20.0,1.5,1700.0,18.0,Private Individuals,10+ competitors,0.0
4565,France,24.0,3.27777767181396,135.0,70.0,Private Individuals,10+ competitors,0.0
4567,France,26.0,2.83333325386047,442.0,18.0,Dispersed Shareholders,10+ competitors,1.0
4568,France,26.0,3.33333325386047,486.0,17.0,Dispersed Shareholders,  1-4 competitors,1.0
4570,France,38.0,3.17647051811218,750.0,17.0,Private Individuals,  1-4 competitors,1.0
4571,France,30.0,2.27777767181396,180.0,17.0,Private Individuals, 5-9 competitors,0.0
4572,France,35.0,2.94117641448975,60.0,17.0,Private Equity/Venture Capital,10+ competitors,1.0
4575,France,30.0,3.66666674613953,600.0,17.0,"Founder owned, founder CEO",  1-4 competitors,1.0
4576,France,27.0,2.77777767181396,120.0,24.0,"Founder owned, founder CEO", 5-9 competitors,0.0
4579,France,28.0,2.72222232818604,600.0,47.0,"Founder owned, external CEO",  1-4 competitors,0.0
4580,France,36.0,3.27777767181396,2800.0,16.0,Private Individuals,10+ competitors,1.0
4581,France,20.0,4.27777767181396,426.0,17.0,Private Individuals,10+ competitors,1.0
4582,France,22.0,2.11764717102051,360.0,16.0,Dispersed Shareholders, 5-9 competitors,0.0
4583,France,20.0,2.72222232818604,150.0,17.0,"Family owned, external CEO",10+ competitors,1.0
4584,France,38.0,2.66666674613953,300.0,43.0,Dispersed Shareholders, 5-9 competitors,1.0
4586,France,36.0,2.66666674613953,900.0,16.0,Dispersed Shareholders,10+ competitors,1.0
4587,France,33.0,2.83333325386047,226.0,87.0,"Family owned, family CEO",10+ competitors,0.0
4588,France,20.0,2.94444441795349,185.0,42.0,"Family owned, family CEO",10+ competitors,0.0
4589,France,26.0,3.05555558204651,540.0,55.0,Private Individuals,10+ competitors,1.0
4591,France,28.0,2.5,155.0,16.0,Private Individuals,10+ competitors,0.0
4592,France,22.0,2.33333325386047,105.0,16.0,"Family owned, family CEO",  1-4 competitors,1.0
4593,France,34.0,3.5,140.0,39.0,"Family owned, family CEO",  1-4 competitors,0.0
4593,France,34.0,3.16666674613953,120.0,39.0,"Family owned, family CEO",  1-4 competitors,0.0
4594,France,20.0,2.94444441795349,556.0,16.0,Dispersed Shareholders, 5-9 competitors,1.0
4595,France,25.0,3.33333325386047,26.0,76.0,Private Individuals,  1-4 competitors,1.0
4596,France,36.0,3.77777767181396,1500.0,38.0,Other,10+ competitors,1.0
4597,France,23.0,2.94444441795349,190.0,106.0,Private Individuals,  1-4 competitors,0.0
4598,France,23.0,2.66666674613953,2000.0,16.0,"Family owned, family CEO",10+ competitors,1.0
4599,France,35.0,3.11111116409302,165.0,15.0,Dispersed Shareholders,10+ competitors,1.0
4600,France,23.0,3.5,350.0,15.0,Private Individuals,10+ competitors,1.0
4601,France,35.0,3.38888883590698,125.0,15.0,Private Individuals,  1-4 competitors,1.0
4606,France,38.0,3.16666674613953,110.0,15.0,"Founder owned, founder CEO", 5-9 competitors,1.0
4606,France,38.0,2.94117641448975,120.0,15.0,"Founder owned, founder CEO", 5-9 competitors,1.0
4607,France,28.0,2.83333325386047,1046.0,15.0,Private Individuals,10+ competitors,0.0
4609,France,35.0,1.5,450.0,15.0,"Founder owned, founder CEO",  1-4 competitors,0.0
4611,France,34.0,3.22222232818604,100.0,14.0,Dispersed Shareholders,  1-4 competitors,1.0
4614,France,30.0,3.38888883590698,108.0,29.0,"Family owned, external CEO", 5-9 competitors,1.0
4615,France,30.0,3.0,240.0,14.0,"Founder owned, founder CEO", 5-9 competitors,0.0
4616,France,20.0,1.61111116409302,205.0,13.0,"Family owned, family CEO",  1-4 competitors,0.0
4617,France,20.0,2.82352948188782,1440.0,14.0,Other,  1-4 competitors,0.0
4618,France,35.0,2.94444441795349,330.0,14.0,Private Individuals,  1-4 competitors,1.0
4621,France,36.0,3.11764717102051,500.0,20.0,Private Individuals,10+ competitors,1.0
4622,France,30.0,3.05882358551025,55.0,13.0,Private Individuals,10+ competitors,1.0
4623,France,37.0,3.27777767181396,323.0,87.0,Private Individuals,10+ competitors,0.0
4626,France,30.0,3.38888883590698,638.0,101.0,Other, 5-9 competitors,1.0
4628,France,37.0,3.72222232818604,629.0,37.0,Private Individuals, 5-9 competitors,1.0
4629,France,28.0,3.27777767181396,250.0,13.0,Dispersed Shareholders, 5-9 competitors,1.0
4630,France,33.0,3.94444441795349,800.0,13.0,Private Equity/Venture Capital,  1-4 competitors,1.0
4631,France,30.0,2.22222232818604,200.0,101.0,"Family owned, family CEO", 5-9 competitors,1.0
4635,France,20.0,2.55555558204651,124.0,12.0,"Family owned, family CEO",10+ competitors,0.0
4637,France,20.0,2.94444441795349,178.0,12.0,Private Individuals,  1-4 competitors,0.0
4638,France,34.0,3.11111116409302,1200.0,7.0,Private Individuals,  1-4 competitors,1.0
4638,France,34.0,3.22222232818604,2600.0,7.0,Private Individuals,  1-4 competitors,1.0
4640,France,39.0,3.76470589637756,400.0,12.0,Dispersed Shareholders,  1-4 competitors,1.0
4641,France,20.0,2.92857146263123,100.0,12.0,Dispersed Shareholders,10+ competitors,0.0
4642,France,34.0,3.58823537826538,220.0,88.0,Private Individuals,10+ competitors,0.0
4644,France,35.0,3.44444441795349,454.0,12.0,Dispersed Shareholders,10+ competitors,1.0
4645,France,28.0,3.55555558204651,700.0,12.0,Other, 5-9 competitors,0.0
4646,France,36.0,3.0,314.0,12.0,Dispersed Shareholders,10+ competitors,1.0
4647,France,26.0,3.27777767181396,280.0,12.0,Dispersed Shareholders,10+ competitors,1.0
4648,France,20.0,3.05555558204651,78.0,12.0,Dispersed Shareholders,10+ competitors,0.0
4649,France,32.0,2.44444441795349,228.0,100.0,Dispersed Shareholders,10+ competitors,1.0
4650,France,20.0,3.0,350.0,33.0,Private Individuals,10+ competitors,1.0
4652,France,37.0,1.77777779102325,137.0,83.0,Government,  1-4 competitors,1.0
4653,France,28.0,2.66666674613953,180.0,35.0,Dispersed Shareholders, 5-9 competitors,1.0
4654,France,26.0,2.77777767181396,160.0,10.0,"Family owned, family CEO", 5-9 competitors,1.0
4656,France,24.0,2.77777767181396,200.0,39.0,"Family owned, family CEO",10+ competitors,0.0
4658,France,33.0,3.38888883590698,120.0,10.0,Private Individuals,  1-4 competitors,1.0
4659,France,34.0,3.27777767181396,222.0,31.0,Private Equity/Venture Capital,10+ competitors,0.0
4660,France,25.0,2.82352948188782,320.0,10.0,Private Individuals,  1-4 competitors,0.0
4661,France,34.0,2.64705872535706,370.0,10.0,Private Equity/Venture Capital,10+ competitors,1.0
4662,France,28.0,3.0,275.0,10.0,Dispersed Shareholders,  1-4 competitors,1.0
4663,France,28.0,3.88888883590698,525.0,10.0,Dispersed Shareholders,10+ competitors,1.0
4664,France,28.0,3.55555558204651,700.0,9.0,Dispersed Shareholders,  1-4 competitors,1.0
4672,France,32.0,3.33333325386047,87.0,22.0,Dispersed Shareholders,  1-4 competitors,1.0
4673,France,25.0,2.88888883590698,230.0,50.0,Private Individuals,  1-4 competitors,1.0
4674,France,39.0,2.94117641448975,300.0,8.0,Dispersed Shareholders, 5-9 competitors,1.0
4676,France,26.0,3.22222232818604,200.0,8.0,Dispersed Shareholders,10+ competitors,1.0
4677,France,26.0,3.77777767181396,286.0,7.0,Private Individuals, 5-9 competitors,0.0
4678,France,30.0,2.16666674613953,150.0,46.0,"Family owned, family CEO",  1-4 competitors,0.0
4679,France,26.0,3.22222232818604,120.0,134.0,Dispersed Shareholders, 5-9 competitors,0.0
4680,France,34.0,3.55555558204651,1080.0,7.0,"Family owned, family CEO",10+ competitors,1.0
4681,France,20.0,2.16666674613953,330.0,7.0,"Family owned, family CEO",  1-4 competitors,1.0
4682,France,26.0,2.94444441795349,100.0,6.0,Private Individuals,  1-4 competitors,1.0
4686,France,20.0,2.23529410362244,400.0,131.0,Private Individuals,  1-4 competitors,0.0
4687,France,20.0,3.55555558204651,232.0,6.0,"Family owned, family CEO",10+ competitors,0.0
4688,France,36.0,3.72222232818604,230.0,6.0,Dispersed Shareholders, 5-9 competitors,1.0
4690,France,30.0,3.16666674613953,500.0,6.0,Private Individuals,10+ competitors,1.0
4692,France,26.0,3.16666674613953,181.0,88.0,Dispersed Shareholders,10+ competitors,1.0
4694,France,35.0,3.27777767181396,200.0,59.0,Private Individuals,  1-4 competitors,1.0
4695,France,20.0,4.11111116409302,139.0,5.0,Private Individuals,10+ competitors,1.0
4696,France,34.0,2.52941179275513,146.0,45.0,Dispersed Shareholders,  1-4 competitors,1.0
4698,France,26.0,2.88888883590698,176.0,4.0,Dispersed Shareholders,  1-4 competitors,1.0
4699,France,30.0,4.11111116409302,230.0,4.0,Private Individuals,10+ competitors,1.0
4700,France,27.0,3.33333325386047,475.0,4.0,Private Individuals,10+ competitors,1.0
4701,France,36.0,3.16666674613953,200.0,4.0,Dispersed Shareholders,10+ competitors,1.0
4702,France,35.0,1.94444441795349,230.0,3.0,Private Individuals,  1-4 competitors,1.0
4703,France,30.0,3.33333325386047,1700.0,51.0,Private Individuals, 5-9 competitors,1.0
4706,France,37.0,2.72222232818604,200.0,34.0,Private Individuals,10+ competitors,1.0
4709,France,34.0,2.05882358551025,450.0,84.0,"Family owned, family CEO",10+ competitors,1.0
4710,France,32.0,2.38888883590698,113.0,49.0,"Family owned, family CEO",  1-4 competitors,0.0
4712,France,33.0,3.44444441795349,350.0,86.0,Private Individuals,  1-4 competitors,1.0
4719,France,20.0,3.0,105.0,120.0,Dispersed Shareholders,  1-4 competitors,0.0
4723,France,34.0,3.22222232818604,550.0,112.0,Private Equity/Venture Capital,10+ competitors,1.0
4727,France,28.0,3.55555558204651,180.0,71.0,Dispersed Shareholders, 5-9 competitors,1.0
4728,France,34.0,3.22222232818604,132.0,34.0,Dispersed Shareholders,  1-4 competitors,1.0
4729,France,34.0,2.88888883590698,1000.0,87.0,Dispersed Shareholders,10+ competitors,1.0
4730,France,37.0,3.88888883590698,65682.0,77.0,Private Individuals,  1-4 competitors,1.0
4732,France,30.0,2.5,103.0,52.0,Dispersed Shareholders,  1-4 competitors,0.0
4735,France,28.0,2.5,401.0,60.0,"Family owned, family CEO",10+ competitors,1.0
4736,France,36.0,4.52941179275513,2000.0,20.0,Private Individuals, 5-9 competitors,1.0
4737,France,20.0,3.47058820724487,220.0,52.0,Private Individuals,  1-4 competitors,1.0
4740,France,32.0,3.05555558204651,2500.0,98.0,"Family owned, family CEO", 5-9 competitors,1.0
4743,France,28.0,3.94444441795349,268.0,68.0,Dispersed Shareholders,   0 competitors,1.0
4745,France,28.0,3.27777767181396,3000.0,263.0,Private Individuals, 5-9 competitors,1.0
4746,France,20.0,3.16666674613953,180.0,80.0,Dispersed Shareholders,  1-4 competitors,1.0
4747,France,32.0,2.88888883590698,3000.0,51.0,Private Equity/Venture Capital,10+ competitors,1.0
4748,France,20.0,3.94444441795349,2500.0,132.0,Private Equity/Venture Capital,  1-4 competitors,1.0
4749,France,28.0,3.38888883590698,100.0,51.0,Dispersed Shareholders,  1-4 competitors,1.0
4750,France,24.0,1.72222220897675,100.0,166.0,"Family owned, family CEO", 5-9 competitors,0.0
4751,France,20.0,3.72222232818604,250.0,185.0,Private Individuals,10+ competitors,1.0
4752,France,20.0,3.22222232818604,280.0,87.0,Dispersed Shareholders,  1-4 competitors,1.0
4753,France,28.0,3.16666674613953,110.0,40.0,Dispersed Shareholders,  1-4 competitors,1.0
4754,France,30.0,3.94444441795349,1200.0,74.0,Dispersed Shareholders, 5-9 competitors,1.0
4756,France,35.0,4.44444465637207,643.0,50.0,Dispersed Shareholders, 5-9 competitors,1.0
4757,France,28.0,3.83333325386047,700.0,50.0,Dispersed Shareholders,  1-4 competitors,1.0
4758,France,28.0,2.55555558204651,550.0,81.0,Dispersed Shareholders, 5-9 competitors,1.0
4759,France,28.0,2.82352948188782,400.0,53.0,"Family owned, external CEO",10+ competitors,1.0
4762,France,34.0,3.94444441795349,245.0,60.0,Dispersed Shareholders, 5-9 competitors,1.0
4763,France,34.0,3.05555558204651,240.0,86.0,Dispersed Shareholders, 5-9 competitors,1.0
4765,France,28.0,4.0,800.0,192.0,Dispersed Shareholders, 5-9 competitors,1.0
4768,France,20.0,3.16666674613953,130.0,79.0,Other,10+ competitors,1.0
4772,France,28.0,3.27777767181396,2000.0,49.0,Private Individuals,10+ competitors,1.0
4774,France,35.0,2.83333325386047,150.0,37.0,Private Individuals,10+ competitors,1.0
4775,France,28.0,3.44444441795349,120.0,50.0,Dispersed Shareholders,10+ competitors,1.0
4777,France,28.0,3.77777767181396,755.0,263.0,Private Individuals,10+ competitors,1.0
4779,France,39.0,1.70588231086731,50.0,119.0,"Family owned, family CEO",  1-4 competitors,0.0
4781,France,35.0,2.11111116409302,250.0,77.0,Dispersed Shareholders,10+ competitors,1.0
4782,France,34.0,3.27777767181396,200.0,100.0,Private Individuals,10+ competitors,0.0
4784,France,26.0,4.16666650772095,2300.0,92.0,Private Individuals, 5-9 competitors,1.0
4785,France,28.0,2.82352948188782,600.0,286.0,Other, 5-9 competitors,1.0
4786,France,26.0,3.0,248.0,91.0,Dispersed Shareholders,10+ competitors,1.0
4787,France,30.0,2.83333325386047,200.0,49.0,Dispersed Shareholders,  1-4 competitors,1.0
4788,France,22.0,2.77777767181396,200.0,103.0,"Family owned, family CEO", 5-9 competitors,0.0
4788,France,22.0,2.38888883590698,180.0,103.0,"Family owned, family CEO",  1-4 competitors,0.0
4790,France,23.0,3.77777767181396,420.0,58.0,Dispersed Shareholders,10+ competitors,1.0
4791,France,20.0,1.88235294818878,144.0,87.0,Other,  1-4 competitors,0.0
4792,France,34.0,3.88888883590698,521.0,173.0,Dispersed Shareholders,10+ competitors,1.0
4794,France,34.0,2.55555558204651,600.0,48.0,Private Individuals, 5-9 competitors,0.0
4795,France,28.0,2.66666674613953,135.0,47.0,Dispersed Shareholders,10+ competitors,1.0
4795,France,28.0,3.0,130.0,47.0,Dispersed Shareholders, 5-9 competitors,1.0
4796,France,34.0,3.61111116409302,750.0,47.0,"Founder owned, founder CEO", 5-9 competitors,1.0
4797,France,25.0,3.05555558204651,177.0,48.0,Private Individuals,10+ competitors,1.0
4798,France,20.0,2.66666674613953,166.0,108.0,"Family owned, family CEO", 5-9 competitors,0.0
4799,France,28.0,3.88888883590698,600.0,62.0,Other, 5-9 competitors,1.0
4800,France,32.0,1.94444441795349,80.0,78.0,"Family owned, family CEO",10+ competitors,0.0
4801,France,36.0,3.11111116409302,3000.0,47.0,Dispersed Shareholders, 5-9 competitors,1.0
4802,France,30.0,1.66666662693024,160.0,38.0,"Family owned, family CEO",  1-4 competitors,0.0
4803,France,36.0,2.77777767181396,213.0,59.0,Private Individuals,10+ competitors,1.0
4805,France,28.0,2.88235282897949,155.0,122.0,Dispersed Shareholders, 5-9 competitors,1.0
4806,France,23.0,3.44444441795349,100.0,46.0,Private Individuals, 5-9 competitors,1.0
4807,France,36.0,2.72222232818604,250.0,57.0,Other,10+ competitors,1.0
4808,France,39.0,4.22222232818604,338.0,36.0,Dispersed Shareholders,10+ competitors,1.0
4810,France,34.0,2.76470589637756,180.0,72.0,Private Equity/Venture Capital,  1-4 competitors,1.0
4811,France,28.0,2.72222232818604,214.0,35.0,Dispersed Shareholders, 5-9 competitors,1.0
4813,France,20.0,4.33333349227905,700.0,43.0,Dispersed Shareholders,10+ competitors,1.0
4814,France,35.0,3.05555558204651,150.0,44.0,Dispersed Shareholders,10+ competitors,1.0
4815,France,28.0,2.38888883590698,550.0,40.0,Private Individuals, 5-9 competitors,1.0
4817,France,34.0,2.55555558204651,152.0,42.0,Private Individuals,  1-4 competitors,0.0
4818,France,33.0,3.55555558204651,250.0,48.0,Private Individuals,10+ competitors,1.0
4819,France,38.0,2.0,218.0,126.0,"Family owned, family CEO",  1-4 competitors,0.0
4820,France,39.0,3.05555558204651,1000.0,46.0,"Family owned, family CEO",  1-4 competitors,1.0
4821,France,26.0,3.22222232818604,120.0,12.0,Private Individuals,10+ competitors,1.0
4821,France,26.0,3.27777767181396,125.0,12.0,Private Individuals, 5-9 competitors,1.0
4822,France,34.0,2.55555558204651,300.0,41.0,Private Individuals,  1-4 competitors,1.0
4824,France,25.0,2.41176462173462,113.0,57.0,Private Individuals,  1-4 competitors,0.0
4824,France,25.0,2.16666674613953,250.0,57.0,Private Individuals, 5-9 competitors,0.0
4825,France,35.0,3.55555558204651,350.0,51.0,Private Individuals,  1-4 competitors,1.0
4826,France,36.0,3.61111116409302,2500.0,40.0,Dispersed Shareholders, 5-9 competitors,1.0
4826,France,36.0,3.55555558204651,1200.0,40.0,Dispersed Shareholders,10+ competitors,1.0
4828,France,35.0,3.61111116409302,250.0,30.0,Private Equity/Venture Capital,  1-4 competitors,1.0
4829,France,30.0,3.11111116409302,110.0,39.0,"Founder owned, founder CEO",10+ competitors,0.0
4830,France,34.0,3.0,167.0,52.0,Dispersed Shareholders,10+ competitors,1.0
4831,France,36.0,3.88888883590698,700.0,50.0,Dispersed Shareholders,  1-4 competitors,1.0
4832,France,34.0,2.41176462173462,70.0,45.0,Private Individuals,10+ competitors,1.0
4836,France,35.0,3.0,110.0,78.0,Government,10+ competitors,1.0
4838,France,28.0,3.27777767181396,280.0,35.0,Government,10+ competitors,1.0
4839,France,24.0,2.5,100.0,59.0,Private Individuals,  1-4 competitors,0.0
4841,France,37.0,2.35294127464294,900.0,43.0,Government,10+ competitors,1.0
4842,France,26.0,3.11111116409302,120.0,37.0,Dispersed Shareholders,10+ competitors,1.0
4843,France,33.0,2.22222232818604,955.0,83.0,Dispersed Shareholders,10+ competitors,1.0
4844,France,36.0,3.72222232818604,1400.0,37.0,Dispersed Shareholders,  1-4 competitors,1.0
4845,France,35.0,2.55555558204651,320.0,74.0,"Family owned, family CEO",  1-4 competitors,0.0
4847,France,36.0,2.55555558204651,170.0,74.0,Private Individuals,  1-4 competitors,0.0
4848,France,20.0,3.05555558204651,500.0,38.0,Other,10+ competitors,1.0
4849,France,35.0,2.94444441795349,280.0,84.0,"Family owned, family CEO", 5-9 competitors,1.0
4849,France,35.0,2.94444441795349,234.0,84.0,"Family owned, family CEO", 5-9 competitors,1.0
4850,France,20.0,3.5,2000.0,51.0,Other, 5-9 competitors,0.0
4851,France,35.0,4.22222232818604,636.0,35.0,"Family owned, external CEO", 5-9 competitors,1.0
4852,France,34.0,2.77777767181396,130.0,36.0,"Family owned, family CEO",10+ competitors,0.0
4853,France,28.0,2.72222232818604,170.0,117.0,Dispersed Shareholders,10+ competitors,1.0
4855,France,20.0,2.44444441795349,730.0,16.0,Other,10+ competitors,0.0
4855,France,20.0,3.5,650.0,16.0,Other,10+ competitors,0.0
4857,France,23.0,1.82352936267853,400.0,93.0,Government, 5-9 competitors,1.0
4860,France,36.0,3.55555558204651,1284.0,33.0,Dispersed Shareholders,10+ competitors,1.0
4861,France,34.0,3.27777767181396,120.0,51.0,Dispersed Shareholders,  1-4 competitors,1.0
4862,France,28.0,2.94444441795349,210.0,33.0,"Family owned, family CEO",  1-4 competitors,0.0
4864,France,34.0,2.88888883590698,420.0,68.0,"Family owned, family CEO", 5-9 competitors,1.0
4868,France,28.0,2.88888883590698,330.0,36.0,Dispersed Shareholders, 5-9 competitors,1.0
4869,France,33.0,2.52941179275513,240.0,41.0,Other,  1-4 competitors,1.0
4870,France,37.0,3.88888883590698,278.0,126.0,Dispersed Shareholders, 5-9 competitors,1.0
4873,France,35.0,3.5,617.0,100.0,Dispersed Shareholders,10+ competitors,1.0
4874,France,36.0,1.77777779102325,140.0,60.0,"Founder owned, founder CEO",10+ competitors,0.0
4876,France,36.0,3.76470589637756,555.0,74.0,Dispersed Shareholders,  1-4 competitors,1.0
4877,France,23.0,2.41176462173462,160.0,38.0,Private Individuals,10+ competitors,0.0
4878,France,33.0,2.33333325386047,200.0,52.0,Dispersed Shareholders, 5-9 competitors,1.0
4879,France,20.0,3.66666674613953,600.0,27.0,Other, 5-9 competitors,0.0
4881,France,20.0,1.82352936267853,240.0,50.0,Other, 5-9 competitors,0.0
4882,France,28.0,2.88888883590698,200.0,32.0,Dispersed Shareholders,10+ competitors,1.0
4883,France,33.0,3.94444441795349,124.0,34.0,Dispersed Shareholders,  1-4 competitors,1.0
4884,France,35.0,3.22222232818604,240.0,48.0,Dispersed Shareholders,10+ competitors,1.0
4886,France,34.0,2.70588231086731,168.0,42.0,Private Equity/Venture Capital,10+ competitors,1.0
4887,France,32.0,1.88235294818878,90.0,51.0,Private Individuals,10+ competitors,1.0
4888,France,20.0,2.72222232818604,222.0,35.0,Private Individuals,10+ competitors,0.0
4889,France,20.0,3.05555558204651,600.0,38.0,Other,10+ competitors,1.0
4890,France,36.0,3.33333325386047,125.0,33.0,Dispersed Shareholders, 5-9 competitors,1.0
4891,France,29.0,2.88888883590698,312.0,75.0,"Family owned, family CEO",10+ competitors,1.0
4892,France,35.0,2.0625,150.0,33.0,"Family owned, family CEO",10+ competitors,0.0
4894,France,34.0,3.22222232818604,612.0,74.0,Dispersed Shareholders,  1-4 competitors,1.0
4895,France,28.0,3.17647051811218,600.0,89.0,Dispersed Shareholders,10+ competitors,1.0
4896,France,32.0,2.83333325386047,210.0,531.0,"Family owned, family CEO", 5-9 competitors,0.0
4897,France,36.0,3.0,107.0,49.0,Private Equity/Venture Capital,10+ competitors,1.0
4898,France,23.0,1.83333337306976,100.0,60.0,"Family owned, family CEO", 5-9 competitors,0.0
4899,France,28.0,3.11111116409302,184.0,18.0,Other,  1-4 competitors,1.0
4900,France,34.0,4.11111116409302,200.0,33.0,Dispersed Shareholders,10+ competitors,1.0
4902,France,20.0,1.88235294818878,1000.0,55.0,Government,  1-4 competitors,1.0
4905,France,36.0,3.16666674613953,150.0,18.0,Private Individuals,10+ competitors,0.0
4906,France,30.0,2.88235282897949,100.0,36.0,"Family owned, family CEO",10+ competitors,1.0
4907,France,26.0,2.94444441795349,138.0,39.0,Dispersed Shareholders,10+ competitors,1.0
4908,France,28.0,3.33333325386047,106.0,76.0,Dispersed Shareholders,  1-4 competitors,1.0
4909,France,20.0,2.38888883590698,195.0,35.0,Other,  1-4 competitors,1.0
4910,France,22.0,2.38888883590698,85.0,77.0,Dispersed Shareholders,10+ competitors,1.0
4911,France,35.0,2.64705872535706,300.0,41.0,Dispersed Shareholders,  1-4 competitors,1.0
4912,France,35.0,3.16666674613953,290.0,17.0,Private Individuals,10+ competitors,1.0
4913,France,35.0,2.5,136.0,144.0,Dispersed Shareholders, 5-9 competitors,1.0
4915,France,35.0,2.77777767181396,700.0,81.0,"Family owned, family CEO",  1-4 competitors,1.0
4916,France,35.0,3.0,247.0,84.0,Dispersed Shareholders, 5-9 competitors,1.0
4917,France,30.0,2.72222232818604,160.0,73.0,Dispersed Shareholders,10+ competitors,1.0
4918,France,28.0,3.11764717102051,182.0,44.0,Dispersed Shareholders,10+ competitors,0.0
4919,France,20.0,3.27777767181396,450.0,119.0,"Family owned, family CEO", 5-9 competitors,1.0
4920,France,33.0,3.66666674613953,2890.0,37.0,Dispersed Shareholders,  1-4 competitors,1.0
4922,France,25.0,2.77777767181396,192.0,45.0,"Founder owned, founder CEO", 5-9 competitors,1.0
4925,Great Britain,28.0,2.88235282897949,350.0,133.0,Dispersed Shareholders,  1-4 competitors,0.0
4926,Great Britain,20.0,1.55555558204651,170.0,50.0,Dispersed Shareholders,  1-4 competitors,0.0
4927,Great Britain,20.0,3.22222232818604,300.0,118.0,"Family owned, family CEO",  1-4 competitors,0.0
4928,Great Britain,36.0,3.11111116409302,100.0,117.0,Dispersed Shareholders,10+ competitors,0.0
4929,Great Britain,20.0,2.33333325386047,300.0,116.0,Private Individuals,  1-4 competitors,0.0
4932,Great Britain,28.0,3.88888883590698,300.0,167.0,Private Individuals,  1-4 competitors,1.0
4934,Great Britain,39.0,3.16666674613953,3326.0,112.0,Dispersed Shareholders,  1-4 competitors,1.0
4934,Great Britain,39.0,2.38888883590698,3326.0,112.0,Dispersed Shareholders, 5-9 competitors,1.0
4936,Great Britain,22.0,3.33333325386047,97.0,111.0,Private Individuals,10+ competitors,0.0
4937,Great Britain,28.0,1.94444441795349,100.0,110.0,"Family owned, family CEO",  1-4 competitors,0.0
4938,Great Britain,36.0,1.94444441795349,205.0,110.0,Private Individuals, 5-9 competitors,1.0
4939,Great Britain,33.0,3.27777767181396,170.0,8.0,Dispersed Shareholders,10+ competitors,1.0
4940,Great Britain,20.0,2.16666674613953,914.0,109.0,"Family owned, external CEO",10+ competitors,0.0
4941,Great Britain,20.0,2.05555558204651,300.0,199.0,Dispersed Shareholders,10+ competitors,0.0
4942,Great Britain,36.0,3.05555558204651,558.0,109.0,"Family owned, family CEO",  1-4 competitors,1.0
4944,Great Britain,32.0,3.55555558204651,1000.0,109.0,Dispersed Shareholders,10+ competitors,1.0
4945,Great Britain,33.0,3.61111116409302,1000.0,108.0,Dispersed Shareholders,10+ competitors,1.0
4946,Great Britain,20.0,3.05882358551025,3000.0,108.0,"Family owned, external CEO",  1-4 competitors,0.0
4948,Great Britain,37.0,3.88888883590698,580.0,107.0,Private Equity/Venture Capital,10+ competitors,0.0
4949,Great Britain,27.0,3.16666674613953,2000.0,100.0,Dispersed Shareholders,  1-4 competitors,1.0
4950,Great Britain,30.0,2.5,450.0,107.0,Private Equity/Venture Capital, 5-9 competitors,1.0
4951,Great Britain,20.0,3.47058820724487,550.0,107.0,Private Equity/Venture Capital,10+ competitors,1.0
4953,Great Britain,28.0,2.5,199.0,106.0,Private Individuals,10+ competitors,1.0
4954,Great Britain,27.0,2.41176462173462,120.0,106.0,"Family owned, family CEO",10+ competitors,1.0
4955,Great Britain,28.0,2.94444441795349,450.0,106.0,Dispersed Shareholders,  1-4 competitors,1.0
4956,Great Britain,25.0,4.0,201.0,105.0,Other,10+ competitors,0.0
4956,Great Britain,25.0,3.88888883590698,201.0,105.0,Other,10+ competitors,0.0
4957,Great Britain,29.0,2.05555558204651,110.0,104.0,"Family owned, family CEO",  1-4 competitors,0.0
4958,Great Britain,39.0,2.77777767181396,200.0,104.0,"Family owned, family CEO",10+ competitors,0.0
4961,Great Britain,27.0,2.38888883590698,300.0,104.0,"Family owned, external CEO", 5-9 competitors,1.0
4962,Great Britain,33.0,3.05555558204651,250.0,103.0,Dispersed Shareholders,10+ competitors,0.0
4964,Great Britain,28.0,3.83333325386047,454.0,103.0,Dispersed Shareholders,10+ competitors,1.0
4965,Great Britain,28.0,4.22222232818604,4000.0,169.0,Dispersed Shareholders, 5-9 competitors,1.0
4966,Great Britain,28.0,4.16666650772095,350.0,100.0,Private Individuals,  1-4 competitors,0.0
4967,Great Britain,34.0,3.5,700.0,100.0,"Founder owned, external CEO", 5-9 competitors,0.0
4968,Great Britain,20.0,3.11111116409302,260.0,100.0,"Founder owned, founder CEO",10+ competitors,0.0
4972,Great Britain,31.0,3.16666674613953,350.0,97.0,Dispersed Shareholders,  1-4 competitors,0.0
4973,Great Britain,37.0,3.0,280.0,97.0,Dispersed Shareholders,  1-4 competitors,0.0
4974,Great Britain,38.0,2.72222232818604,170.0,97.0,"Family owned, family CEO",10+ competitors,0.0
4975,Great Britain,26.0,3.38888883590698,300.0,96.0,Dispersed Shareholders,10+ competitors,1.0
4975,Great Britain,26.0,3.22222232818604,336.0,96.0,Dispersed Shareholders, 5-9 competitors,1.0
4976,Great Britain,20.0,2.88888883590698,400.0,96.0,"Family owned, family CEO", 5-9 competitors,0.0
4976,Great Britain,20.0,3.0,400.0,96.0,"Family owned, family CEO",10+ competitors,0.0
4979,Great Britain,32.0,2.16666674613953,450.0,96.0,Private Individuals, 5-9 competitors,1.0
4980,Great Britain,35.0,3.5,94.0,96.0,"Family owned, external CEO",  1-4 competitors,1.0
4981,Great Britain,36.0,2.5,1300.0,96.0,Dispersed Shareholders,  1-4 competitors,1.0
4983,Great Britain,27.0,2.83333325386047,138.0,94.0,"Family owned, family CEO",10+ competitors,0.0
4984,Great Britain,28.0,2.66666674613953,200.0,94.0,Private Individuals, 5-9 competitors,0.0
4984,Great Britain,28.0,3.44444441795349,220.0,94.0,Private Individuals,10+ competitors,0.0
4984,Great Britain,28.0,3.61111116409302,200.0,94.0,Private Individuals, 5-9 competitors,0.0
4985,Great Britain,35.0,2.83333325386047,200.0,110.0,"Family owned, family CEO", 5-9 competitors,0.0
4987,Great Britain,34.0,2.88888883590698,1000.0,92.0,Dispersed Shareholders,10+ competitors,1.0
4988,Great Britain,33.0,4.5,250.0,92.0,Dispersed Shareholders,   0 competitors,1.0
4992,Great Britain,30.0,3.11111116409302,95.0,88.0,"Family owned, family CEO",  1-4 competitors,1.0
4993,Great Britain,28.0,3.44444441795349,600.0,87.0,Private Individuals,  1-4 competitors,1.0
4994,Great Britain,33.0,2.35294127464294,529.0,87.0,Dispersed Shareholders,  1-4 competitors,1.0
4995,Great Britain,27.0,3.83333325386047,345.0,87.0,Private Individuals, 5-9 competitors,0.0
4996,Great Britain,33.0,2.5,2000.0,88.0,Dispersed Shareholders,10+ competitors,0.0
4998,Great Britain,39.0,2.83333325386047,400.0,87.0,"Family owned, family CEO",10+ competitors,1.0
4999,Great Britain,39.0,3.83333325386047,350.0,86.0,Private Individuals,10+ competitors,0.0
5002,Great Britain,35.0,3.11111116409302,12407.0,86.0,Dispersed Shareholders, 5-9 competitors,1.0
5003,Great Britain,27.0,1.44444441795349,300.0,86.0,"Family owned, family CEO",10+ competitors,1.0
5004,Great Britain,34.0,3.11111116409302,202.0,86.0,Dispersed Shareholders,10+ competitors,1.0
5005,Great Britain,30.0,2.66666674613953,108.0,86.0,"Family owned, family CEO",10+ competitors,0.0
5006,Great Britain,31.0,2.83333325386047,700.0,120.0,"Family owned, family CEO", 5-9 competitors,0.0
5007,Great Britain,22.0,3.83333325386047,250.0,141.0,"Family owned, external CEO",10+ competitors,1.0
5008,Great Britain,20.0,3.44444441795349,250.0,85.0,Dispersed Shareholders, 5-9 competitors,0.0
5009,Great Britain,28.0,3.55555558204651,143.0,85.0,Dispersed Shareholders,10+ competitors,1.0
5011,Great Britain,22.0,3.44444441795349,360.0,202.0,Private Individuals,10+ competitors,1.0
5013,Great Britain,34.0,1.83333337306976,1500.0,84.0,Dispersed Shareholders, 5-9 competitors,1.0
5013,Great Britain,34.0,3.27777767181396,2000.0,84.0,Dispersed Shareholders, 5-9 competitors,1.0
5016,Great Britain,36.0,4.33333349227905,250.0,83.0,Dispersed Shareholders,10+ competitors,1.0
5018,Great Britain,34.0,3.66666674613953,800.0,82.0,Dispersed Shareholders,  1-4 competitors,1.0
5019,Great Britain,39.0,1.77777779102325,181.0,82.0,"Family owned, family CEO",10+ competitors,1.0
5020,Great Britain,28.0,1.55555558204651,400.0,82.0,"Family owned, family CEO",10+ competitors,0.0
5021,Great Britain,39.0,3.61111116409302,650.0,82.0,Dispersed Shareholders,10+ competitors,1.0
5022,Great Britain,36.0,3.38888883590698,155.0,81.0,Dispersed Shareholders,10+ competitors,1.0
5024,Great Britain,30.0,3.05555558204651,209.0,81.0,Private Individuals,10+ competitors,1.0
5025,Great Britain,32.0,4.05555534362793,426.0,81.0,Dispersed Shareholders,10+ competitors,1.0
5025,Great Britain,32.0,3.88888883590698,426.0,81.0,Dispersed Shareholders, 5-9 competitors,1.0
5026,Great Britain,28.0,2.88888883590698,170.0,81.0,"Family owned, family CEO",10+ competitors,0.0
5027,Great Britain,38.0,2.0,150.0,80.0,Dispersed Shareholders,10+ competitors,1.0
5028,Great Britain,28.0,3.5,500.0,97.0,Dispersed Shareholders,10+ competitors,1.0
5029,Great Britain,20.0,3.55555558204651,128.0,80.0,Dispersed Shareholders,  1-4 competitors,1.0
5029,Great Britain,20.0,3.05555558204651,1140.0,80.0,Dispersed Shareholders,  1-4 competitors,1.0
5030,Great Britain,28.0,2.77777767181396,639.0,79.0,Dispersed Shareholders, 5-9 competitors,1.0
5031,Great Britain,39.0,3.38888883590698,170.0,79.0,Dispersed Shareholders, 5-9 competitors,0.0
5033,Great Britain,39.0,3.05555558204651,250.0,78.0,Dispersed Shareholders, 5-9 competitors,1.0
5034,Great Britain,36.0,3.61111116409302,2500.0,4.0,Other, 5-9 competitors,1.0
5035,Great Britain,36.0,3.22222232818604,869.0,77.0,Dispersed Shareholders,  1-4 competitors,1.0
5036,Great Britain,33.0,1.83333337306976,427.0,77.0,Dispersed Shareholders, 5-9 competitors,1.0
5037,Great Britain,35.0,2.27777767181396,114.0,77.0,Private Individuals,10+ competitors,1.0
5038,Great Britain,28.0,4.11111116409302,3000.0,77.0,Dispersed Shareholders,10+ competitors,1.0
5043,Great Britain,30.0,3.05555558204651,125.0,75.0,"Family owned, family CEO",10+ competitors,0.0
5045,Great Britain,24.0,3.0,850.0,74.0,Private Individuals,10+ competitors,0.0
5047,Great Britain,37.0,3.77777767181396,324.0,73.0,Private Equity/Venture Capital, 5-9 competitors,1.0
5049,Great Britain,39.0,3.5,140.0,73.0,"Family owned, family CEO", 5-9 competitors,0.0
5050,Great Britain,28.0,3.83333325386047,11629.0,150.0,Dispersed Shareholders,  1-4 competitors,1.0
5050,Great Britain,28.0,2.88888883590698,11629.0,150.0,Dispersed Shareholders,10+ competitors,1.0
5051,Great Britain,33.0,2.5,145.0,84.0,"Family owned, family CEO",10+ competitors,1.0
5052,Great Britain,20.0,3.44444441795349,1000.0,72.0,Dispersed Shareholders, 5-9 competitors,1.0
5053,Great Britain,20.0,3.22222232818604,225.0,72.0,Dispersed Shareholders,  1-4 competitors,1.0
5054,Great Britain,25.0,2.11111116409302,180.0,72.0,Private Equity/Venture Capital,  1-4 competitors,1.0
5059,Great Britain,34.0,1.94444441795349,182.0,71.0,Private Individuals,10+ competitors,1.0
5060,Great Britain,36.0,4.0,350.0,71.0,Private Equity/Venture Capital,10+ competitors,0.0
5061,Great Britain,32.0,3.94444441795349,420.0,71.0,Other,10+ competitors,1.0
5062,Great Britain,22.0,3.83333325386047,220.0,70.0,Dispersed Shareholders,10+ competitors,1.0
5063,Great Britain,30.0,3.61111116409302,400.0,70.0,Private Equity/Venture Capital,10+ competitors,1.0
5065,Great Britain,27.0,2.5,105.0,74.0,Other,10+ competitors,1.0
5066,Great Britain,23.0,2.44444441795349,80.0,70.0,"Family owned, family CEO",  1-4 competitors,0.0
5067,Great Britain,23.0,3.41176462173462,1700.0,69.0,Private Equity/Venture Capital, 5-9 competitors,1.0
5068,Great Britain,32.0,2.94444441795349,250.0,69.0,"Family owned, external CEO",10+ competitors,0.0
5070,Great Britain,33.0,2.94444441795349,750.0,151.0,"Family owned, family CEO",  1-4 competitors,1.0
5071,Great Britain,27.0,2.72222232818604,2000.0,68.0,Dispersed Shareholders,10+ competitors,1.0
5072,Great Britain,39.0,1.70588231086731,150.0,68.0,Dispersed Shareholders, 5-9 competitors,1.0
5073,Great Britain,28.0,3.44444441795349,2500.0,68.0,Dispersed Shareholders, 5-9 competitors,1.0
5075,Great Britain,34.0,2.66666674613953,220.0,67.0,"Founder owned, founder CEO",  1-4 competitors,1.0
5076,Great Britain,33.0,3.27777767181396,230.0,66.0,"Family owned, family CEO",10+ competitors,0.0
5077,Great Britain,23.0,2.72222232818604,2000.0,66.0,"Family owned, family CEO",  1-4 competitors,1.0
5078,Great Britain,34.0,3.11111116409302,1000.0,66.0,Dispersed Shareholders, 5-9 competitors,1.0
5080,Great Britain,26.0,3.16666674613953,400.0,64.0,"Family owned, family CEO",10+ competitors,0.0
5081,Great Britain,36.0,2.05555558204651,1200.0,64.0,Private Individuals,10+ competitors,1.0
5082,Great Britain,30.0,4.38888883590698,380.0,50.0,"Family owned, external CEO",10+ competitors,0.0
5083,Great Britain,27.0,3.33333325386047,270.0,63.0,Dispersed Shareholders,10+ competitors,1.0
5087,Great Britain,35.0,3.27777767181396,1000.0,23.0,Dispersed Shareholders,  1-4 competitors,1.0
5088,Great Britain,27.0,2.27777767181396,300.0,61.0,"Family owned, family CEO",10+ competitors,0.0
5092,Great Britain,36.0,2.66666674613953,120.0,60.0,Private Individuals,10+ competitors,1.0
5093,Great Britain,32.0,2.66666674613953,350.0,60.0,Dispersed Shareholders,10+ competitors,0.0
5095,Great Britain,27.0,2.55555558204651,190.0,60.0,"Family owned, family CEO",10+ competitors,0.0
5098,Great Britain,29.0,2.27777767181396,200.0,59.0,Private Individuals, 5-9 competitors,0.0
5099,Great Britain,38.0,3.11111116409302,70.0,59.0,Dispersed Shareholders,  1-4 competitors,1.0
5100,Great Britain,35.0,3.66666674613953,200.0,59.0,Private Individuals,10+ competitors,0.0
5101,Great Britain,20.0,3.11111116409302,105.0,59.0,Dispersed Shareholders,  1-4 competitors,0.0
5102,Great Britain,34.0,2.58823537826538,150.0,59.0,Dispersed Shareholders,  1-4 competitors,1.0
5103,Great Britain,28.0,2.47058820724487,70.0,59.0,"Family owned, family CEO",10+ competitors,0.0
5104,Great Britain,27.0,3.11111116409302,240.0,59.0,"Family owned, family CEO",10+ competitors,0.0
5105,Great Britain,35.0,3.38888883590698,500.0,64.0,Dispersed Shareholders,  1-4 competitors,1.0
5106,Great Britain,39.0,3.77777767181396,129.0,59.0,Dispersed Shareholders,10+ competitors,1.0
5107,Great Britain,30.0,2.77777767181396,1000.0,59.0,Dispersed Shareholders,  1-4 competitors,1.0
5108,Great Britain,20.0,1.83333337306976,200.0,59.0,"Family owned, family CEO",  1-4 competitors,1.0
5110,Great Britain,22.0,1.83333337306976,120.0,111.0,Private Individuals, 5-9 competitors,0.0
5111,Great Britain,24.0,3.94444441795349,200.0,58.0,Private Individuals,10+ competitors,0.0
5112,Great Britain,36.0,1.77777779102325,100.0,57.0,Dispersed Shareholders,  1-4 competitors,1.0
5114,Great Britain,39.0,2.88235282897949,150.0,102.0,Dispersed Shareholders, 5-9 competitors,1.0
5115,Great Britain,35.0,3.33333325386047,210.0,57.0,Dispersed Shareholders,  1-4 competitors,1.0
5116,Great Britain,27.0,2.44444441795349,200.0,57.0,"Family owned, family CEO",10+ competitors,0.0
5117,Great Britain,26.0,2.44444441795349,220.0,57.0,Private Individuals,  1-4 competitors,0.0
5118,Great Britain,38.0,2.0,550.0,56.0,"Family owned, family CEO",  1-4 competitors,0.0
5119,Great Britain,32.0,3.72222232818604,3300.0,56.0,Dispersed Shareholders, 5-9 competitors,0.0
5119,Great Britain,32.0,2.66666674613953,3500.0,56.0,Dispersed Shareholders,  1-4 competitors,0.0
5120,Great Britain,28.0,3.22222232818604,400.0,56.0,Government,10+ competitors,1.0
5122,Great Britain,34.0,1.72222220897675,100.0,55.0,"Family owned, family CEO",  1-4 competitors,1.0
5123,Great Britain,30.0,2.33333325386047,140.0,55.0,"Family owned, family CEO",10+ competitors,0.0
5124,Great Britain,24.0,2.66666674613953,500.0,55.0,Private Individuals, 5-9 competitors,1.0
5125,Great Britain,36.0,3.27777767181396,110.0,55.0,Dispersed Shareholders,  1-4 competitors,1.0
5127,Great Britain,22.0,3.05555558204651,450.0,54.0,"Family owned, family CEO",  1-4 competitors,0.0
5128,Great Britain,35.0,3.44444441795349,1000.0,54.0,Dispersed Shareholders, 5-9 competitors,1.0
5129,Great Britain,35.0,3.11111116409302,394.0,54.0,"Family owned, external CEO",  1-4 competitors,0.0
5129,Great Britain,35.0,3.16666674613953,394.0,54.0,"Family owned, external CEO",10+ competitors,0.0
5131,Great Britain,28.0,3.23529410362244,150.0,54.0,Dispersed Shareholders, 5-9 competitors,1.0
5132,Great Britain,34.0,2.125,120.0,53.0,Dispersed Shareholders,10+ competitors,1.0
5133,Great Britain,25.0,2.88888883590698,916.0,19.0,Dispersed Shareholders, 5-9 competitors,1.0
5135,Great Britain,28.0,2.77777767181396,200.0,53.0,Private Individuals,  1-4 competitors,1.0
5137,Great Britain,39.0,2.27777767181396,450.0,126.0,Dispersed Shareholders,10+ competitors,0.0
5138,Great Britain,34.0,3.83333325386047,150.0,53.0,Dispersed Shareholders,10+ competitors,1.0
5141,Great Britain,33.0,1.66666662693024,200.0,52.0,"Family owned, family CEO",  1-4 competitors,0.0
5143,Great Britain,34.0,3.0,90.0,51.0,Dispersed Shareholders,10+ competitors,1.0
5144,Great Britain,35.0,3.27777767181396,202.0,51.0,Dispersed Shareholders,  1-4 competitors,1.0
5145,Great Britain,24.0,1.83333337306976,279.0,50.0,"Family owned, family CEO",10+ competitors,0.0
5146,Great Britain,34.0,2.33333325386047,100.0,47.0,"Family owned, external CEO", 5-9 competitors,1.0
5147,Great Britain,34.0,3.0,120.0,49.0,Other,10+ competitors,1.0
5148,Great Britain,22.0,2.27777767181396,200.0,48.0,Dispersed Shareholders, 5-9 competitors,0.0
5149,Great Britain,35.0,2.61111116409302,85.0,48.0,Dispersed Shareholders,  1-4 competitors,1.0
5150,Great Britain,26.0,2.33333325386047,150.0,48.0,"Founder owned, external CEO",  1-4 competitors,1.0
5150,Great Britain,26.0,3.16666674613953,160.0,48.0,"Founder owned, external CEO",  1-4 competitors,1.0
5151,Great Britain,20.0,3.1875,633.0,48.0,Other,  1-4 competitors,1.0
5152,Great Britain,35.0,3.05555558204651,272.0,48.0,Dispersed Shareholders,  1-4 competitors,1.0
5153,Great Britain,36.0,1.66666662693024,300.0,48.0,Dispersed Shareholders,  1-4 competitors,1.0
5155,Great Britain,26.0,3.11111116409302,400.0,47.0,Dispersed Shareholders,10+ competitors,0.0
5156,Great Britain,36.0,3.22222232818604,486.0,47.0,Dispersed Shareholders, 5-9 competitors,1.0
5157,Great Britain,27.0,2.5,1500.0,47.0,"Family owned, external CEO", 5-9 competitors,1.0
5159,Great Britain,36.0,2.83333325386047,84.0,46.0,"Founder owned, founder CEO",10+ competitors,0.0
5160,Great Britain,27.0,1.66666662693024,250.0,46.0,Private Equity/Venture Capital,10+ competitors,0.0
5162,Great Britain,28.0,3.0,500.0,99.0,Dispersed Shareholders, 5-9 competitors,1.0
5164,Great Britain,37.0,2.94444441795349,1800.0,46.0,"Founder owned, founder CEO",10+ competitors,0.0
5166,Great Britain,20.0,2.72222232818604,2996.0,46.0,Private Individuals, 5-9 competitors,1.0
5166,Great Britain,20.0,3.44444441795349,2996.0,46.0,Private Individuals, 5-9 competitors,1.0
5167,Great Britain,35.0,3.05555558204651,200.0,45.0,"Family owned, family CEO", 5-9 competitors,1.0
5169,Great Britain,34.0,2.05555558204651,100.0,45.0,"Family owned, family CEO",10+ competitors,0.0
5170,Great Britain,37.0,2.38888883590698,548.0,102.0,Dispersed Shareholders, 5-9 competitors,1.0
5171,Great Britain,29.0,2.88235282897949,120.0,45.0,"Family owned, external CEO", 5-9 competitors,1.0
5172,Great Britain,37.0,3.61111116409302,121.0,45.0,Dispersed Shareholders,10+ competitors,1.0
5175,Great Britain,35.0,3.44444441795349,14738.0,144.0,Dispersed Shareholders, 5-9 competitors,1.0
5177,Great Britain,27.0,3.16666674613953,185.0,44.0,Private Equity/Venture Capital,10+ competitors,1.0
5178,Great Britain,30.0,3.72222232818604,650.0,44.0,Private Individuals, 5-9 competitors,1.0
5180,Great Britain,28.0,2.83333325386047,220.0,44.0,"Founder owned, external CEO",10+ competitors,1.0
5181,Great Britain,30.0,2.11111116409302,500.0,91.0,Dispersed Shareholders,10+ competitors,1.0
5183,Great Britain,39.0,2.0,145.0,43.0,"Family owned, family CEO",10+ competitors,1.0
5185,Great Britain,35.0,2.55555558204651,300.0,43.0,"Family owned, family CEO",10+ competitors,0.0
5186,Great Britain,35.0,4.11111116409302,380.0,43.0,"Family owned, family CEO",10+ competitors,1.0
5187,Great Britain,35.0,3.38888883590698,610.0,43.0,Dispersed Shareholders,  1-4 competitors,1.0
5189,Great Britain,33.0,4.22222232818604,293.0,43.0,Dispersed Shareholders,10+ competitors,1.0
5190,Great Britain,33.0,3.38888883590698,600.0,42.0,Private Individuals,10+ competitors,1.0
5190,Great Britain,33.0,2.76470589637756,190.0,42.0,Private Individuals,   0 competitors,1.0
5191,Great Britain,36.0,1.27777779102325,58.0,42.0,"Family owned, family CEO", 5-9 competitors,0.0
5192,Great Britain,23.0,3.0,1200.0,42.0,"Family owned, family CEO",10+ competitors,1.0
5196,Great Britain,36.0,3.11764717102051,250.0,42.0,"Founder owned, founder CEO",10+ competitors,0.0
5199,Great Britain,35.0,2.83333325386047,82.0,59.0,Private Individuals,10+ competitors,1.0
5202,Great Britain,36.0,3.33333325386047,420.0,41.0,Dispersed Shareholders,10+ competitors,1.0
5203,Great Britain,37.0,3.33333325386047,250.0,21.0,"Family owned, external CEO",10+ competitors,1.0
5205,Great Britain,23.0,3.94444441795349,475.0,42.0,"Family owned, external CEO",10+ competitors,1.0
5206,Great Britain,32.0,2.76470589637756,150.0,49.0,Private Individuals,10+ competitors,1.0
5207,Great Britain,39.0,2.94444441795349,140.0,40.0,Private Individuals, 5-9 competitors,0.0
5208,Great Britain,33.0,2.22222232818604,380.0,40.0,Dispersed Shareholders, 5-9 competitors,1.0
5210,Great Britain,37.0,2.5,249.0,40.0,"Family owned, family CEO", 5-9 competitors,0.0
5211,Great Britain,22.0,3.22222232818604,277.0,40.0,"Family owned, family CEO",   0 competitors,1.0
5212,Great Britain,37.0,4.52941179275513,1000.0,39.0,Dispersed Shareholders,10+ competitors,1.0
5212,Great Britain,37.0,3.94444441795349,1800.0,39.0,Dispersed Shareholders,10+ competitors,1.0
5213,Great Britain,30.0,1.94444441795349,800.0,39.0,Dispersed Shareholders, 5-9 competitors,1.0
5215,Great Britain,35.0,2.72222232818604,130.0,39.0,Dispersed Shareholders,  1-4 competitors,1.0
5216,Great Britain,35.0,3.94444441795349,120.0,39.0,"Family owned, family CEO",10+ competitors,1.0
5218,Great Britain,37.0,2.5,200.0,38.0,Private Individuals,  1-4 competitors,0.0
5221,Great Britain,39.0,2.44444441795349,74.0,38.0,Dispersed Shareholders,  1-4 competitors,1.0
5223,Great Britain,36.0,3.0,150.0,71.0,Dispersed Shareholders,  1-4 competitors,1.0
5224,Great Britain,38.0,2.27777767181396,230.0,38.0,"Family owned, family CEO",10+ competitors,1.0
5225,Great Britain,34.0,3.11111116409302,280.0,38.0,Private Equity/Venture Capital,10+ competitors,1.0
5227,Great Britain,39.0,2.0,229.0,37.0,Dispersed Shareholders,  1-4 competitors,0.0
5228,Great Britain,26.0,2.66666674613953,95.0,37.0,"Founder owned, founder CEO",  1-4 competitors,0.0
5229,Great Britain,36.0,4.0,170.0,37.0,Private Individuals, 5-9 competitors,0.0
5232,Great Britain,35.0,4.16666650772095,550.0,37.0,Dispersed Shareholders,10+ competitors,1.0
5236,Great Britain,36.0,3.75,800.0,37.0,Dispersed Shareholders,10+ competitors,1.0
5237,Great Britain,36.0,1.5,108.0,37.0,Private Individuals, 5-9 competitors,0.0
5238,Great Britain,39.0,3.0,2000.0,47.0,Dispersed Shareholders,10+ competitors,1.0
5241,Great Britain,27.0,2.66666674613953,140.0,36.0,Private Individuals, 5-9 competitors,0.0
5242,Great Britain,38.0,3.44444441795349,160.0,36.0,Dispersed Shareholders, 5-9 competitors,1.0
5243,Great Britain,39.0,3.61111116409302,200.0,36.0,Private Individuals,10+ competitors,1.0
5246,Great Britain,28.0,2.88888883590698,150.0,35.0,"Family owned, family CEO",10+ competitors,1.0
5247,Great Britain,36.0,2.44444441795349,175.0,35.0,"Founder owned, external CEO",10+ competitors,1.0
5248,Great Britain,38.0,3.22222232818604,1500.0,34.0,Dispersed Shareholders, 5-9 competitors,1.0
5252,Great Britain,20.0,2.17647051811218,120.0,34.0,"Family owned, family CEO",  1-4 competitors,0.0
5253,Great Britain,28.0,2.83333325386047,500.0,34.0,Private Equity/Venture Capital,10+ competitors,1.0
5254,Great Britain,20.0,3.0,350.0,34.0,Private Equity/Venture Capital, 5-9 competitors,0.0
5255,Great Britain,38.0,2.38888883590698,120.0,34.0,"Founder owned, founder CEO",10+ competitors,1.0
5256,Great Britain,28.0,2.44444441795349,900.0,34.0,Dispersed Shareholders,  1-4 competitors,1.0
5256,Great Britain,28.0,3.11111116409302,1000.0,34.0,Dispersed Shareholders,  1-4 competitors,1.0
5257,Great Britain,35.0,3.22222232818604,205.0,34.0,"Founder owned, founder CEO",10+ competitors,1.0
5258,Great Britain,20.0,2.77777767181396,800.0,33.0,"Founder owned, founder CEO",  1-4 competitors,0.0
5259,Great Britain,36.0,2.72222232818604,260.0,33.0,Private Individuals,10+ competitors,0.0
5262,Great Britain,20.0,2.55555558204651,250.0,33.0,"Family owned, family CEO",  1-4 competitors,0.0
5263,Great Britain,39.0,1.70588231086731,450.0,33.0,"Family owned, family CEO",10+ competitors,0.0
5264,Great Britain,35.0,1.72222220897675,200.0,33.0,Dispersed Shareholders,  1-4 competitors,1.0
5265,Great Britain,27.0,3.33333325386047,150.0,78.0,"Family owned, family CEO",10+ competitors,1.0
5266,Great Britain,37.0,2.72222232818604,150.0,33.0,Government,  1-4 competitors,1.0
5267,Great Britain,35.0,3.05555558204651,1500.0,33.0,Dispersed Shareholders, 5-9 competitors,1.0
5268,Great Britain,36.0,2.33333325386047,300.0,32.0,Private Individuals,10+ competitors,1.0
5269,Great Britain,32.0,1.88235294818878,60.0,33.0,Dispersed Shareholders,  1-4 competitors,1.0
5270,Great Britain,39.0,3.41176462173462,303.0,33.0,Private Individuals, 5-9 competitors,1.0
5271,Great Britain,39.0,3.52941179275513,475.0,32.0,Dispersed Shareholders,10+ competitors,1.0
5272,Great Britain,23.0,3.0,550.0,35.0,Private Individuals, 5-9 competitors,1.0
5273,Great Britain,34.0,2.16666674613953,600.0,32.0,Dispersed Shareholders,10+ competitors,1.0
5274,Great Britain,35.0,3.5,400.0,32.0,"Family owned, external CEO",10+ competitors,1.0
5275,Great Britain,36.0,3.33333325386047,164.0,31.0,Dispersed Shareholders,  1-4 competitors,1.0
5276,Great Britain,34.0,3.0,550.0,48.0,"Founder owned, founder CEO", 5-9 competitors,0.0
5277,Great Britain,26.0,3.33333325386047,2000.0,31.0,"Family owned, external CEO",  1-4 competitors,1.0
5280,Great Britain,36.0,4.27777767181396,1450.0,31.0,Dispersed Shareholders,10+ competitors,1.0
5281,Great Britain,39.0,2.94444441795349,110.0,31.0,"Founder owned, founder CEO", 5-9 competitors,0.0
5283,Great Britain,28.0,3.66666674613953,102.0,31.0,Dispersed Shareholders,10+ competitors,1.0
5285,Great Britain,27.0,3.64705872535706,400.0,52.0,Dispersed Shareholders,  1-4 competitors,1.0
5286,Great Britain,20.0,3.61111116409302,178.0,30.0,Dispersed Shareholders,  1-4 competitors,1.0
5287,Great Britain,38.0,2.83333325386047,375.0,54.0,Private Individuals,  1-4 competitors,1.0
5287,Great Britain,38.0,2.55555558204651,350.0,54.0,Private Individuals, 5-9 competitors,1.0
5287,Great Britain,38.0,3.5,375.0,54.0,Private Individuals,10+ competitors,1.0
5290,Great Britain,35.0,2.94444441795349,380.0,30.0,Dispersed Shareholders, 5-9 competitors,0.0
5291,Great Britain,34.0,2.88888883590698,2000.0,30.0,Dispersed Shareholders, 5-9 competitors,1.0
5292,Great Britain,35.0,2.61111116409302,190.0,30.0,Private Individuals,  1-4 competitors,1.0
5293,Great Britain,25.0,2.11111116409302,500.0,30.0,"Family owned, family CEO",10+ competitors,0.0
5293,Great Britain,25.0,1.83333337306976,450.0,30.0,"Family owned, family CEO",10+ competitors,0.0
5295,Great Britain,20.0,4.16666650772095,1050.0,30.0,"Founder owned, founder CEO",10+ competitors,0.0
5298,Great Britain,34.0,3.94444441795349,381.0,83.0,"Founder owned, founder CEO",10+ competitors,1.0
5299,Great Britain,35.0,3.11111116409302,350.0,29.0,Dispersed Shareholders,  1-4 competitors,1.0
5300,Great Britain,24.0,3.0,160.0,29.0,"Founder owned, founder CEO",10+ competitors,0.0
5301,Great Britain,20.0,2.11111116409302,250.0,29.0,Dispersed Shareholders,10+ competitors,1.0
5301,Great Britain,20.0,2.16666674613953,180.0,29.0,Dispersed Shareholders,10+ competitors,1.0
5302,Great Britain,26.0,3.38888883590698,1000.0,29.0,"Founder owned, founder CEO",  1-4 competitors,1.0
5303,Great Britain,36.0,3.11111116409302,350.0,29.0,"Family owned, family CEO",  1-4 competitors,0.0
5304,Great Britain,28.0,3.33333325386047,200.0,29.0,Private Individuals,10+ competitors,0.0
5305,Great Britain,37.0,3.66666674613953,250.0,29.0,Dispersed Shareholders,10+ competitors,1.0
5306,Great Britain,39.0,3.33333325386047,2500.0,31.0,Private Individuals,10+ competitors,1.0
5309,Great Britain,27.0,2.20000004768372,130.0,28.0,"Founder owned, external CEO", 5-9 competitors,0.0
5310,Great Britain,26.0,3.875,118.0,28.0,Dispersed Shareholders,10+ competitors,1.0
5311,Great Britain,35.0,2.66666674613953,160.0,3.0,Dispersed Shareholders,10+ competitors,1.0
5312,Great Britain,27.0,2.5,200.0,28.0,Other,  1-4 competitors,1.0
5313,Great Britain,35.0,3.38888883590698,241.0,28.0,Dispersed Shareholders,  1-4 competitors,1.0
5314,Great Britain,34.0,3.83333325386047,350.0,28.0,Dispersed Shareholders,10+ competitors,1.0
5316,Great Britain,28.0,3.22222232818604,85.0,34.0,Private Individuals,  1-4 competitors,0.0
5317,Great Britain,39.0,3.38888883590698,220.0,28.0,Private Equity/Venture Capital,  1-4 competitors,1.0
5320,Great Britain,39.0,3.05555558204651,190.0,24.0,Private Equity/Venture Capital, 5-9 competitors,1.0
5321,Great Britain,36.0,3.83333325386047,2800.0,28.0,Dispersed Shareholders,10+ competitors,1.0
5330,Great Britain,35.0,3.77777767181396,438.0,25.0,"Family owned, family CEO",10+ competitors,1.0
5331,Great Britain,27.0,2.22222232818604,400.0,26.0,"Founder owned, founder CEO",  1-4 competitors,0.0
5335,Great Britain,27.0,2.61111116409302,250.0,25.0,Private Individuals,10+ competitors,0.0
5337,Great Britain,34.0,3.5625,170.0,26.0,"Founder owned, founder CEO",  1-4 competitors,0.0
5339,Great Britain,27.0,2.77777767181396,150.0,25.0,Dispersed Shareholders, 5-9 competitors,1.0
5341,Great Britain,24.0,2.76470589637756,550.0,25.0,"Family owned, family CEO", 5-9 competitors,1.0
5342,Great Britain,36.0,3.44444441795349,500.0,25.0,Dispersed Shareholders,10+ competitors,1.0
5343,Great Britain,34.0,3.44444441795349,230.0,25.0,Private Individuals,10+ competitors,0.0
5345,Great Britain,28.0,3.77777767181396,96.0,76.0,Dispersed Shareholders,10+ competitors,1.0
5346,Great Britain,38.0,3.16666674613953,1500.0,25.0,Dispersed Shareholders, 5-9 competitors,1.0
5347,Great Britain,30.0,3.22222232818604,420.0,25.0,Dispersed Shareholders, 5-9 competitors,1.0
5349,Great Britain,30.0,2.61111116409302,94.0,25.0,Dispersed Shareholders,10+ competitors,1.0
5350,Great Britain,34.0,2.47058820724487,150.0,24.0,Private Individuals,10+ competitors,1.0
5352,Great Britain,30.0,2.94444441795349,220.0,24.0,Private Individuals,  1-4 competitors,1.0
5353,Great Britain,34.0,3.38888883590698,90.0,24.0,Private Individuals,10+ competitors,0.0
5354,Great Britain,27.0,1.72222220897675,2000.0,87.0,Government,10+ competitors,1.0
5356,Great Britain,30.0,2.61111116409302,350.0,24.0,Government,  1-4 competitors,1.0
5356,Great Britain,30.0,3.0,350.0,24.0,Government, 5-9 competitors,1.0
5358,Great Britain,35.0,3.77777767181396,200.0,24.0,Dispersed Shareholders,10+ competitors,1.0
5359,Great Britain,24.0,2.5,300.0,24.0,"Founder owned, founder CEO",10+ competitors,0.0
5360,Great Britain,23.0,3.0,184.0,24.0,"Founder owned, founder CEO",10+ competitors,0.0
5362,Great Britain,38.0,2.11111116409302,242.0,24.0,Dispersed Shareholders,  1-4 competitors,1.0
5363,Great Britain,35.0,2.05555558204651,2000.0,29.0,Dispersed Shareholders,  1-4 competitors,1.0
5364,Great Britain,28.0,2.94117641448975,500.0,24.0,Dispersed Shareholders,  1-4 competitors,1.0
5365,Great Britain,26.0,3.22222232818604,2500.0,24.0,"Family owned, family CEO", 5-9 competitors,1.0
5367,Great Britain,38.0,1.16666662693024,130.0,24.0,Dispersed Shareholders, 5-9 competitors,0.0
5368,Great Britain,30.0,3.16666674613953,450.0,47.0,Private Equity/Venture Capital,  1-4 competitors,1.0
5369,Great Britain,25.0,3.33333325386047,120.0,23.0,Private Individuals, 5-9 competitors,0.0
5369,Great Britain,25.0,2.23529410362244,260.0,23.0,Private Individuals, 5-9 competitors,0.0
5370,Great Britain,27.0,3.27777767181396,220.0,23.0,Dispersed Shareholders,10+ competitors,0.0
5375,Great Britain,27.0,3.38888883590698,500.0,23.0,Dispersed Shareholders,  1-4 competitors,1.0
5377,Great Britain,25.0,2.61111116409302,170.0,23.0,"Family owned, family CEO",10+ competitors,0.0
5378,Great Britain,28.0,3.61111116409302,120.0,23.0,Dispersed Shareholders,10+ competitors,1.0
5379,Great Britain,36.0,3.44444441795349,250.0,23.0,Private Individuals, 5-9 competitors,1.0
5380,Great Britain,39.0,2.66666674613953,110.0,186.0,"Founder owned, founder CEO",10+ competitors,0.0
5381,Great Britain,27.0,2.33333325386047,220.0,22.0,Private Individuals,10+ competitors,0.0
5382,Great Britain,39.0,1.94444441795349,205.0,22.0,"Family owned, external CEO", 5-9 competitors,0.0
5384,Great Britain,35.0,3.77777767181396,300.0,113.0,"Family owned, family CEO", 5-9 competitors,1.0
5385,Great Britain,35.0,4.66666650772095,399.0,61.0,"Founder owned, external CEO",10+ competitors,1.0
5386,Great Britain,34.0,2.77777767181396,130.0,87.0,Private Individuals,  1-4 competitors,1.0
5387,Great Britain,26.0,2.94444441795349,120.0,22.0,Dispersed Shareholders, 5-9 competitors,1.0
5388,Great Britain,30.0,2.11111116409302,190.0,22.0,"Family owned, family CEO", 5-9 competitors,0.0
5392,Great Britain,37.0,1.72222220897675,146.0,21.0,Private Individuals, 5-9 competitors,0.0
5393,Great Britain,34.0,1.9375,500.0,21.0,"Family owned, family CEO", 5-9 competitors,1.0
5394,Great Britain,30.0,2.88888883590698,300.0,21.0,Private Equity/Venture Capital,  1-4 competitors,1.0
5395,Great Britain,39.0,3.44444441795349,500.0,21.0,Dispersed Shareholders,  1-4 competitors,1.0
5396,Great Britain,36.0,3.77777767181396,250.0,21.0,Dispersed Shareholders, 5-9 competitors,1.0
5397,Great Britain,33.0,2.94444441795349,400.0,21.0,Dispersed Shareholders,  1-4 competitors,1.0
5398,Great Britain,39.0,3.33333325386047,900.0,21.0,Dispersed Shareholders,  1-4 competitors,1.0
5401,Great Britain,34.0,2.55555558204651,125.0,21.0,Private Individuals,10+ competitors,0.0
5402,Great Britain,39.0,2.5,100.0,21.0,"Founder owned, founder CEO",   0 competitors,0.0
5403,Great Britain,35.0,3.05555558204651,684.0,89.0,Dispersed Shareholders, 5-9 competitors,1.0
5404,Great Britain,35.0,2.05555558204651,140.0,21.0,"Family owned, family CEO",  1-4 competitors,0.0
5404,Great Britain,35.0,1.94444441795349,135.0,21.0,"Family owned, family CEO",  1-4 competitors,0.0
5405,Great Britain,38.0,2.94117641448975,150.0,21.0,"Founder owned, founder CEO",  1-4 competitors,0.0
5407,Great Britain,26.0,2.72222232818604,2000.0,27.0,Other,  1-4 competitors,1.0
5408,Great Britain,34.0,2.44444441795349,1768.0,20.0,Private Individuals,  1-4 competitors,1.0
5409,Great Britain,36.0,2.0,100.0,20.0,"Founder owned, founder CEO",10+ competitors,0.0
5412,Great Britain,37.0,3.33333325386047,2000.0,20.0,"Family owned, external CEO",  1-4 competitors,0.0
5415,Great Britain,28.0,3.23529410362244,280.0,21.0,Dispersed Shareholders, 5-9 competitors,1.0
5416,Great Britain,20.0,3.05555558204651,420.0,20.0,"Family owned, family CEO",10+ competitors,0.0
5421,Great Britain,20.0,3.11111116409302,150.0,19.0,"Family owned, family CEO",10+ competitors,0.0
5422,Great Britain,35.0,3.88888883590698,350.0,19.0,Private Equity/Venture Capital,10+ competitors,1.0
5424,Great Britain,20.0,2.88888883590698,589.0,19.0,Dispersed Shareholders, 5-9 competitors,1.0
5425,Great Britain,22.0,3.66666674613953,500.0,49.0,"Family owned, family CEO",10+ competitors,1.0
5426,Great Britain,36.0,3.16666674613953,350.0,19.0,"Founder owned, founder CEO",10+ competitors,0.0
5428,Great Britain,36.0,2.38888883590698,130.0,19.0,"Founder owned, founder CEO",10+ competitors,0.0
5429,Great Britain,33.0,2.44444441795349,135.0,19.0,Dispersed Shareholders, 5-9 competitors,1.0
5430,Great Britain,20.0,3.5,250.0,19.0,Dispersed Shareholders,10+ competitors,1.0
5431,Great Britain,24.0,3.16666674613953,190.0,19.0,"Family owned, external CEO", 5-9 competitors,0.0
5433,Great Britain,37.0,3.22222232818604,333.0,19.0,"Family owned, family CEO",  1-4 competitors,1.0
5434,Great Britain,24.0,3.16666674613953,300.0,19.0,"Family owned, family CEO",  1-4 competitors,0.0
5434,Great Britain,24.0,3.0,300.0,19.0,"Family owned, family CEO",  1-4 competitors,0.0
5435,Great Britain,30.0,3.0,250.0,19.0,"Founder owned, founder CEO",  1-4 competitors,0.0
5436,Great Britain,34.0,3.5,720.0,19.0,Dispersed Shareholders,10+ competitors,1.0
5437,Great Britain,38.0,2.16666674613953,250.0,19.0,Dispersed Shareholders, 5-9 competitors,1.0
5439,Great Britain,34.0,2.72222232818604,90.0,19.0,Private Individuals, 5-9 competitors,0.0
5440,Great Britain,37.0,4.22222232818604,1700.0,19.0,Private Equity/Venture Capital,10+ competitors,1.0
5441,Great Britain,28.0,2.88888883590698,101.0,19.0,Dispersed Shareholders,  1-4 competitors,1.0
5442,Great Britain,26.0,3.77777767181396,301.0,19.0,Private Individuals, 5-9 competitors,1.0
5443,Great Britain,33.0,3.83333325386047,205.0,18.0,Private Individuals,10+ competitors,1.0
5444,Great Britain,30.0,2.83333325386047,750.0,18.0,Dispersed Shareholders,10+ competitors,1.0
5446,Great Britain,27.0,3.3125,150.0,38.0,"Founder owned, founder CEO",  1-4 competitors,1.0
5448,Great Britain,37.0,1.55555558204651,60.0,18.0,"Founder owned, founder CEO",10+ competitors,0.0
5449,Great Britain,30.0,3.66666674613953,500.0,18.0,Dispersed Shareholders,  1-4 competitors,1.0
5451,Great Britain,34.0,1.44444441795349,150.0,60.0,Dispersed Shareholders,10+ competitors,1.0
5451,Great Britain,34.0,1.66666662693024,1300.0,60.0,Dispersed Shareholders,  1-4 competitors,1.0
5452,Great Britain,30.0,3.33333325386047,550.0,18.0,Other,  1-4 competitors,0.0
5453,Great Britain,34.0,3.16666674613953,121.0,18.0,Private Individuals,10+ competitors,1.0
5455,Great Britain,28.0,2.27777767181396,95.0,29.0,Private Individuals,  1-4 competitors,0.0
5457,Great Britain,28.0,3.38888883590698,650.0,17.0,Dispersed Shareholders, 5-9 competitors,1.0
5458,Great Britain,22.0,2.83333325386047,258.0,17.0,Dispersed Shareholders, 5-9 competitors,1.0
5459,Great Britain,35.0,3.83333325386047,2000.0,65.0,Dispersed Shareholders,  1-4 competitors,1.0
5460,Great Britain,36.0,3.22222232818604,160.0,17.0,Dispersed Shareholders, 5-9 competitors,0.0
5461,Great Britain,26.0,2.44444441795349,117.0,16.0,"Founder owned, founder CEO",  1-4 competitors,1.0
5462,Great Britain,30.0,2.72222232818604,750.0,17.0,Dispersed Shareholders,  1-4 competitors,1.0
5465,Great Britain,30.0,4.5,2000.0,17.0,Dispersed Shareholders,10+ competitors,1.0
5466,Great Britain,28.0,2.88888883590698,250.0,42.0,"Family owned, family CEO", 5-9 competitors,0.0
5466,Great Britain,28.0,2.5,300.0,42.0,"Family owned, family CEO",10+ competitors,0.0
5467,Great Britain,27.0,3.66666674613953,286.0,17.0,Dispersed Shareholders,10+ competitors,1.0
5470,Great Britain,27.0,1.82352936267853,600.0,17.0,"Family owned, family CEO",10+ competitors,1.0
5471,Great Britain,37.0,3.22222232818604,450.0,17.0,Private Individuals,10+ competitors,0.0
5473,Great Britain,30.0,3.27777767181396,1300.0,17.0,Other, 5-9 competitors,0.0
5474,Great Britain,24.0,3.38888883590698,486.0,17.0,"Family owned, external CEO",10+ competitors,1.0
5475,Great Britain,32.0,3.66666674613953,2000.0,17.0,Dispersed Shareholders,10+ competitors,1.0
5476,Great Britain,37.0,3.83333325386047,500.0,17.0,Dispersed Shareholders,10+ competitors,1.0
5477,Great Britain,36.0,3.27777767181396,110.0,59.0,Dispersed Shareholders,10+ competitors,1.0
5480,Great Britain,34.0,2.38888883590698,192.0,17.0,Private Equity/Venture Capital,  1-4 competitors,0.0
5481,Great Britain,26.0,3.27777767181396,120.0,17.0,Dispersed Shareholders,  1-4 competitors,1.0
5482,Great Britain,25.0,2.88888883590698,500.0,16.0,"Family owned, family CEO", 5-9 competitors,1.0
5483,Great Britain,36.0,3.94444441795349,402.0,16.0,"Family owned, family CEO", 5-9 competitors,1.0
5485,Great Britain,27.0,3.27777767181396,150.0,16.0,Private Individuals,10+ competitors,0.0
5485,Great Britain,27.0,2.83333325386047,180.0,16.0,Private Individuals, 5-9 competitors,0.0
5486,Great Britain,30.0,3.66666674613953,110.0,48.0,Private Individuals, 5-9 competitors,0.0
5487,Great Britain,34.0,3.61111116409302,461.0,16.0,Private Equity/Venture Capital,10+ competitors,1.0
5488,Great Britain,20.0,3.55555558204651,4000.0,16.0,"Family owned, family CEO",10+ competitors,1.0
5489,Great Britain,28.0,2.76470589637756,110.0,16.0,Dispersed Shareholders,10+ competitors,1.0
5492,Great Britain,27.0,3.61111116409302,120.0,15.0,Private Individuals,10+ competitors,0.0
5495,Great Britain,39.0,2.72222232818604,150.0,15.0,Dispersed Shareholders,10+ competitors,1.0
5497,Great Britain,30.0,3.88888883590698,318.0,15.0,Dispersed Shareholders, 5-9 competitors,1.0
5499,Great Britain,30.0,3.38888883590698,270.0,15.0,Private Individuals,10+ competitors,1.0
5501,Great Britain,34.0,4.11111116409302,309.0,15.0,Private Individuals,10+ competitors,1.0
5502,Great Britain,36.0,2.52941179275513,80.0,37.0,Dispersed Shareholders,  1-4 competitors,1.0
5504,Great Britain,39.0,3.05555558204651,330.0,105.0,"Family owned, external CEO", 5-9 competitors,1.0
5505,Great Britain,38.0,2.05555558204651,135.0,15.0,Private Individuals,10+ competitors,0.0
5506,Great Britain,35.0,3.44444441795349,1461.0,15.0,Dispersed Shareholders,10+ competitors,1.0
5507,Great Britain,28.0,3.66666674613953,700.0,15.0,Private Individuals,10+ competitors,1.0
5508,Great Britain,31.0,4.11111116409302,4400.0,15.0,Private Equity/Venture Capital,10+ competitors,1.0
5509,Great Britain,28.0,3.72222232818604,3500.0,15.0,Dispersed Shareholders,10+ competitors,1.0
5510,Great Britain,30.0,4.16666650772095,160.0,15.0,Private Individuals,10+ competitors,0.0
5511,Great Britain,39.0,4.16666650772095,330.0,15.0,Dispersed Shareholders, 5-9 competitors,1.0
5512,Great Britain,39.0,3.66666674613953,1500.0,15.0,Dispersed Shareholders,   0 competitors,1.0
5513,Great Britain,39.0,3.22222232818604,300.0,14.0,"Family owned, family CEO",10+ competitors,1.0
5517,Great Britain,36.0,3.0,84.0,14.0,Private Individuals, 5-9 competitors,0.0
5518,Great Britain,20.0,2.94444441795349,303.0,14.0,Dispersed Shareholders,10+ competitors,0.0
5520,Great Britain,30.0,2.6875,245.0,14.0,Dispersed Shareholders, 5-9 competitors,0.0
5522,Great Britain,32.0,2.66666674613953,263.0,14.0,Private Individuals,   0 competitors,1.0
5525,Great Britain,28.0,1.77777779102325,150.0,14.0,Dispersed Shareholders,10+ competitors,1.0
5526,Great Britain,36.0,3.16666674613953,200.0,14.0,Private Equity/Venture Capital, 5-9 competitors,1.0
5527,Great Britain,26.0,3.5,250.0,13.0,Dispersed Shareholders, 5-9 competitors,1.0
5530,Great Britain,25.0,2.11111116409302,202.0,13.0,Private Individuals, 5-9 competitors,0.0
5532,Great Britain,36.0,3.44444441795349,330.0,13.0,Dispersed Shareholders,10+ competitors,1.0
5534,Great Britain,28.0,4.05555534362793,152.0,13.0,Dispersed Shareholders, 5-9 competitors,1.0
5536,Great Britain,28.0,2.22222232818604,150.0,13.0,Dispersed Shareholders,10+ competitors,1.0
5537,Great Britain,37.0,3.16666674613953,500.0,13.0,Private Individuals,10+ competitors,0.0
5538,Great Britain,36.0,3.16666674613953,220.0,13.0,Dispersed Shareholders,10+ competitors,1.0
5541,Great Britain,20.0,3.55555558204651,550.0,38.0,Dispersed Shareholders,  1-4 competitors,0.0
5544,Great Britain,20.0,2.44444441795349,109.0,12.0,"Founder owned, founder CEO",10+ competitors,0.0
5545,Great Britain,25.0,3.22222232818604,155.0,12.0,Private Equity/Venture Capital,10+ competitors,0.0
5547,Great Britain,35.0,3.44444441795349,200.0,12.0,Private Individuals, 5-9 competitors,0.0
5549,Great Britain,38.0,3.5,185.0,12.0,Other,10+ competitors,0.0
5550,Great Britain,28.0,3.83333325386047,68.0,12.0,Dispersed Shareholders, 5-9 competitors,1.0
5551,Great Britain,20.0,2.38888883590698,1500.0,18.0,Dispersed Shareholders, 5-9 competitors,0.0
5552,Great Britain,39.0,3.94444441795349,550.0,12.0,Other,10+ competitors,1.0
5554,Great Britain,27.0,2.05555558204651,140.0,12.0,"Family owned, family CEO",10+ competitors,0.0
5555,Great Britain,36.0,3.82352948188782,600.0,12.0,Private Individuals,10+ competitors,0.0
5557,Great Britain,38.0,2.72222232818604,200.0,12.0,Dispersed Shareholders,10+ competitors,1.0
5558,Great Britain,39.0,3.61111116409302,200.0,12.0,Private Individuals, 5-9 competitors,0.0
5559,Great Britain,38.0,3.61111116409302,300.0,12.0,Dispersed Shareholders,  1-4 competitors,1.0
5561,Great Britain,37.0,3.61111116409302,200.0,12.0,Dispersed Shareholders,  1-4 competitors,1.0
5562,Great Britain,39.0,3.27777767181396,192.0,12.0,"Founder owned, founder CEO",10+ competitors,1.0
5565,Great Britain,28.0,3.72222232818604,97.0,128.0,Private Equity/Venture Capital,10+ competitors,1.0
5566,Great Britain,36.0,2.72222232818604,150.0,11.0,Private Individuals, 5-9 competitors,0.0
5567,Great Britain,35.0,3.83333325386047,250.0,11.0,Dispersed Shareholders,10+ competitors,1.0
5568,Great Britain,36.0,2.55555558204651,80.0,11.0,Private Individuals,10+ competitors,1.0
5571,Great Britain,35.0,2.66666674613953,700.0,11.0,Dispersed Shareholders,  1-4 competitors,1.0
5572,Great Britain,36.0,3.66666674613953,400.0,11.0,Other,  1-4 competitors,1.0
5575,Great Britain,37.0,3.44444441795349,370.0,11.0,Dispersed Shareholders,  1-4 competitors,1.0
5579,Great Britain,20.0,2.5,1000.0,11.0,"Family owned, family CEO", 5-9 competitors,1.0
5581,Great Britain,33.0,1.58823525905609,250.0,106.0,Private Individuals,10+ competitors,1.0
5581,Great Britain,28.0,1.88888883590698,120.0,11.0,Private Equity/Venture Capital,  1-4 competitors,0.0
5584,Great Britain,34.0,2.83333325386047,117.0,10.0,Private Individuals,  1-4 competitors,0.0
5585,Great Britain,27.0,3.5,900.0,10.0,"Family owned, external CEO",10+ competitors,1.0
5586,Great Britain,36.0,3.27777767181396,1000.0,10.0,Dispersed Shareholders,10+ competitors,1.0
5587,Great Britain,20.0,2.94444441795349,350.0,10.0,Private Equity/Venture Capital,10+ competitors,0.0
5588,Great Britain,36.0,3.38888883590698,160.0,10.0,"Founder owned, founder CEO",10+ competitors,0.0
5589,Great Britain,30.0,2.72222232818604,270.0,10.0,Other,  1-4 competitors,1.0
5590,Great Britain,38.0,3.0,1000.0,10.0,Dispersed Shareholders,10+ competitors,1.0
5591,Great Britain,36.0,3.22222232818604,260.0,10.0,Dispersed Shareholders,  1-4 competitors,1.0
5592,Great Britain,39.0,2.77777767181396,1200.0,10.0,Dispersed Shareholders,10+ competitors,1.0
5593,Great Britain,28.0,2.5,1500.0,10.0,"Family owned, family CEO", 5-9 competitors,1.0
5594,Great Britain,39.0,2.72222232818604,98.0,99.0,Private Equity/Venture Capital,10+ competitors,1.0
5595,Great Britain,39.0,2.94444441795349,900.0,10.0,Dispersed Shareholders, 5-9 competitors,1.0
5596,Great Britain,37.0,3.55555558204651,155.0,8.0,Private Individuals,10+ competitors,1.0
5597,Great Britain,27.0,2.41176462173462,200.0,9.0,Dispersed Shareholders,  1-4 competitors,1.0
5599,Great Britain,30.0,2.38888883590698,380.0,9.0,Private Equity/Venture Capital, 5-9 competitors,1.0
5601,Great Britain,36.0,2.0,95.0,9.0,Private Individuals,10+ competitors,0.0
5602,Great Britain,36.0,2.94444441795349,250.0,9.0,Private Individuals,10+ competitors,1.0
5603,Great Britain,39.0,2.77777767181396,220.0,9.0,Private Individuals,10+ competitors,1.0
5604,Great Britain,36.0,3.27777767181396,350.0,9.0,Private Equity/Venture Capital, 5-9 competitors,1.0
5606,Great Britain,32.0,2.44444441795349,800.0,9.0,Private Equity/Venture Capital,10+ competitors,0.0
5606,Great Britain,32.0,3.0,800.0,9.0,Private Equity/Venture Capital, 5-9 competitors,0.0
5606,Great Britain,32.0,3.16666674613953,872.0,9.0,Private Equity/Venture Capital,10+ competitors,0.0
5609,Great Britain,37.0,2.77777767181396,500.0,9.0,"Family owned, family CEO", 5-9 competitors,0.0
5611,Great Britain,34.0,4.05555534362793,200.0,9.0,Dispersed Shareholders,10+ competitors,1.0
5613,Great Britain,36.0,3.0,280.0,9.0,Dispersed Shareholders, 5-9 competitors,1.0
5614,Great Britain,37.0,2.83333325386047,110.0,9.0,"Founder owned, founder CEO",10+ competitors,1.0
5615,Great Britain,26.0,3.38888883590698,1100.0,9.0,Dispersed Shareholders,  1-4 competitors,1.0
5616,Great Britain,36.0,2.27777767181396,150.0,9.0,Private Individuals,10+ competitors,1.0
5617,Great Britain,28.0,4.05555534362793,800.0,9.0,Dispersed Shareholders,10+ competitors,1.0
5618,Great Britain,34.0,2.38888883590698,180.0,9.0,Private Equity/Venture Capital, 5-9 competitors,0.0
5619,Great Britain,28.0,3.33333325386047,250.0,9.0,Dispersed Shareholders,  1-4 competitors,1.0
5619,Great Britain,28.0,2.72222232818604,200.0,9.0,Dispersed Shareholders,10+ competitors,1.0
5620,Great Britain,39.0,2.11111116409302,110.0,9.0,"Family owned, family CEO", 5-9 competitors,1.0
5621,Great Britain,37.0,3.94444441795349,10427.0,9.0,Government,10+ competitors,1.0
5622,Great Britain,38.0,2.72222232818604,50.0,9.0,Dispersed Shareholders,  1-4 competitors,1.0
5624,Great Britain,36.0,3.83333325386047,650.0,9.0,Dispersed Shareholders, 5-9 competitors,1.0
5626,Great Britain,28.0,3.38888883590698,2000.0,9.0,Dispersed Shareholders,10+ competitors,1.0
5627,Great Britain,28.0,3.55555558204651,850.0,83.0,Private Individuals,10+ competitors,1.0
5629,Great Britain,20.0,3.11111116409302,3000.0,8.0,Dispersed Shareholders,  1-4 competitors,1.0
5631,Great Britain,39.0,2.5,300.0,8.0,Dispersed Shareholders,10+ competitors,1.0
5632,Great Britain,34.0,2.33333325386047,78.0,8.0,Private Individuals, 5-9 competitors,0.0
5634,Great Britain,38.0,3.42857146263123,585.0,8.0,Dispersed Shareholders,10+ competitors,1.0
5635,Great Britain,24.0,2.55555558204651,500.0,8.0,Private Individuals,10+ competitors,0.0
5636,Great Britain,27.0,3.5,400.0,8.0,Private Individuals,10+ competitors,1.0
5637,Great Britain,36.0,2.22222232818604,200.0,8.0,Private Individuals,  1-4 competitors,1.0
5637,Great Britain,36.0,4.16666650772095,197.0,8.0,Private Individuals, 5-9 competitors,1.0
5639,Great Britain,35.0,2.83333325386047,230.0,8.0,Dispersed Shareholders,10+ competitors,1.0
5640,Great Britain,20.0,2.17647051811218,100.0,8.0,Private Individuals, 5-9 competitors,1.0
5641,Great Britain,30.0,2.05555558204651,160.0,8.0,Private Individuals,  1-4 competitors,1.0
5642,Great Britain,30.0,2.88888883590698,1347.0,8.0,Dispersed Shareholders,10+ competitors,1.0
5643,Great Britain,32.0,2.5,100.0,8.0,"Founder owned, founder CEO", 5-9 competitors,0.0
5644,Great Britain,30.0,3.38888883590698,450.0,8.0,Private Individuals,10+ competitors,1.0
5646,Great Britain,37.0,3.0,200.0,53.0,Private Individuals,10+ competitors,0.0
5649,Great Britain,35.0,2.83333325386047,140.0,8.0,Private Individuals,10+ competitors,0.0
5651,Great Britain,39.0,2.77777767181396,400.0,8.0,Dispersed Shareholders,10+ competitors,1.0
5652,Great Britain,30.0,4.16666650772095,100.0,8.0,"Family owned, external CEO",10+ competitors,1.0
5653,Great Britain,34.0,1.94444441795349,130.0,7.0,Private Individuals, 5-9 competitors,0.0
5654,Great Britain,22.0,2.55555558204651,310.0,181.0,"Family owned, external CEO",  1-4 competitors,1.0
5655,Great Britain,36.0,2.0,160.0,7.0,Dispersed Shareholders,  1-4 competitors,1.0
5656,Great Britain,20.0,3.05555558204651,170.0,7.0,"Family owned, family CEO",  1-4 competitors,0.0
5657,Great Britain,35.0,2.17647051811218,180.0,7.0,Private Individuals, 5-9 competitors,0.0
5658,Great Britain,37.0,3.38888883590698,100.0,36.0,Private Equity/Venture Capital, 5-9 competitors,1.0
5663,Great Britain,36.0,2.72222232818604,200.0,7.0,Private Individuals, 5-9 competitors,0.0
5665,Great Britain,20.0,2.83333325386047,360.0,101.0,Private Equity/Venture Capital, 5-9 competitors,1.0
5667,Great Britain,30.0,3.72222232818604,550.0,7.0,Private Equity/Venture Capital,  1-4 competitors,1.0
5670,Great Britain,30.0,3.61111116409302,450.0,7.0,Dispersed Shareholders,10+ competitors,1.0
5671,Great Britain,28.0,2.44444441795349,500.0,7.0,Private Individuals,  1-4 competitors,1.0
5673,Great Britain,26.0,3.05555558204651,112.0,7.0,Dispersed Shareholders,  1-4 competitors,1.0
5674,Great Britain,39.0,2.16666674613953,135.0,6.0,Private Equity/Venture Capital,  1-4 competitors,0.0
5678,Great Britain,36.0,3.72222232818604,750.0,6.0,Private Individuals,10+ competitors,0.0
5679,Great Britain,27.0,2.38888883590698,80.0,1.0,"Founder owned, founder CEO",10+ competitors,0.0
5680,Great Britain,37.0,3.61111116409302,310.0,6.0,Private Individuals, 5-9 competitors,1.0
5682,Great Britain,35.0,3.44444441795349,63.0,6.0,Private Equity/Venture Capital,  1-4 competitors,1.0
5683,Great Britain,38.0,2.38888883590698,170.0,6.0,Dispersed Shareholders,  1-4 competitors,1.0
5683,Great Britain,38.0,3.27777767181396,150.0,6.0,Dispersed Shareholders,  1-4 competitors,1.0
5684,Great Britain,28.0,4.16666650772095,1000.0,6.0,Dispersed Shareholders,10+ competitors,1.0
5685,Great Britain,39.0,2.94444441795349,104.0,6.0,Private Individuals, 5-9 competitors,1.0
5686,Great Britain,24.0,3.38888883590698,104.0,6.0,Private Individuals,10+ competitors,0.0
5687,Great Britain,25.0,4.0,195.0,6.0,Dispersed Shareholders,  1-4 competitors,1.0
5688,Great Britain,36.0,2.5625,300.0,6.0,Private Individuals,10+ competitors,1.0
5690,Great Britain,28.0,3.27777767181396,180.0,68.0,Private Equity/Venture Capital,  1-4 competitors,1.0
5691,Great Britain,28.0,2.88888883590698,80.0,6.0,Dispersed Shareholders,  1-4 competitors,1.0
5692,Great Britain,34.0,2.33333325386047,110.0,76.0,Private Individuals, 5-9 competitors,0.0
5694,Great Britain,22.0,1.61111116409302,750.0,68.0,"Family owned, family CEO", 5-9 competitors,1.0
5695,Great Britain,34.0,3.0,200.0,6.0,"Family owned, family CEO",   0 competitors,1.0
5696,Great Britain,36.0,4.66666650772095,3000.0,6.0,Private Individuals,  1-4 competitors,1.0
5697,Great Britain,35.0,2.88888883590698,256.0,5.0,Dispersed Shareholders, 5-9 competitors,1.0
5699,Great Britain,36.0,4.33333349227905,180.0,5.0,Private Individuals,10+ competitors,1.0
5700,Great Britain,34.0,2.22222232818604,200.0,5.0,Private Individuals,  1-4 competitors,1.0
5701,Great Britain,37.0,3.55555558204651,36117.0,5.0,Dispersed Shareholders,10+ competitors,0.0
5703,Great Britain,38.0,3.5,130.0,5.0,Dispersed Shareholders, 5-9 competitors,1.0
5706,Great Britain,25.0,2.38888883590698,72.0,6.0,Private Equity/Venture Capital,  1-4 competitors,1.0
5708,Great Britain,36.0,3.05555558204651,150.0,5.0,Private Individuals, 5-9 competitors,0.0
5710,Great Britain,38.0,2.66666674613953,191.0,5.0,"Founder owned, founder CEO",  1-4 competitors,1.0
5711,Great Britain,27.0,3.0,150.0,1.0,"Founder owned, founder CEO",10+ competitors,0.0
5712,Great Britain,37.0,3.11111116409302,644.0,5.0,Dispersed Shareholders,10+ competitors,1.0
5712,Great Britain,37.0,3.11111116409302,4300.0,5.0,Dispersed Shareholders,10+ competitors,1.0
5713,Great Britain,28.0,2.72222232818604,159.0,5.0,Dispersed Shareholders, 5-9 competitors,1.0
5714,Great Britain,27.0,3.38888883590698,160.0,4.0,Private Equity/Venture Capital,10+ competitors,0.0
5717,Great Britain,36.0,3.44444441795349,200.0,4.0,Private Individuals,10+ competitors,0.0
5718,Great Britain,34.0,2.94444441795349,450.0,26.0,Private Equity/Venture Capital,10+ competitors,0.0
5719,Great Britain,28.0,3.83333325386047,500.0,4.0,Dispersed Shareholders,10+ competitors,1.0
5721,Great Britain,36.0,2.77777767181396,2300.0,4.0,Private Equity/Venture Capital, 5-9 competitors,0.0
5722,Great Britain,27.0,3.38888883590698,90.0,79.0,Private Individuals, 5-9 competitors,0.0
5726,Great Britain,37.0,3.94444441795349,700.0,3.0,Private Equity/Venture Capital,10+ competitors,1.0
5727,Great Britain,33.0,3.72222232818604,170.0,3.0,Private Individuals, 5-9 competitors,0.0
5731,Great Britain,36.0,3.16666674613953,4000.0,3.0,Government,  1-4 competitors,1.0
5733,Great Britain,36.0,2.88888883590698,250.0,2.0,Private Individuals,  1-4 competitors,0.0
5734,Great Britain,39.0,2.38888883590698,161.0,96.0,Dispersed Shareholders,  1-4 competitors,1.0
5739,Great Britain,39.0,2.66666674613953,200.0,2.0,Private Individuals,10+ competitors,1.0
5757,Northern Ireland,22.0,2.94444441795349,1100.0,71.0,"Family owned, family CEO",  1-4 competitors,1.0
5760,Northern Ireland,20.0,3.05555558204651,650.0,72.0,Dispersed Shareholders,  1-4 competitors,1.0
5765,Northern Ireland,26.0,3.16666674613953,190.0,46.0,Dispersed Shareholders,10+ competitors,1.0
5768,Northern Ireland,35.0,3.27777767181396,150.0,181.0,Private Individuals,10+ competitors,1.0
5770,Northern Ireland,27.0,2.25,247.0,29.0,Private Individuals,  1-4 competitors,0.0
5784,Northern Ireland,39.0,3.05555558204651,500.0,152.0,Dispersed Shareholders,  1-4 competitors,1.0
5825,Northern Ireland,20.0,2.55555558204651,90.0,19.0,"Family owned, family CEO", 5-9 competitors,0.0
5830,Northern Ireland,35.0,1.55555558204651,500.0,52.0,Dispersed Shareholders, 5-9 competitors,1.0
5831,Northern Ireland,34.0,3.94444441795349,250.0,18.0,Private Individuals, 5-9 competitors,0.0
5834,Northern Ireland,20.0,2.77777767181396,62.0,17.0,Dispersed Shareholders, 5-9 competitors,1.0
5844,Northern Ireland,28.0,2.94444441795349,1200.0,38.0,"Founder owned, external CEO",10+ competitors,1.0
5848,Northern Ireland,34.0,3.72222232818604,540.0,13.0,Government,10+ competitors,1.0
5853,Northern Ireland,39.0,2.22222232818604,3500.0,11.0,"Founder owned, founder CEO",  1-4 competitors,1.0
5858,Northern Ireland,37.0,1.66666662693024,95.0,145.0,Private Equity/Venture Capital, 5-9 competitors,1.0
5859,Northern Ireland,37.0,3.44444441795349,100.0,6.0,Private Equity/Venture Capital,10+ competitors,1.0
5861,Northern Ireland,35.0,2.94444441795349,294.0,5.0,Dispersed Shareholders, 5-9 competitors,1.0
5861,Northern Ireland,35.0,2.66666674613953,300.0,5.0,Dispersed Shareholders, 5-9 competitors,1.0
5868,Great Britain,35.0,4.05555534362793,600.0,111.0,Dispersed Shareholders, 5-9 competitors,1.0
5870,Great Britain,26.0,2.94444441795349,600.0,100.0,Other,10+ competitors,1.0
5870,Great Britain,26.0,3.61111116409302,750.0,100.0,Other, 5-9 competitors,1.0
5871,Great Britain,33.0,2.38888883590698,125.0,99.0,"Family owned, external CEO",10+ competitors,1.0
5872,Great Britain,35.0,3.94444441795349,250.0,99.0,"Family owned, family CEO",10+ competitors,0.0
5874,Great Britain,36.0,3.55555558204651,1000.0,94.0,Government, 5-9 competitors,1.0
5875,Great Britain,23.0,2.94444441795349,180.0,92.0,Dispersed Shareholders,10+ competitors,1.0
5876,Great Britain,20.0,3.27777767181396,3000.0,92.0,Dispersed Shareholders,10+ competitors,1.0
5879,Great Britain,38.0,2.88888883590698,161.0,65.0,"Founder owned, founder CEO",  1-4 competitors,0.0
5882,Great Britain,22.0,1.61111116409302,135.0,57.0,Dispersed Shareholders,  1-4 competitors,1.0
5883,Great Britain,28.0,3.44444441795349,205.0,101.0,Private Individuals, 5-9 competitors,1.0
5884,Great Britain,20.0,3.0,250.0,50.0,"Family owned, family CEO",10+ competitors,0.0
5885,Great Britain,39.0,3.11111116409302,100.0,49.0,Dispersed Shareholders, 5-9 competitors,1.0
5885,Great Britain,39.0,2.83333325386047,100.0,49.0,Dispersed Shareholders,   0 competitors,1.0
5887,Great Britain,33.0,2.72222232818604,200.0,47.0,Dispersed Shareholders,10+ competitors,1.0
5888,Great Britain,34.0,3.66666674613953,300.0,45.0,Dispersed Shareholders, 5-9 competitors,0.0
5889,Great Britain,39.0,3.5,600.0,42.0,Dispersed Shareholders,  1-4 competitors,1.0
5890,Great Britain,28.0,2.0,200.0,41.0,Private Equity/Venture Capital,  1-4 competitors,1.0
5892,Great Britain,20.0,1.66666662693024,200.0,38.0,"Family owned, family CEO",  1-4 competitors,0.0
5893,Great Britain,31.0,1.38888883590698,115.0,41.0,"Family owned, family CEO", 5-9 competitors,0.0
5894,Great Britain,22.0,3.72222232818604,180.0,36.0,Private Individuals, 5-9 competitors,1.0
5894,Great Britain,22.0,2.88888883590698,200.0,36.0,Private Individuals, 5-9 competitors,1.0
5897,Great Britain,34.0,2.27777767181396,120.0,32.0,Private Individuals, 5-9 competitors,1.0
5898,Great Britain,35.0,3.52941179275513,750.0,29.0,Private Equity/Venture Capital, 5-9 competitors,1.0
5899,Great Britain,39.0,2.72222232818604,170.0,28.0,"Family owned, family CEO", 5-9 competitors,0.0
5899,Great Britain,39.0,3.0,150.0,28.0,"Family owned, family CEO",10+ competitors,0.0
5900,Great Britain,35.0,2.22222232818604,150.0,27.0,"Founder owned, founder CEO",10+ competitors,0.0
5901,Great Britain,28.0,3.44444441795349,350.0,26.0,"Family owned, family CEO",  1-4 competitors,0.0
5902,Great Britain,34.0,2.70588231086731,250.0,23.0,"Family owned, family CEO", 5-9 competitors,0.0
5904,Great Britain,25.0,2.61111116409302,250.0,22.0,Dispersed Shareholders,10+ competitors,0.0
5905,Great Britain,27.0,2.22222232818604,135.0,19.0,Private Individuals,10+ competitors,1.0
5908,Great Britain,26.0,3.05555558204651,500.0,17.0,Private Equity/Venture Capital,10+ competitors,1.0
5910,Great Britain,20.0,3.22222232818604,180.0,121.0,Dispersed Shareholders, 5-9 competitors,0.0
5911,Great Britain,39.0,2.11111116409302,300.0,24.0,Dispersed Shareholders,  1-4 competitors,0.0
5912,Great Britain,20.0,3.77777767181396,3500.0,13.0,"Family owned, family CEO",  1-4 competitors,0.0
5913,Great Britain,36.0,4.16666650772095,400.0,13.0,Dispersed Shareholders, 5-9 competitors,1.0
5915,Great Britain,20.0,3.05555558204651,200.0,11.0,Private Individuals, 5-9 competitors,0.0
5916,Great Britain,20.0,2.17647051811218,170.0,10.0,Other,  1-4 competitors,0.0
5917,Great Britain,39.0,3.11764717102051,450.0,9.0,Dispersed Shareholders,10+ competitors,1.0
5918,Great Britain,24.0,1.94444441795349,650.0,8.0,"Founder owned, founder CEO",10+ competitors,0.0
5920,Great Britain,25.0,3.0,450.0,7.0,Private Individuals, 5-9 competitors,0.0
5921,Great Britain,35.0,3.0,150.0,28.0,"Founder owned, founder CEO", 5-9 competitors,0.0
5924,Great Britain,20.0,2.5,600.0,5.0,Private Individuals,10+ competitors,0.0
5926,Great Britain,20.0,3.11111116409302,557.0,4.0,Private Equity/Venture Capital, 5-9 competitors,1.0
5936,Greece,20.0,2.44444441795349,150.0,7.0,"Founder owned, founder CEO",  1-4 competitors,0.0
5937,Greece,20.0,3.55555558204651,270.0,58.0,"Family owned, family CEO",10+ competitors,0.0
5938,Greece,20.0,4.16666650772095,1200.0,43.0,Private Individuals,  1-4 competitors,1.0
5939,Greece,33.0,4.16666650772095,1100.0,46.0,Private Individuals,  1-4 competitors,1.0
5940,Greece,20.0,2.16666674613953,250.0,76.0,"Family owned, family CEO",  1-4 competitors,0.0
5941,Greece,36.0,2.27777767181396,150.0,46.0,"Family owned, family CEO", 5-9 competitors,0.0
5942,Greece,28.0,1.61111116409302,150.0,46.0,"Founder owned, founder CEO",  1-4 competitors,0.0
5943,Greece,28.0,1.9375,102.0,58.0,"Family owned, family CEO", 5-9 competitors,0.0
5944,Greece,28.0,3.33333325386047,250.0,55.0,Private Individuals, 5-9 competitors,1.0
5945,Greece,20.0,2.61111116409302,86.0,80.0,Dispersed Shareholders,  1-4 competitors,1.0
5946,Greece,21.0,3.16666674613953,110.0,68.0,"Family owned, family CEO",  1-4 competitors,0.0
5948,Greece,28.0,3.35294127464294,120.0,44.0,"Family owned, family CEO",  1-4 competitors,0.0
5950,Greece,20.0,4.44444465637207,550.0,74.0,Dispersed Shareholders,  1-4 competitors,1.0
5951,Greece,27.0,2.72222232818604,135.0,44.0,"Family owned, family CEO",  1-4 competitors,0.0
5952,Greece,28.0,2.83333325386047,390.0,44.0,"Founder owned, founder CEO",  1-4 competitors,0.0
5954,Greece,34.0,2.17647051811218,180.0,78.0,"Family owned, family CEO",  1-4 competitors,0.0
5955,Greece,20.0,2.11111116409302,300.0,73.0,"Family owned, family CEO",10+ competitors,0.0
5956,Greece,28.0,3.0,200.0,55.0,"Family owned, family CEO",10+ competitors,0.0
5958,Greece,28.0,4.38888883590698,300.0,44.0,Dispersed Shareholders,  1-4 competitors,1.0
5964,Greece,28.0,2.64705872535706,500.0,46.0,Dispersed Shareholders,10+ competitors,0.0
5965,Greece,30.0,3.05555558204651,1500.0,46.0,"Family owned, external CEO",10+ competitors,1.0
5966,Greece,29.0,1.61111116409302,250.0,32.0,"Family owned, external CEO",  1-4 competitors,1.0
5967,Greece,28.0,1.61111116409302,100.0,45.0,"Family owned, family CEO",10+ competitors,0.0
5968,Greece,36.0,3.77777767181396,1100.0,39.0,Private Individuals,  1-4 competitors,1.0
5969,Greece,32.0,2.22222232818604,2000.0,104.0,Dispersed Shareholders,  1-4 competitors,1.0
5970,Greece,32.0,2.94444441795349,390.0,44.0,"Founder owned, founder CEO",10+ competitors,1.0
5973,Greece,28.0,2.05882358551025,66.0,45.0,Private Individuals, 5-9 competitors,0.0
5975,Greece,34.0,2.77777767181396,300.0,44.0,Private Individuals,   0 competitors,1.0
5976,Greece,32.0,3.22222232818604,150.0,42.0,"Family owned, external CEO",  1-4 competitors,0.0
5977,Greece,20.0,2.61111116409302,200.0,29.0,"Family owned, family CEO",  1-4 competitors,0.0
5978,Greece,28.0,2.55555558204651,1200.0,41.0,Dispersed Shareholders,  1-4 competitors,1.0
5979,Greece,36.0,3.94444441795349,330.0,42.0,Dispersed Shareholders,  1-4 competitors,1.0
5980,Greece,20.0,2.0,150.0,41.0,Other, 5-9 competitors,0.0
5981,Greece,34.0,3.66666674613953,430.0,41.0,Dispersed Shareholders,  1-4 competitors,1.0
5982,Greece,20.0,3.38888883590698,70.0,91.0,"Family owned, family CEO",  1-4 competitors,0.0
5985,Greece,20.0,3.55555558204651,650.0,31.0,Dispersed Shareholders,  1-4 competitors,1.0
5986,Greece,37.0,1.70588231086731,2500.0,35.0,Government,  1-4 competitors,0.0
5989,Greece,20.0,2.5,400.0,43.0,Other,10+ competitors,0.0
5990,Greece,30.0,1.94117641448975,300.0,86.0,"Family owned, family CEO",  1-4 competitors,0.0
5991,Greece,30.0,2.61111116409302,250.0,40.0,Dispersed Shareholders,   0 competitors,1.0
5992,Greece,20.0,3.16666674613953,97.0,37.0,Other,  1-4 competitors,1.0
5993,Greece,28.0,3.66666674613953,150.0,37.0,"Family owned, family CEO", 5-9 competitors,0.0
5994,Greece,20.0,4.11764717102051,2500.0,37.0,Dispersed Shareholders,  1-4 competitors,1.0
5995,Greece,28.0,3.66666674613953,320.0,37.0,"Founder owned, founder CEO",  1-4 competitors,0.0
5997,Greece,33.0,3.0,500.0,37.0,Private Individuals,10+ competitors,1.0
5998,Greece,39.0,2.22222232818604,125.0,37.0,"Family owned, family CEO",10+ competitors,0.0
5999,Greece,28.0,2.94444441795349,85.0,38.0,Private Individuals,  1-4 competitors,0.0
6000,Greece,27.0,1.88235294818878,200.0,37.0,"Family owned, family CEO",  1-4 competitors,0.0
6001,Greece,20.0,2.29411768913269,85.0,37.0,"Family owned, family CEO", 5-9 competitors,0.0
6003,Greece,20.0,2.22222232818604,300.0,38.0,Dispersed Shareholders,  1-4 competitors,1.0
6004,Greece,29.0,2.94444441795349,1300.0,36.0,"Founder owned, founder CEO",  1-4 competitors,0.0
6005,Greece,20.0,3.88888883590698,1200.0,36.0,Dispersed Shareholders,  1-4 competitors,1.0
6007,Greece,38.0,4.55555534362793,600.0,36.0,Dispersed Shareholders,  1-4 competitors,1.0
6008,Greece,20.0,2.58823537826538,580.0,35.0,Private Equity/Venture Capital,  1-4 competitors,1.0
6009,Greece,35.0,2.33333325386047,120.0,35.0,"Family owned, family CEO",10+ competitors,0.0
6010,Greece,20.0,2.38888883590698,1000.0,35.0,"Family owned, family CEO",  1-4 competitors,0.0
6012,Greece,34.0,3.27777767181396,300.0,35.0,"Founder owned, founder CEO",   0 competitors,0.0
6013,Greece,20.0,2.16666674613953,380.0,32.0,"Family owned, family CEO",  1-4 competitors,0.0
6014,Greece,35.0,3.22222232818604,770.0,34.0,"Family owned, family CEO",10+ competitors,0.0
6016,Greece,33.0,1.72222220897675,1000.0,31.0,"Founder owned, founder CEO",  1-4 competitors,0.0
6017,Greece,28.0,2.61111116409302,250.0,26.0,"Founder owned, founder CEO",10+ competitors,0.0
6018,Greece,20.0,2.11764717102051,120.0,36.0,"Family owned, family CEO", 5-9 competitors,0.0
6020,Greece,23.0,2.05555558204651,200.0,35.0,"Founder owned, founder CEO",  1-4 competitors,0.0
6021,Greece,20.0,1.16666662693024,400.0,34.0,"Family owned, family CEO",  1-4 competitors,0.0
6022,Greece,36.0,2.70588231086731,250.0,86.0,"Family owned, family CEO",  1-4 competitors,1.0
6023,Greece,22.0,1.58823525905609,200.0,35.0,Dispersed Shareholders,  1-4 competitors,0.0
6025,Greece,33.0,2.88235282897949,350.0,56.0,"Family owned, external CEO",  1-4 competitors,1.0
6026,Greece,22.0,1.82352936267853,230.0,33.0,"Family owned, family CEO",  1-4 competitors,0.0
6027,Greece,33.0,3.66666674613953,231.0,33.0,Dispersed Shareholders,  1-4 competitors,1.0
6028,Greece,28.0,2.83333325386047,275.0,34.0,Dispersed Shareholders,10+ competitors,1.0
6030,Greece,20.0,2.64705872535706,1000.0,33.0,Dispersed Shareholders,  1-4 competitors,1.0
6031,Greece,22.0,2.64705872535706,150.0,33.0,"Family owned, family CEO",10+ competitors,0.0
6032,Greece,28.0,2.0,380.0,33.0,"Founder owned, founder CEO",10+ competitors,0.0
6033,Greece,28.0,3.33333325386047,70.0,33.0,Dispersed Shareholders,   0 competitors,1.0
6037,Greece,22.0,2.47058820724487,650.0,33.0,Private Individuals,   0 competitors,1.0
6038,Greece,28.0,3.05555558204651,204.0,32.0,"Family owned, family CEO",  1-4 competitors,0.0
6039,Greece,26.0,2.27777767181396,68.0,34.0,"Family owned, family CEO",  1-4 competitors,0.0
6041,Greece,30.0,3.88888883590698,300.0,25.0,"Family owned, external CEO",10+ competitors,0.0
6042,Greece,26.0,1.82352936267853,325.0,32.0,"Family owned, family CEO",  1-4 competitors,0.0
6043,Greece,30.0,3.61111116409302,127.0,32.0,"Founder owned, external CEO",  1-4 competitors,0.0
6044,Greece,30.0,3.66666674613953,300.0,32.0,"Family owned, family CEO",  1-4 competitors,1.0
6047,Greece,27.0,3.0,210.0,31.0,"Family owned, family CEO",  1-4 competitors,0.0
6048,Greece,35.0,3.16666674613953,250.0,31.0,"Family owned, family CEO",10+ competitors,0.0
6049,Greece,23.0,1.70588231086731,100.0,32.0,"Founder owned, founder CEO",  1-4 competitors,0.0
6050,Greece,35.0,3.11111116409302,600.0,38.0,"Founder owned, founder CEO",   0 competitors,1.0
6052,Greece,23.0,2.33333325386047,250.0,30.0,"Founder owned, founder CEO", 5-9 competitors,0.0
6053,Greece,26.0,3.94444441795349,150.0,30.0,Dispersed Shareholders,  1-4 competitors,1.0
6054,Greece,28.0,2.77777767181396,300.0,30.0,Dispersed Shareholders,  1-4 competitors,1.0
6056,Greece,24.0,2.27777767181396,278.0,29.0,"Family owned, family CEO",  1-4 competitors,0.0
6058,Greece,20.0,1.33333337306976,130.0,31.0,Dispersed Shareholders, 5-9 competitors,0.0
6059,Greece,20.0,2.64705872535706,1200.0,31.0,"Family owned, family CEO",  1-4 competitors,0.0
6060,Greece,26.0,2.61111116409302,405.0,28.0,"Founder owned, founder CEO", 5-9 competitors,0.0
6062,Greece,33.0,1.83333337306976,400.0,35.0,Dispersed Shareholders, 5-9 competitors,1.0
6063,Greece,20.0,2.27777767181396,120.0,29.0,"Family owned, family CEO",10+ competitors,0.0
6064,Greece,32.0,2.27777767181396,180.0,28.0,"Family owned, family CEO",10+ competitors,0.0
6065,Greece,30.0,1.76470589637756,400.0,29.0,"Founder owned, founder CEO",  1-4 competitors,0.0
6066,Greece,33.0,1.83333337306976,83.0,29.0,Government,  1-4 competitors,0.0
6069,Greece,28.0,3.94444441795349,264.0,27.0,Dispersed Shareholders,10+ competitors,1.0
6070,Greece,20.0,1.76470589637756,700.0,28.0,"Family owned, family CEO",  1-4 competitors,1.0
6073,Greece,20.0,4.83333349227905,190.0,35.0,Private Individuals,  1-4 competitors,1.0
6074,Greece,26.0,3.27777767181396,250.0,26.0,"Founder owned, founder CEO",10+ competitors,0.0
6077,Greece,20.0,2.83333325386047,65.0,29.0,"Founder owned, founder CEO",  1-4 competitors,0.0
6084,Greece,23.0,2.5,145.0,27.0,"Founder owned, founder CEO",  1-4 competitors,0.0
6086,Greece,20.0,3.72222232818604,160.0,24.0,"Founder owned, founder CEO", 5-9 competitors,0.0
6092,Greece,20.0,2.05555558204651,600.0,44.0,Private Individuals, 5-9 competitors,0.0
6093,Greece,34.0,2.17647051811218,150.0,39.0,Dispersed Shareholders,10+ competitors,1.0
6100,Greece,35.0,1.72222220897675,170.0,22.0,Private Individuals,   0 competitors,0.0
6102,Greece,20.0,2.44444441795349,350.0,25.0,"Family owned, family CEO",  1-4 competitors,0.0
6103,Greece,25.0,2.94444441795349,290.0,27.0,"Founder owned, founder CEO",  1-4 competitors,0.0
6111,Greece,36.0,2.66666674613953,230.0,37.0,Dispersed Shareholders,  1-4 competitors,1.0
6112,Greece,24.0,2.55555558204651,170.0,24.0,"Founder owned, founder CEO",  1-4 competitors,0.0
6113,Greece,20.0,2.5,470.0,24.0,"Family owned, family CEO",  1-4 competitors,1.0
6114,Greece,37.0,2.0,100.0,44.0,Dispersed Shareholders,  1-4 competitors,0.0
6120,Greece,35.0,4.05555534362793,800.0,23.0,Private Individuals,10+ competitors,1.0
6121,Greece,32.0,2.11111116409302,123.0,23.0,"Founder owned, founder CEO", 5-9 competitors,0.0
6122,Greece,26.0,2.83333325386047,160.0,23.0,"Founder owned, founder CEO", 5-9 competitors,0.0
6128,Greece,20.0,1.38888883590698,110.0,33.0,"Family owned, family CEO", 5-9 competitors,0.0
6129,Greece,20.0,2.66666674613953,400.0,21.0,"Family owned, family CEO",10+ competitors,0.0
6130,Greece,20.0,1.94444441795349,300.0,19.0,"Family owned, family CEO",  1-4 competitors,0.0
6133,Greece,28.0,3.5,340.0,33.0,"Family owned, external CEO",10+ competitors,1.0
6134,Greece,22.0,1.41176474094391,170.0,17.0,"Family owned, family CEO", 5-9 competitors,0.0
6135,Greece,25.0,2.33333325386047,250.0,22.0,"Founder owned, founder CEO",10+ competitors,0.0
6141,Greece,26.0,3.27777767181396,330.0,37.0,Dispersed Shareholders, 5-9 competitors,1.0
6143,Greece,32.0,4.35294103622437,150.0,21.0,Dispersed Shareholders,10+ competitors,1.0
6144,Greece,35.0,1.72222220897675,250.0,29.0,"Family owned, family CEO",  1-4 competitors,1.0
6148,Greece,23.0,2.66666674613953,2000.0,20.0,Dispersed Shareholders,  1-4 competitors,1.0
6150,Greece,20.0,1.27777779102325,800.0,7.0,"Founder owned, founder CEO",  1-4 competitors,0.0
6152,Greece,22.0,2.27777767181396,160.0,20.0,Private Individuals,  1-4 competitors,1.0
6155,Greece,27.0,2.33333325386047,1000.0,25.0,"Family owned, family CEO",10+ competitors,1.0
6157,Greece,35.0,3.88888883590698,360.0,20.0,Dispersed Shareholders,  1-4 competitors,1.0
6158,Greece,37.0,3.83333325386047,150.0,19.0,"Family owned, family CEO",10+ competitors,0.0
6160,Greece,20.0,1.33333337306976,500.0,17.0,Other,  1-4 competitors,0.0
6162,Greece,26.0,2.9375,160.0,20.0,Private Individuals, 5-9 competitors,1.0
6163,Greece,34.0,2.61111116409302,110.0,20.0,"Founder owned, founder CEO",   0 competitors,0.0
6164,Greece,28.0,3.66666674613953,100.0,19.0,Dispersed Shareholders,10+ competitors,1.0
6167,Greece,23.0,1.94117641448975,220.0,19.0,"Family owned, family CEO",  1-4 competitors,0.0
6169,Greece,33.0,2.83333325386047,220.0,17.0,Private Individuals,  1-4 competitors,1.0
6171,Greece,35.0,2.66666674613953,104.0,18.0,"Founder owned, founder CEO",  1-4 competitors,0.0
6172,Greece,20.0,1.76470589637756,300.0,19.0,"Family owned, family CEO",  1-4 competitors,0.0
6175,Greece,36.0,2.58823537826538,150.0,11.0,Private Individuals,  1-4 competitors,0.0
6186,Greece,26.0,1.61111116409302,120.0,17.0,"Family owned, family CEO",  1-4 competitors,0.0
6189,Greece,26.0,1.61111116409302,200.0,17.0,"Founder owned, founder CEO",  1-4 competitors,0.0
6190,Greece,20.0,2.41176462173462,80.0,13.0,"Family owned, family CEO", 5-9 competitors,0.0
6191,Greece,20.0,3.38888883590698,250.0,13.0,"Family owned, family CEO",  1-4 competitors,0.0
6193,Greece,20.0,3.05555558204651,200.0,11.0,Dispersed Shareholders,  1-4 competitors,1.0
6194,Greece,33.0,1.22222220897675,87.0,17.0,"Family owned, family CEO", 5-9 competitors,0.0
6195,Greece,28.0,2.3125,210.0,16.0,Dispersed Shareholders,  1-4 competitors,1.0
6199,Greece,34.0,2.61111116409302,147.0,16.0,"Family owned, family CEO",  1-4 competitors,0.0
6201,Greece,22.0,1.77777779102325,1500.0,15.0,Dispersed Shareholders,  1-4 competitors,1.0
6207,Greece,36.0,1.47058820724487,80.0,16.0,"Founder owned, founder CEO",10+ competitors,0.0
6208,Greece,20.0,2.83333325386047,200.0,16.0,Dispersed Shareholders,  1-4 competitors,0.0
6209,Greece,20.0,3.5,320.0,16.0,Dispersed Shareholders,   0 competitors,1.0
6212,Greece,23.0,2.77777767181396,150.0,9.0,Private Individuals,  1-4 competitors,1.0
6214,Greece,20.0,1.72222220897675,400.0,11.0,"Family owned, family CEO",  1-4 competitors,0.0
6216,Greece,25.0,2.77777767181396,218.0,14.0,"Founder owned, founder CEO", 5-9 competitors,1.0
6218,Greece,27.0,2.22222232818604,500.0,15.0,Dispersed Shareholders,  1-4 competitors,0.0
6220,Greece,20.0,1.47058820724487,105.0,14.0,Private Individuals,  1-4 competitors,0.0
6221,Greece,30.0,3.44444441795349,95.0,14.0,Private Individuals, 5-9 competitors,1.0
6222,Greece,32.0,2.22222232818604,150.0,13.0,"Founder owned, founder CEO",  1-4 competitors,0.0
6224,Greece,28.0,3.0,550.0,95.0,Dispersed Shareholders,10+ competitors,1.0
6225,Greece,32.0,1.94444441795349,180.0,13.0,"Founder owned, founder CEO",  1-4 competitors,0.0
6233,Greece,23.0,1.94117641448975,350.0,14.0,Private Individuals,10+ competitors,1.0
6235,Greece,20.0,2.17647051811218,250.0,81.0,"Founder owned, founder CEO",  1-4 competitors,0.0
6236,Greece,28.0,2.1875,220.0,13.0,"Founder owned, founder CEO", 5-9 competitors,0.0
6237,Greece,26.0,2.88888883590698,180.0,13.0,"Founder owned, founder CEO", 5-9 competitors,0.0
6238,Greece,35.0,3.88888883590698,280.0,13.0,Dispersed Shareholders,10+ competitors,1.0
6239,Greece,32.0,2.8125,140.0,86.0,"Family owned, family CEO",10+ competitors,0.0
6250,Greece,30.0,1.72222220897675,195.0,12.0,"Founder owned, founder CEO", 5-9 competitors,0.0
6252,Greece,20.0,1.94117641448975,162.0,10.0,"Family owned, family CEO",  1-4 competitors,1.0
6253,Greece,37.0,2.35294127464294,1000.0,9.0,Dispersed Shareholders,  1-4 competitors,1.0
6255,Greece,27.0,2.5,180.0,23.0,Other,  1-4 competitors,0.0
6257,Greece,20.0,3.05555558204651,400.0,58.0,Private Individuals,  1-4 competitors,0.0
6258,Greece,26.0,2.11111116409302,205.0,27.0,"Family owned, family CEO", 5-9 competitors,0.0
6261,Greece,28.0,3.05555558204651,78.0,10.0,"Family owned, external CEO", 5-9 competitors,1.0
6266,Greece,27.0,1.76470589637756,250.0,11.0,Private Individuals,  1-4 competitors,1.0
6269,Greece,36.0,2.5,120.0,32.0,"Founder owned, founder CEO",  1-4 competitors,0.0
6270,Greece,28.0,2.61111116409302,180.0,43.0,Dispersed Shareholders,  1-4 competitors,1.0
6272,Greece,23.0,1.83333337306976,100.0,21.0,Government,   0 competitors,0.0
6281,Greece,37.0,2.27777767181396,70.0,27.0,"Founder owned, external CEO",  1-4 competitors,0.0
6282,Greece,37.0,1.38888883590698,217.0,14.0,Private Individuals,  1-4 competitors,0.0
6306,Greece,22.0,2.94117641448975,1000.0,6.0,"Family owned, external CEO",   0 competitors,0.0
6308,Greece,20.0,2.64705872535706,140.0,6.0,"Founder owned, founder CEO", 5-9 competitors,0.0
6311,Greece,28.0,2.83333325386047,2000.0,113.0,"Family owned, family CEO",10+ competitors,1.0
6314,Greece,20.0,3.05555558204651,800.0,39.0,Dispersed Shareholders,  1-4 competitors,1.0
6331,Greece,20.0,2.77777767181396,495.0,72.0,Private Individuals,  1-4 competitors,0.0
6335,Greece,25.0,3.0,160.0,2.0,"Founder owned, founder CEO",  1-4 competitors,0.0
6339,Greece,22.0,2.55555558204651,160.0,4.0,"Family owned, family CEO",  1-4 competitors,0.0
6343,China,35.0,3.0,140.0,69.0,Dispersed Shareholders,10+ competitors,0.0
6344,China,36.0,3.38888883590698,2000.0,34.0,"Founder owned, founder CEO",10+ competitors,0.0
6507,India,35.0,2.0,750.0,20.0,"Founder owned, founder CEO",10+ competitors,0.0
6645,India,24.0,1.83333337306976,1000.0,37.0,"Founder owned, founder CEO",10+ competitors,0.0
6646,India,22.0,1.11111116409302,32.0,48.0,"Family owned, family CEO",  1-4 competitors,0.0
6647,India,32.0,2.5,40.0,46.0,"Founder owned, founder CEO", 5-9 competitors,0.0
6648,India,28.0,2.16666674613953,140.0,10.0,"Founder owned, founder CEO",10+ competitors,0.0
6649,India,31.0,1.94444441795349,1400.0,36.0,"Family owned, family CEO",10+ competitors,0.0
6650,India,22.0,2.16666674613953,170.0,79.0,"Family owned, family CEO",10+ competitors,0.0
6651,India,29.0,3.38888883590698,180.0,10.0,"Founder owned, founder CEO",10+ competitors,0.0
6652,India,22.0,2.05555558204651,52.0,75.0,Private Individuals,  1-4 competitors,0.0
6653,India,31.0,1.0,300.0,20.0,"Founder owned, founder CEO",  1-4 competitors,0.0
6654,India,27.0,1.88888883590698,120.0,,"Family owned, family CEO",  1-4 competitors,0.0
6656,India,32.0,2.05555558204651,150.0,29.0,"Founder owned, founder CEO",10+ competitors,0.0
6657,India,27.0,3.05555558204651,6000.0,19.0,Dispersed Shareholders,  1-4 competitors,0.0
6658,India,24.0,2.11111116409302,245.0,27.0,"Founder owned, founder CEO", 5-9 competitors,0.0
6659,India,20.0,1.94444441795349,1650.0,,"Family owned, family CEO",  1-4 competitors,0.0
6660,India,20.0,2.38888883590698,65.0,19.0,"Founder owned, founder CEO", 5-9 competitors,0.0
6661,India,34.0,2.38888883590698,700.0,14.0,Private Individuals,  1-4 competitors,0.0
6662,India,32.0,1.94444441795349,1000.0,34.0,"Founder owned, founder CEO",  1-4 competitors,0.0
6663,India,25.0,2.38888883590698,300.0,41.0,Private Individuals, 5-9 competitors,0.0
6665,India,20.0,2.27777767181396,90.0,,Dispersed Shareholders,10+ competitors,0.0
6666,India,29.0,1.27777779102325,48.0,7.0,"Founder owned, founder CEO", 5-9 competitors,0.0
6667,India,34.0,3.05555558204651,500.0,,"Founder owned, founder CEO",  1-4 competitors,0.0
6668,India,24.0,1.88888883590698,350.0,16.0,"Founder owned, founder CEO",  1-4 competitors,0.0
6669,India,27.0,1.94444441795349,80.0,25.0,"Founder owned, founder CEO",  1-4 competitors,0.0
6670,India,31.0,1.55555558204651,46.0,35.0,"Family owned, family CEO", 5-9 competitors,0.0
6671,India,27.0,3.46666669845581,250.0,23.0,,10+ competitors,0.0
6672,India,27.0,2.61111116409302,65.0,26.0,"Founder owned, founder CEO",10+ competitors,0.0
6673,India,23.0,2.83333325386047,350.0,,"Founder owned, founder CEO",10+ competitors,0.0
6674,India,27.0,2.94444441795349,100.0,18.0,"Family owned, family CEO",10+ competitors,0.0
6675,India,34.0,3.55555558204651,150.0,38.0,"Founder owned, external CEO", 5-9 competitors,0.0
6676,India,29.0,1.77777779102325,50.0,19.0,"Founder owned, founder CEO", 5-9 competitors,0.0
6678,India,29.0,2.11111116409302,80.0,25.0,Dispersed Shareholders,  1-4 competitors,0.0
6679,India,27.0,3.61111116409302,200.0,33.0,"Founder owned, founder CEO", 5-9 competitors,0.0
6680,India,29.0,3.44444441795349,350.0,12.0,"Founder owned, founder CEO", 5-9 competitors,0.0
6681,India,22.0,1.83333337306976,500.0,9.0,"Family owned, family CEO",  1-4 competitors,0.0
6682,India,20.0,1.27777779102325,120.0,57.0,"Family owned, family CEO",  1-4 competitors,0.0
6683,India,29.0,2.5,75.0,30.0,"Founder owned, founder CEO", 5-9 competitors,0.0
6684,India,30.0,1.94444441795349,40.0,31.0,"Founder owned, founder CEO",  1-4 competitors,0.0
6685,India,29.0,2.5,21.0,19.0,Private Individuals,10+ competitors,0.0
6687,India,32.0,2.11111116409302,400.0,44.0,"Family owned, family CEO", 5-9 competitors,0.0
6688,India,28.0,2.11111116409302,180.0,32.0,"Founder owned, founder CEO",10+ competitors,0.0
6689,India,24.0,2.66666674613953,300.0,20.0,Private Individuals,  1-4 competitors,0.0
6690,India,31.0,1.77777779102325,15.0,14.0,"Family owned, family CEO",  1-4 competitors,0.0
6691,India,29.0,1.55555558204651,80.0,21.0,"Family owned, family CEO",10+ competitors,0.0
6692,India,32.0,2.66666674613953,120.0,20.0,"Founder owned, founder CEO",  1-4 competitors,0.0
6694,India,27.0,1.875,9.0,28.0,"Founder owned, founder CEO",10+ competitors,0.0
6695,India,21.0,2.11111116409302,210.0,25.0,"Family owned, family CEO",10+ competitors,0.0
6696,India,31.0,1.27777779102325,40.0,21.0,"Founder owned, founder CEO",10+ competitors,0.0
6697,India,24.0,1.94444441795349,35.0,22.0,"Founder owned, founder CEO",10+ competitors,0.0
6698,India,24.0,2.88888883590698,140.0,21.0,"Founder owned, founder CEO",10+ competitors,0.0
6699,India,26.0,2.27777767181396,55.0,,"Family owned, family CEO",10+ competitors,0.0
6700,India,33.0,3.88888883590698,130.0,14.0,"Founder owned, founder CEO",10+ competitors,0.0
6701,India,34.0,3.05555558204651,110.0,20.0,"Founder owned, founder CEO",10+ competitors,0.0
6702,India,25.0,1.94444441795349,20.0,11.0,"Founder owned, founder CEO",10+ competitors,0.0
6703,India,29.0,2.61111116409302,400.0,24.0,"Founder owned, founder CEO",10+ competitors,0.0
6704,India,23.0,2.22222232818604,360.0,17.0,"Founder owned, founder CEO",  1-4 competitors,0.0
6705,India,29.0,2.33333325386047,45.0,32.0,"Founder owned, founder CEO",  1-4 competitors,0.0
6707,India,25.0,1.77777779102325,1500.0,30.0,"Family owned, family CEO",10+ competitors,1.0
6708,India,24.0,2.05555558204651,40.0,39.0,"Family owned, family CEO",10+ competitors,0.0
6709,India,31.0,2.05555558204651,90.0,15.0,"Founder owned, founder CEO",10+ competitors,0.0
6711,India,32.0,2.27777767181396,30.0,12.0,"Family owned, family CEO", 5-9 competitors,0.0
6712,India,31.0,1.27777779102325,11.0,,"Founder owned, founder CEO",  1-4 competitors,0.0
6713,India,24.0,2.16666674613953,250.0,16.0,"Founder owned, founder CEO",  1-4 competitors,0.0
6715,India,25.0,1.38888883590698,410.0,5.0,Government,10+ competitors,0.0
6716,India,20.0,3.66666674613953,900.0,23.0,"Founder owned, founder CEO",  1-4 competitors,0.0
6717,India,21.0,1.61111116409302,55.0,5.0,Private Individuals,10+ competitors,0.0
6718,India,25.0,1.77777779102325,20.0,13.0,"Founder owned, founder CEO",10+ competitors,0.0
6719,India,22.0,2.1875,220.0,7.0,"Family owned, family CEO",  1-4 competitors,0.0
6720,India,22.0,2.77777767181396,1000.0,24.0,"Family owned, family CEO",10+ competitors,0.0
6721,India,24.0,3.22222232818604,110.0,14.0,"Founder owned, founder CEO",10+ competitors,0.0
6722,India,20.0,2.55555558204651,150.0,,"Founder owned, founder CEO",10+ competitors,0.0
6723,India,24.0,2.66666674613953,100.0,86.0,"Family owned, family CEO", 5-9 competitors,0.0
6724,India,35.0,2.27777767181396,60.0,,"Founder owned, founder CEO",  1-4 competitors,0.0
6725,India,23.0,2.72222232818604,1000.0,5.0,"Family owned, external CEO", 5-9 competitors,0.0
6726,India,23.0,1.72222220897675,90.0,9.0,"Founder owned, founder CEO",  1-4 competitors,0.0
6727,India,29.0,1.27777779102325,33.0,24.0,"Founder owned, founder CEO",  1-4 competitors,0.0
6728,India,21.0,1.83333337306976,32.0,,"Founder owned, founder CEO",10+ competitors,0.0
6729,India,27.0,2.11111116409302,103.0,52.0,"Family owned, family CEO",  1-4 competitors,0.0
6731,India,24.0,1.88888883590698,75.0,16.0,"Founder owned, founder CEO",  1-4 competitors,0.0
6732,India,24.0,1.11111116409302,300.0,,"Family owned, family CEO",  1-4 competitors,0.0
6734,India,21.0,1.72222220897675,85.0,13.0,"Founder owned, founder CEO",10+ competitors,0.0
6735,India,32.0,4.11111116409302,1100.0,26.0,"Founder owned, founder CEO", 5-9 competitors,0.0
6736,India,24.0,3.05555558204651,220.0,10.0,Private Individuals, 5-9 competitors,0.0
6737,India,25.0,1.66666662693024,175.0,30.0,"Founder owned, founder CEO", 5-9 competitors,0.0
6738,India,28.0,4.27777767181396,250.0,30.0,"Founder owned, founder CEO", 5-9 competitors,0.0
6739,India,28.0,1.05555558204651,80.0,6.0,"Founder owned, founder CEO",  1-4 competitors,0.0
6740,India,32.0,2.0,70.0,23.0,"Founder owned, founder CEO",  1-4 competitors,0.0
6741,India,31.0,2.83333325386047,200.0,30.0,Dispersed Shareholders,10+ competitors,1.0
6742,India,27.0,1.94444441795349,21.0,11.0,"Founder owned, founder CEO",10+ competitors,0.0
6743,India,31.0,1.94444441795349,150.0,11.0,"Founder owned, founder CEO",10+ competitors,0.0
6744,India,28.0,2.23529410362244,87.0,41.0,Private Individuals,   0 competitors,0.0
6745,India,27.0,1.33333337306976,28.0,12.0,"Founder owned, founder CEO",  1-4 competitors,0.0
6746,India,28.0,3.44444441795349,150.0,17.0,"Founder owned, founder CEO", 5-9 competitors,0.0
6747,India,23.0,2.88888883590698,300.0,32.0,"Family owned, family CEO",10+ competitors,0.0
6748,India,24.0,3.55555558204651,250.0,41.0,"Family owned, external CEO",10+ competitors,1.0
6750,India,29.0,1.94444441795349,300.0,26.0,Private Individuals,10+ competitors,0.0
6751,India,25.0,1.88888883590698,40.0,11.0,"Family owned, family CEO",  1-4 competitors,0.0
6752,India,32.0,3.11111116409302,35.0,15.0,"Founder owned, founder CEO",10+ competitors,0.0
6753,India,27.0,1.88888883590698,900.0,30.0,"Founder owned, founder CEO",  1-4 competitors,0.0
6754,India,29.0,1.38888883590698,120.0,22.0,"Founder owned, founder CEO",  1-4 competitors,0.0
6755,India,31.0,2.33333325386047,170.0,16.0,"Founder owned, founder CEO", 5-9 competitors,0.0
6756,India,29.0,2.83333325386047,350.0,21.0,Private Individuals,10+ competitors,1.0
6757,India,25.0,2.22222232818604,150.0,25.0,"Founder owned, founder CEO",  1-4 competitors,0.0
6758,India,29.0,2.38888883590698,60.0,97.0,"Founder owned, founder CEO", 5-9 competitors,0.0
6759,India,31.0,2.11111116409302,10.0,14.0,"Family owned, family CEO",  1-4 competitors,0.0
6760,India,25.0,1.5,200.0,26.0,"Family owned, family CEO",  1-4 competitors,0.0
6761,India,31.0,2.88888883590698,200.0,28.0,Private Individuals, 5-9 competitors,0.0
6762,India,34.0,2.11111116409302,70.0,12.0,"Founder owned, founder CEO",10+ competitors,0.0
6763,India,24.0,2.5,60.0,10.0,"Founder owned, founder CEO",10+ competitors,0.0
6764,India,33.0,2.77777767181396,60.0,17.0,"Founder owned, founder CEO",10+ competitors,0.0
6765,India,28.0,2.94444441795349,180.0,40.0,"Founder owned, founder CEO",10+ competitors,0.0
6766,India,24.0,2.27777767181396,70.0,29.0,"Family owned, family CEO",10+ competitors,0.0
6767,India,31.0,3.77777767181396,375.0,6.0,Dispersed Shareholders,10+ competitors,1.0
6768,India,27.0,2.05555558204651,200.0,25.0,"Family owned, family CEO",10+ competitors,0.0
6769,India,22.0,1.72222220897675,130.0,36.0,"Family owned, family CEO",10+ competitors,0.0
6770,India,20.0,2.27777767181396,900.0,71.0,"Family owned, external CEO",10+ competitors,0.0
6771,India,34.0,3.05555558204651,300.0,,"Family owned, family CEO",  1-4 competitors,0.0
6772,India,24.0,1.61111116409302,45.0,24.0,"Founder owned, external CEO",  1-4 competitors,0.0
6773,India,24.0,2.5,110.0,26.0,"Founder owned, founder CEO",10+ competitors,0.0
6774,India,24.0,1.77777779102325,100.0,1.0,"Founder owned, founder CEO",  1-4 competitors,0.0
6775,India,24.0,1.66666662693024,250.0,15.0,"Family owned, family CEO",  1-4 competitors,0.0
6776,India,33.0,2.22222232818604,15.0,11.0,"Founder owned, founder CEO",10+ competitors,0.0
6777,India,32.0,2.55555558204651,180.0,12.0,"Family owned, external CEO",10+ competitors,0.0
6778,India,24.0,2.5,500.0,35.0,"Founder owned, founder CEO",10+ competitors,0.0
6779,India,33.0,2.88888883590698,265.0,22.0,"Founder owned, founder CEO",10+ competitors,0.0
6780,India,24.0,1.94444441795349,30.0,5.0,"Founder owned, founder CEO",  1-4 competitors,0.0
6781,India,22.0,1.94444441795349,300.0,,"Founder owned, founder CEO",10+ competitors,0.0
6782,India,26.0,3.0,40.0,34.0,"Founder owned, founder CEO",10+ competitors,0.0
6783,India,34.0,1.66666662693024,400.0,5.0,"Family owned, family CEO",  1-4 competitors,0.0
6784,India,24.0,1.38888883590698,50.0,8.0,"Founder owned, founder CEO",  1-4 competitors,0.0
6785,India,24.0,2.44444441795349,135.0,10.0,Other,10+ competitors,1.0
6786,India,29.0,2.77777767181396,70.0,42.0,"Family owned, family CEO",10+ competitors,0.0
6787,India,24.0,3.33333325386047,65.0,30.0,"Founder owned, founder CEO",10+ competitors,0.0
6788,India,31.0,2.22222232818604,45.0,22.0,"Founder owned, founder CEO",10+ competitors,0.0
6789,India,29.0,1.55555558204651,70.0,23.0,"Founder owned, founder CEO",  1-4 competitors,0.0
6790,India,24.0,1.38888883590698,35.0,29.0,"Founder owned, founder CEO", 5-9 competitors,0.0
6791,India,22.0,2.77777767181396,400.0,11.0,"Founder owned, founder CEO",10+ competitors,0.0
6792,India,31.0,1.94444441795349,80.0,16.0,"Family owned, family CEO",10+ competitors,0.0
6793,India,24.0,2.94444441795349,25.0,28.0,Private Individuals,10+ competitors,0.0
6794,India,22.0,2.44444441795349,308.0,17.0,"Founder owned, founder CEO",  1-4 competitors,0.0
6795,India,27.0,1.88888883590698,30.0,23.0,Private Individuals,  1-4 competitors,0.0
6796,India,29.0,1.77777779102325,150.0,22.0,"Founder owned, founder CEO",  1-4 competitors,0.0
6797,India,29.0,1.44444441795349,70.0,,"Founder owned, founder CEO",  1-4 competitors,0.0
6798,India,29.0,2.94444441795349,120.0,16.0,"Founder owned, founder CEO",10+ competitors,0.0
6799,India,31.0,2.11111116409302,250.0,,Private Individuals, 5-9 competitors,1.0
6800,India,25.0,2.33333325386047,150.0,25.0,"Founder owned, founder CEO",10+ competitors,0.0
6801,India,33.0,1.94444441795349,500.0,12.0,"Family owned, family CEO",  1-4 competitors,0.0
6802,India,29.0,2.61111116409302,400.0,,Dispersed Shareholders, 5-9 competitors,1.0
6803,India,31.0,2.27777767181396,150.0,33.0,"Founder owned, external CEO", 5-9 competitors,0.0
6804,India,24.0,3.5,200.0,25.0,"Founder owned, founder CEO", 5-9 competitors,0.0
6805,India,20.0,2.38888883590698,60.0,39.0,"Family owned, family CEO",10+ competitors,0.0
6806,India,27.0,2.38888883590698,730.0,26.0,"Founder owned, founder CEO", 5-9 competitors,0.0
6807,India,28.0,1.88888883590698,150.0,32.0,"Family owned, family CEO",  1-4 competitors,0.0
6808,India,31.0,1.05555558204651,25.0,8.0,"Family owned, family CEO", 5-9 competitors,0.0
6809,India,20.0,3.55555558204651,300.0,26.0,"Founder owned, external CEO",10+ competitors,0.0
6810,India,25.0,2.66666674613953,150.0,17.0,"Founder owned, founder CEO", 5-9 competitors,0.0
6811,India,25.0,2.72222232818604,25.0,21.0,"Founder owned, founder CEO",10+ competitors,0.0
6812,India,24.0,2.0625,75.0,21.0,"Founder owned, founder CEO",10+ competitors,0.0
6813,India,29.0,2.38888883590698,60.0,,"Founder owned, founder CEO",10+ competitors,0.0
6814,India,24.0,2.0,75.0,4.0,"Founder owned, founder CEO", 5-9 competitors,0.0
6815,India,24.0,1.77777779102325,20.0,11.0,"Founder owned, founder CEO",10+ competitors,0.0
6816,India,33.0,2.05555558204651,100.0,27.0,"Founder owned, founder CEO", 5-9 competitors,0.0
6817,India,32.0,3.72222232818604,700.0,5.0,Dispersed Shareholders,10+ competitors,1.0
6818,India,36.0,2.44444441795349,400.0,7.0,"Founder owned, founder CEO",  1-4 competitors,0.0
6819,India,33.0,1.72222220897675,200.0,44.0,"Family owned, family CEO", 5-9 competitors,0.0
6820,India,27.0,2.5,300.0,20.0,Dispersed Shareholders,10+ competitors,0.0
6821,India,27.0,1.77777779102325,150.0,28.0,"Founder owned, founder CEO",10+ competitors,0.0
6822,India,27.0,2.0,45.0,22.0,"Founder owned, founder CEO",10+ competitors,0.0
6823,India,26.0,2.11111116409302,300.0,,Dispersed Shareholders,  1-4 competitors,0.0
6824,India,32.0,3.61111116409302,4000.0,35.0,Dispersed Shareholders,10+ competitors,0.0
6825,India,24.0,3.61111116409302,120.0,6.0,Other,10+ competitors,1.0
6826,India,25.0,1.55555558204651,70.0,9.0,"Founder owned, founder CEO",  1-4 competitors,0.0
6827,India,29.0,2.94444441795349,82.0,,Private Individuals,10+ competitors,0.0
6828,India,38.0,3.375,80.0,22.0,Dispersed Shareholders, 5-9 competitors,1.0
6830,India,20.0,1.77777779102325,2000.0,23.0,Dispersed Shareholders,10+ competitors,0.0
6831,India,24.0,3.33333325386047,3000.0,59.0,Dispersed Shareholders,10+ competitors,0.0
6832,India,27.0,1.61111116409302,19.0,17.0,"Founder owned, founder CEO", 5-9 competitors,0.0
6833,India,24.0,3.11111116409302,648.0,28.0,"Founder owned, founder CEO", 5-9 competitors,1.0
6834,India,33.0,1.5,1200.0,22.0,"Founder owned, founder CEO",  1-4 competitors,0.0
6835,India,24.0,1.0,20.0,,"Founder owned, founder CEO",  1-4 competitors,0.0
6836,India,32.0,3.11111116409302,1500.0,23.0,"Family owned, family CEO", 5-9 competitors,0.0
6837,India,25.0,2.88235282897949,300.0,,"Founder owned, founder CEO", 5-9 competitors,0.0
6838,India,28.0,3.77777767181396,100.0,16.0,"Founder owned, founder CEO",10+ competitors,0.0
6839,India,22.0,2.16666674613953,70.0,11.0,"Founder owned, founder CEO",10+ competitors,0.0
6840,India,24.0,2.61111116409302,125.0,14.0,"Founder owned, founder CEO",10+ competitors,0.0
6841,India,31.0,1.94444441795349,35.0,16.0,"Founder owned, founder CEO", 5-9 competitors,0.0
6842,India,29.0,1.44444441795349,22.0,11.0,"Founder owned, founder CEO", 5-9 competitors,0.0
6843,India,25.0,2.55555558204651,2000.0,,"Founder owned, founder CEO", 5-9 competitors,0.0
6844,India,24.0,2.94444441795349,130.0,28.0,Private Individuals, 5-9 competitors,0.0
6845,India,24.0,1.11111116409302,40.0,15.0,"Founder owned, founder CEO",  1-4 competitors,0.0
6846,India,31.0,1.0,10.0,17.0,"Founder owned, founder CEO",  1-4 competitors,0.0
6847,India,24.0,2.05555558204651,50.0,15.0,"Founder owned, founder CEO",10+ competitors,0.0
6849,India,25.0,2.0,54.0,23.0,"Founder owned, founder CEO", 5-9 competitors,0.0
6850,India,30.0,2.11111116409302,12.0,24.0,"Founder owned, founder CEO",10+ competitors,0.0
6851,India,29.0,1.94117641448975,75.0,36.0,Private Individuals,  1-4 competitors,0.0
6851,India,29.0,1.27777779102325,25.0,34.0,Private Individuals,  1-4 competitors,0.0
6852,India,33.0,2.55555558204651,250.0,45.0,"Founder owned, founder CEO",10+ competitors,0.0
6853,India,27.0,2.88888883590698,120.0,23.0,"Family owned, family CEO",10+ competitors,0.0
6854,India,22.0,1.83333337306976,535.0,26.0,"Founder owned, external CEO",  1-4 competitors,0.0
6855,India,39.0,2.05555558204651,250.0,17.0,"Founder owned, founder CEO",10+ competitors,0.0
6856,India,34.0,1.88888883590698,55.0,15.0,"Founder owned, founder CEO",10+ competitors,0.0
6857,India,29.0,2.16666674613953,65.0,24.0,"Founder owned, founder CEO", 5-9 competitors,0.0
6858,India,24.0,2.61111116409302,35.0,13.0,"Founder owned, founder CEO",  1-4 competitors,0.0
6859,India,22.0,2.33333325386047,600.0,16.0,"Founder owned, founder CEO",  1-4 competitors,0.0
6860,India,29.0,2.0,5.0,,Private Individuals, 5-9 competitors,0.0
6861,India,32.0,2.55555558204651,3000.0,11.0,Private Individuals,  1-4 competitors,0.0
6862,India,25.0,1.52941179275513,500.0,11.0,"Founder owned, founder CEO",  1-4 competitors,0.0
6863,India,36.0,2.16666674613953,150.0,26.0,"Founder owned, founder CEO",10+ competitors,0.0
6864,India,25.0,2.22222232818604,10.0,15.0,"Founder owned, founder CEO",10+ competitors,0.0
6865,India,25.0,2.72222232818604,225.0,19.0,"Founder owned, founder CEO",10+ competitors,0.0
6866,India,27.0,2.16666674613953,250.0,19.0,"Founder owned, founder CEO",10+ competitors,0.0
6867,India,20.0,1.94117641448975,300.0,,"Founder owned, founder CEO",  1-4 competitors,0.0
6868,India,35.0,1.38888883590698,32.0,9.0,"Family owned, family CEO",10+ competitors,0.0
6870,India,22.0,2.22222232818604,300.0,6.0,"Founder owned, founder CEO",10+ competitors,0.0
6871,India,24.0,1.16666662693024,250.0,200.0,"Founder owned, founder CEO", 5-9 competitors,1.0
6872,India,24.0,3.94444441795349,75.0,8.0,"Founder owned, founder CEO", 5-9 competitors,0.0
6874,India,23.0,1.55555558204651,19.0,30.0,"Founder owned, founder CEO",10+ competitors,0.0
6875,India,36.0,3.33333325386047,500.0,,"Family owned, family CEO",10+ competitors,0.0
6876,India,24.0,3.33333325386047,75.0,75.0,"Founder owned, founder CEO",10+ competitors,0.0
6877,India,29.0,1.27777779102325,12.0,10.0,"Founder owned, founder CEO",10+ competitors,0.0
6878,India,23.0,3.33333325386047,330.0,,"Family owned, family CEO",10+ competitors,0.0
6879,India,27.0,1.61111116409302,23.0,,"Founder owned, founder CEO",10+ competitors,0.0
6880,India,24.0,2.0,70.0,19.0,"Founder owned, founder CEO",10+ competitors,0.0
6881,India,23.0,1.83333337306976,75.0,37.0,"Family owned, family CEO",10+ competitors,0.0
6882,India,32.0,2.05555558204651,850.0,16.0,"Family owned, family CEO",  1-4 competitors,0.0
6883,India,34.0,3.22222232818604,50.0,26.0,"Founder owned, founder CEO",10+ competitors,1.0
6884,India,24.0,1.11111116409302,70.0,28.0,"Founder owned, founder CEO",10+ competitors,0.0
6886,India,24.0,2.38888883590698,60.0,1.0,"Founder owned, founder CEO",  1-4 competitors,0.0
6887,India,31.0,1.5,150.0,9.0,"Founder owned, founder CEO",  1-4 competitors,0.0
6888,India,34.0,4.05555534362793,600.0,25.0,Private Individuals,  1-4 competitors,0.0
6889,India,24.0,2.0,100.0,8.0,"Family owned, family CEO", 5-9 competitors,0.0
6890,India,27.0,1.38888883590698,32.0,8.0,"Founder owned, founder CEO",  1-4 competitors,0.0
6891,India,22.0,1.72222220897675,150.0,80.0,"Founder owned, founder CEO", 5-9 competitors,0.0
6892,India,28.0,2.11111116409302,70.0,7.0,"Family owned, family CEO",  1-4 competitors,1.0
6894,India,24.0,2.0,150.0,30.0,"Founder owned, founder CEO",10+ competitors,0.0
6895,India,24.0,1.94444441795349,100.0,19.0,"Family owned, family CEO",10+ competitors,0.0
6896,India,23.0,1.77777779102325,100.0,10.0,"Founder owned, founder CEO",10+ competitors,0.0
6897,India,27.0,3.0625,800.0,45.0,"Family owned, family CEO",10+ competitors,0.0
6898,India,24.0,2.0,50.0,,"Family owned, family CEO", 5-9 competitors,0.0
6899,India,31.0,3.11111116409302,489.0,,Dispersed Shareholders,10+ competitors,0.0
6900,India,28.0,2.55555558204651,4000.0,51.0,"Family owned, external CEO",  1-4 competitors,0.0
6903,India,25.0,1.83333337306976,600.0,17.0,"Founder owned, founder CEO",  1-4 competitors,0.0
6904,India,22.0,3.11111116409302,250.0,18.0,"Founder owned, founder CEO",10+ competitors,0.0
6905,India,24.0,3.22222232818604,900.0,59.0,Dispersed Shareholders,10+ competitors,0.0
6907,India,31.0,3.23529410362244,250.0,49.0,"Family owned, family CEO",10+ competitors,0.0
6908,India,31.0,1.83333337306976,2000.0,35.0,"Family owned, family CEO",  1-4 competitors,0.0
6909,India,22.0,2.88888883590698,1000.0,27.0,"Founder owned, founder CEO",  1-4 competitors,0.0
6911,India,24.0,1.88888883590698,155.0,10.0,"Founder owned, founder CEO",  1-4 competitors,1.0
6912,India,24.0,2.72222232818604,420.0,15.0,"Founder owned, founder CEO",10+ competitors,0.0
6913,India,22.0,4.22222232818604,300.0,16.0,"Family owned, external CEO",   0 competitors,0.0
6914,India,26.0,3.55555558204651,450.0,27.0,"Founder owned, founder CEO",10+ competitors,0.0
6915,India,26.0,3.38888883590698,500.0,34.0,Dispersed Shareholders,10+ competitors,0.0
6916,India,36.0,2.22222232818604,180.0,,"Founder owned, founder CEO",10+ competitors,0.0
6919,India,36.0,2.52941179275513,80.0,21.0,"Family owned, family CEO",10+ competitors,0.0
6921,India,30.0,2.05555558204651,1000.0,21.0,Dispersed Shareholders,10+ competitors,0.0
6922,India,31.0,4.05555534362793,3000.0,20.0,Dispersed Shareholders,10+ competitors,0.0
6923,India,27.0,2.0,212.0,3.0,"Family owned, family CEO",10+ competitors,0.0
6925,India,27.0,2.05555558204651,450.0,38.0,"Founder owned, founder CEO",  1-4 competitors,0.0
6927,India,25.0,3.33333325386047,55.0,8.0,Dispersed Shareholders, 5-9 competitors,1.0
6927,India,25.0,3.27777767181396,26.0,8.0,Dispersed Shareholders, 5-9 competitors,1.0
6928,India,24.0,3.05555558204651,60.0,36.0,"Family owned, family CEO",10+ competitors,0.0
6930,India,28.0,1.55555558204651,40.0,16.0,"Founder owned, founder CEO",  1-4 competitors,0.0
6932,India,24.0,3.0,1000.0,13.0,"Founder owned, founder CEO", 5-9 competitors,0.0
6933,India,24.0,1.77777779102325,175.0,88.0,"Family owned, family CEO",10+ competitors,0.0
6934,India,25.0,1.77777779102325,60.0,21.0,"Family owned, family CEO",  1-4 competitors,0.0
6935,India,32.0,2.73333334922791,80.0,12.0,"Founder owned, founder CEO", 5-9 competitors,0.0
6936,India,24.0,2.05555558204651,450.0,16.0,"Founder owned, founder CEO",10+ competitors,0.0
6937,India,29.0,2.27777767181396,1000.0,32.0,"Founder owned, external CEO",  1-4 competitors,0.0
6938,India,29.0,4.375,250.0,41.0,Dispersed Shareholders,10+ competitors,1.0
6939,India,26.0,4.38888883590698,700.0,65.0,"Founder owned, founder CEO",10+ competitors,1.0
6940,India,24.0,3.16666674613953,1500.0,29.0,Dispersed Shareholders,10+ competitors,1.0
6941,India,20.0,4.11111116409302,1000.0,,Other,10+ competitors,0.0
6942,India,29.0,1.55555558204651,40.0,,"Founder owned, founder CEO", 5-9 competitors,0.0
6943,India,35.0,2.77777767181396,300.0,19.0,"Family owned, external CEO",  1-4 competitors,1.0
6944,India,36.0,2.11111116409302,160.0,13.0,"Founder owned, founder CEO",  1-4 competitors,0.0
6945,India,20.0,1.61111116409302,1000.0,16.0,"Family owned, family CEO", 5-9 competitors,0.0
6946,India,22.0,2.33333325386047,230.0,,"Founder owned, founder CEO",10+ competitors,0.0
6947,India,28.0,3.22222232818604,840.0,33.0,"Family owned, family CEO",  1-4 competitors,0.0
6948,India,35.0,1.72222220897675,750.0,22.0,"Founder owned, founder CEO",  1-4 competitors,0.0
6949,India,32.0,3.83333325386047,160.0,19.0,"Family owned, family CEO", 5-9 competitors,1.0
6950,India,28.0,2.11111116409302,250.0,33.0,Private Individuals,  1-4 competitors,0.0
6952,India,33.0,2.38888883590698,110.0,,"Founder owned, founder CEO",10+ competitors,0.0
6953,India,33.0,3.05555558204651,750.0,38.0,Dispersed Shareholders, 5-9 competitors,0.0
6954,India,34.0,1.94444441795349,350.0,21.0,"Founder owned, founder CEO",  1-4 competitors,0.0
6955,India,36.0,2.5,450.0,45.0,"Founder owned, founder CEO", 5-9 competitors,0.0
6956,India,32.0,2.72222232818604,600.0,17.0,Other, 5-9 competitors,0.0
6957,India,22.0,1.61111116409302,22.0,17.0,"Founder owned, founder CEO",10+ competitors,0.0
6958,India,32.0,2.47058820724487,530.0,15.0,"Founder owned, external CEO", 5-9 competitors,0.0
6959,India,35.0,2.16666674613953,350.0,14.0,Government,  1-4 competitors,0.0
6960,India,33.0,2.22222232818604,300.0,14.0,"Founder owned, founder CEO",10+ competitors,0.0
6961,India,28.0,2.33333325386047,200.0,28.0,Dispersed Shareholders,  1-4 competitors,0.0
6962,India,35.0,2.66666674613953,150.0,32.0,Dispersed Shareholders,  1-4 competitors,1.0
6962,India,35.0,2.38888883590698,120.0,32.0,Dispersed Shareholders, 5-9 competitors,1.0
6963,India,35.0,3.16666674613953,300.0,11.0,Other,10+ competitors,1.0
6964,India,28.0,2.44444441795349,110.0,16.0,"Founder owned, external CEO",  1-4 competitors,0.0
6966,India,28.0,2.72222232818604,2400.0,30.0,Dispersed Shareholders,  1-4 competitors,0.0
6967,India,20.0,3.38888883590698,1500.0,99.0,"Family owned, family CEO",  1-4 competitors,0.0
6968,India,30.0,2.55555558204651,13.0,63.0,"Founder owned, founder CEO",10+ competitors,0.0
6969,India,22.0,2.83333325386047,3000.0,58.0,"Family owned, external CEO",10+ competitors,0.0
6970,India,35.0,3.05555558204651,1500.0,41.0,"Family owned, family CEO",10+ competitors,0.0
6971,India,28.0,1.61111116409302,150.0,21.0,"Founder owned, founder CEO",  1-4 competitors,0.0
6972,India,35.0,1.66666662693024,1200.0,,Dispersed Shareholders,10+ competitors,0.0
6973,India,35.0,3.55555558204651,4500.0,106.0,"Founder owned, founder CEO",  1-4 competitors,0.0
6974,India,37.0,1.66666662693024,3000.0,20.0,"Founder owned, founder CEO", 5-9 competitors,0.0
6975,India,20.0,1.94444441795349,300.0,11.0,"Founder owned, founder CEO",  1-4 competitors,0.0
6976,India,31.0,3.05555558204651,5000.0,10.0,"Family owned, family CEO",10+ competitors,0.0
6977,India,35.0,2.77777767181396,1500.0,34.0,Dispersed Shareholders,  1-4 competitors,0.0
6978,India,37.0,2.76470589637756,250.0,19.0,Private Individuals,10+ competitors,1.0
6979,India,36.0,3.05555558204651,360.0,18.0,Other,  1-4 competitors,1.0
6980,India,33.0,1.72222220897675,500.0,55.0,"Family owned, family CEO",  1-4 competitors,0.0
6981,India,22.0,3.16666674613953,1000.0,54.0,"Founder owned, founder CEO",10+ competitors,0.0
6983,India,28.0,2.72222232818604,300.0,17.0,"Founder owned, founder CEO",   0 competitors,0.0
6984,India,20.0,2.38888883590698,56.0,10.0,Private Individuals, 5-9 competitors,0.0
6986,India,20.0,2.38888883590698,700.0,10.0,"Founder owned, external CEO",  1-4 competitors,0.0
6987,India,36.0,3.27777767181396,120.0,5.0,Private Individuals,  1-4 competitors,1.0
6988,India,35.0,4.05882358551025,250.0,7.0,Dispersed Shareholders,10+ competitors,1.0
6989,India,34.0,3.44444441795349,400.0,31.0,Dispersed Shareholders,  1-4 competitors,0.0
6990,India,33.0,1.88888883590698,600.0,23.0,Dispersed Shareholders,10+ competitors,0.0
6991,India,28.0,1.5,80.0,69.0,Government,10+ competitors,0.0
6992,India,36.0,1.72222220897675,650.0,42.0,Government,  1-4 competitors,0.0
6993,India,35.0,2.33333325386047,600.0,8.0,Government,  1-4 competitors,0.0
6994,India,36.0,2.16666674613953,230.0,22.0,Other,10+ competitors,1.0
6995,India,22.0,1.83333337306976,800.0,,Private Individuals,10+ competitors,0.0
6996,India,35.0,2.27777767181396,550.0,21.0,Dispersed Shareholders,  1-4 competitors,0.0
6997,India,20.0,2.77777767181396,320.0,15.0,"Founder owned, founder CEO",10+ competitors,0.0
6998,India,32.0,2.5,800.0,15.0,"Family owned, family CEO",  1-4 competitors,0.0
7000,India,35.0,3.05555558204651,300.0,11.0,"Founder owned, founder CEO",  1-4 competitors,0.0
7001,India,21.0,2.88888883590698,550.0,31.0,"Founder owned, founder CEO",10+ competitors,0.0
7002,India,22.0,2.0,600.0,18.0,"Founder owned, founder CEO",10+ competitors,0.0
7003,India,29.0,2.88888883590698,150.0,35.0,Private Individuals,10+ competitors,0.0
7004,India,34.0,3.11111116409302,1200.0,14.0,Dispersed Shareholders,10+ competitors,0.0
7005,India,24.0,3.16666674613953,2500.0,6.0,Dispersed Shareholders,10+ competitors,0.0
7006,India,33.0,3.94444441795349,1000.0,18.0,Dispersed Shareholders,10+ competitors,1.0
7007,India,36.0,3.16666674613953,775.0,22.0,Dispersed Shareholders,10+ competitors,0.0
7008,India,35.0,3.22222232818604,190.0,35.0,"Founder owned, founder CEO",10+ competitors,0.0
7009,India,26.0,2.61111116409302,675.0,26.0,"Family owned, family CEO",  1-4 competitors,0.0
7010,India,33.0,1.83333337306976,1150.0,17.0,Government,  1-4 competitors,0.0
7012,India,28.0,2.77777767181396,3000.0,83.0,Other, 5-9 competitors,1.0
7015,India,37.0,4.05555534362793,1000.0,56.0,"Family owned, family CEO",10+ competitors,0.0
7016,India,22.0,2.83333325386047,130.0,9.0,Private Individuals,10+ competitors,1.0
7017,India,33.0,3.83333325386047,2000.0,117.0,"Family owned, family CEO",10+ competitors,0.0
7018,India,37.0,3.27777767181396,162.0,50.0,"Family owned, family CEO",10+ competitors,0.0
7020,India,35.0,3.38888883590698,1200.0,44.0,Private Individuals,  1-4 competitors,1.0
7022,India,35.0,4.66666650772095,600.0,6.0,Dispersed Shareholders,10+ competitors,1.0
7023,India,35.0,2.55555558204651,190.0,48.0,"Founder owned, founder CEO", 5-9 competitors,0.0
7024,India,36.0,3.22222232818604,1000.0,40.0,"Founder owned, founder CEO", 5-9 competitors,0.0
7025,India,35.0,3.77777767181396,700.0,42.0,"Family owned, family CEO",  1-4 competitors,0.0
7026,India,26.0,4.0,350.0,,Dispersed Shareholders,  1-4 competitors,0.0
7029,India,36.0,3.16666674613953,3900.0,35.0,"Founder owned, founder CEO",  1-4 competitors,0.0
7030,India,28.0,3.61111116409302,121.0,28.0,"Founder owned, founder CEO",10+ competitors,0.0
7031,India,33.0,2.88888883590698,200.0,32.0,"Family owned, family CEO",  1-4 competitors,0.0
7032,India,33.0,2.66666674613953,3000.0,34.0,"Founder owned, founder CEO",  1-4 competitors,0.0
7033,India,37.0,2.16666674613953,1350.0,33.0,Dispersed Shareholders,  1-4 competitors,1.0
7034,India,28.0,2.875,1350.0,32.0,Dispersed Shareholders,10+ competitors,0.0
7035,India,33.0,3.0,700.0,74.0,Private Individuals,  1-4 competitors,0.0
7035,India,27.0,2.16666674613953,1000.0,74.0,Private Individuals, 5-9 competitors,1.0
7036,India,33.0,2.88888883590698,720.0,29.0,"Founder owned, founder CEO",10+ competitors,0.0
7037,India,36.0,3.66666674613953,1300.0,29.0,"Founder owned, founder CEO",10+ competitors,0.0
7044,India,32.0,2.72222232818604,9000.0,70.0,Dispersed Shareholders,  1-4 competitors,1.0
7046,India,35.0,3.16666674613953,350.0,74.0,Government, 5-9 competitors,0.0
7047,India,34.0,2.44444441795349,350.0,46.0,"Founder owned, founder CEO",10+ competitors,0.0
7048,India,26.0,2.05555558204651,290.0,29.0,"Family owned, family CEO", 5-9 competitors,0.0
7050,India,28.0,1.88888883590698,7000.0,141.0,"Family owned, family CEO", 5-9 competitors,0.0
7052,India,23.0,3.38888883590698,500.0,6.0,"Family owned, family CEO",  1-4 competitors,0.0
7056,India,22.0,2.88888883590698,250.0,20.0,"Founder owned, founder CEO",10+ competitors,0.0
7059,India,22.0,2.61111116409302,1350.0,,"Family owned, family CEO",10+ competitors,0.0
7060,India,30.0,2.44444441795349,125.0,19.0,Dispersed Shareholders,   0 competitors,0.0
7061,India,20.0,1.29411768913269,1500.0,69.0,"Family owned, family CEO",  1-4 competitors,0.0
7062,India,30.0,3.66666674613953,650.0,60.0,Private Individuals,10+ competitors,1.0
7063,India,20.0,2.0,10000.0,,Private Individuals,10+ competitors,0.0
7064,India,28.0,2.61111116409302,80.0,17.0,"Family owned, external CEO",10+ competitors,0.0
7066,India,28.0,2.83333325386047,3000.0,75.0,"Family owned, family CEO",  1-4 competitors,0.0
7068,India,35.0,3.5,700.0,16.0,Other,10+ competitors,1.0
7070,India,34.0,3.55555558204651,875.0,,"Founder owned, founder CEO",10+ competitors,1.0
7072,India,28.0,1.94444441795349,2500.0,61.0,"Family owned, family CEO",  1-4 competitors,0.0
7073,India,36.0,2.88888883590698,500.0,25.0,"Family owned, external CEO",10+ competitors,0.0
7074,India,35.0,2.05555558204651,428.0,15.0,"Family owned, family CEO", 5-9 competitors,0.0
7075,India,28.0,1.44444441795349,1200.0,98.0,"Family owned, family CEO", 5-9 competitors,0.0
7076,India,36.0,3.38888883590698,1800.0,14.0,"Founder owned, founder CEO",10+ competitors,0.0
7077,India,35.0,3.77777767181396,350.0,14.0,"Founder owned, founder CEO",10+ competitors,0.0
7078,India,26.0,1.83333337306976,560.0,8.0,"Founder owned, founder CEO",  1-4 competitors,0.0
7079,India,38.0,3.72222232818604,300.0,14.0,Private Individuals, 5-9 competitors,0.0
7080,India,30.0,2.88888883590698,190.0,9.0,Dispersed Shareholders,10+ competitors,0.0
7082,India,29.0,2.38888883590698,600.0,13.0,"Founder owned, founder CEO",10+ competitors,0.0
7084,India,35.0,3.72222232818604,500.0,,Private Individuals,  1-4 competitors,1.0
7088,India,35.0,3.27777767181396,185.0,57.0,"Family owned, family CEO", 5-9 competitors,0.0
7089,India,33.0,2.55555558204651,300.0,61.0,"Founder owned, founder CEO",10+ competitors,0.0
7093,India,33.0,3.0,1050.0,24.0,Dispersed Shareholders, 5-9 competitors,1.0
7094,India,33.0,2.27777767181396,3500.0,24.0,"Founder owned, founder CEO",10+ competitors,0.0
7095,India,34.0,4.16666650772095,600.0,22.0,"Founder owned, founder CEO", 5-9 competitors,0.0
7096,India,28.0,3.61111116409302,20000.0,8.0,Dispersed Shareholders, 5-9 competitors,0.0
7097,India,35.0,3.33333325386047,700.0,37.0,"Founder owned, founder CEO",10+ competitors,0.0
7098,India,22.0,1.70588231086731,2000.0,57.0,"Family owned, family CEO",  1-4 competitors,0.0
7099,India,37.0,1.88888883590698,1800.0,55.0,"Family owned, family CEO",  1-4 competitors,0.0
7100,India,33.0,2.33333325386047,700.0,10.0,"Founder owned, founder CEO",10+ competitors,0.0
7101,India,28.0,3.16666674613953,306.0,10.0,Other,10+ competitors,0.0
7102,India,28.0,2.61111116409302,480.0,23.0,Dispersed Shareholders,  1-4 competitors,1.0
7103,India,28.0,3.83333325386047,1600.0,25.0,"Founder owned, founder CEO",10+ competitors,0.0
7104,India,22.0,1.11111116409302,15.0,17.0,"Founder owned, founder CEO",  1-4 competitors,0.0
7105,India,23.0,2.16666674613953,150.0,15.0,"Founder owned, founder CEO",10+ competitors,0.0
7106,India,20.0,2.16666674613953,60.0,14.0,"Founder owned, founder CEO",  1-4 competitors,0.0
7107,India,30.0,3.33333325386047,120.0,19.0,"Family owned, external CEO",  1-4 competitors,0.0
7108,India,36.0,4.27777767181396,230.0,1.0,Dispersed Shareholders,10+ competitors,0.0
7109,India,23.0,4.05555534362793,1200.0,19.0,Private Individuals,10+ competitors,0.0
7110,India,23.0,2.29411768913269,200.0,18.0,"Founder owned, founder CEO",  1-4 competitors,0.0
7111,India,35.0,3.38888883590698,470.0,31.0,Dispersed Shareholders,  1-4 competitors,1.0
7111,India,35.0,2.94444441795349,5000.0,64.0,Dispersed Shareholders,10+ competitors,0.0
7112,India,22.0,1.83333337306976,240.0,50.0,"Founder owned, founder CEO",  1-4 competitors,0.0
7113,India,35.0,3.27777767181396,111.0,18.0,Dispersed Shareholders, 5-9 competitors,0.0
7114,India,22.0,2.22222232818604,500.0,13.0,"Founder owned, founder CEO",10+ competitors,0.0
7115,India,22.0,3.0,750.0,24.0,"Founder owned, founder CEO",10+ competitors,0.0
7116,India,28.0,3.22222232818604,180.0,8.0,Dispersed Shareholders,10+ competitors,1.0
7117,India,22.0,2.44444441795349,3000.0,17.0,Dispersed Shareholders,10+ competitors,0.0
7118,India,36.0,2.375,70.0,,Dispersed Shareholders,10+ competitors,0.0
7119,India,28.0,2.38888883590698,2300.0,44.0,Dispersed Shareholders,10+ competitors,1.0
7120,India,25.0,4.44444465637207,432.0,10.0,Dispersed Shareholders,10+ competitors,0.0
7121,India,22.0,2.27777767181396,475.0,10.0,"Founder owned, founder CEO",10+ competitors,0.0
7122,India,37.0,3.77777767181396,1500.0,4.0,Dispersed Shareholders,10+ competitors,1.0
7123,India,36.0,3.86666655540466,210.0,8.0,Dispersed Shareholders,10+ competitors,1.0
7124,India,29.0,4.0,100.0,70.0,Dispersed Shareholders, 5-9 competitors,1.0
7125,India,33.0,3.83333325386047,700.0,41.0,Dispersed Shareholders,10+ competitors,0.0
7126,India,34.0,3.83333325386047,540.0,9.0,Private Individuals, 5-9 competitors,0.0
7127,India,34.0,2.53333330154419,260.0,23.0,Dispersed Shareholders, 5-9 competitors,1.0
7128,India,35.0,2.72222232818604,475.0,44.0,Private Individuals,  1-4 competitors,1.0
7129,India,30.0,2.16666674613953,150.0,36.0,Dispersed Shareholders,  1-4 competitors,0.0
7130,India,37.0,4.83333349227905,220.0,39.0,Private Individuals,10+ competitors,1.0
7131,India,28.0,4.16666650772095,450.0,34.0,Dispersed Shareholders, 5-9 competitors,1.0
7132,India,30.0,1.77777779102325,150.0,42.0,"Family owned, family CEO",10+ competitors,0.0
7133,India,32.0,2.66666674613953,4500.0,60.0,"Family owned, family CEO",10+ competitors,0.0
7134,India,20.0,2.0,550.0,100.0,"Founder owned, founder CEO",10+ competitors,0.0
7135,India,26.0,2.44444441795349,810.0,21.0,"Family owned, family CEO",10+ competitors,0.0
7136,India,36.0,4.38888883590698,800.0,23.0,Dispersed Shareholders,10+ competitors,1.0
7137,India,33.0,2.83333325386047,360.0,46.0,Dispersed Shareholders,10+ competitors,0.0
7138,India,28.0,1.72222220897675,100.0,31.0,"Founder owned, founder CEO",  1-4 competitors,0.0
7139,India,22.0,1.875,5000.0,54.0,"Founder owned, external CEO",10+ competitors,1.0
7140,India,36.0,2.16666674613953,300.0,17.0,Government,10+ competitors,0.0
7141,India,22.0,1.94444441795349,600.0,25.0,"Founder owned, founder CEO",10+ competitors,0.0
7142,India,26.0,3.72222232818604,1030.0,24.0,Private Individuals, 5-9 competitors,0.0
7143,India,37.0,1.77777779102325,775.0,187.0,Government, 5-9 competitors,0.0
7144,India,28.0,3.27777767181396,870.0,21.0,Private Individuals,10+ competitors,0.0
7145,India,28.0,3.875,300.0,31.0,Dispersed Shareholders,   0 competitors,1.0
7146,India,20.0,2.66666674613953,530.0,25.0,"Family owned, family CEO",10+ competitors,0.0
7147,India,22.0,1.77777779102325,20000.0,3.0,"Founder owned, founder CEO",  1-4 competitors,0.0
7148,India,22.0,2.72222232818604,6500.0,12.0,Private Individuals,10+ competitors,0.0
7149,India,36.0,1.94117641448975,80.0,10.0,Private Individuals,  1-4 competitors,1.0
7152,India,33.0,3.94444441795349,360.0,9.0,Private Individuals,10+ competitors,1.0
7153,India,33.0,4.61111116409302,980.0,71.0,Other,10+ competitors,1.0
7154,India,33.0,4.38888883590698,800.0,68.0,Dispersed Shareholders,10+ competitors,1.0
7155,India,20.0,2.61111116409302,200.0,36.0,"Family owned, external CEO",10+ competitors,1.0
7156,India,38.0,2.77777767181396,1000.0,,"Founder owned, founder CEO", 5-9 competitors,0.0
7158,India,30.0,2.88888883590698,700.0,21.0,"Founder owned, external CEO", 5-9 competitors,0.0
7159,India,35.0,2.77777767181396,100.0,20.0,Dispersed Shareholders,10+ competitors,0.0
7160,India,36.0,2.72222232818604,475.0,30.0,"Family owned, family CEO",10+ competitors,0.0
7161,India,20.0,2.5,500.0,,"Founder owned, founder CEO",10+ competitors,0.0
7162,India,33.0,1.94117641448975,300.0,14.0,"Family owned, family CEO",10+ competitors,0.0
7163,India,36.0,3.77777767181396,800.0,18.0,"Founder owned, founder CEO", 5-9 competitors,0.0
7164,India,28.0,1.88888883590698,750.0,21.0,"Founder owned, founder CEO",10+ competitors,0.0
7165,India,37.0,3.33333325386047,3000.0,,"Founder owned, founder CEO", 5-9 competitors,0.0
7167,India,20.0,3.77777767181396,55.0,15.0,Dispersed Shareholders,  1-4 competitors,1.0
7168,India,32.0,2.05555558204651,300.0,32.0,"Family owned, family CEO",10+ competitors,0.0
7169,India,36.0,3.23529410362244,200.0,12.0,"Family owned, family CEO", 5-9 competitors,0.0
7171,India,38.0,1.93333327770233,75.0,11.0,"Family owned, family CEO",  1-4 competitors,0.0
7172,India,20.0,2.17647051811218,570.0,23.0,"Founder owned, founder CEO",10+ competitors,0.0
7173,India,36.0,3.33333325386047,2100.0,17.0,"Founder owned, founder CEO",10+ competitors,0.0
7174,India,37.0,4.11111116409302,1800.0,45.0,Dispersed Shareholders,  1-4 competitors,0.0
7175,India,34.0,4.23529434204102,1600.0,16.0,Dispersed Shareholders,  1-4 competitors,1.0
7176,India,22.0,2.77777767181396,650.0,14.0,"Family owned, family CEO",10+ competitors,0.0
7213,Italy,20.0,3.94444441795349,477.0,46.0,"Family owned, family CEO",  1-4 competitors,1.0
7214,Italy,25.0,3.22222232818604,130.0,44.0,Dispersed Shareholders,  1-4 competitors,0.0
7215,Italy,28.0,3.16666674613953,212.0,20.0,"Founder owned, founder CEO",10+ competitors,0.0
7216,Italy,26.0,3.72222232818604,480.0,52.0,Dispersed Shareholders, 5-9 competitors,1.0
7218,Italy,36.0,3.66666674613953,2500.0,39.0,"Family owned, external CEO",10+ competitors,1.0
7220,Italy,36.0,4.0,950.0,36.0,"Family owned, family CEO",  1-4 competitors,0.0
7221,Italy,24.0,2.64705872535706,165.0,30.0,"Founder owned, founder CEO", 5-9 competitors,0.0
7221,Italy,24.0,2.4375,159.0,30.0,"Founder owned, founder CEO",  1-4 competitors,0.0
7222,Italy,36.0,2.5,130.0,26.0,Private Individuals,10+ competitors,0.0
7223,Italy,35.0,2.16666674613953,110.0,26.0,"Founder owned, founder CEO", 5-9 competitors,0.0
7224,Italy,35.0,1.66666662693024,90.0,21.0,"Family owned, external CEO",10+ competitors,0.0
7227,Italy,35.0,3.11764717102051,500.0,6.0,Private Individuals, 5-9 competitors,1.0
7228,Italy,38.0,2.9375,150.0,29.0,"Founder owned, founder CEO",10+ competitors,0.0
7229,Italy,20.0,2.66666674613953,300.0,56.0,"Family owned, family CEO",  1-4 competitors,1.0
7231,Italy,32.0,2.375,350.0,44.0,"Family owned, family CEO",10+ competitors,0.0
7232,Italy,23.0,2.83333325386047,263.0,33.0,"Family owned, family CEO",10+ competitors,0.0
7233,Italy,39.0,2.23529410362244,187.0,30.0,"Founder owned, founder CEO",  1-4 competitors,0.0
7234,Italy,36.0,2.33333325386047,185.0,29.0,"Founder owned, founder CEO",10+ competitors,0.0
7235,Italy,36.0,3.41176462173462,400.0,16.0,Government,  1-4 competitors,0.0
7246,Italy,27.0,3.22222232818604,1200.0,26.0,"Family owned, family CEO", 5-9 competitors,1.0
7250,Italy,28.0,3.58823537826538,93.0,20.0,Dispersed Shareholders,10+ competitors,1.0
7253,Italy,28.0,2.70588231086731,106.0,58.0,"Family owned, family CEO",10+ competitors,0.0
7255,Italy,35.0,2.38888883590698,2400.0,6.0,Private Individuals, 5-9 competitors,1.0
7258,Italy,22.0,3.66666674613953,360.0,130.0,"Family owned, family CEO",10+ competitors,0.0
7259,Italy,22.0,2.55555558204651,88.0,25.0,"Founder owned, founder CEO",  1-4 competitors,1.0
7263,Italy,34.0,4.0,305.0,32.0,Private Individuals,  1-4 competitors,0.0
7263,Italy,34.0,3.94444441795349,244.0,32.0,Private Individuals,10+ competitors,0.0
7264,Italy,34.0,3.55555558204651,215.0,3.0,Dispersed Shareholders,10+ competitors,1.0
7265,Italy,34.0,3.58823537826538,132.0,64.0,"Family owned, family CEO", 5-9 competitors,0.0
7266,Italy,35.0,2.16666674613953,554.0,54.0,"Family owned, external CEO",  1-4 competitors,0.0
7267,Italy,35.0,2.55555558204651,2000.0,45.0,"Founder owned, founder CEO", 5-9 competitors,1.0
7272,Italy,36.0,3.27777767181396,550.0,27.0,"Family owned, family CEO",  1-4 competitors,1.0
7276,Italy,28.0,3.1875,685.0,10.0,Dispersed Shareholders,10+ competitors,1.0
7276,Italy,28.0,3.66666674613953,685.0,10.0,Dispersed Shareholders,10+ competitors,1.0
7279,Italy,34.0,2.88888883590698,128.0,57.0,"Family owned, family CEO",10+ competitors,0.0
7281,Italy,33.0,2.83333325386047,300.0,146.0,"Family owned, family CEO",10+ competitors,0.0
7282,Italy,33.0,3.16666674613953,492.0,57.0,"Family owned, family CEO", 5-9 competitors,0.0
7284,Italy,23.0,2.35294127464294,148.0,28.0,"Founder owned, founder CEO",  1-4 competitors,0.0
7287,Italy,34.0,1.41176474094391,100.0,26.0,"Family owned, family CEO",10+ competitors,1.0
7288,Italy,33.0,1.77777779102325,360.0,21.0,"Family owned, family CEO", 5-9 competitors,0.0
7289,Italy,33.0,2.5,270.0,42.0,"Founder owned, founder CEO", 5-9 competitors,0.0
7291,Italy,37.0,3.0,109.0,15.0,Private Individuals,10+ competitors,0.0
7293,Italy,34.0,2.77777767181396,361.0,14.0,"Founder owned, founder CEO",10+ competitors,1.0
7302,Italy,20.0,3.58823537826538,100.0,57.0,"Family owned, family CEO",10+ competitors,0.0
7303,Italy,35.0,2.0,130.0,52.0,"Family owned, family CEO",  1-4 competitors,0.0
7304,Italy,20.0,3.11764717102051,179.0,36.0,"Family owned, family CEO", 5-9 competitors,0.0
7305,Italy,27.0,2.72222232818604,300.0,49.0,"Founder owned, founder CEO",  1-4 competitors,1.0
7308,Italy,20.0,2.125,190.0,16.0,Private Individuals, 5-9 competitors,0.0
7309,Italy,39.0,3.11764717102051,130.0,15.0,Dispersed Shareholders,10+ competitors,1.0
7312,Italy,33.0,3.72222232818604,233.0,25.0,Government, 5-9 competitors,1.0
7314,Italy,37.0,4.33333349227905,471.0,17.0,Dispersed Shareholders,10+ competitors,1.0
7318,Italy,30.0,2.16666674613953,600.0,58.0,"Family owned, family CEO",  1-4 competitors,1.0
7320,Italy,24.0,2.38888883590698,70.0,7.0,"Family owned, family CEO",  1-4 competitors,0.0
7321,Italy,27.0,3.66666674613953,248.0,5.0,"Family owned, family CEO",10+ competitors,1.0
7328,Italy,38.0,3.72222232818604,80.0,24.0,Dispersed Shareholders,10+ competitors,1.0
7330,Italy,37.0,3.35294127464294,600.0,15.0,"Founder owned, founder CEO",  1-4 competitors,0.0
7331,Italy,33.0,3.41176462173462,200.0,43.0,"Founder owned, external CEO",10+ competitors,1.0
7336,Italy,20.0,2.61111116409302,197.0,24.0,"Founder owned, founder CEO",  1-4 competitors,1.0
7337,Italy,37.0,4.33333349227905,500.0,12.0,Dispersed Shareholders,  1-4 competitors,1.0
7340,Italy,30.0,3.66666674613953,400.0,34.0,"Family owned, family CEO",10+ competitors,1.0
7345,Italy,20.0,2.8125,700.0,31.0,Other,  1-4 competitors,0.0
7346,Italy,34.0,1.64705884456635,250.0,28.0,"Family owned, family CEO", 5-9 competitors,0.0
7348,Italy,31.0,2.5,367.0,7.0,Private Equity/Venture Capital, 5-9 competitors,1.0
7353,Italy,29.0,2.83333325386047,220.0,10.0,Private Individuals, 5-9 competitors,0.0
7355,Italy,33.0,2.13333344459534,110.0,22.0,Private Individuals,  1-4 competitors,0.0
7360,Italy,34.0,3.38888883590698,90.0,45.0,"Family owned, family CEO",  1-4 competitors,0.0
7362,Italy,32.0,2.61111116409302,209.0,26.0,"Founder owned, founder CEO", 5-9 competitors,0.0
7363,Italy,34.0,2.625,449.0,18.0,"Family owned, family CEO", 5-9 competitors,1.0
7364,Italy,36.0,3.47058820724487,400.0,85.0,"Family owned, family CEO",10+ competitors,1.0
7372,Italy,28.0,3.77777767181396,450.0,32.0,Dispersed Shareholders,10+ competitors,1.0
7373,Italy,20.0,3.77777767181396,260.0,86.0,"Family owned, family CEO",  1-4 competitors,0.0
7374,Italy,26.0,2.83333325386047,93.0,15.0,Private Individuals,10+ competitors,1.0
7376,Italy,27.0,3.16666674613953,80.0,32.0,"Family owned, family CEO",10+ competitors,0.0
7377,Italy,28.0,3.22222232818604,1500.0,79.0,"Family owned, family CEO", 5-9 competitors,1.0
7382,Italy,28.0,3.5,103.0,60.0,Private Individuals,10+ competitors,1.0
7386,Italy,28.0,3.11764717102051,242.0,35.0,"Founder owned, founder CEO",  1-4 competitors,0.0
7387,Italy,37.0,2.76470589637756,150.0,119.0,Private Individuals,  1-4 competitors,0.0
7389,Italy,28.0,2.11764717102051,300.0,88.0,Private Individuals,10+ competitors,1.0
7391,Italy,28.0,3.9375,360.0,109.0,Dispersed Shareholders,  1-4 competitors,1.0
7394,Italy,28.0,2.94444441795349,448.0,66.0,"Family owned, family CEO",10+ competitors,0.0
7397,Italy,28.0,2.125,220.0,54.0,"Family owned, family CEO", 5-9 competitors,1.0
7398,Italy,26.0,3.33333325386047,898.0,53.0,Dispersed Shareholders,10+ competitors,1.0
7399,Italy,29.0,3.9375,900.0,46.0,Dispersed Shareholders,10+ competitors,0.0
7403,Italy,34.0,2.94444441795349,231.0,42.0,"Family owned, family CEO",10+ competitors,0.0
7404,Italy,28.0,3.29411768913269,206.0,30.0,"Founder owned, founder CEO",10+ competitors,0.0
7406,Italy,22.0,2.125,150.0,39.0,"Family owned, family CEO", 5-9 competitors,1.0
7407,Italy,36.0,2.0,100.0,63.0,"Family owned, family CEO",  1-4 competitors,0.0
7408,Italy,34.0,2.61111116409302,360.0,32.0,Private Individuals, 5-9 competitors,0.0
7409,Italy,28.0,3.0,342.0,31.0,"Founder owned, founder CEO",  1-4 competitors,0.0
7410,Italy,22.0,3.5,1134.0,29.0,Private Individuals, 5-9 competitors,1.0
7412,Italy,34.0,3.33333325386047,212.0,26.0,"Family owned, family CEO", 5-9 competitors,0.0
7417,Italy,20.0,4.05555534362793,260.0,43.0,Other,  1-4 competitors,1.0
7418,Italy,26.0,3.70588231086731,1000.0,24.0,Dispersed Shareholders,10+ competitors,1.0
7421,Italy,28.0,3.0,114.0,22.0,"Family owned, family CEO",10+ competitors,0.0
7422,Italy,28.0,3.55555558204651,948.0,20.0,Private Equity/Venture Capital,  1-4 competitors,0.0
7423,Italy,25.0,2.88888883590698,136.0,53.0,"Family owned, external CEO",10+ competitors,0.0
7424,Italy,38.0,4.5,1363.0,41.0,Dispersed Shareholders,10+ competitors,1.0
7426,Italy,22.0,3.47058820724487,120.0,18.0,Private Individuals,10+ competitors,0.0
7428,Italy,33.0,2.94117641448975,150.0,17.0,Dispersed Shareholders, 5-9 competitors,1.0
7429,Italy,28.0,3.11111116409302,750.0,30.0,"Family owned, family CEO",10+ competitors,1.0
7431,Italy,28.0,3.41176462173462,250.0,12.0,Dispersed Shareholders,10+ competitors,1.0
7432,Italy,34.0,3.72222232818604,89.0,61.0,"Family owned, external CEO", 5-9 competitors,1.0
7433,Italy,30.0,3.22222232818604,1700.0,71.0,"Family owned, family CEO",10+ competitors,1.0
7435,Italy,28.0,3.58823537826538,240.0,8.0,Private Individuals,  1-4 competitors,0.0
7438,Italy,22.0,2.44444441795349,270.0,11.0,"Founder owned, founder CEO",  1-4 competitors,1.0
7439,Italy,28.0,3.47058820724487,58.0,7.0,Private Equity/Venture Capital, 5-9 competitors,1.0
7440,Italy,20.0,2.9375,100.0,40.0,"Founder owned, founder CEO",10+ competitors,0.0
7441,Italy,20.0,3.25,365.0,6.0,Private Individuals,10+ competitors,1.0
7444,Italy,28.0,3.82352948188782,150.0,95.0,"Family owned, family CEO",  1-4 competitors,0.0
7445,Italy,31.0,2.875,200.0,32.0,"Family owned, external CEO",10+ competitors,0.0
7450,Italy,23.0,2.5625,273.0,26.0,"Family owned, family CEO",  1-4 competitors,1.0
7453,Italy,20.0,3.29411768913269,200.0,25.0,"Founder owned, founder CEO", 5-9 competitors,0.0
7454,Italy,24.0,1.6875,94.0,52.0,Private Individuals, 5-9 competitors,0.0
7457,Italy,35.0,1.875,150.0,71.0,"Family owned, family CEO", 5-9 competitors,0.0
7458,Italy,34.0,3.61111116409302,437.0,44.0,Private Individuals,10+ competitors,0.0
7462,Italy,35.0,3.52941179275513,600.0,50.0,"Founder owned, founder CEO", 5-9 competitors,1.0
7463,Italy,20.0,3.0,1050.0,11.0,Private Individuals,10+ competitors,1.0
7465,Italy,37.0,3.27777767181396,450.0,9.0,"Family owned, family CEO",10+ competitors,1.0
7468,Italy,36.0,2.70588231086731,124.0,46.0,Other,10+ competitors,1.0
7470,Italy,34.0,3.125,132.0,26.0,"Founder owned, founder CEO",10+ competitors,1.0
7471,Italy,37.0,4.05555534362793,540.0,26.0,Dispersed Shareholders,  1-4 competitors,1.0
7473,Italy,34.0,1.44444441795349,110.0,21.0,"Founder owned, founder CEO", 5-9 competitors,0.0
7474,Italy,37.0,2.17647051811218,500.0,19.0,Private Individuals,   0 competitors,1.0
7475,Italy,28.0,2.88888883590698,245.0,16.0,"Family owned, family CEO",10+ competitors,0.0
7476,Italy,34.0,3.17647051811218,170.0,27.0,Private Individuals,10+ competitors,0.0
7477,Italy,34.0,2.44444441795349,505.0,17.0,Dispersed Shareholders,  1-4 competitors,1.0
7478,Italy,26.0,2.66666674613953,151.0,46.0,"Founder owned, founder CEO", 5-9 competitors,0.0
7479,Italy,22.0,3.83333325386047,257.0,38.0,"Family owned, family CEO", 5-9 competitors,0.0
7481,Italy,25.0,1.4375,175.0,33.0,"Family owned, family CEO",   0 competitors,0.0
7482,Italy,23.0,2.88888883590698,134.0,39.0,"Founder owned, founder CEO",10+ competitors,0.0
7483,Italy,34.0,3.0,400.0,41.0,"Family owned, family CEO",10+ competitors,1.0
7485,Italy,33.0,2.33333325386047,540.0,26.0,Private Individuals, 5-9 competitors,0.0
7486,Italy,34.0,2.77777767181396,105.0,24.0,"Family owned, family CEO",10+ competitors,0.0
7488,Italy,23.0,3.33333325386047,300.0,22.0,"Founder owned, founder CEO",  1-4 competitors,1.0
7491,Italy,27.0,1.88235294818878,140.0,20.0,Private Individuals,  1-4 competitors,0.0
7493,Italy,37.0,3.94444441795349,126.0,16.0,Private Equity/Venture Capital,  1-4 competitors,1.0
7496,Italy,22.0,2.5,1200.0,10.0,"Founder owned, external CEO",10+ competitors,1.0
7498,Italy,32.0,1.33333337306976,300.0,80.0,Dispersed Shareholders,  1-4 competitors,1.0
7500,Italy,35.0,2.88235282897949,180.0,33.0,Dispersed Shareholders,  1-4 competitors,1.0
7504,Italy,34.0,2.47058820724487,80.0,59.0,"Family owned, family CEO",10+ competitors,0.0
7509,Italy,30.0,2.83333325386047,298.0,41.0,Dispersed Shareholders,10+ competitors,1.0
7512,Italy,25.0,2.33333325386047,1600.0,16.0,"Family owned, family CEO",10+ competitors,0.0
7515,Italy,34.0,2.77777767181396,169.0,43.0,"Founder owned, founder CEO",10+ competitors,1.0
7517,Italy,34.0,2.82352948188782,115.0,56.0,Dispersed Shareholders,  1-4 competitors,1.0
7527,Italy,20.0,2.29411768913269,150.0,78.0,"Family owned, family CEO", 5-9 competitors,0.0
7528,Italy,35.0,2.5,117.0,38.0,"Family owned, family CEO", 5-9 competitors,0.0
7531,Italy,32.0,3.83333325386047,223.0,26.0,Private Individuals,10+ competitors,0.0
7534,Italy,34.0,2.44444441795349,502.0,23.0,Dispersed Shareholders, 5-9 competitors,1.0
7541,Italy,28.0,3.44444441795349,600.0,79.0,Dispersed Shareholders,10+ competitors,1.0
7543,Italy,30.0,1.64705884456635,290.0,26.0,"Founder owned, founder CEO", 5-9 competitors,0.0
7544,Italy,38.0,2.77777767181396,200.0,33.0,Private Individuals,  1-4 competitors,0.0
7547,Italy,37.0,2.83333325386047,200.0,7.0,Private Individuals,  1-4 competitors,0.0
7548,Italy,35.0,3.75,310.0,6.0,"Founder owned, founder CEO",10+ competitors,0.0
7549,Italy,24.0,2.82352948188782,193.0,42.0,"Founder owned, founder CEO",10+ competitors,0.0
7551,Italy,28.0,3.0,120.0,33.0,Private Individuals,  1-4 competitors,0.0
7553,Italy,20.0,3.58823537826538,115.0,40.0,Private Individuals, 5-9 competitors,1.0
7554,Italy,32.0,2.38888883590698,103.0,20.0,Dispersed Shareholders,  1-4 competitors,0.0
7562,Italy,34.0,2.64705872535706,365.0,39.0,"Family owned, family CEO",   0 competitors,1.0
7567,Italy,32.0,3.27777767181396,369.0,53.0,Private Individuals,10+ competitors,0.0
7571,Italy,37.0,3.82352948188782,80.0,16.0,Private Equity/Venture Capital,  1-4 competitors,1.0
7573,Italy,34.0,2.64705872535706,47.0,66.0,"Founder owned, external CEO", 5-9 competitors,0.0
7577,Italy,20.0,3.58823537826538,120.0,19.0,Private Individuals,10+ competitors,0.0
7578,Italy,20.0,1.70588231086731,175.0,73.0,"Family owned, family CEO", 5-9 competitors,0.0
7579,Italy,33.0,4.5,3700.0,17.0,Dispersed Shareholders,10+ competitors,1.0
7581,Italy,26.0,3.0,90.0,138.0,Private Individuals, 5-9 competitors,0.0
7582,Italy,35.0,3.44444441795349,1100.0,10.0,Dispersed Shareholders, 5-9 competitors,1.0
7583,Italy,20.0,2.47058820724487,120.0,44.0,"Family owned, family CEO",  1-4 competitors,0.0
7584,Italy,35.0,2.47058820724487,170.0,43.0,"Founder owned, founder CEO", 5-9 competitors,0.0
7585,Italy,30.0,2.77777767181396,410.0,34.0,"Founder owned, founder CEO", 5-9 competitors,1.0
7588,Italy,39.0,2.77777767181396,210.0,27.0,"Founder owned, founder CEO", 5-9 competitors,0.0
7589,Italy,20.0,2.58823537826538,100.0,114.0,"Family owned, family CEO",10+ competitors,0.0
7591,Italy,30.0,3.17647051811218,60.0,21.0,"Founder owned, founder CEO",10+ competitors,1.0
7592,Italy,34.0,4.0,449.0,32.0,Dispersed Shareholders,10+ competitors,1.0
7593,Italy,20.0,3.11111116409302,270.0,8.0,Private Individuals,10+ competitors,0.0
7595,Italy,35.0,3.55555558204651,220.0,12.0,"Founder owned, founder CEO",  1-4 competitors,1.0
7596,Italy,28.0,4.0,375.0,57.0,"Family owned, family CEO",10+ competitors,0.0
7599,Italy,35.0,4.05555534362793,4250.0,37.0,Dispersed Shareholders,  1-4 competitors,1.0
7600,Italy,38.0,3.29411768913269,120.0,32.0,"Family owned, family CEO", 5-9 competitors,0.0
7602,Italy,24.0,3.05555558204651,188.0,26.0,"Founder owned, founder CEO",  1-4 competitors,0.0
7607,Italy,26.0,2.79999995231628,108.0,39.0,"Founder owned, founder CEO",10+ competitors,0.0
7608,Italy,34.0,1.58823525905609,121.0,36.0,"Founder owned, founder CEO",  1-4 competitors,0.0
7610,Italy,35.0,3.22222232818604,172.0,9.0,"Family owned, family CEO",  1-4 competitors,1.0
7616,Italy,33.0,3.83333325386047,500.0,43.0,Private Individuals,   0 competitors,0.0
7617,Italy,28.0,3.44444441795349,160.0,56.0,"Family owned, family CEO",10+ competitors,1.0
7622,Italy,34.0,3.17647051811218,180.0,9.0,"Founder owned, founder CEO",10+ competitors,0.0
7625,Italy,34.0,3.17647051811218,150.0,52.0,"Family owned, family CEO",10+ competitors,0.0
7626,Italy,20.0,2.64705872535706,350.0,41.0,"Family owned, family CEO",10+ competitors,0.0
7627,Italy,31.0,2.76470589637756,157.0,36.0,"Family owned, family CEO", 5-9 competitors,0.0
7628,Italy,39.0,2.0,630.0,32.0,"Founder owned, founder CEO",  1-4 competitors,0.0
7632,Italy,38.0,2.72222232818604,490.0,32.0,Dispersed Shareholders,  1-4 competitors,1.0
7634,Italy,33.0,3.05882358551025,190.0,14.0,"Family owned, family CEO",10+ competitors,1.0
7635,Italy,20.0,3.27777767181396,165.0,14.0,"Founder owned, founder CEO",10+ competitors,0.0
7636,Italy,35.0,3.77777767181396,230.0,9.0,Dispersed Shareholders, 5-9 competitors,1.0
7640,Italy,27.0,2.22222232818604,163.0,60.0,"Family owned, family CEO",  1-4 competitors,0.0
7642,Italy,35.0,2.76470589637756,115.0,48.0,"Founder owned, founder CEO",10+ competitors,1.0
7644,Italy,22.0,4.11111116409302,960.0,46.0,"Family owned, family CEO",10+ competitors,1.0
7645,Italy,28.0,3.11111116409302,460.0,34.0,Dispersed Shareholders,10+ competitors,1.0
7647,Italy,23.0,2.58823537826538,110.0,20.0,Private Individuals,10+ competitors,0.0
7648,Italy,30.0,3.17647051811218,1225.0,13.0,"Founder owned, founder CEO",10+ competitors,1.0
7649,Italy,28.0,4.29411745071411,1615.0,3.0,Dispersed Shareholders,10+ competitors,1.0
7650,Japan,35.0,3.38888883590698,2000.0,56.0,Dispersed Shareholders,10+ competitors,1.0
7651,Japan,28.0,3.27777767181396,2500.0,59.0,Dispersed Shareholders,10+ competitors,0.0
7652,Japan,32.0,3.11764717102051,1300.0,99.0,Dispersed Shareholders,  1-4 competitors,0.0
7653,Japan,20.0,4.27777767181396,512.0,57.0,Dispersed Shareholders,10+ competitors,0.0
7654,Japan,36.0,2.94444441795349,500.0,58.0,Dispersed Shareholders,10+ competitors,1.0
7655,Japan,28.0,2.0,580.0,60.0,"Family owned, family CEO",10+ competitors,0.0
7656,Japan,28.0,3.16666674613953,833.0,85.0,Dispersed Shareholders,10+ competitors,0.0
7657,Japan,35.0,2.88235282897949,430.0,25.0,Dispersed Shareholders,  1-4 competitors,0.0
7658,Japan,39.0,2.88888883590698,300.0,50.0,Dispersed Shareholders,10+ competitors,0.0
7659,Japan,20.0,3.0,300.0,62.0,,10+ competitors,0.0
7660,Japan,33.0,2.88888883590698,300.0,83.0,Dispersed Shareholders,  1-4 competitors,0.0
7661,Japan,32.0,3.61111116409302,300.0,65.0,Dispersed Shareholders,10+ competitors,0.0
7662,Japan,35.0,3.66666674613953,320.0,81.0,,10+ competitors,1.0
7663,Japan,32.0,3.55555558204651,186.0,48.0,Dispersed Shareholders,10+ competitors,1.0
7664,Japan,35.0,3.66666674613953,350.0,62.0,Dispersed Shareholders,  1-4 competitors,1.0
7665,Japan,20.0,4.44444465637207,660.0,41.0,"Founder owned, founder CEO", 5-9 competitors,0.0
7666,Japan,30.0,3.77777767181396,260.0,36.0,Dispersed Shareholders,10+ competitors,0.0
7668,Japan,38.0,3.88888883590698,350.0,47.0,Dispersed Shareholders,10+ competitors,0.0
7669,Japan,38.0,3.94444441795349,215.0,45.0,Dispersed Shareholders,10+ competitors,0.0
7670,Japan,36.0,2.38888883590698,200.0,27.0,"Founder owned, founder CEO",  1-4 competitors,0.0
7671,Japan,28.0,3.0,300.0,58.0,"Family owned, family CEO",10+ competitors,0.0
7672,Japan,33.0,3.05555558204651,800.0,58.0,Dispersed Shareholders,  1-4 competitors,1.0
7673,Japan,36.0,2.61111116409302,230.0,57.0,"Family owned, family CEO", 5-9 competitors,0.0
7674,Japan,35.0,3.16666674613953,230.0,45.0,Dispersed Shareholders, 5-9 competitors,0.0
7675,Japan,37.0,2.88888883590698,500.0,46.0,Dispersed Shareholders,10+ competitors,1.0
7676,Japan,35.0,3.0,370.0,68.0,Dispersed Shareholders,10+ competitors,0.0
7677,Japan,26.0,3.29411768913269,235.0,68.0,"Family owned, family CEO",10+ competitors,0.0
7678,Japan,35.0,3.0,250.0,50.0,Dispersed Shareholders,10+ competitors,0.0
7679,Japan,28.0,4.38888883590698,350.0,73.0,Dispersed Shareholders,10+ competitors,1.0
7680,Japan,32.0,2.59999990463257,140.0,56.0,Private Individuals, 5-9 competitors,0.0
7681,Japan,34.0,3.61111116409302,500.0,73.0,Dispersed Shareholders,10+ competitors,0.0
7682,Japan,22.0,2.5,900.0,46.0,Dispersed Shareholders,10+ competitors,0.0
7683,Japan,28.0,4.0,800.0,57.0,Dispersed Shareholders,10+ competitors,1.0
7684,Japan,33.0,2.77777767181396,550.0,61.0,Dispersed Shareholders, 5-9 competitors,0.0
7685,Japan,33.0,2.94444441795349,650.0,69.0,Dispersed Shareholders,  1-4 competitors,0.0
7686,Japan,33.0,3.88235282897949,900.0,7.0,Dispersed Shareholders, 5-9 competitors,1.0
7687,Japan,28.0,2.38888883590698,250.0,58.0,Dispersed Shareholders,  1-4 competitors,0.0
7688,Japan,20.0,1.66666662693024,150.0,30.0,"Family owned, family CEO",10+ competitors,0.0
7689,Japan,36.0,2.33333325386047,400.0,57.0,Dispersed Shareholders,  1-4 competitors,0.0
7691,Japan,35.0,2.66666674613953,170.0,38.0,"Family owned, family CEO",10+ competitors,1.0
7692,Japan,26.0,2.85714292526245,170.0,56.0,"Family owned, family CEO",10+ competitors,0.0
7693,Japan,35.0,3.16666674613953,180.0,54.0,Private Individuals, 5-9 competitors,0.0
7694,Japan,35.0,3.16666674613953,280.0,45.0,Private Individuals,10+ competitors,1.0
7695,Japan,24.0,4.77777767181396,700.0,56.0,Dispersed Shareholders,10+ competitors,1.0
7696,Japan,30.0,3.27777767181396,450.0,40.0,Dispersed Shareholders,10+ competitors,1.0
7697,Japan,37.0,4.66666650772095,500.0,88.0,Dispersed Shareholders,10+ competitors,1.0
7698,Japan,38.0,2.83333325386047,170.0,63.0,Dispersed Shareholders,  1-4 competitors,1.0
7699,Japan,28.0,3.11111116409302,230.0,58.0,"Family owned, family CEO", 5-9 competitors,0.0
7700,Japan,35.0,3.55555558204651,300.0,31.0,Dispersed Shareholders,10+ competitors,0.0
7701,Japan,23.0,2.77777767181396,200.0,45.0,Private Individuals,10+ competitors,0.0
7702,Japan,28.0,2.66666674613953,240.0,87.0,Dispersed Shareholders,10+ competitors,1.0
7703,Japan,33.0,2.22222232818604,272.0,45.0,Dispersed Shareholders,  1-4 competitors,0.0
7704,Japan,38.0,3.72222232818604,400.0,57.0,Dispersed Shareholders, 5-9 competitors,1.0
7705,Japan,35.0,3.27777767181396,600.0,23.0,Other,10+ competitors,0.0
7706,Japan,35.0,3.55555558204651,220.0,45.0,Dispersed Shareholders,10+ competitors,1.0
7707,Japan,35.0,2.64705872535706,400.0,39.0,Dispersed Shareholders, 5-9 competitors,0.0
7708,Japan,24.0,2.11111116409302,220.0,68.0,Dispersed Shareholders,  1-4 competitors,0.0
7710,Japan,28.0,3.0,250.0,55.0,"Family owned, family CEO",  1-4 competitors,0.0
7711,Japan,37.0,2.83333325386047,210.0,22.0,Dispersed Shareholders, 5-9 competitors,0.0
7712,Japan,20.0,3.88888883590698,170.0,86.0,Dispersed Shareholders,10+ competitors,0.0
7713,Japan,33.0,2.55555558204651,160.0,64.0,"Family owned, family CEO",10+ competitors,0.0
7714,Japan,34.0,3.27777767181396,200.0,59.0,Dispersed Shareholders,10+ competitors,1.0
7715,Japan,35.0,2.55555558204651,200.0,50.0,"Family owned, family CEO",10+ competitors,1.0
7716,Japan,32.0,3.27777767181396,330.0,57.0,"Family owned, family CEO",10+ competitors,0.0
7717,Japan,36.0,2.61111116409302,500.0,38.0,"Founder owned, founder CEO",10+ competitors,0.0
7719,Japan,35.0,4.61111116409302,3000.0,74.0,Dispersed Shareholders, 5-9 competitors,1.0
7720,Japan,35.0,3.88888883590698,181.0,63.0,"Family owned, family CEO", 5-9 competitors,0.0
7721,Japan,20.0,3.05555558204651,586.0,26.0,"Family owned, family CEO",10+ competitors,0.0
7722,Japan,20.0,2.42857146263123,240.0,60.0,Dispersed Shareholders,10+ competitors,0.0
7723,Japan,35.0,3.27777767181396,210.0,17.0,Dispersed Shareholders, 5-9 competitors,1.0
7724,Japan,38.0,2.33333325386047,400.0,55.0,"Family owned, family CEO",10+ competitors,0.0
7725,Japan,28.0,2.94444441795349,530.0,113.0,Dispersed Shareholders,10+ competitors,1.0
7726,Japan,30.0,2.23529410362244,350.0,59.0,"Family owned, family CEO",  1-4 competitors,1.0
7726,Japan,30.0,2.0,350.0,59.0,"Family owned, family CEO",  1-4 competitors,0.0
7727,Japan,35.0,2.4375,645.0,45.0,"Family owned, family CEO",10+ competitors,0.0
7728,Japan,28.0,3.64705872535706,255.0,52.0,"Family owned, family CEO",10+ competitors,0.0
7729,Japan,35.0,4.44444465637207,240.0,62.0,Dispersed Shareholders, 5-9 competitors,0.0
7730,Japan,35.0,2.66666674613953,110.0,34.0,"Family owned, family CEO", 5-9 competitors,0.0
7731,Japan,24.0,4.22222232818604,1200.0,18.0,Dispersed Shareholders,10+ competitors,0.0
7732,Japan,34.0,2.38888883590698,200.0,56.0,Dispersed Shareholders, 5-9 competitors,0.0
7733,Japan,30.0,2.5,250.0,35.0,Dispersed Shareholders,  1-4 competitors,1.0
7734,Japan,20.0,3.38888883590698,2000.0,13.0,Dispersed Shareholders,10+ competitors,1.0
7735,Japan,38.0,3.05555558204651,160.0,63.0,"Family owned, family CEO", 5-9 competitors,0.0
7737,Japan,33.0,4.38888883590698,350.0,17.0,Dispersed Shareholders, 5-9 competitors,0.0
7738,Japan,30.0,3.0,300.0,48.0,Private Individuals,  1-4 competitors,0.0
7739,Japan,30.0,2.5,180.0,73.0,"Family owned, family CEO",  1-4 competitors,0.0
7740,Japan,30.0,3.27777767181396,210.0,56.0,Dispersed Shareholders,10+ competitors,0.0
7741,Japan,30.0,3.38888883590698,320.0,37.0,Dispersed Shareholders,10+ competitors,1.0
7742,Japan,38.0,4.44444465637207,500.0,84.0,Dispersed Shareholders,10+ competitors,1.0
7743,Japan,35.0,4.16666650772095,265.0,77.0,"Family owned, family CEO", 5-9 competitors,1.0
7744,Japan,25.0,2.16666674613953,2000.0,44.0,Dispersed Shareholders,  1-4 competitors,1.0
7745,Japan,36.0,4.11111116409302,1000.0,46.0,Dispersed Shareholders,10+ competitors,1.0
7746,Japan,30.0,3.52941179275513,1200.0,133.0,,10+ competitors,1.0
7747,Japan,38.0,3.5,500.0,62.0,Dispersed Shareholders,10+ competitors,1.0
7748,Japan,20.0,4.66666650772095,1000.0,5.0,Other,  1-4 competitors,0.0
7749,Japan,20.0,2.66666674613953,300.0,51.0,"Family owned, family CEO",  1-4 competitors,0.0
7750,Japan,26.0,3.33333325386047,250.0,57.0,Dispersed Shareholders,10+ competitors,0.0
7751,Japan,37.0,2.44444441795349,140.0,67.0,Dispersed Shareholders, 5-9 competitors,0.0
7752,Japan,35.0,2.55555558204651,300.0,53.0,Dispersed Shareholders, 5-9 competitors,0.0
7753,Japan,26.0,3.05555558204651,460.0,48.0,"Family owned, family CEO",10+ competitors,1.0
7754,Japan,34.0,1.44444441795349,170.0,41.0,"Family owned, family CEO",  1-4 competitors,0.0
7755,Japan,32.0,3.55555558204651,299.0,67.0,Dispersed Shareholders,10+ competitors,0.0
7756,Japan,30.0,2.55555558204651,300.0,42.0,Dispersed Shareholders, 5-9 competitors,1.0
7757,Japan,34.0,3.05555558204651,280.0,65.0,Dispersed Shareholders,10+ competitors,0.0
7758,Japan,30.0,3.11111116409302,400.0,59.0,"Family owned, family CEO",10+ competitors,1.0
7759,Japan,35.0,2.94444441795349,900.0,50.0,Dispersed Shareholders,10+ competitors,1.0
7760,Japan,34.0,2.88888883590698,120.0,54.0,Private Individuals,10+ competitors,0.0
7761,Japan,34.0,2.0,400.0,55.0,Dispersed Shareholders,10+ competitors,1.0
7762,Japan,35.0,2.55555558204651,240.0,8.0,Other, 5-9 competitors,0.0
7763,Japan,34.0,4.05555534362793,1000.0,64.0,Dispersed Shareholders,10+ competitors,1.0
7764,Japan,35.0,3.72222232818604,659.0,56.0,Dispersed Shareholders,10+ competitors,1.0
7765,Japan,36.0,2.83333325386047,208.0,61.0,"Family owned, family CEO",10+ competitors,0.0
7766,Japan,35.0,3.94444441795349,1500.0,43.0,Dispersed Shareholders, 5-9 competitors,1.0
7767,Japan,32.0,3.05555558204651,360.0,36.0,"Family owned, family CEO", 5-9 competitors,0.0
7768,Japan,28.0,3.0,170.0,64.0,Private Individuals,10+ competitors,0.0
7769,Japan,30.0,3.8125,2300.0,58.0,Dispersed Shareholders,10+ competitors,1.0
7770,Japan,26.0,2.38888883590698,350.0,61.0,"Family owned, family CEO", 5-9 competitors,1.0
7771,Japan,32.0,2.94444441795349,520.0,50.0,Dispersed Shareholders,  1-4 competitors,1.0
7771,Japan,32.0,3.11111116409302,450.0,50.0,Dispersed Shareholders, 5-9 competitors,1.0
7773,Japan,20.0,3.05555558204651,450.0,68.0,Private Individuals,10+ competitors,0.0
7774,Japan,34.0,2.88888883590698,250.0,32.0,"Family owned, family CEO", 5-9 competitors,0.0
7775,Japan,27.0,3.33333325386047,270.0,88.0,Private Individuals, 5-9 competitors,0.0
8191,Poland,35.0,3.22222232818604,700.0,204.0,Government,  1-4 competitors,0.0
8192,Poland,33.0,2.72222232818604,186.0,154.0,Government,10+ competitors,0.0
8193,Poland,37.0,2.17647051811218,200.0,36.0,Government, 5-9 competitors,0.0
8194,Poland,25.0,2.61111116409302,150.0,34.0,Government,  1-4 competitors,0.0
8195,Poland,34.0,3.5,220.0,113.0,Other,10+ competitors,1.0
8196,Poland,36.0,3.38888883590698,2500.0,69.0,Dispersed Shareholders,10+ competitors,0.0
8197,Poland,37.0,4.33333349227905,1000.0,68.0,Dispersed Shareholders,10+ competitors,1.0
8198,Poland,36.0,2.72222232818604,180.0,31.0,Government,10+ competitors,0.0
8199,Poland,36.0,2.88888883590698,800.0,48.0,Private Individuals,10+ competitors,0.0
8200,Poland,28.0,3.72222232818604,150.0,57.0,Private Individuals,10+ competitors,0.0
8201,Poland,22.0,2.88888883590698,130.0,128.0,Government,10+ competitors,0.0
8202,Poland,30.0,2.33333325386047,400.0,54.0,Government,10+ competitors,0.0
8203,Poland,20.0,2.44444441795349,650.0,56.0,"Family owned, family CEO",  1-4 competitors,1.0
8204,Poland,20.0,2.44444441795349,750.0,66.0,Government,10+ competitors,1.0
8205,Poland,20.0,2.22222232818604,130.0,122.0,Government, 5-9 competitors,0.0
8206,Poland,24.0,2.83333325386047,280.0,42.0,Private Individuals,10+ competitors,0.0
8207,Poland,24.0,3.16666674613953,160.0,94.0,Government,10+ competitors,0.0
8208,Poland,35.0,3.61111116409302,190.0,30.0,Government,10+ competitors,0.0
8209,Poland,27.0,2.11764717102051,115.0,111.0,Government,10+ competitors,0.0
8210,Poland,28.0,3.27777767181396,266.0,61.0,Dispersed Shareholders,10+ competitors,0.0
8211,Poland,38.0,2.05555558204651,110.0,89.0,Government,10+ competitors,0.0
8212,Poland,28.0,2.66666674613953,220.0,68.0,Other,10+ competitors,0.0
8213,Poland,28.0,3.22222232818604,96.0,61.0,Other,10+ competitors,0.0
8214,Poland,23.0,2.55555558204651,240.0,61.0,Other,10+ competitors,0.0
8215,Poland,20.0,3.16666674613953,210.0,44.0,Other,10+ competitors,0.0
8216,Poland,20.0,2.83333325386047,120.0,86.0,Other,10+ competitors,0.0
8217,Poland,20.0,3.5,1500.0,26.0,Other,10+ competitors,0.0
8218,Poland,20.0,3.83333325386047,220.0,83.0,Other,10+ competitors,0.0
8219,Poland,20.0,2.33333325386047,162.0,72.0,Other,10+ competitors,0.0
8220,Poland,34.0,2.94444441795349,220.0,55.0,Other,10+ competitors,0.0
8221,Poland,20.0,2.66666674613953,300.0,57.0,Other,10+ competitors,0.0
8222,Poland,20.0,2.83333325386047,350.0,52.0,Other,10+ competitors,0.0
8223,Poland,23.0,2.16666674613953,200.0,57.0,Other,10+ competitors,0.0
8224,Poland,34.0,2.44444441795349,280.0,56.0,Other,10+ competitors,0.0
8225,Poland,28.0,3.55555558204651,300.0,62.0,Other,10+ competitors,0.0
8226,Poland,36.0,1.88888883590698,144.0,49.0,Other, 5-9 competitors,0.0
8227,Poland,23.0,2.05555558204651,180.0,30.0,Other,10+ competitors,0.0
8228,Poland,20.0,2.55555558204651,300.0,100.0,Other, 5-9 competitors,0.0
8229,Poland,35.0,2.5,150.0,23.0,Dispersed Shareholders, 5-9 competitors,1.0
8230,Poland,20.0,2.41176462173462,100.0,18.0,Private Individuals, 5-9 competitors,1.0
8231,Poland,34.0,3.0,200.0,61.0,Government,10+ competitors,0.0
8232,Poland,20.0,2.27777767181396,115.0,17.0,Private Individuals, 5-9 competitors,0.0
8233,Poland,32.0,3.77777767181396,200.0,16.0,Dispersed Shareholders,  1-4 competitors,1.0
8234,Poland,30.0,2.93333339691162,180.0,21.0,Private Individuals,10+ competitors,0.0
8235,Poland,35.0,2.44444441795349,300.0,15.0,Private Individuals,10+ competitors,0.0
8236,Poland,35.0,3.5,350.0,14.0,"Founder owned, founder CEO", 5-9 competitors,0.0
8237,Poland,34.0,3.16666674613953,100.0,78.0,Dispersed Shareholders,10+ competitors,1.0
8238,Poland,20.0,2.83333325386047,600.0,24.0,Private Individuals,10+ competitors,0.0
8239,Poland,35.0,1.83333337306976,230.0,75.0,Government, 5-9 competitors,0.0
8240,Poland,20.0,3.83333325386047,180.0,14.0,Private Individuals,10+ competitors,1.0
8241,Poland,20.0,2.27777767181396,450.0,16.0,Other,10+ competitors,0.0
8242,Poland,35.0,2.58823537826538,180.0,24.0,Private Individuals,10+ competitors,0.0
8243,Poland,32.0,2.16666674613953,120.0,12.0,Private Individuals,10+ competitors,0.0
8244,Poland,25.0,2.33333325386047,250.0,44.0,Other,  1-4 competitors,0.0
8245,Poland,28.0,2.77777767181396,121.0,18.0,Dispersed Shareholders,10+ competitors,0.0
8246,Poland,32.0,2.77777767181396,300.0,17.0,"Founder owned, founder CEO",10+ competitors,0.0
8247,Poland,36.0,2.83333325386047,150.0,20.0,Private Individuals, 5-9 competitors,0.0
8248,Poland,35.0,2.77777767181396,100.0,17.0,"Founder owned, founder CEO",  1-4 competitors,0.0
8249,Poland,32.0,1.625,120.0,57.0,Dispersed Shareholders,10+ competitors,1.0
8250,Poland,26.0,3.16666674613953,460.0,13.0,Private Individuals,10+ competitors,1.0
8251,Poland,36.0,3.38888883590698,2100.0,13.0,"Family owned, family CEO",10+ competitors,1.0
8252,Poland,20.0,2.88888883590698,400.0,13.0,Private Individuals,  1-4 competitors,1.0
8253,Poland,33.0,2.88888883590698,850.0,54.0,Private Individuals, 5-9 competitors,1.0
8254,Poland,30.0,2.88888883590698,220.0,14.0,Private Equity/Venture Capital,10+ competitors,1.0
8255,Poland,38.0,3.27777767181396,410.0,30.0,Private Individuals, 5-9 competitors,0.0
8256,Poland,20.0,2.38888883590698,140.0,13.0,Dispersed Shareholders, 5-9 competitors,1.0
8257,Poland,33.0,3.27777767181396,300.0,98.0,Private Individuals,10+ competitors,0.0
8258,Poland,27.0,3.83333325386047,300.0,11.0,Private Individuals,  1-4 competitors,0.0
8259,Poland,39.0,1.77777779102325,100.0,117.0,Private Individuals,  1-4 competitors,0.0
8260,Poland,38.0,2.27777767181396,400.0,55.0,Private Equity/Venture Capital,10+ competitors,0.0
8261,Poland,26.0,2.55555558204651,70.0,14.0,Private Individuals,10+ competitors,0.0
8262,Poland,24.0,2.61111116409302,172.0,55.0,Other,10+ competitors,0.0
8263,Poland,28.0,3.61111116409302,600.0,58.0,Dispersed Shareholders, 5-9 competitors,1.0
8264,Poland,36.0,2.44444441795349,280.0,11.0,Dispersed Shareholders,  1-4 competitors,1.0
8265,Poland,26.0,3.44444441795349,95.0,14.0,Private Individuals,  1-4 competitors,0.0
8266,Poland,20.0,2.88888883590698,100.0,14.0,"Family owned, family CEO",10+ competitors,1.0
8267,Poland,24.0,3.38888883590698,600.0,8.0,Private Equity/Venture Capital,  1-4 competitors,1.0
8268,Poland,27.0,1.88235294818878,350.0,28.0,Dispersed Shareholders, 5-9 competitors,0.0
8269,Poland,34.0,3.66666674613953,130.0,182.0,Government,10+ competitors,0.0
8270,Poland,37.0,2.88888883590698,800.0,9.0,Other,10+ competitors,1.0
8271,Poland,26.0,2.5,190.0,12.0,"Founder owned, founder CEO",  1-4 competitors,1.0
8272,Poland,28.0,3.72222232818604,350.0,15.0,Dispersed Shareholders,10+ competitors,1.0
8273,Poland,36.0,3.77777767181396,2100.0,14.0,Private Individuals, 5-9 competitors,1.0
8274,Poland,26.0,3.22222232818604,1000.0,17.0,Private Equity/Venture Capital,10+ competitors,1.0
8275,Poland,20.0,3.05882358551025,1300.0,62.0,Other, 5-9 competitors,0.0
8276,Poland,36.0,2.72222232818604,80.0,17.0,"Founder owned, founder CEO",10+ competitors,0.0
8277,Poland,20.0,3.16666674613953,2500.0,238.0,Dispersed Shareholders,  1-4 competitors,1.0
8278,Poland,26.0,2.77777767181396,200.0,12.0,Dispersed Shareholders,10+ competitors,0.0
8279,Poland,20.0,2.94444441795349,250.0,52.0,Other,10+ competitors,0.0
8280,Poland,35.0,2.83333325386047,240.0,53.0,Private Individuals,  1-4 competitors,0.0
8281,Poland,20.0,3.94117641448975,800.0,26.0,"Founder owned, founder CEO",10+ competitors,0.0
8282,Poland,36.0,2.88888883590698,200.0,59.0,Private Individuals,10+ competitors,0.0
8283,Poland,36.0,3.5,650.0,128.0,Other, 5-9 competitors,1.0
8284,Poland,29.0,2.94444441795349,150.0,147.0,Private Individuals,10+ competitors,0.0
8285,Poland,35.0,4.0,460.0,34.0,Dispersed Shareholders,  1-4 competitors,1.0
8286,Poland,20.0,2.77777767181396,150.0,19.0,Private Individuals,10+ competitors,0.0
8287,Poland,30.0,2.83333325386047,430.0,98.0,"Family owned, family CEO",10+ competitors,1.0
8288,Poland,20.0,3.22222232818604,600.0,14.0,Dispersed Shareholders,10+ competitors,1.0
8289,Poland,34.0,3.29411768913269,170.0,9.0,Private Individuals, 5-9 competitors,1.0
8290,Poland,32.0,3.11111116409302,225.0,82.0,Dispersed Shareholders,  1-4 competitors,1.0
8291,Poland,23.0,2.72222232818604,150.0,14.0,Private Individuals,10+ competitors,0.0
8292,Poland,30.0,2.33333325386047,70.0,37.0,Private Individuals,  1-4 competitors,0.0
8293,Poland,20.0,3.72222232818604,250.0,14.0,Private Individuals,10+ competitors,0.0
8294,Poland,24.0,2.66666674613953,200.0,12.0,Private Individuals,10+ competitors,0.0
8295,Poland,30.0,3.55555558204651,230.0,22.0,"Founder owned, founder CEO",10+ competitors,0.0
8296,Poland,30.0,3.52941179275513,60.0,10.0,"Family owned, family CEO",10+ competitors,1.0
8297,Poland,34.0,4.0,120.0,13.0,Dispersed Shareholders,10+ competitors,1.0
8298,Poland,30.0,3.77777767181396,250.0,13.0,Dispersed Shareholders,  1-4 competitors,1.0
8299,Poland,28.0,3.0,300.0,94.0,Government,  1-4 competitors,0.0
8300,Poland,20.0,2.55555558204651,450.0,14.0,"Founder owned, founder CEO",10+ competitors,0.0
8301,Poland,26.0,3.0,200.0,10.0,Private Equity/Venture Capital,10+ competitors,1.0
8302,Poland,37.0,2.77777767181396,270.0,10.0,"Founder owned, founder CEO", 5-9 competitors,0.0
8303,Poland,34.0,3.05555558204651,170.0,48.0,Dispersed Shareholders,  1-4 competitors,0.0
8304,Poland,37.0,2.16666674613953,120.0,6.0,Dispersed Shareholders, 5-9 competitors,1.0
8305,Poland,24.0,3.22222232818604,280.0,14.0,Other,10+ competitors,1.0
8306,Poland,34.0,2.22222232818604,100.0,54.0,Government,  1-4 competitors,0.0
8307,Poland,37.0,2.27777767181396,300.0,55.0,Government, 5-9 competitors,0.0
8308,Poland,28.0,3.17647051811218,303.0,10.0,Private Equity/Venture Capital, 5-9 competitors,1.0
8309,Poland,32.0,2.61111116409302,680.0,158.0,Government,  1-4 competitors,0.0
8310,Poland,38.0,3.16666674613953,350.0,67.0,Dispersed Shareholders,10+ competitors,1.0
8311,Poland,24.0,2.22222232818604,130.0,33.0,Private Individuals,10+ competitors,0.0
8312,Poland,37.0,3.94444441795349,750.0,129.0,Other,  1-4 competitors,1.0
8313,Poland,35.0,2.11111116409302,250.0,61.0,Dispersed Shareholders, 5-9 competitors,1.0
8314,Poland,35.0,1.88888883590698,130.0,55.0,Private Individuals, 5-9 competitors,0.0
8315,Poland,20.0,2.27777767181396,190.0,13.0,"Founder owned, founder CEO",  1-4 competitors,0.0
8316,Poland,38.0,3.22222232818604,250.0,14.0,"Family owned, external CEO",  1-4 competitors,1.0
8317,Poland,37.0,3.11111116409302,250.0,15.0,Private Individuals,10+ competitors,0.0
8318,Poland,39.0,2.61111116409302,500.0,14.0,"Founder owned, founder CEO", 5-9 competitors,0.0
8319,Poland,34.0,3.11111116409302,140.0,14.0,"Family owned, family CEO",10+ competitors,1.0
8320,Poland,34.0,2.88888883590698,2300.0,61.0,Private Individuals,  1-4 competitors,0.0
8321,Poland,37.0,3.25,600.0,31.0,Other,10+ competitors,1.0
8322,Poland,28.0,3.41176462173462,250.0,89.0,Other,10+ competitors,0.0
8323,Poland,36.0,2.55555558204651,130.0,16.0,Private Individuals,  1-4 competitors,1.0
8324,Poland,37.0,3.27777767181396,500.0,12.0,Private Individuals,  1-4 competitors,0.0
8325,Poland,27.0,3.22222232818604,168.0,9.0,Private Individuals, 5-9 competitors,0.0
8326,Poland,28.0,4.22222232818604,400.0,9.0,Private Equity/Venture Capital,10+ competitors,1.0
8327,Poland,37.0,3.05555558204651,1000.0,31.0,Private Individuals,10+ competitors,1.0
8328,Poland,33.0,2.94444441795349,2000.0,7.0,Dispersed Shareholders,10+ competitors,1.0
8329,Poland,35.0,1.94444441795349,400.0,208.0,Government, 5-9 competitors,0.0
8330,Poland,37.0,2.70588231086731,176.0,7.0,Private Individuals,10+ competitors,0.0
8331,Poland,34.0,2.77777767181396,200.0,134.0,Private Individuals,  1-4 competitors,0.0
8332,Poland,33.0,2.77777767181396,320.0,166.0,Dispersed Shareholders, 5-9 competitors,0.0
8333,Poland,32.0,2.92857146263123,120.0,3.0,Dispersed Shareholders,  1-4 competitors,0.0
8334,Poland,34.0,1.61111116409302,250.0,35.0,Government,  1-4 competitors,0.0
8335,Poland,27.0,3.27777767181396,370.0,15.0,Dispersed Shareholders,10+ competitors,1.0
8336,Poland,32.0,3.0,200.0,10.0,"Founder owned, founder CEO", 5-9 competitors,0.0
8337,Poland,33.0,4.05555534362793,1050.0,40.0,Private Individuals,10+ competitors,0.0
8338,Poland,20.0,2.83333325386047,225.0,25.0,Private Individuals, 5-9 competitors,1.0
8339,Poland,24.0,3.5,250.0,14.0,"Founder owned, founder CEO",10+ competitors,0.0
8340,Poland,28.0,3.27777767181396,900.0,13.0,Dispersed Shareholders, 5-9 competitors,1.0
8341,Poland,20.0,2.88888883590698,200.0,15.0,Private Individuals,10+ competitors,1.0
8342,Poland,30.0,1.72222220897675,104.0,39.0,Government,10+ competitors,0.0
8343,Poland,30.0,3.33333325386047,350.0,12.0,"Founder owned, founder CEO", 5-9 competitors,0.0
8344,Poland,30.0,1.72222220897675,165.0,55.0,Government,  1-4 competitors,0.0
8345,Poland,28.0,4.0,147.0,61.0,Other,10+ competitors,1.0
8346,Poland,34.0,2.11111116409302,650.0,83.0,Other, 5-9 competitors,0.0
8347,Poland,22.0,2.94444441795349,400.0,51.0,Other, 5-9 competitors,0.0
8348,Poland,26.0,1.94444441795349,130.0,104.0,Private Individuals,  1-4 competitors,1.0
8349,Poland,20.0,2.5,1000.0,15.0,"Family owned, family CEO",10+ competitors,0.0
8350,Poland,35.0,2.5,150.0,31.0,Dispersed Shareholders,10+ competitors,1.0
8351,Poland,20.0,3.33333325386047,100.0,13.0,Dispersed Shareholders,10+ competitors,1.0
8352,Poland,28.0,3.72222232818604,197.0,12.0,"Family owned, family CEO",  1-4 competitors,1.0
8353,Poland,30.0,3.35294127464294,350.0,41.0,Private Individuals,  1-4 competitors,1.0
8354,Poland,22.0,1.77777779102325,220.0,14.0,Private Individuals,  1-4 competitors,0.0
8355,Poland,25.0,1.83333337306976,237.0,30.0,Private Individuals,  1-4 competitors,0.0
8356,Poland,22.0,2.27777767181396,600.0,10.0,Other,  1-4 competitors,1.0
8357,Poland,28.0,3.16666674613953,120.0,57.0,Private Individuals, 5-9 competitors,0.0
8358,Poland,20.0,3.0,200.0,14.0,"Founder owned, founder CEO",10+ competitors,0.0
8359,Poland,20.0,3.16666674613953,500.0,56.0,Dispersed Shareholders,10+ competitors,1.0
8360,Poland,20.0,1.88888883590698,200.0,13.0,Other,  1-4 competitors,0.0
8361,Poland,35.0,3.5,150.0,54.0,Private Individuals, 5-9 competitors,0.0
8362,Poland,25.0,3.22222232818604,650.0,15.0,"Founder owned, founder CEO", 5-9 competitors,1.0
8363,Poland,34.0,3.22222232818604,230.0,54.0,Private Individuals, 5-9 competitors,0.0
8364,Poland,30.0,4.0,120.0,12.0,"Founder owned, founder CEO",  1-4 competitors,1.0
8365,Poland,32.0,2.77777767181396,160.0,53.0,Other,  1-4 competitors,1.0
8366,Poland,35.0,3.5,850.0,60.0,Government,10+ competitors,0.0
8367,Poland,34.0,1.77777779102325,200.0,59.0,Government,  1-4 competitors,0.0
8368,Poland,20.0,2.05555558204651,80.0,31.0,Dispersed Shareholders, 5-9 competitors,1.0
8369,Poland,34.0,2.77777767181396,105.0,6.0,Private Individuals, 5-9 competitors,0.0
8370,Poland,39.0,2.5,250.0,57.0,Other,  1-4 competitors,0.0
8371,Poland,20.0,3.0,100.0,13.0,"Family owned, external CEO",  1-4 competitors,1.0
8372,Poland,24.0,3.83333325386047,1100.0,44.0,"Founder owned, founder CEO",  1-4 competitors,1.0
8373,Poland,25.0,1.77777779102325,800.0,13.0,Private Individuals,  1-4 competitors,1.0
8374,Poland,20.0,2.55555558204651,100.0,120.0,Private Individuals,10+ competitors,0.0
8375,Poland,27.0,2.94444441795349,1800.0,8.0,"Founder owned, founder CEO",10+ competitors,1.0
8376,Poland,20.0,1.55555558204651,160.0,17.0,"Founder owned, founder CEO",10+ competitors,0.0
8377,Poland,26.0,4.0,150.0,19.0,Dispersed Shareholders,10+ competitors,1.0
8378,Poland,28.0,2.94444441795349,254.0,17.0,Private Individuals,10+ competitors,0.0
8379,Poland,38.0,4.0,1200.0,61.0,"Family owned, family CEO",10+ competitors,1.0
8380,Poland,30.0,3.05555558204651,400.0,14.0,Private Individuals,10+ competitors,0.0
8381,Poland,33.0,3.83333325386047,1400.0,42.0,Dispersed Shareholders,10+ competitors,0.0
8382,Poland,28.0,2.21428561210632,480.0,137.0,Other,  1-4 competitors,0.0
8383,Poland,36.0,3.22222232818604,300.0,11.0,Private Individuals,10+ competitors,0.0
8384,Poland,37.0,3.66666674613953,250.0,9.0,"Family owned, family CEO", 5-9 competitors,1.0
8385,Poland,36.0,3.22222232818604,700.0,9.0,Other,  1-4 competitors,1.0
8386,Poland,25.0,2.27777767181396,180.0,28.0,"Family owned, family CEO",10+ competitors,0.0
8387,Poland,28.0,2.94444441795349,250.0,17.0,"Founder owned, founder CEO",10+ competitors,0.0
8388,Poland,39.0,2.29411768913269,800.0,23.0,"Founder owned, founder CEO",  1-4 competitors,0.0
8389,Poland,20.0,3.38888883590698,600.0,4.0,"Founder owned, founder CEO",10+ competitors,0.0
8390,Poland,37.0,2.88888883590698,800.0,24.0,Private Individuals,10+ competitors,0.0
8391,Poland,26.0,4.33333349227905,700.0,15.0,Dispersed Shareholders,10+ competitors,1.0
8392,Poland,36.0,3.33333325386047,100.0,17.0,Private Individuals,10+ competitors,0.0
8393,Poland,32.0,1.5,600.0,55.0,Dispersed Shareholders,  1-4 competitors,1.0
8394,Poland,37.0,3.5625,1300.0,10.0,Private Individuals,  1-4 competitors,1.0
8395,Poland,20.0,1.8125,150.0,14.0,Private Individuals,10+ competitors,0.0
8396,Poland,32.0,1.22222220897675,650.0,67.0,Private Individuals,  1-4 competitors,0.0
8397,Poland,33.0,2.88888883590698,180.0,38.0,Private Individuals,  1-4 competitors,0.0
8398,Poland,36.0,2.22222232818604,190.0,26.0,Private Individuals,10+ competitors,0.0
8399,Poland,28.0,2.44444441795349,150.0,10.0,Private Individuals,  1-4 competitors,1.0
8400,Poland,37.0,2.88888883590698,1500.0,68.0,Government, 5-9 competitors,0.0
8401,Poland,37.0,2.55555558204651,200.0,15.0,"Founder owned, founder CEO",10+ competitors,1.0
8402,Poland,34.0,3.0,250.0,11.0,Dispersed Shareholders,10+ competitors,0.0
8403,Poland,20.0,3.61111116409302,350.0,14.0,"Founder owned, founder CEO",10+ competitors,0.0
8404,Poland,26.0,3.41176462173462,460.0,10.0,"Family owned, external CEO",  1-4 competitors,1.0
8405,Poland,36.0,2.88235282897949,200.0,49.0,Private Individuals,10+ competitors,0.0
8406,Poland,32.0,2.0,130.0,31.0,Other,  1-4 competitors,0.0
8407,Poland,30.0,2.88888883590698,250.0,17.0,"Founder owned, founder CEO",10+ competitors,0.0
8408,Poland,20.0,2.0,1200.0,99.0,Dispersed Shareholders,  1-4 competitors,1.0
8409,Poland,20.0,2.55555558204651,1000.0,58.0,Dispersed Shareholders,10+ competitors,1.0
8410,Poland,35.0,2.5,130.0,60.0,Government,10+ competitors,0.0
8411,Poland,34.0,3.11111116409302,300.0,17.0,Dispersed Shareholders,  1-4 competitors,1.0
8412,Poland,34.0,2.72222232818604,210.0,67.0,Other, 5-9 competitors,0.0
8413,Poland,34.0,3.16666674613953,800.0,89.0,Government,10+ competitors,0.0
8414,Poland,20.0,2.44444441795349,170.0,153.0,"Family owned, family CEO",10+ competitors,0.0
8415,Poland,36.0,3.83333325386047,450.0,57.0,Dispersed Shareholders,10+ competitors,0.0
8416,Poland,22.0,3.0,300.0,12.0,Other, 5-9 competitors,1.0
8417,Poland,34.0,2.5,600.0,10.0,Private Individuals,  1-4 competitors,0.0
8418,Poland,34.0,1.66666662693024,110.0,17.0,"Founder owned, external CEO",  1-4 competitors,0.0
8419,Poland,22.0,1.05555558204651,800.0,201.0,Private Individuals, 5-9 competitors,0.0
8420,Poland,37.0,3.61111116409302,300.0,9.0,Other,  1-4 competitors,1.0
8421,Poland,37.0,4.16666650772095,550.0,61.0,Private Individuals,10+ competitors,1.0
8422,Poland,33.0,3.38888883590698,260.0,14.0,Dispersed Shareholders, 5-9 competitors,1.0
8423,Poland,33.0,4.55555534362793,160.0,8.0,Dispersed Shareholders,  1-4 competitors,1.0
8424,Poland,25.0,2.55555558204651,4500.0,15.0,Private Individuals,  1-4 competitors,1.0
8425,Poland,23.0,2.72222232818604,350.0,61.0,Dispersed Shareholders, 5-9 competitors,1.0
8426,Poland,32.0,2.83333325386047,100.0,34.0,Dispersed Shareholders,  1-4 competitors,1.0
8427,Poland,32.0,3.0,1100.0,8.0,Dispersed Shareholders,  1-4 competitors,1.0
8428,Poland,23.0,2.77777767181396,250.0,17.0,Private Individuals,10+ competitors,0.0
8429,Portugal,32.0,2.94444441795349,105.0,163.0,Other,10+ competitors,0.0
8430,Portugal,30.0,2.77777767181396,300.0,48.0,"Family owned, family CEO",10+ competitors,0.0
8431,Portugal,25.0,2.38888883590698,80.0,32.0,"Family owned, family CEO",10+ competitors,0.0
8432,Portugal,28.0,2.29411768913269,280.0,97.0,"Family owned, family CEO",  1-4 competitors,1.0
8433,Portugal,24.0,3.61111116409302,500.0,47.0,Private Individuals,10+ competitors,1.0
8434,Portugal,36.0,3.55555558204651,320.0,40.0,Dispersed Shareholders,10+ competitors,1.0
8436,Portugal,32.0,2.22222232818604,75.0,49.0,Private Equity/Venture Capital,  1-4 competitors,0.0
8438,Portugal,20.0,3.27777767181396,500.0,54.0,Government, 5-9 competitors,0.0
8439,Portugal,28.0,3.55555558204651,125.0,46.0,Dispersed Shareholders, 5-9 competitors,1.0
8440,Portugal,20.0,2.61111116409302,120.0,69.0,"Founder owned, founder CEO",  1-4 competitors,0.0
8441,Portugal,28.0,2.33333325386047,600.0,80.0,"Family owned, family CEO", 5-9 competitors,1.0
8442,Portugal,22.0,2.38888883590698,600.0,63.0,"Family owned, family CEO", 5-9 competitors,1.0
8443,Portugal,30.0,2.83333325386047,350.0,51.0,"Family owned, family CEO",10+ competitors,0.0
8444,Portugal,34.0,2.77777767181396,70.0,58.0,"Family owned, family CEO",10+ competitors,0.0
8445,Portugal,27.0,1.83333337306976,67.0,47.0,"Founder owned, founder CEO",10+ competitors,0.0
8446,Portugal,30.0,2.77777767181396,92.0,34.0,"Family owned, family CEO",10+ competitors,0.0
8447,Portugal,20.0,3.55555558204651,440.0,42.0,Dispersed Shareholders,10+ competitors,1.0
8448,Portugal,22.0,2.83333325386047,700.0,83.0,"Family owned, family CEO",10+ competitors,0.0
8449,Portugal,30.0,1.33333337306976,250.0,41.0,"Founder owned, founder CEO",  1-4 competitors,0.0
8450,Portugal,33.0,3.17647051811218,350.0,34.0,"Family owned, family CEO", 5-9 competitors,0.0
8451,Portugal,32.0,4.38888883590698,500.0,85.0,Private Individuals,10+ competitors,1.0
8452,Portugal,20.0,2.61111116409302,134.0,74.0,Private Individuals, 5-9 competitors,1.0
8454,Portugal,28.0,3.72222232818604,230.0,42.0,Dispersed Shareholders,10+ competitors,1.0
8455,Portugal,28.0,3.38888883590698,270.0,33.0,Private Individuals,10+ competitors,0.0
8456,Portugal,22.0,3.47058820724487,140.0,42.0,Private Individuals,10+ competitors,1.0
8457,Portugal,33.0,2.38888883590698,145.0,106.0,Private Individuals,  1-4 competitors,0.0
8458,Portugal,25.0,3.61111116409302,150.0,32.0,Private Individuals,10+ competitors,0.0
8459,Portugal,36.0,3.44444441795349,280.0,28.0,"Family owned, external CEO",10+ competitors,1.0
8460,Portugal,34.0,3.11111116409302,183.0,52.0,Dispersed Shareholders,10+ competitors,1.0
8461,Portugal,20.0,2.88888883590698,140.0,82.0,"Founder owned, founder CEO",10+ competitors,0.0
8462,Portugal,28.0,3.44444441795349,200.0,65.0,Dispersed Shareholders,10+ competitors,1.0
8463,Portugal,34.0,2.76470589637756,163.0,40.0,"Family owned, family CEO",10+ competitors,0.0
8464,Portugal,30.0,2.38888883590698,90.0,36.0,"Founder owned, founder CEO",10+ competitors,0.0
8465,Portugal,27.0,2.38888883590698,340.0,33.0,"Family owned, external CEO",  1-4 competitors,0.0
8466,Portugal,27.0,2.0,109.0,40.0,Private Equity/Venture Capital,  1-4 competitors,0.0
8467,Portugal,28.0,2.29411768913269,92.0,62.0,"Family owned, family CEO",10+ competitors,0.0
8468,Portugal,32.0,2.0,87.0,44.0,Other,10+ competitors,0.0
8469,Portugal,34.0,2.05555558204651,160.0,53.0,"Family owned, family CEO",  1-4 competitors,0.0
8470,Portugal,26.0,2.41176462173462,55.0,47.0,Private Individuals, 5-9 competitors,0.0
8471,Portugal,35.0,3.05555558204651,250.0,53.0,"Family owned, family CEO", 5-9 competitors,0.0
8472,Portugal,20.0,2.55555558204651,64.0,111.0,"Family owned, family CEO", 5-9 competitors,0.0
8473,Portugal,34.0,2.35294127464294,153.0,51.0,"Family owned, family CEO",  1-4 competitors,0.0
8474,Portugal,30.0,2.77777767181396,106.0,39.0,Private Individuals,  1-4 competitors,0.0
8476,Portugal,37.0,2.11111116409302,125.0,52.0,"Family owned, family CEO",  1-4 competitors,0.0
8477,Portugal,28.0,3.27777767181396,337.0,82.0,"Family owned, family CEO",10+ competitors,1.0
8478,Portugal,23.0,1.72222220897675,250.0,45.0,"Family owned, family CEO",  1-4 competitors,0.0
8479,Portugal,20.0,2.83333325386047,230.0,44.0,"Family owned, family CEO", 5-9 competitors,1.0
8480,Portugal,20.0,2.70588231086731,190.0,57.0,"Family owned, family CEO",  1-4 competitors,0.0
8481,Portugal,28.0,3.22222232818604,122.0,49.0,"Family owned, external CEO",  1-4 competitors,0.0
8482,Portugal,35.0,3.44444441795349,398.0,46.0,Private Individuals,  1-4 competitors,1.0
8484,Portugal,32.0,2.55555558204651,2500.0,102.0,Dispersed Shareholders,  1-4 competitors,0.0
8485,Portugal,36.0,3.38888883590698,4000.0,84.0,Dispersed Shareholders,  1-4 competitors,1.0
8486,Portugal,34.0,1.33333337306976,400.0,47.0,"Founder owned, founder CEO", 5-9 competitors,1.0
8487,Portugal,20.0,3.0,130.0,80.0,"Family owned, family CEO",10+ competitors,0.0
8488,Portugal,27.0,3.38888883590698,200.0,70.0,"Family owned, family CEO",10+ competitors,0.0
8489,Portugal,20.0,2.44444441795349,90.0,122.0,Private Individuals,10+ competitors,0.0
8490,Portugal,36.0,3.44444441795349,250.0,38.0,Private Individuals,10+ competitors,1.0
8491,Portugal,33.0,3.05555558204651,315.0,55.0,Dispersed Shareholders,10+ competitors,1.0
8492,Portugal,32.0,2.61111116409302,150.0,39.0,Private Individuals,10+ competitors,1.0
8493,Portugal,32.0,3.22222232818604,500.0,41.0,"Founder owned, founder CEO",10+ competitors,0.0
8494,Portugal,23.0,2.47058820724487,194.0,45.0,"Family owned, family CEO",10+ competitors,0.0
8495,Portugal,28.0,2.55555558204651,80.0,37.0,"Family owned, family CEO",  1-4 competitors,0.0
8496,Portugal,27.0,1.38888883590698,90.0,38.0,Private Individuals,10+ competitors,0.0
8497,Portugal,24.0,2.5,550.0,24.0,"Family owned, family CEO",10+ competitors,1.0
8498,Portugal,34.0,1.94444441795349,160.0,31.0,"Founder owned, founder CEO", 5-9 competitors,0.0
8499,Portugal,20.0,3.72222232818604,350.0,93.0,Private Equity/Venture Capital,10+ competitors,0.0
8500,Portugal,36.0,1.33333337306976,200.0,111.0,Private Individuals,10+ competitors,0.0
8501,Portugal,20.0,3.61111116409302,180.0,46.0,Private Individuals,10+ competitors,1.0
8502,Portugal,23.0,3.22222232818604,80.0,73.0,"Family owned, family CEO",  1-4 competitors,0.0
8504,Portugal,30.0,2.25,65.0,37.0,Private Individuals,10+ competitors,1.0
8505,Portugal,28.0,2.38888883590698,330.0,59.0,Private Individuals, 5-9 competitors,1.0
8506,Portugal,32.0,2.55555558204651,240.0,64.0,Private Individuals,  1-4 competitors,0.0
8507,Portugal,36.0,2.55555558204651,217.0,56.0,"Family owned, family CEO",  1-4 competitors,0.0
8508,Portugal,28.0,1.94444441795349,230.0,86.0,"Family owned, family CEO", 5-9 competitors,0.0
8509,Portugal,30.0,1.66666662693024,140.0,30.0,"Family owned, family CEO",10+ competitors,0.0
8510,Portugal,30.0,2.77777767181396,330.0,25.0,"Family owned, family CEO",10+ competitors,1.0
8512,Portugal,22.0,2.66666674613953,170.0,45.0,"Founder owned, founder CEO",  1-4 competitors,0.0
8513,Portugal,20.0,3.0,200.0,29.0,"Founder owned, founder CEO",10+ competitors,0.0
8514,Portugal,20.0,2.0,130.0,28.0,"Founder owned, founder CEO",   0 competitors,1.0
8515,Portugal,22.0,2.61111116409302,75.0,29.0,"Founder owned, founder CEO", 5-9 competitors,0.0
8516,Portugal,26.0,3.11111116409302,52.0,29.0,"Founder owned, founder CEO",10+ competitors,0.0
8517,Portugal,36.0,3.05555558204651,135.0,29.0,Private Individuals,10+ competitors,0.0
8518,Portugal,29.0,2.72222232818604,3300.0,30.0,Government,  1-4 competitors,0.0
8519,Portugal,32.0,2.66666674613953,270.0,29.0,Other,  1-4 competitors,1.0
8521,Portugal,35.0,2.94444441795349,160.0,29.0,"Founder owned, founder CEO",10+ competitors,0.0
8522,Portugal,32.0,3.72222232818604,480.0,0.0,Other,10+ competitors,1.0
8523,Portugal,22.0,2.0,380.0,33.0,"Founder owned, founder CEO",10+ competitors,0.0
8524,Portugal,25.0,1.83333337306976,51.0,40.0,"Founder owned, founder CEO", 5-9 competitors,0.0
8525,Portugal,34.0,1.61111116409302,150.0,28.0,Private Individuals,  1-4 competitors,0.0
8526,Portugal,32.0,2.83333325386047,560.0,28.0,"Founder owned, founder CEO",10+ competitors,0.0
8527,Portugal,36.0,2.0,250.0,28.0,"Founder owned, founder CEO",  1-4 competitors,0.0
8528,Portugal,28.0,2.5,200.0,99.0,"Family owned, family CEO",  1-4 competitors,1.0
8529,Portugal,34.0,2.38888883590698,102.0,27.0,Private Individuals, 5-9 competitors,0.0
8530,Portugal,20.0,1.94444441795349,88.0,26.0,"Family owned, family CEO",10+ competitors,0.0
8531,Portugal,35.0,2.33333325386047,75.0,27.0,"Founder owned, founder CEO", 5-9 competitors,0.0
8532,Portugal,34.0,2.72222232818604,200.0,26.0,"Family owned, family CEO", 5-9 competitors,1.0
8534,Portugal,22.0,2.38888883590698,202.0,25.0,"Founder owned, founder CEO", 5-9 competitors,0.0
8535,Portugal,37.0,2.88235282897949,125.0,25.0,Dispersed Shareholders,10+ competitors,0.0
8536,Portugal,35.0,2.83333325386047,92.0,25.0,"Family owned, family CEO",  1-4 competitors,0.0
8537,Portugal,22.0,1.13333332538605,240.0,25.0,"Family owned, family CEO",10+ competitors,0.0
8539,Portugal,30.0,2.375,120.0,25.0,"Founder owned, founder CEO",10+ competitors,0.0
8540,Portugal,23.0,2.61111116409302,65.0,24.0,"Founder owned, founder CEO", 5-9 competitors,0.0
8541,Portugal,35.0,2.72222232818604,180.0,24.0,"Founder owned, founder CEO",10+ competitors,1.0
8543,Portugal,23.0,2.66666674613953,70.0,24.0,"Founder owned, founder CEO",10+ competitors,0.0
8544,Portugal,37.0,3.22222232818604,100.0,25.0,"Founder owned, founder CEO", 5-9 competitors,0.0
8545,Portugal,22.0,1.88888883590698,80.0,26.0,"Family owned, family CEO",10+ competitors,0.0
8546,Portugal,37.0,2.77777767181396,220.0,23.0,Private Individuals,10+ competitors,1.0
8547,Portugal,20.0,2.77777767181396,300.0,24.0,"Founder owned, founder CEO",10+ competitors,0.0
8548,Portugal,23.0,1.44444441795349,380.0,23.0,"Founder owned, founder CEO",10+ competitors,0.0
8549,Portugal,30.0,1.94444441795349,330.0,22.0,"Founder owned, founder CEO",  1-4 competitors,0.0
8550,Portugal,27.0,3.33333325386047,52.0,22.0,"Founder owned, founder CEO",10+ competitors,0.0
8551,Portugal,30.0,2.52941179275513,275.0,22.0,"Family owned, family CEO", 5-9 competitors,1.0
8552,Portugal,37.0,2.44444441795349,105.0,30.0,Other, 5-9 competitors,0.0
8553,Portugal,23.0,2.16666674613953,90.0,21.0,"Founder owned, founder CEO",  1-4 competitors,0.0
8555,Portugal,20.0,2.05555558204651,150.0,21.0,"Family owned, external CEO",10+ competitors,0.0
8556,Portugal,34.0,1.44444441795349,140.0,20.0,Private Individuals,  1-4 competitors,1.0
8557,Portugal,20.0,2.83333325386047,76.0,21.0,Private Individuals,10+ competitors,0.0
8558,Portugal,20.0,1.73333334922791,120.0,21.0,"Founder owned, external CEO",10+ competitors,0.0
8559,Portugal,20.0,3.61111116409302,180.0,38.0,Dispersed Shareholders,10+ competitors,0.0
8560,Portugal,35.0,1.58823525905609,300.0,21.0,"Founder owned, founder CEO",  1-4 competitors,0.0
8561,Portugal,36.0,2.38888883590698,300.0,20.0,Private Individuals,10+ competitors,0.0
8562,Portugal,31.0,2.66666674613953,150.0,19.0,Other,10+ competitors,1.0
8563,Portugal,20.0,2.38888883590698,130.0,15.0,Other,10+ competitors,0.0
8565,Portugal,32.0,3.83333325386047,250.0,19.0,Dispersed Shareholders,10+ competitors,1.0
8566,Portugal,36.0,1.5,70.0,19.0,"Founder owned, founder CEO",10+ competitors,0.0
8567,Portugal,24.0,3.05555558204651,105.0,18.0,"Founder owned, external CEO",10+ competitors,1.0
8569,Portugal,22.0,2.94444441795349,180.0,11.0,Private Individuals, 5-9 competitors,1.0
8570,Portugal,35.0,2.44444441795349,67.0,18.0,"Founder owned, founder CEO",  1-4 competitors,0.0
8571,Portugal,36.0,2.33333325386047,470.0,18.0,"Founder owned, founder CEO",  1-4 competitors,1.0
8572,Portugal,34.0,2.61111116409302,600.0,16.0,Other,  1-4 competitors,1.0
8573,Portugal,30.0,3.94444441795349,2200.0,17.0,Dispersed Shareholders,  1-4 competitors,1.0
8574,Portugal,32.0,2.61111116409302,200.0,102.0,Private Individuals,10+ competitors,1.0
8575,Portugal,32.0,2.05555558204651,150.0,14.0,"Founder owned, founder CEO",10+ competitors,1.0
8576,Portugal,22.0,3.38888883590698,200.0,15.0,Private Individuals,10+ competitors,1.0
8577,Portugal,38.0,2.61111116409302,330.0,16.0,"Founder owned, founder CEO",10+ competitors,0.0
8578,Portugal,28.0,3.27777767181396,180.0,99.0,"Family owned, external CEO",  1-4 competitors,1.0
8579,Portugal,36.0,2.05555558204651,250.0,58.0,Private Individuals,  1-4 competitors,1.0
8580,Portugal,24.0,4.16666650772095,455.0,136.0,"Family owned, family CEO",10+ competitors,1.0
8581,Portugal,32.0,3.11111116409302,360.0,14.0,Private Individuals,10+ competitors,1.0
8582,Portugal,37.0,4.27777767181396,452.0,15.0,Dispersed Shareholders,  1-4 competitors,1.0
8583,Portugal,30.0,3.05555558204651,180.0,14.0,Dispersed Shareholders,10+ competitors,1.0
8584,Portugal,23.0,2.88888883590698,200.0,22.0,"Founder owned, founder CEO",10+ competitors,0.0
8585,Portugal,34.0,3.55555558204651,290.0,14.0,Dispersed Shareholders,  1-4 competitors,1.0
8586,Portugal,32.0,3.16666674613953,320.0,14.0,Dispersed Shareholders,  1-4 competitors,1.0
8587,Portugal,27.0,3.44444441795349,68.0,14.0,"Founder owned, founder CEO", 5-9 competitors,0.0
8588,Portugal,30.0,2.61111116409302,180.0,13.0,Private Individuals,10+ competitors,1.0
8589,Portugal,20.0,3.11111116409302,130.0,13.0,Private Individuals, 5-9 competitors,1.0
8590,Portugal,26.0,2.33333325386047,1700.0,53.0,Dispersed Shareholders,  1-4 competitors,1.0
8592,Portugal,28.0,3.61111116409302,54.0,31.0,Private Individuals,10+ competitors,1.0
8593,Portugal,20.0,3.66666674613953,550.0,13.0,Private Individuals,10+ competitors,1.0
8594,Portugal,33.0,3.5,258.0,45.0,Private Individuals,10+ competitors,1.0
8595,Portugal,20.0,2.94444441795349,53.0,7.0,Private Individuals,10+ competitors,0.0
8596,Portugal,22.0,2.22222232818604,125.0,48.0,"Founder owned, founder CEO",  1-4 competitors,1.0
8597,Portugal,34.0,2.44444441795349,120.0,11.0,Private Individuals,10+ competitors,0.0
8599,Portugal,30.0,3.11111116409302,180.0,11.0,Private Equity/Venture Capital,10+ competitors,1.0
8600,Portugal,35.0,3.16666674613953,70.0,11.0,"Founder owned, founder CEO",10+ competitors,0.0
8601,Portugal,27.0,2.61111116409302,280.0,11.0,Government,  1-4 competitors,0.0
8602,Portugal,30.0,3.11111116409302,353.0,11.0,"Founder owned, founder CEO",10+ competitors,0.0
8603,Portugal,24.0,3.38888883590698,58.0,11.0,"Family owned, family CEO",10+ competitors,0.0
8604,Portugal,38.0,2.94444441795349,200.0,10.0,Other,10+ competitors,1.0
8605,Portugal,36.0,3.83333325386047,1500.0,10.0,Dispersed Shareholders,10+ competitors,1.0
8606,Portugal,30.0,3.61111116409302,250.0,29.0,Private Individuals, 5-9 competitors,1.0
8607,Portugal,28.0,3.11111116409302,130.0,44.0,"Founder owned, founder CEO",10+ competitors,1.0
8608,Portugal,36.0,3.55555558204651,850.0,58.0,Private Individuals,10+ competitors,1.0
8609,Portugal,32.0,3.52941179275513,500.0,24.0,Private Individuals,10+ competitors,1.0
8610,Portugal,22.0,1.88888883590698,200.0,36.0,"Family owned, family CEO",  1-4 competitors,1.0
8611,Portugal,33.0,3.55555558204651,460.0,8.0,Dispersed Shareholders,10+ competitors,1.0
8612,Portugal,30.0,1.61111116409302,136.0,7.0,Private Individuals,   0 competitors,1.0
8613,Portugal,34.0,1.77777779102325,300.0,66.0,"Family owned, family CEO",  1-4 competitors,0.0
8614,Portugal,38.0,2.27777767181396,98.0,91.0,"Family owned, external CEO",  1-4 competitors,0.0
8615,Portugal,22.0,3.83333325386047,450.0,4.0,"Family owned, family CEO",10+ competitors,1.0
8616,Portugal,33.0,2.11111116409302,100.0,71.0,Dispersed Shareholders,  1-4 competitors,0.0
8617,Portugal,36.0,3.22222232818604,150.0,5.0,Government, 5-9 competitors,1.0
8618,Portugal,37.0,3.72222232818604,178.0,5.0,Private Equity/Venture Capital,10+ competitors,1.0
8619,Portugal,37.0,3.55555558204651,650.0,60.0,"Family owned, family CEO",10+ competitors,0.0
8622,Sweden,26.0,3.16666674613953,1300.0,135.0,"Founder owned, external CEO",10+ competitors,1.0
8623,Sweden,28.0,3.11111116409302,380.0,108.0,Government, 5-9 competitors,1.0
8624,Sweden,33.0,3.77777767181396,2253.0,123.0,Government, 5-9 competitors,1.0
8625,Sweden,34.0,4.33333349227905,650.0,108.0,Dispersed Shareholders,  1-4 competitors,1.0
8626,Sweden,30.0,3.72222232818604,350.0,108.0,Dispersed Shareholders, 5-9 competitors,0.0
8627,Sweden,35.0,3.05555558204651,540.0,108.0,Private Individuals, 5-9 competitors,0.0
8628,Sweden,30.0,4.72222232818604,1300.0,106.0,Private Individuals,10+ competitors,1.0
8629,Sweden,28.0,2.41176462173462,196.0,2.0,Private Equity/Venture Capital, 5-9 competitors,1.0
8630,Sweden,28.0,4.05555534362793,400.0,105.0,Dispersed Shareholders,10+ competitors,1.0
8631,Sweden,23.0,3.05555558204651,675.0,102.0,Dispersed Shareholders,10+ competitors,0.0
8631,Sweden,23.0,2.61111116409302,630.0,102.0,Dispersed Shareholders, 5-9 competitors,0.0
8632,Sweden,26.0,2.61111116409302,112.0,126.0,Private Individuals,10+ competitors,0.0
8633,Sweden,20.0,3.27777767181396,1000.0,65.0,Private Equity/Venture Capital, 5-9 competitors,1.0
8634,Sweden,26.0,3.11111116409302,1700.0,157.0,Dispersed Shareholders,10+ competitors,1.0
8635,Sweden,20.0,3.61111116409302,365.0,144.0,Private Individuals,10+ competitors,1.0
8636,Sweden,23.0,3.0,150.0,97.0,Private Equity/Venture Capital,  1-4 competitors,1.0
8637,Sweden,34.0,3.55555558204651,85.0,96.0,Dispersed Shareholders,10+ competitors,1.0
8638,Sweden,20.0,3.77777767181396,700.0,93.0,Dispersed Shareholders,  1-4 competitors,0.0
8639,Sweden,32.0,3.38888883590698,150.0,90.0,Dispersed Shareholders,  1-4 competitors,0.0
8640,Sweden,28.0,3.05555558204651,320.0,90.0,Dispersed Shareholders,10+ competitors,0.0
8641,Sweden,36.0,3.38888883590698,450.0,90.0,Private Equity/Venture Capital,10+ competitors,1.0
8642,Sweden,20.0,3.55555558204651,1200.0,89.0,Dispersed Shareholders,10+ competitors,1.0
8643,Sweden,20.0,2.83333325386047,450.0,89.0,Government,  1-4 competitors,0.0
8644,Sweden,34.0,3.61111116409302,151.0,87.0,Dispersed Shareholders,10+ competitors,1.0
8645,Sweden,20.0,2.33333325386047,300.0,125.0,Dispersed Shareholders,  1-4 competitors,0.0
8646,Sweden,35.0,3.0,700.0,87.0,Dispersed Shareholders,  1-4 competitors,1.0
8647,Sweden,28.0,3.44444441795349,480.0,87.0,"Family owned, external CEO",10+ competitors,1.0
8648,Sweden,34.0,2.22222232818604,65.0,87.0,Dispersed Shareholders,  1-4 competitors,1.0
8649,Sweden,36.0,4.0,1292.0,87.0,Dispersed Shareholders, 5-9 competitors,0.0
8650,Sweden,33.0,3.17647051811218,4600.0,1.0,Private Individuals, 5-9 competitors,1.0
8651,Sweden,34.0,3.5,160.0,85.0,Dispersed Shareholders,10+ competitors,1.0
8652,Sweden,35.0,2.88888883590698,240.0,84.0,Dispersed Shareholders,10+ competitors,1.0
8653,Sweden,26.0,2.11764717102051,980.0,83.0,Dispersed Shareholders, 5-9 competitors,1.0
8654,Sweden,36.0,2.52941179275513,480.0,83.0,Dispersed Shareholders, 5-9 competitors,1.0
8655,Sweden,36.0,3.11111116409302,130.0,82.0,Dispersed Shareholders,  1-4 competitors,1.0
8656,Sweden,35.0,4.0,250.0,115.0,Private Individuals,  1-4 competitors,1.0
8656,Sweden,35.0,3.5,350.0,115.0,Private Individuals, 5-9 competitors,1.0
8657,Sweden,37.0,3.22222232818604,187.0,80.0,Dispersed Shareholders,  1-4 competitors,1.0
8658,Sweden,37.0,2.44444441795349,250.0,79.0,Government,  1-4 competitors,0.0
8659,Sweden,22.0,1.77777779102325,300.0,119.0,"Family owned, family CEO", 5-9 competitors,1.0
8660,Sweden,28.0,3.83333325386047,350.0,39.0,Dispersed Shareholders,10+ competitors,0.0
8661,Sweden,24.0,2.94444441795349,400.0,77.0,Dispersed Shareholders,10+ competitors,1.0
8662,Sweden,37.0,3.83333325386047,3400.0,76.0,Dispersed Shareholders,10+ competitors,1.0
8663,Sweden,26.0,2.05555558204651,420.0,112.0,Private Equity/Venture Capital,10+ competitors,1.0
8664,Sweden,38.0,2.38888883590698,350.0,75.0,Private Individuals,  1-4 competitors,1.0
8665,Sweden,33.0,2.94444441795349,400.0,100.0,Dispersed Shareholders, 5-9 competitors,1.0
8666,Sweden,38.0,2.83333325386047,300.0,102.0,Private Individuals,  1-4 competitors,1.0
8667,Sweden,33.0,2.33333325386047,490.0,64.0,Dispersed Shareholders,10+ competitors,1.0
8668,Sweden,34.0,3.38888883590698,550.0,109.0,Dispersed Shareholders, 5-9 competitors,1.0
8668,Sweden,34.0,3.58823537826538,420.0,109.0,Dispersed Shareholders, 5-9 competitors,1.0
8669,Sweden,35.0,3.05555558204651,350.0,71.0,Private Equity/Venture Capital, 5-9 competitors,1.0
8670,Sweden,34.0,3.16666674613953,110.0,1.0,Private Individuals,10+ competitors,0.0
8671,Sweden,28.0,3.44444441795349,130.0,70.0,Dispersed Shareholders,10+ competitors,1.0
8671,Sweden,28.0,3.83333325386047,120.0,70.0,Dispersed Shareholders, 5-9 competitors,1.0
8672,Sweden,34.0,3.27777767181396,430.0,70.0,Dispersed Shareholders, 5-9 competitors,1.0
8673,Sweden,34.0,3.27777767181396,400.0,70.0,Other,10+ competitors,1.0
8674,Sweden,20.0,2.77777767181396,210.0,150.0,"Family owned, family CEO",10+ competitors,0.0
8675,Sweden,22.0,4.11111116409302,800.0,69.0,Private Individuals,10+ competitors,1.0
8676,Sweden,26.0,3.11111116409302,900.0,68.0,Private Equity/Venture Capital, 5-9 competitors,1.0
8676,Sweden,26.0,3.66666674613953,3000.0,68.0,Private Equity/Venture Capital, 5-9 competitors,1.0
8677,Sweden,32.0,3.33333325386047,650.0,68.0,"Founder owned, founder CEO",10+ competitors,1.0
8678,Sweden,26.0,3.38888883590698,800.0,68.0,Private Equity/Venture Capital,10+ competitors,1.0
8679,Sweden,37.0,3.27777767181396,105.0,153.0,"Founder owned, founder CEO",10+ competitors,0.0
8680,Sweden,30.0,3.0,240.0,66.0,Other,10+ competitors,1.0
8681,Sweden,37.0,3.38888883590698,230.0,8.0,Dispersed Shareholders, 5-9 competitors,0.0
8682,Sweden,30.0,3.33333325386047,185.0,65.0,"Family owned, family CEO",10+ competitors,0.0
8682,Sweden,30.0,3.11111116409302,190.0,65.0,"Family owned, family CEO",10+ competitors,0.0
8683,Sweden,28.0,3.27777767181396,220.0,126.0,Private Equity/Venture Capital, 5-9 competitors,1.0
8684,Sweden,35.0,3.16666674613953,600.0,64.0,Dispersed Shareholders, 5-9 competitors,1.0
8685,Sweden,28.0,3.61111116409302,1100.0,39.0,Other,10+ competitors,1.0
8686,Sweden,26.0,2.93333339691162,300.0,64.0,Dispersed Shareholders,10+ competitors,1.0
8687,Sweden,26.0,3.38888883590698,500.0,63.0,Dispersed Shareholders,  1-4 competitors,1.0
8688,Sweden,28.0,3.27777767181396,225.0,63.0,Dispersed Shareholders, 5-9 competitors,1.0
8689,Sweden,32.0,2.41176462173462,300.0,62.0,Dispersed Shareholders,  1-4 competitors,1.0
8690,Sweden,26.0,3.16666674613953,270.0,135.0,Private Equity/Venture Capital,10+ competitors,1.0
8691,Sweden,35.0,3.83333325386047,700.0,61.0,Dispersed Shareholders, 5-9 competitors,1.0
8692,Sweden,33.0,3.16666674613953,850.0,61.0,Dispersed Shareholders,10+ competitors,1.0
8693,Sweden,20.0,3.44444441795349,800.0,60.0,Private Individuals,10+ competitors,1.0
8694,Sweden,28.0,2.38888883590698,105.0,60.0,"Founder owned, founder CEO",10+ competitors,1.0
8695,Sweden,24.0,3.27777767181396,700.0,60.0,Dispersed Shareholders,10+ competitors,0.0
8696,Sweden,37.0,3.88888883590698,180.0,60.0,"Founder owned, founder CEO",10+ competitors,0.0
8697,Sweden,27.0,3.83333325386047,340.0,59.0,Dispersed Shareholders, 5-9 competitors,1.0
8698,Sweden,29.0,3.38888883590698,206.0,59.0,Dispersed Shareholders,10+ competitors,0.0
8699,Sweden,20.0,3.88888883590698,450.0,59.0,Dispersed Shareholders, 5-9 competitors,0.0
8700,Sweden,38.0,3.625,220.0,58.0,Dispersed Shareholders,  1-4 competitors,1.0
8701,Sweden,26.0,1.38888883590698,128.0,59.0,Private Individuals,10+ competitors,1.0
8702,Sweden,36.0,3.33333325386047,120.0,67.0,"Family owned, external CEO",10+ competitors,1.0
8703,Sweden,38.0,3.72222232818604,1600.0,58.0,Dispersed Shareholders,10+ competitors,1.0
8704,Sweden,20.0,3.33333325386047,1000.0,56.0,Government,10+ competitors,1.0
8705,Sweden,38.0,3.72222232818604,350.0,58.0,Dispersed Shareholders,10+ competitors,1.0
8706,Sweden,34.0,3.5,200.0,58.0,Private Equity/Venture Capital, 5-9 competitors,1.0
8707,Sweden,24.0,3.44444441795349,210.0,87.0,"Family owned, family CEO",10+ competitors,0.0
8708,Sweden,30.0,2.83333325386047,220.0,58.0,Other,  1-4 competitors,0.0
8709,Sweden,36.0,3.38888883590698,350.0,57.0,Private Individuals,10+ competitors,0.0
8710,Sweden,30.0,3.0,3000.0,60.0,Dispersed Shareholders,  1-4 competitors,1.0
8711,Sweden,27.0,3.05555558204651,180.0,56.0,"Family owned, external CEO", 5-9 competitors,1.0
8712,Sweden,28.0,3.44444441795349,140.0,56.0,Private Individuals,  1-4 competitors,0.0
8712,Sweden,28.0,3.33333325386047,115.0,56.0,Private Individuals, 5-9 competitors,0.0
8713,Sweden,33.0,3.05555558204651,450.0,54.0,Private Individuals, 5-9 competitors,1.0
8714,Sweden,33.0,3.61111116409302,120.0,95.0,Dispersed Shareholders,10+ competitors,0.0
8715,Sweden,38.0,4.0,1000.0,42.0,Private Equity/Venture Capital,  1-4 competitors,0.0
8716,Sweden,26.0,3.11111116409302,130.0,74.0,"Family owned, external CEO", 5-9 competitors,0.0
8717,Sweden,20.0,2.88888883590698,900.0,53.0,Other,10+ competitors,1.0
8718,Sweden,23.0,2.38888883590698,300.0,53.0,Private Individuals,10+ competitors,1.0
8719,Sweden,26.0,3.0,340.0,126.0,Other,10+ competitors,1.0
8719,Sweden,26.0,2.77777767181396,345.0,126.0,Other, 5-9 competitors,1.0
8720,Sweden,37.0,3.83333325386047,130.0,52.0,Dispersed Shareholders,  1-4 competitors,1.0
8721,Sweden,38.0,2.61111116409302,140.0,52.0,Dispersed Shareholders,10+ competitors,1.0
8722,Sweden,26.0,3.05555558204651,1500.0,51.0,Dispersed Shareholders,  1-4 competitors,0.0
8722,Sweden,26.0,3.55555558204651,1300.0,51.0,Dispersed Shareholders, 5-9 competitors,0.0
8723,Sweden,26.0,2.94117641448975,210.0,78.0,Private Equity/Venture Capital,10+ competitors,1.0
8724,Sweden,24.0,3.66666674613953,250.0,48.0,Dispersed Shareholders,10+ competitors,0.0
8725,Sweden,36.0,3.38888883590698,4749.0,47.0,Dispersed Shareholders,10+ competitors,1.0
8726,Sweden,35.0,2.11111116409302,188.0,26.0,"Founder owned, founder CEO", 5-9 competitors,1.0
8727,Sweden,26.0,3.11111116409302,800.0,47.0,Private Individuals,10+ competitors,1.0
8728,Sweden,34.0,3.55555558204651,280.0,50.0,Private Equity/Venture Capital,10+ competitors,1.0
8729,Sweden,26.0,2.94444441795349,3500.0,48.0,Other,10+ competitors,0.0
8730,Sweden,37.0,4.11111116409302,400.0,46.0,Dispersed Shareholders,10+ competitors,1.0
8731,Sweden,20.0,3.22222232818604,1000.0,109.0,"Family owned, family CEO",  1-4 competitors,0.0
8731,Sweden,20.0,3.22222232818604,1100.0,109.0,"Family owned, family CEO",10+ competitors,0.0
8732,Sweden,37.0,4.27777767181396,1000.0,45.0,Dispersed Shareholders,  1-4 competitors,1.0
8733,Sweden,20.0,3.5,1100.0,45.0,"Family owned, family CEO",10+ competitors,0.0
8734,Sweden,35.0,3.05882358551025,110.0,58.0,Private Individuals,10+ competitors,0.0
8735,Sweden,38.0,3.22222232818604,170.0,44.0,Private Individuals,10+ competitors,1.0
8736,Sweden,35.0,3.22222232818604,135.0,64.0,Other,10+ competitors,1.0
8737,Sweden,35.0,4.0,1000.0,48.0,"Family owned, family CEO",  1-4 competitors,0.0
8738,Sweden,35.0,3.22222232818604,140.0,44.0,Dispersed Shareholders,10+ competitors,1.0
8738,Sweden,35.0,3.55555558204651,170.0,44.0,Dispersed Shareholders,10+ competitors,1.0
8739,Sweden,28.0,3.44444441795349,500.0,44.0,Government,10+ competitors,1.0
8740,Sweden,26.0,3.88235282897949,475.0,43.0,Private Equity/Venture Capital, 5-9 competitors,1.0
8741,Sweden,35.0,2.58823537826538,180.0,43.0,Private Equity/Venture Capital,  1-4 competitors,0.0
8742,Sweden,26.0,3.33333325386047,1400.0,42.0,Dispersed Shareholders,10+ competitors,1.0
8743,Sweden,36.0,4.0,750.0,42.0,Dispersed Shareholders,10+ competitors,0.0
8744,Sweden,24.0,3.22222232818604,270.0,104.0,Dispersed Shareholders, 5-9 competitors,1.0
8745,Sweden,24.0,3.5,400.0,62.0,"Family owned, family CEO",10+ competitors,1.0
8746,Sweden,37.0,2.61111116409302,67.0,40.0,Private Individuals, 5-9 competitors,1.0
8747,Sweden,38.0,3.61111116409302,230.0,30.0,"Family owned, family CEO",10+ competitors,1.0
8748,Sweden,22.0,3.27777767181396,70.0,81.0,Private Equity/Venture Capital,10+ competitors,1.0
8749,Sweden,37.0,2.5,119.0,39.0,Private Individuals,10+ competitors,1.0
8750,Sweden,37.0,2.44444441795349,1000.0,39.0,Private Equity/Venture Capital,10+ competitors,1.0
8751,Sweden,26.0,2.44444441795349,300.0,38.0,Dispersed Shareholders, 5-9 competitors,1.0
8752,Sweden,26.0,2.61111116409302,750.0,81.0,Private Equity/Venture Capital, 5-9 competitors,0.0
8753,Sweden,33.0,3.16666674613953,250.0,39.0,Dispersed Shareholders,10+ competitors,1.0
8754,Sweden,30.0,2.38888883590698,200.0,37.0,Private Equity/Venture Capital,10+ competitors,1.0
8755,Sweden,35.0,3.22222232818604,145.0,37.0,Private Equity/Venture Capital, 5-9 competitors,1.0
8756,Sweden,34.0,2.94444441795349,160.0,60.0,Private Individuals,10+ competitors,0.0
8757,Sweden,38.0,3.16666674613953,220.0,37.0,Dispersed Shareholders, 5-9 competitors,1.0
8758,Sweden,26.0,2.61111116409302,150.0,36.0,Dispersed Shareholders,  1-4 competitors,1.0
8759,Sweden,39.0,3.16666674613953,400.0,36.0,Private Individuals, 5-9 competitors,1.0
8760,Sweden,28.0,3.83333325386047,228.0,36.0,Dispersed Shareholders,  1-4 competitors,1.0
8761,Sweden,24.0,2.0,107.0,59.0,"Family owned, family CEO",10+ competitors,0.0
8762,Sweden,34.0,3.22222232818604,240.0,36.0,Private Individuals,  1-4 competitors,0.0
8762,Sweden,34.0,2.05555558204651,100.0,36.0,Private Individuals,10+ competitors,0.0
8763,Sweden,32.0,3.27777767181396,300.0,36.0,Dispersed Shareholders,10+ competitors,1.0
8764,Sweden,28.0,3.27777767181396,550.0,36.0,Dispersed Shareholders,10+ competitors,1.0
8765,Sweden,36.0,2.66666674613953,135.0,36.0,Dispersed Shareholders,10+ competitors,1.0
8766,Sweden,28.0,3.88888883590698,85.0,35.0,Dispersed Shareholders,10+ competitors,1.0
8767,Sweden,37.0,2.94444441795349,160.0,35.0,Private Individuals,10+ competitors,0.0
8768,Sweden,35.0,2.75,330.0,32.0,"Founder owned, founder CEO",  1-4 competitors,1.0
8769,Sweden,28.0,3.38888883590698,100.0,34.0,Dispersed Shareholders,10+ competitors,1.0
8770,Sweden,34.0,3.27777767181396,130.0,21.0,Other,10+ competitors,0.0
8770,Sweden,34.0,3.5,130.0,21.0,Other,10+ competitors,0.0
8771,Sweden,30.0,3.27777767181396,200.0,46.0,Dispersed Shareholders, 5-9 competitors,1.0
8772,Sweden,35.0,4.05555534362793,300.0,33.0,Dispersed Shareholders, 5-9 competitors,1.0
8773,Sweden,32.0,3.5,200.0,33.0,Dispersed Shareholders, 5-9 competitors,1.0
8773,Sweden,32.0,2.27777767181396,500.0,33.0,Dispersed Shareholders, 5-9 competitors,1.0
8774,Sweden,35.0,1.5,125.0,30.0,Private Individuals, 5-9 competitors,0.0
8775,Sweden,20.0,3.83333325386047,330.0,49.0,Other,10+ competitors,1.0
8775,Sweden,20.0,2.27777767181396,400.0,49.0,Other,10+ competitors,1.0
8776,Sweden,26.0,3.38888883590698,710.0,134.0,Dispersed Shareholders,  1-4 competitors,1.0
8776,Sweden,26.0,2.77777767181396,2300.0,134.0,Dispersed Shareholders, 5-9 competitors,1.0
8777,Sweden,26.0,2.61111116409302,150.0,83.0,Dispersed Shareholders, 5-9 competitors,1.0
8778,Sweden,35.0,2.94444441795349,185.0,30.0,Dispersed Shareholders,  1-4 competitors,1.0
8779,Sweden,25.0,2.61111116409302,185.0,28.0,Other,10+ competitors,1.0
8780,Sweden,33.0,1.83333337306976,74.0,28.0,"Family owned, family CEO",10+ competitors,0.0
8781,Sweden,37.0,2.05882358551025,145.0,86.0,Dispersed Shareholders,10+ competitors,1.0
8782,Sweden,37.0,3.44444441795349,851.0,78.0,Dispersed Shareholders,10+ competitors,1.0
8783,Sweden,37.0,3.22222232818604,160.0,27.0,"Founder owned, founder CEO", 5-9 competitors,0.0
8784,Sweden,30.0,3.11111116409302,650.0,27.0,Dispersed Shareholders,10+ competitors,1.0
8785,Sweden,32.0,2.66666674613953,150.0,74.0,Dispersed Shareholders,10+ competitors,1.0
8786,Sweden,37.0,2.77777767181396,160.0,25.0,"Family owned, family CEO",10+ competitors,1.0
8787,Sweden,37.0,3.05555558204651,300.0,25.0,Private Equity/Venture Capital,10+ competitors,1.0
8788,Sweden,35.0,3.0,135.0,22.0,Private Individuals, 5-9 competitors,0.0
8789,Sweden,36.0,2.59999990463257,75.0,25.0,Private Equity/Venture Capital,10+ competitors,0.0
8790,Sweden,20.0,2.11764717102051,70.0,32.0,"Founder owned, founder CEO",10+ competitors,0.0
8791,Sweden,30.0,2.94444441795349,700.0,24.0,Dispersed Shareholders,10+ competitors,1.0
8792,Sweden,20.0,3.77777767181396,107.0,22.0,"Family owned, family CEO",  1-4 competitors,0.0
8793,Sweden,26.0,2.47058820724487,60.0,24.0,Dispersed Shareholders,  1-4 competitors,1.0
8794,Sweden,32.0,2.41176462173462,350.0,46.0,"Family owned, family CEO",10+ competitors,1.0
8795,Sweden,28.0,2.58823537826538,150.0,23.0,Dispersed Shareholders, 5-9 competitors,1.0
8795,Sweden,28.0,3.88888883590698,150.0,23.0,Dispersed Shareholders, 5-9 competitors,1.0
8796,Sweden,28.0,3.11111116409302,500.0,23.0,Dispersed Shareholders,  1-4 competitors,1.0
8797,Sweden,36.0,2.83333325386047,154.0,23.0,Dispersed Shareholders, 5-9 competitors,1.0
8798,Sweden,25.0,3.0,600.0,121.0,Private Individuals,10+ competitors,1.0
8799,Sweden,26.0,3.27777767181396,330.0,23.0,Private Equity/Venture Capital,10+ competitors,1.0
8800,Sweden,20.0,3.61111116409302,1176.0,23.0,Dispersed Shareholders, 5-9 competitors,1.0
8800,Sweden,20.0,2.64705872535706,1100.0,23.0,Dispersed Shareholders,10+ competitors,1.0
8801,Sweden,35.0,2.72222232818604,300.0,22.0,Private Individuals,  1-4 competitors,1.0
8802,Sweden,34.0,3.77777767181396,190.0,64.0,"Family owned, family CEO",10+ competitors,0.0
8803,Sweden,28.0,2.5,108.0,22.0,Dispersed Shareholders,10+ competitors,1.0
8804,Sweden,20.0,2.44444441795349,98.0,139.0,Private Individuals,10+ competitors,0.0
8805,Sweden,35.0,2.61111116409302,164.0,10.0,Private Equity/Venture Capital,10+ competitors,0.0
8805,Sweden,35.0,2.61111116409302,166.0,10.0,Private Equity/Venture Capital,10+ competitors,0.0
8806,Sweden,28.0,4.11111116409302,370.0,19.0,Dispersed Shareholders,10+ competitors,0.0
8807,Sweden,36.0,2.77777767181396,190.0,21.0,Private Equity/Venture Capital,10+ competitors,1.0
8808,Sweden,34.0,3.16666674613953,300.0,21.0,Private Equity/Venture Capital,10+ competitors,1.0
8809,Sweden,26.0,2.94444441795349,90.0,21.0,Private Equity/Venture Capital,10+ competitors,1.0
8810,Sweden,34.0,3.33333325386047,1300.0,21.0,Private Equity/Venture Capital, 5-9 competitors,1.0
8811,Sweden,22.0,3.11111116409302,170.0,21.0,Dispersed Shareholders,10+ competitors,1.0
8811,Sweden,22.0,3.55555558204651,195.0,21.0,Dispersed Shareholders, 5-9 competitors,1.0
8812,Sweden,37.0,2.88888883590698,280.0,21.0,Dispersed Shareholders, 5-9 competitors,1.0
8812,Sweden,37.0,3.77777767181396,300.0,21.0,Dispersed Shareholders, 5-9 competitors,1.0
8813,Sweden,34.0,3.83333325386047,156.0,100.0,"Family owned, family CEO",10+ competitors,0.0
8814,Sweden,26.0,3.55555558204651,600.0,138.0,Other,  1-4 competitors,1.0
8815,Sweden,32.0,3.05555558204651,160.0,76.0,Private Individuals,10+ competitors,1.0
8816,Sweden,34.0,3.11111116409302,600.0,130.0,Private Equity/Venture Capital,10+ competitors,1.0
8817,Sweden,26.0,2.44444441795349,100.0,25.0,"Founder owned, founder CEO",10+ competitors,0.0
8818,Sweden,25.0,3.55555558204651,150.0,67.0,Private Equity/Venture Capital,  1-4 competitors,1.0
8819,Sweden,20.0,2.70588231086731,200.0,100.0,"Family owned, external CEO",  1-4 competitors,0.0
8820,Sweden,30.0,3.5,180.0,18.0,Other,10+ competitors,0.0
8821,Sweden,32.0,4.44444465637207,300.0,18.0,Private Individuals,10+ competitors,1.0
8822,Sweden,34.0,3.27777767181396,240.0,18.0,Dispersed Shareholders,10+ competitors,1.0
8822,Sweden,34.0,3.38888883590698,220.0,18.0,Dispersed Shareholders,10+ competitors,1.0
8823,Sweden,29.0,3.27777767181396,400.0,78.0,Private Individuals,10+ competitors,1.0
8824,Sweden,36.0,4.16666650772095,470.0,15.0,Dispersed Shareholders, 5-9 competitors,1.0
8825,Sweden,35.0,3.27777767181396,100.0,78.0,Dispersed Shareholders,  1-4 competitors,0.0
8826,Sweden,35.0,3.38888883590698,170.0,16.0,"Founder owned, founder CEO",10+ competitors,0.0
8827,Sweden,37.0,3.11111116409302,400.0,21.0,Private Individuals, 5-9 competitors,1.0
8828,Sweden,34.0,2.5,70.0,16.0,Dispersed Shareholders,10+ competitors,0.0
8829,Sweden,25.0,3.44444441795349,130.0,29.0,Private Equity/Venture Capital, 5-9 competitors,1.0
8830,Sweden,33.0,2.55555558204651,112.0,12.0,"Family owned, external CEO",10+ competitors,0.0
8831,Sweden,33.0,2.94444441795349,220.0,37.0,Private Equity/Venture Capital, 5-9 competitors,1.0
8832,Sweden,36.0,3.83333325386047,120.0,38.0,Dispersed Shareholders,10+ competitors,0.0
8833,Sweden,28.0,3.16666674613953,195.0,131.0,Private Individuals,  1-4 competitors,1.0
8834,Sweden,33.0,1.88888883590698,145.0,14.0,Dispersed Shareholders,10+ competitors,1.0
8835,Sweden,33.0,3.27777767181396,650.0,14.0,Dispersed Shareholders,  1-4 competitors,0.0
8836,Sweden,36.0,3.0,72.0,14.0,Dispersed Shareholders, 5-9 competitors,1.0
8837,Sweden,34.0,3.22222232818604,164.0,24.0,"Founder owned, external CEO", 5-9 competitors,1.0
8838,Sweden,36.0,2.61111116409302,155.0,42.0,Private Individuals,10+ competitors,0.0
8839,Sweden,28.0,3.77777767181396,120.0,100.0,Private Equity/Venture Capital,   0 competitors,1.0
8840,Sweden,35.0,2.72222232818604,200.0,13.0,Dispersed Shareholders,10+ competitors,1.0
8841,Sweden,20.0,4.05555534362793,630.0,135.0,Private Individuals, 5-9 competitors,1.0
8842,Sweden,35.0,2.58823537826538,150.0,12.0,Dispersed Shareholders,10+ competitors,1.0
8843,Sweden,28.0,3.11111116409302,145.0,12.0,Dispersed Shareholders, 5-9 competitors,1.0
8844,Sweden,28.0,3.77777767181396,160.0,12.0,Dispersed Shareholders,10+ competitors,1.0
8845,Sweden,28.0,2.88888883590698,100.0,7.0,Private Individuals,  1-4 competitors,0.0
8846,Sweden,37.0,3.38888883590698,700.0,7.0,Dispersed Shareholders,10+ competitors,0.0
8846,Sweden,37.0,3.61111116409302,850.0,7.0,Dispersed Shareholders,10+ competitors,0.0
8847,Sweden,33.0,3.33333325386047,250.0,11.0,Dispersed Shareholders,10+ competitors,1.0
8848,Sweden,35.0,2.88888883590698,350.0,11.0,Dispersed Shareholders,  1-4 competitors,1.0
8849,Sweden,33.0,2.0,60.0,69.0,"Family owned, family CEO",10+ competitors,0.0
8850,Sweden,35.0,3.83333325386047,200.0,48.0,Private Individuals,10+ competitors,0.0
8851,Sweden,36.0,2.61111116409302,800.0,11.0,Dispersed Shareholders, 5-9 competitors,1.0
8852,Sweden,20.0,2.66666674613953,250.0,11.0,Dispersed Shareholders,  1-4 competitors,1.0
8853,Sweden,20.0,3.61111116409302,500.0,11.0,Private Individuals,  1-4 competitors,1.0
8854,Sweden,37.0,3.27777767181396,600.0,10.0,Dispersed Shareholders,10+ competitors,1.0
8855,Sweden,37.0,4.22222232818604,650.0,10.0,Dispersed Shareholders,10+ competitors,1.0
8856,Sweden,25.0,3.23529410362244,250.0,10.0,Private Equity/Venture Capital, 5-9 competitors,1.0
8857,Sweden,32.0,2.77777767181396,1150.0,64.0,Private Equity/Venture Capital,  1-4 competitors,1.0
8857,Sweden,32.0,2.83333325386047,900.0,64.0,Private Equity/Venture Capital,10+ competitors,1.0
8858,Sweden,35.0,3.38888883590698,1000.0,117.0,Dispersed Shareholders,  1-4 competitors,1.0
8859,Sweden,37.0,2.27777767181396,170.0,9.0,Dispersed Shareholders, 5-9 competitors,1.0
8860,Sweden,36.0,4.5,350.0,9.0,Dispersed Shareholders, 5-9 competitors,1.0
8861,Sweden,38.0,3.94444441795349,240.0,9.0,Dispersed Shareholders,10+ competitors,1.0
8862,Sweden,30.0,4.0,1000.0,37.0,"Founder owned, external CEO",10+ competitors,1.0
8863,Sweden,30.0,3.22222232818604,150.0,9.0,Dispersed Shareholders,  1-4 competitors,1.0
8864,Sweden,37.0,3.88888883590698,800.0,8.0,Dispersed Shareholders,  1-4 competitors,1.0
8865,Sweden,25.0,2.88888883590698,100.0,36.0,"Founder owned, founder CEO",10+ competitors,1.0
8866,Sweden,35.0,2.0,130.0,156.0,Other,10+ competitors,1.0
8867,Sweden,27.0,2.61111116409302,360.0,8.0,Dispersed Shareholders, 5-9 competitors,1.0
8868,Sweden,36.0,3.61111116409302,130.0,8.0,Dispersed Shareholders,  1-4 competitors,1.0
8869,Sweden,21.0,4.38888883590698,450.0,7.0,Dispersed Shareholders,10+ competitors,1.0
8870,Sweden,20.0,1.77777779102325,100.0,19.0,Dispersed Shareholders,10+ competitors,1.0
8871,Sweden,34.0,2.88888883590698,180.0,6.0,Dispersed Shareholders,10+ competitors,1.0
8872,Sweden,38.0,3.61111116409302,300.0,5.0,Private Individuals,10+ competitors,1.0
8873,Sweden,35.0,3.83333325386047,2200.0,5.0,Dispersed Shareholders,  1-4 competitors,1.0
8874,Sweden,20.0,3.72222232818604,200.0,5.0,Dispersed Shareholders,  1-4 competitors,1.0
8874,Sweden,20.0,3.22222232818604,160.0,5.0,Dispersed Shareholders,10+ competitors,1.0
8875,Sweden,34.0,3.0,150.0,43.0,Private Individuals,10+ competitors,1.0
8876,Sweden,34.0,1.77777779102325,110.0,4.0,Private Individuals,10+ competitors,0.0
8877,Sweden,33.0,2.61111116409302,200.0,399.0,Private Individuals, 5-9 competitors,1.0
8878,Sweden,24.0,2.58823537826538,250.0,106.0,"Founder owned, founder CEO",10+ competitors,0.0
8878,Sweden,24.0,3.16666674613953,280.0,106.0,"Founder owned, founder CEO",10+ competitors,0.0
8879,Sweden,37.0,2.94444441795349,1000.0,3.0,Private Individuals,10+ competitors,1.0
8879,Sweden,37.0,4.0,1100.0,3.0,Private Individuals,10+ competitors,1.0
9618,United States,35.0,3.66666674613953,65.0,23.0,Private Equity/Venture Capital,10+ competitors,1.0
9619,United States,35.0,3.55555558204651,250.0,102.0,Dispersed Shareholders,10+ competitors,1.0
9620,United States,34.0,4.0,150.0,48.0,Dispersed Shareholders,10+ competitors,0.0
9621,United States,26.0,2.66666674613953,350.0,188.0,Private Individuals, 5-9 competitors,0.0
9623,United States,39.0,3.72222232818604,1400.0,85.0,Private Individuals,10+ competitors,1.0
9624,United States,26.0,3.0,600.0,61.0,"Family owned, family CEO", 5-9 competitors,0.0
9625,United States,24.0,2.11764717102051,130.0,171.0,"Family owned, family CEO",10+ competitors,0.0
9626,United States,38.0,3.875,500.0,109.0,Dispersed Shareholders,10+ competitors,0.0
9627,United States,27.0,2.5,100.0,52.0,"Family owned, family CEO",10+ competitors,0.0
9629,United States,34.0,2.83333325386047,100.0,168.0,Private Individuals,10+ competitors,0.0
9630,United States,28.0,4.0,460.0,11.0,Dispersed Shareholders,10+ competitors,1.0
9632,United States,27.0,1.22222220897675,77.0,96.0,"Family owned, family CEO",   0 competitors,0.0
9635,United States,32.0,2.33333325386047,2249.0,109.0,Private Individuals,  1-4 competitors,1.0
9637,United States,34.0,3.94444441795349,240.0,164.0,Private Individuals,10+ competitors,0.0
9638,United States,34.0,3.05555558204651,125.0,7.0,"Founder owned, founder CEO",10+ competitors,0.0
9639,United States,33.0,3.05555558204651,1100.0,24.0,Dispersed Shareholders,10+ competitors,1.0
9640,United States,39.0,3.66666674613953,104.0,53.0,"Founder owned, founder CEO",10+ competitors,0.0
9641,United States,24.0,2.72222232818604,2300.0,72.0,Other,  1-4 competitors,1.0
9642,United States,33.0,3.27777767181396,60.0,47.0,Private Individuals,  1-4 competitors,0.0
9644,United States,30.0,3.66666674613953,450.0,,"Founder owned, founder CEO",10+ competitors,0.0
9645,United States,38.0,3.05555558204651,350.0,17.0,Private Equity/Venture Capital,  1-4 competitors,1.0
9646,United States,36.0,3.38888883590698,260.0,117.0,"Family owned, family CEO",  1-4 competitors,0.0
9647,United States,38.0,4.55555534362793,350.0,61.0,Dispersed Shareholders,10+ competitors,1.0
9648,United States,26.0,3.0,300.0,87.0,"Founder owned, founder CEO",10+ competitors,0.0
9649,United States,34.0,3.44444441795349,700.0,90.0,"Family owned, family CEO", 5-9 competitors,0.0
9651,United States,33.0,3.05555558204651,300.0,72.0,"Family owned, family CEO",10+ competitors,0.0
9652,United States,23.0,2.33333325386047,80.0,44.0,"Family owned, family CEO",10+ competitors,0.0
9654,United States,20.0,3.88888883590698,3000.0,86.0,Private Individuals,10+ competitors,0.0
9656,United States,33.0,3.16666674613953,350.0,68.0,"Family owned, family CEO",10+ competitors,0.0
9657,United States,22.0,2.77777767181396,300.0,49.0,"Founder owned, founder CEO",  1-4 competitors,0.0
9658,United States,39.0,3.23529410362244,200.0,88.0,"Family owned, external CEO",10+ competitors,0.0
9659,United States,35.0,3.16666674613953,110.0,94.0,Dispersed Shareholders,10+ competitors,1.0
9664,United States,28.0,2.55555558204651,200.0,46.0,"Founder owned, founder CEO",  1-4 competitors,0.0
9665,United States,28.0,4.44444465637207,680.0,14.0,"Family owned, external CEO",10+ competitors,1.0
9668,United States,26.0,2.88888883590698,200.0,86.0,"Family owned, family CEO",10+ competitors,0.0
9669,United States,24.0,3.47058820724487,145.0,54.0,"Family owned, family CEO",10+ competitors,0.0
9670,United States,32.0,4.0,4000.0,78.0,Dispersed Shareholders,10+ competitors,1.0
9672,United States,34.0,3.72222232818604,140.0,23.0,Dispersed Shareholders,  1-4 competitors,1.0
9674,United States,27.0,3.27777767181396,120.0,47.0,"Family owned, family CEO",10+ competitors,0.0
9676,United States,34.0,2.5,98.0,98.0,"Family owned, family CEO",  1-4 competitors,0.0
9677,United States,27.0,3.88235282897949,980.0,142.0,Dispersed Shareholders,10+ competitors,0.0
9678,United States,35.0,3.27777767181396,300.0,2.0,Dispersed Shareholders,10+ competitors,1.0
9679,United States,23.0,2.22222232818604,100.0,124.0,"Family owned, family CEO", 5-9 competitors,0.0
9680,United States,22.0,4.05555534362793,135.0,44.0,Private Individuals,10+ competitors,0.0
9683,United States,35.0,3.94444441795349,112.0,54.0,Dispersed Shareholders,10+ competitors,0.0
9684,United States,35.0,3.55555558204651,145.0,42.0,Dispersed Shareholders,  1-4 competitors,0.0
9685,United States,34.0,3.16666674613953,100.0,46.0,"Founder owned, founder CEO",10+ competitors,0.0
9686,United States,20.0,3.38888883590698,275.0,41.0,Private Individuals,  1-4 competitors,0.0
9687,United States,22.0,4.05555534362793,315.0,60.0,Private Individuals,10+ competitors,1.0
9688,United States,26.0,3.77777767181396,807.0,,Other,10+ competitors,1.0
9689,United States,35.0,4.11111116409302,100.0,68.0,Private Individuals,10+ competitors,0.0
9690,United States,27.0,1.83333337306976,190.0,50.0,Private Individuals,10+ competitors,0.0
9691,United States,33.0,3.33333325386047,85.0,67.0,"Family owned, family CEO",10+ competitors,0.0
9694,United States,35.0,3.55555558204651,125.0,151.0,"Family owned, family CEO",10+ competitors,0.0
9695,United States,36.0,4.77777767181396,800.0,101.0,Dispersed Shareholders,10+ competitors,1.0
9696,United States,34.0,3.38888883590698,375.0,137.0,"Family owned, family CEO", 5-9 competitors,0.0
9698,United States,33.0,3.0,970.0,100.0,"Family owned, family CEO",10+ competitors,0.0
9699,United States,28.0,3.94444441795349,200.0,62.0,Dispersed Shareholders,10+ competitors,1.0
9700,United States,37.0,3.66666674613953,338.0,45.0,"Family owned, external CEO", 5-9 competitors,0.0
9701,United States,34.0,3.72222232818604,400.0,54.0,"Family owned, family CEO",10+ competitors,1.0
9702,United States,35.0,2.5625,100.0,23.0,"Founder owned, founder CEO",10+ competitors,0.0
9703,United States,24.0,3.94444441795349,100.0,79.0,Private Individuals, 5-9 competitors,1.0
9704,United States,27.0,2.83333325386047,450.0,81.0,"Family owned, external CEO", 5-9 competitors,0.0
9705,United States,34.0,3.22222232818604,110.0,107.0,Dispersed Shareholders,  1-4 competitors,0.0
9706,United States,26.0,3.11111116409302,150.0,42.0,Private Individuals,10+ competitors,0.0
9707,United States,23.0,2.94444441795349,150.0,114.0,"Family owned, family CEO", 5-9 competitors,0.0
9708,United States,35.0,2.83333325386047,185.0,79.0,"Family owned, family CEO",  1-4 competitors,1.0
9709,United States,35.0,2.88888883590698,100.0,69.0,"Family owned, family CEO",10+ competitors,0.0
9711,United States,27.0,3.27777767181396,700.0,18.0,Dispersed Shareholders,   0 competitors,0.0
9714,United States,27.0,3.33333325386047,700.0,81.0,"Family owned, family CEO",10+ competitors,0.0
9715,United States,20.0,2.66666674613953,250.0,138.0,"Family owned, family CEO",  1-4 competitors,0.0
9717,United States,20.0,3.66666674613953,1700.0,116.0,Other, 5-9 competitors,0.0
9719,United States,37.0,3.05555558204651,4000.0,160.0,Private Equity/Venture Capital,10+ competitors,0.0
9720,United States,34.0,2.5,115.0,79.0,"Family owned, family CEO",  1-4 competitors,0.0
9721,United States,28.0,4.16666650772095,1050.0,81.0,Dispersed Shareholders,  1-4 competitors,0.0
9722,United States,24.0,3.44444441795349,600.0,50.0,Private Individuals,10+ competitors,0.0
9723,United States,35.0,4.66666650772095,600.0,95.0,Dispersed Shareholders,10+ competitors,1.0
9724,United States,25.0,4.11111116409302,375.0,130.0,Private Individuals,10+ competitors,0.0
9725,United States,30.0,3.5,400.0,83.0,Dispersed Shareholders, 5-9 competitors,1.0
9727,United States,38.0,2.22222232818604,219.0,53.0,"Family owned, family CEO", 5-9 competitors,0.0
9728,United States,35.0,3.72222232818604,4000.0,7.0,Dispersed Shareholders,10+ competitors,1.0
9729,United States,20.0,2.3125,900.0,81.0,"Family owned, family CEO", 5-9 competitors,0.0
9730,United States,35.0,2.72222232818604,106.0,115.0,Private Individuals,10+ competitors,0.0
9731,United States,39.0,3.94444441795349,550.0,46.0,Private Individuals, 5-9 competitors,0.0
9732,United States,34.0,3.22222232818604,180.0,68.0,Other,10+ competitors,0.0
9733,United States,34.0,3.22222232818604,1800.0,50.0,Dispersed Shareholders, 5-9 competitors,0.0
9735,United States,34.0,2.52941179275513,250.0,60.0,"Family owned, family CEO", 5-9 competitors,0.0
9736,United States,32.0,2.55555558204651,3000.0,127.0,Private Individuals,10+ competitors,0.0
9738,United States,34.0,4.16666650772095,120.0,57.0,"Family owned, family CEO",  1-4 competitors,0.0
9739,United States,35.0,2.11111116409302,120.0,56.0,Private Individuals,  1-4 competitors,0.0
9740,United States,28.0,1.94444441795349,150.0,91.0,Private Individuals,10+ competitors,0.0
9741,United States,34.0,1.72222220897675,225.0,69.0,"Family owned, family CEO",  1-4 competitors,0.0
9742,United States,36.0,4.05555534362793,1200.0,2.0,Dispersed Shareholders,10+ competitors,1.0
9743,United States,27.0,2.83333325386047,75.0,73.0,"Family owned, family CEO",10+ competitors,0.0
9744,United States,35.0,2.61111116409302,130.0,43.0,Private Individuals,  1-4 competitors,0.0
9745,United States,32.0,2.5,200.0,111.0,Private Individuals,10+ competitors,0.0
9746,United States,33.0,3.55555558204651,3500.0,96.0,Other,10+ competitors,1.0
9747,United States,34.0,2.27777767181396,75.0,46.0,"Founder owned, founder CEO",  1-4 competitors,0.0
9748,United States,35.0,2.11764717102051,200.0,56.0,Dispersed Shareholders,10+ competitors,1.0
9749,United States,25.0,3.66666674613953,3000.0,65.0,Other, 5-9 competitors,0.0
9750,United States,37.0,3.88888883590698,632.0,36.0,Dispersed Shareholders,  1-4 competitors,1.0
9752,United States,26.0,3.27777767181396,400.0,98.0,Other, 5-9 competitors,0.0
9753,United States,35.0,1.5,65.0,58.0,Private Individuals,10+ competitors,1.0
9754,United States,34.0,3.22222232818604,410.0,78.0,"Family owned, family CEO",10+ competitors,0.0
9755,United States,26.0,3.22222232818604,4500.0,106.0,Dispersed Shareholders, 5-9 competitors,0.0
9756,United States,24.0,3.88888883590698,130.0,54.0,"Family owned, family CEO",10+ competitors,0.0
9757,United States,24.0,2.38888883590698,90.0,53.0,"Founder owned, founder CEO", 5-9 competitors,0.0
9758,United States,34.0,4.16666650772095,250.0,44.0,"Founder owned, founder CEO",10+ competitors,0.0
9759,United States,20.0,4.0,500.0,49.0,Dispersed Shareholders,  1-4 competitors,1.0
9760,United States,35.0,3.44444441795349,160.0,56.0,Private Equity/Venture Capital,10+ competitors,0.0
9762,United States,28.0,3.55555558204651,2500.0,51.0,Private Equity/Venture Capital,  1-4 competitors,1.0
9763,United States,20.0,3.72222232818604,60.0,49.0,Private Individuals, 5-9 competitors,0.0
9764,United States,37.0,1.38888883590698,90.0,39.0,"Founder owned, founder CEO",  1-4 competitors,0.0
9766,United States,26.0,3.05555558204651,1000.0,65.0,Dispersed Shareholders, 5-9 competitors,1.0
9768,United States,20.0,2.64705872535706,593.0,68.0,Other, 5-9 competitors,0.0
9769,United States,20.0,4.16666650772095,1200.0,24.0,"Founder owned, founder CEO",10+ competitors,0.0
9770,United States,37.0,2.70588231086731,500.0,48.0,"Family owned, family CEO",  1-4 competitors,0.0
9771,United States,34.0,3.33333325386047,100.0,7.0,Dispersed Shareholders,   0 competitors,0.0
9772,United States,20.0,2.88888883590698,2500.0,8.0,Dispersed Shareholders, 5-9 competitors,0.0
9773,United States,37.0,3.0,200.0,25.0,Dispersed Shareholders, 5-9 competitors,1.0
9774,United States,27.0,2.77777767181396,600.0,12.0,Dispersed Shareholders, 5-9 competitors,1.0
9775,United States,35.0,3.0,300.0,,Dispersed Shareholders,10+ competitors,1.0
9776,United States,20.0,2.88235282897949,207.0,73.0,Dispersed Shareholders,  1-4 competitors,1.0
9778,United States,28.0,3.94444441795349,300.0,41.0,Private Equity/Venture Capital,  1-4 competitors,0.0
9779,United States,35.0,3.44444441795349,1650.0,8.0,Other,10+ competitors,0.0
9780,United States,35.0,4.16666650772095,110.0,94.0,Dispersed Shareholders,10+ competitors,1.0
9781,United States,26.0,4.0,892.0,67.0,Private Individuals,10+ competitors,1.0
9782,United States,26.0,3.22222232818604,160.0,11.0,"Founder owned, founder CEO",10+ competitors,0.0
9783,United States,33.0,3.38888883590698,150.0,8.0,Dispersed Shareholders,10+ competitors,1.0
9784,United States,22.0,3.88888883590698,3000.0,12.0,Private Equity/Venture Capital, 5-9 competitors,1.0
9785,United States,24.0,3.05555558204651,2500.0,55.0,Dispersed Shareholders,10+ competitors,0.0
9786,United States,30.0,4.61111116409302,3000.0,26.0,Dispersed Shareholders,10+ competitors,1.0
9787,United States,37.0,3.22222232818604,150.0,63.0,"Family owned, family CEO",  1-4 competitors,0.0
9788,United States,26.0,3.16666674613953,110.0,139.0,Dispersed Shareholders,10+ competitors,1.0
9789,United States,26.0,3.61111116409302,170.0,129.0,Dispersed Shareholders,10+ competitors,1.0
9790,United States,34.0,4.33333349227905,150.0,41.0,"Family owned, family CEO",10+ competitors,0.0
9791,United States,24.0,3.88888883590698,3500.0,49.0,Other,10+ competitors,0.0
9792,United States,36.0,3.5,900.0,24.0,Dispersed Shareholders,10+ competitors,0.0
9795,United States,34.0,3.16666674613953,225.0,58.0,Private Individuals,10+ competitors,1.0
9796,United States,23.0,4.61111116409302,300.0,89.0,Dispersed Shareholders, 5-9 competitors,0.0
9797,United States,20.0,3.72222232818604,325.0,112.0,"Family owned, family CEO",10+ competitors,0.0
9798,United States,20.0,3.16666674613953,300.0,61.0,"Family owned, family CEO",  1-4 competitors,0.0
9799,United States,27.0,3.94444441795349,4000.0,21.0,Dispersed Shareholders,10+ competitors,0.0
9802,United States,30.0,3.66666674613953,1855.0,37.0,Dispersed Shareholders,  1-4 competitors,0.0
9803,United States,38.0,4.27777767181396,250.0,44.0,Private Equity/Venture Capital,  1-4 competitors,1.0
9804,United States,30.0,4.44444465637207,507.0,2.0,Dispersed Shareholders,10+ competitors,1.0
9805,United States,32.0,3.0,192.0,25.0,Private Individuals,  1-4 competitors,0.0
9806,United States,32.0,2.47058820724487,110.0,31.0,Private Individuals,  1-4 competitors,0.0
9807,United States,37.0,3.77777767181396,300.0,57.0,Dispersed Shareholders,  1-4 competitors,1.0
9808,United States,34.0,3.625,225.0,82.0,Dispersed Shareholders,10+ competitors,0.0
9810,United States,38.0,3.11111116409302,3000.0,12.0,Dispersed Shareholders,10+ competitors,1.0
9811,United States,37.0,4.16666650772095,450.0,66.0,Dispersed Shareholders,10+ competitors,1.0
9813,United States,33.0,3.83333325386047,3000.0,5.0,Private Individuals, 5-9 competitors,0.0
9814,United States,34.0,3.61111116409302,4000.0,69.0,Dispersed Shareholders,10+ competitors,1.0
9815,United States,32.0,3.83333325386047,100.0,117.0,Private Individuals,  1-4 competitors,1.0
9817,United States,37.0,3.55555558204651,1500.0,10.0,Dispersed Shareholders, 5-9 competitors,1.0
9818,United States,35.0,3.44444441795349,118.0,29.0,Dispersed Shareholders, 5-9 competitors,1.0
9819,United States,37.0,2.5,500.0,47.0,Dispersed Shareholders,  1-4 competitors,0.0
9820,United States,28.0,3.05555558204651,70.0,26.0,"Family owned, external CEO",  1-4 competitors,0.0
9821,United States,23.0,2.38888883590698,110.0,12.0,Private Individuals,  1-4 competitors,0.0
9823,United States,35.0,3.44444441795349,250.0,37.0,Dispersed Shareholders, 5-9 competitors,1.0
9825,United States,26.0,3.88888883590698,365.0,108.0,Dispersed Shareholders, 5-9 competitors,1.0
9826,United States,28.0,3.66666674613953,130.0,20.0,Dispersed Shareholders,10+ competitors,1.0
9827,United States,39.0,2.16666674613953,200.0,7.0,Dispersed Shareholders,10+ competitors,0.0
9828,United States,34.0,2.66666674613953,150.0,26.0,Other,10+ competitors,0.0
9829,United States,28.0,3.0,3000.0,21.0,Dispersed Shareholders,  1-4 competitors,1.0
9831,United States,38.0,3.61111116409302,250.0,29.0,"Founder owned, founder CEO",10+ competitors,1.0
9832,United States,27.0,2.38888883590698,400.0,122.0,Private Individuals,10+ competitors,1.0
9833,United States,32.0,3.11111116409302,150.0,100.0,Dispersed Shareholders, 5-9 competitors,1.0
9835,United States,37.0,4.55555534362793,200.0,38.0,Private Individuals,10+ competitors,0.0
9836,United States,32.0,3.33333325386047,1500.0,39.0,Private Individuals,  1-4 competitors,0.0
9837,United States,39.0,3.88888883590698,3500.0,31.0,"Family owned, family CEO",10+ competitors,1.0
9837,United States,39.0,2.77777767181396,120.0,31.0,"Family owned, family CEO", 5-9 competitors,1.0
9838,United States,26.0,2.55555558204651,180.0,87.0,Private Individuals,10+ competitors,0.0
9839,United States,35.0,3.72222232818604,200.0,36.0,"Founder owned, founder CEO",10+ competitors,0.0
9840,United States,37.0,3.11111116409302,2000.0,57.0,"Family owned, family CEO",  1-4 competitors,0.0
9842,United States,34.0,2.55555558204651,275.0,94.0,Private Individuals, 5-9 competitors,0.0
9843,United States,26.0,3.23529410362244,136.0,33.0,Dispersed Shareholders, 5-9 competitors,1.0
9844,United States,28.0,2.55555558204651,200.0,38.0,"Founder owned, founder CEO",10+ competitors,0.0
9845,United States,28.0,4.0,2700.0,74.0,Dispersed Shareholders, 5-9 competitors,1.0
9846,United States,30.0,3.23529410362244,100.0,25.0,"Family owned, family CEO",10+ competitors,0.0
9847,United States,35.0,4.05555534362793,350.0,43.0,Private Equity/Venture Capital,10+ competitors,1.0
9848,United States,35.0,2.5,115.0,55.0,Private Individuals,10+ competitors,0.0
9849,United States,32.0,1.72222220897675,250.0,39.0,Dispersed Shareholders,  1-4 competitors,1.0
9850,United States,38.0,3.77777767181396,3600.0,136.0,Dispersed Shareholders,  1-4 competitors,1.0
9851,United States,36.0,4.38888883590698,2400.0,18.0,Dispersed Shareholders,10+ competitors,1.0
9852,United States,34.0,3.0,1400.0,81.0,Dispersed Shareholders,  1-4 competitors,0.0
9853,United States,20.0,3.38888883590698,650.0,42.0,Private Individuals,10+ competitors,0.0
9854,United States,28.0,4.0,900.0,27.0,Private Equity/Venture Capital,10+ competitors,1.0
9855,United States,38.0,3.22222232818604,1500.0,35.0,Dispersed Shareholders,10+ competitors,1.0
9855,United States,38.0,3.11111116409302,1600.0,35.0,Dispersed Shareholders, 5-9 competitors,1.0
9856,United States,35.0,2.88888883590698,175.0,24.0,"Founder owned, founder CEO",10+ competitors,0.0
9858,United States,26.0,3.55555558204651,600.0,101.0,Private Equity/Venture Capital,10+ competitors,1.0
9859,United States,28.0,4.0,112.0,73.0,Other,10+ competitors,0.0
9860,United States,26.0,2.77777767181396,100.0,43.0,"Family owned, family CEO", 5-9 competitors,0.0
9861,United States,23.0,1.77777779102325,100.0,36.0,"Founder owned, founder CEO",10+ competitors,0.0
9862,United States,38.0,4.5,159.0,68.0,Dispersed Shareholders,10+ competitors,1.0
9863,United States,28.0,2.22222232818604,110.0,33.0,Private Individuals,10+ competitors,0.0
9864,United States,36.0,4.88888883590698,1000.0,43.0,Private Individuals,10+ competitors,1.0
9865,United States,28.0,3.66666674613953,125.0,141.0,Dispersed Shareholders,  1-4 competitors,1.0
9866,United States,32.0,2.83333325386047,675.0,33.0,Dispersed Shareholders, 5-9 competitors,1.0
9867,United States,30.0,3.22222232818604,150.0,44.0,"Family owned, external CEO",  1-4 competitors,0.0
9869,United States,20.0,3.16666674613953,900.0,11.0,Dispersed Shareholders,10+ competitors,0.0
9871,United States,30.0,4.22222232818604,1550.0,20.0,Dispersed Shareholders,10+ competitors,1.0
9872,United States,28.0,3.11764717102051,150.0,7.0,"Family owned, family CEO", 5-9 competitors,0.0
9874,United States,32.0,3.33333325386047,1700.0,10.0,Dispersed Shareholders,  1-4 competitors,0.0
9877,United States,34.0,2.16666674613953,180.0,36.0,"Family owned, family CEO", 5-9 competitors,0.0
9878,United States,35.0,3.88235282897949,500.0,8.0,Private Individuals,10+ competitors,0.0
9880,United States,32.0,3.44444441795349,800.0,126.0,Dispersed Shareholders,10+ competitors,0.0
9881,United States,24.0,2.41176462173462,800.0,35.0,"Founder owned, founder CEO",  1-4 competitors,0.0
9883,United States,36.0,3.16666674613953,2000.0,46.0,Dispersed Shareholders,10+ competitors,0.0
9886,United States,33.0,4.0,900.0,72.0,Private Individuals, 5-9 competitors,0.0
9887,United States,23.0,3.0,300.0,27.0,"Founder owned, founder CEO",10+ competitors,0.0
9889,United States,20.0,3.22222232818604,170.0,34.0,"Founder owned, founder CEO", 5-9 competitors,0.0
9890,United States,38.0,2.94444441795349,100.0,30.0,Private Individuals,10+ competitors,0.0
9891,United States,25.0,3.38888883590698,1375.0,24.0,Private Equity/Venture Capital,10+ competitors,1.0
9892,United States,25.0,2.88888883590698,85.0,30.0,"Founder owned, founder CEO",10+ competitors,0.0
9893,United States,26.0,3.5,100.0,0.0,Private Equity/Venture Capital, 5-9 competitors,1.0
9894,United States,34.0,2.94444441795349,600.0,38.0,Dispersed Shareholders,10+ competitors,1.0
9896,United States,36.0,2.61111116409302,250.0,34.0,Private Equity/Venture Capital,10+ competitors,1.0
9897,United States,20.0,2.16666674613953,200.0,33.0,"Founder owned, founder CEO",  1-4 competitors,0.0
9897,United States,20.0,2.23529410362244,200.0,33.0,"Founder owned, founder CEO",  1-4 competitors,0.0
9898,United States,39.0,2.22222232818604,100.0,35.0,"Founder owned, founder CEO", 5-9 competitors,0.0
9899,United States,35.0,3.94444441795349,1500.0,90.0,Private Equity/Venture Capital,10+ competitors,1.0
9900,United States,23.0,3.66666674613953,531.0,138.0,Other,10+ competitors,1.0
9901,United States,33.0,3.83333325386047,400.0,34.0,Dispersed Shareholders, 5-9 competitors,1.0
9902,United States,30.0,4.05555534362793,110.0,41.0,Dispersed Shareholders, 5-9 competitors,1.0
9904,United States,30.0,3.05555558204651,504.0,40.0,Private Equity/Venture Capital,  1-4 competitors,0.0
9906,United States,20.0,3.88888883590698,620.0,58.0,Private Individuals, 5-9 competitors,0.0
9907,United States,20.0,3.55555558204651,300.0,123.0,Dispersed Shareholders, 5-9 competitors,0.0
9909,United States,20.0,4.22222232818604,3000.0,73.0,"Family owned, family CEO",10+ competitors,0.0
9912,United States,20.0,3.22222232818604,700.0,86.0,Private Individuals,  1-4 competitors,1.0
9914,United States,34.0,3.66666674613953,300.0,88.0,Dispersed Shareholders,10+ competitors,0.0
9915,United States,20.0,3.16666674613953,1500.0,31.0,Other,10+ competitors,0.0
9916,United States,26.0,4.5,450.0,73.0,Private Individuals,10+ competitors,1.0
9917,United States,30.0,3.5,185.0,19.0,Private Individuals,10+ competitors,0.0
9918,United States,33.0,2.61111116409302,160.0,31.0,"Family owned, family CEO",10+ competitors,0.0
9919,United States,34.0,3.38888883590698,150.0,83.0,"Family owned, family CEO",10+ competitors,0.0
9920,United States,37.0,2.05555558204651,500.0,9.0,Private Individuals,10+ competitors,0.0
9924,United States,26.0,4.11111116409302,4500.0,154.0,Private Individuals,10+ competitors,1.0
9925,United States,32.0,2.77777767181396,170.0,28.0,Private Individuals,10+ competitors,1.0
9928,United States,34.0,3.11111116409302,150.0,30.0,"Family owned, family CEO",10+ competitors,0.0
9929,United States,35.0,3.11111116409302,155.0,6.0,"Family owned, family CEO",10+ competitors,1.0
9930,United States,20.0,4.38888883590698,2400.0,46.0,Dispersed Shareholders,10+ competitors,0.0
9931,United States,24.0,2.33333325386047,120.0,33.0,"Family owned, family CEO",10+ competitors,0.0
9932,United States,25.0,3.83333325386047,550.0,29.0,"Family owned, external CEO",10+ competitors,0.0
9933,United States,34.0,3.83333325386047,180.0,37.0,Private Equity/Venture Capital,10+ competitors,0.0
9934,United States,24.0,3.55555558204651,1000.0,24.0,Dispersed Shareholders,10+ competitors,0.0
9935,United States,26.0,3.38888883590698,1000.0,36.0,Private Individuals, 5-9 competitors,0.0
9936,United States,36.0,3.16666674613953,135.0,29.0,"Founder owned, founder CEO",10+ competitors,0.0
9938,United States,20.0,3.66666674613953,154.0,29.0,"Founder owned, founder CEO",  1-4 competitors,0.0
9939,United States,32.0,4.5,350.0,29.0,Dispersed Shareholders,10+ competitors,0.0
9942,United States,39.0,3.22222232818604,140.0,106.0,Dispersed Shareholders,  1-4 competitors,1.0
9943,United States,30.0,4.76470565795898,130.0,28.0,Private Individuals,10+ competitors,0.0
9945,United States,23.0,3.17647051811218,1250.0,59.0,Private Individuals,10+ competitors,1.0
9946,United States,37.0,3.38888883590698,120.0,18.0,Private Equity/Venture Capital,  1-4 competitors,1.0
9947,United States,27.0,2.94444441795349,203.0,25.0,"Founder owned, founder CEO",  1-4 competitors,0.0
9948,United States,20.0,3.61111116409302,450.0,55.0,Dispersed Shareholders,10+ competitors,0.0
9949,United States,30.0,3.27777767181396,200.0,28.0,Private Individuals,10+ competitors,0.0
9950,United States,20.0,3.05555558204651,850.0,50.0,"Family owned, external CEO",10+ competitors,1.0
9951,United States,32.0,3.55555558204651,2500.0,1.0,Dispersed Shareholders,10+ competitors,1.0
9953,United States,35.0,3.33333325386047,122.0,33.0,"Founder owned, founder CEO",10+ competitors,0.0
9954,United States,34.0,4.05555534362793,160.0,28.0,Private Individuals,  1-4 competitors,0.0
9955,United States,34.0,4.61111116409302,180.0,27.0,"Founder owned, founder CEO",10+ competitors,0.0
9956,United States,37.0,3.0,320.0,16.0,"Founder owned, founder CEO",10+ competitors,0.0
9957,United States,34.0,2.88888883590698,300.0,18.0,"Founder owned, founder CEO",10+ competitors,1.0
9958,United States,36.0,3.72222232818604,1000.0,26.0,Dispersed Shareholders,10+ competitors,1.0
9959,United States,37.0,3.44444441795349,4000.0,102.0,Dispersed Shareholders,  1-4 competitors,1.0
9961,United States,35.0,3.0,375.0,29.0,Private Individuals,  1-4 competitors,1.0
9962,United States,28.0,2.66666674613953,1200.0,60.0,Dispersed Shareholders,10+ competitors,1.0
9964,United States,28.0,3.61111116409302,550.0,5.0,Dispersed Shareholders,10+ competitors,1.0
9965,United States,35.0,4.61111116409302,188.0,68.0,Dispersed Shareholders,10+ competitors,1.0
9966,United States,37.0,3.55555558204651,210.0,33.0,"Family owned, family CEO",  1-4 competitors,1.0
9968,United States,33.0,3.05555558204651,100.0,51.0,Private Individuals,  1-4 competitors,0.0
9969,United States,35.0,2.0,150.0,25.0,Dispersed Shareholders,  1-4 competitors,1.0
9971,United States,35.0,4.52941179275513,150.0,4.0,Dispersed Shareholders,10+ competitors,1.0
9972,United States,20.0,3.94444441795349,80.0,13.0,Private Individuals,  1-4 competitors,0.0
9973,United States,38.0,3.33333325386047,150.0,7.0,Dispersed Shareholders,10+ competitors,1.0
9974,United States,30.0,4.27777767181396,1200.0,40.0,Private Individuals,10+ competitors,0.0
9975,United States,33.0,2.72222232818604,225.0,8.0,Private Individuals,  1-4 competitors,0.0
9977,United States,28.0,3.44444441795349,700.0,133.0,Other,10+ competitors,0.0
9979,United States,25.0,2.83333325386047,1000.0,23.0,Private Individuals,  1-4 competitors,0.0
9980,United States,32.0,3.11111116409302,1500.0,47.0,Dispersed Shareholders, 5-9 competitors,0.0
9982,United States,28.0,3.38888883590698,223.0,132.0,Dispersed Shareholders, 5-9 competitors,1.0
9983,United States,28.0,3.38888883590698,300.0,19.0,Other,10+ competitors,0.0
9984,United States,30.0,3.11111116409302,175.0,35.0,Private Individuals,10+ competitors,0.0
9985,United States,32.0,2.38888883590698,1200.0,2.0,Dispersed Shareholders,  1-4 competitors,1.0
9986,United States,30.0,3.94444441795349,1373.0,5.0,Dispersed Shareholders,10+ competitors,1.0
9987,United States,37.0,3.66666674613953,3000.0,60.0,"Family owned, family CEO",10+ competitors,0.0
9989,United States,36.0,3.94444441795349,300.0,2.0,Dispersed Shareholders, 5-9 competitors,0.0
9990,United States,28.0,2.83333325386047,125.0,22.0,"Founder owned, founder CEO", 5-9 competitors,0.0
9991,United States,36.0,2.77777767181396,900.0,48.0,Other, 5-9 competitors,1.0
9992,United States,36.0,3.38888883590698,250.0,5.0,Private Individuals, 5-9 competitors,0.0
9994,United States,30.0,3.77777767181396,160.0,22.0,"Founder owned, founder CEO",10+ competitors,0.0
9995,United States,20.0,4.16666650772095,250.0,13.0,Dispersed Shareholders, 5-9 competitors,1.0
9996,United States,28.0,3.33333325386047,400.0,60.0,Private Individuals,  1-4 competitors,1.0
9997,United States,20.0,4.55555534362793,1000.0,107.0,Private Individuals,10+ competitors,1.0
9998,United States,37.0,4.27777767181396,150.0,137.0,Dispersed Shareholders,  1-4 competitors,1.0
9999,United States,37.0,4.0,200.0,4.0,Dispersed Shareholders,  1-4 competitors,1.0
10000,United States,27.0,3.5,165.0,188.0,Dispersed Shareholders,10+ competitors,1.0
10001,United States,22.0,2.88888883590698,4100.0,5.0,Private Individuals,10+ competitors,0.0
10002,United States,25.0,2.44444441795349,175.0,3.0,Private Individuals,10+ competitors,0.0
10003,United States,27.0,3.05555558204651,100.0,39.0,Dispersed Shareholders,10+ competitors,0.0
10005,United States,38.0,3.5,174.0,4.0,Private Individuals,10+ competitors,1.0
10007,United States,27.0,4.16666650772095,2500.0,7.0,Private Individuals, 5-9 competitors,0.0
10008,United States,33.0,3.88888883590698,500.0,9.0,Private Individuals, 5-9 competitors,0.0
10009,United States,34.0,3.0,160.0,22.0,"Founder owned, founder CEO", 5-9 competitors,0.0
10010,United States,22.0,3.05882358551025,450.0,10.0,Private Individuals,10+ competitors,0.0
10011,United States,33.0,2.66666674613953,665.0,9.0,Private Individuals,10+ competitors,1.0
10012,United States,27.0,2.55555558204651,185.0,7.0,Dispersed Shareholders,10+ competitors,0.0
10014,United States,34.0,4.66666650772095,360.0,1.0,Dispersed Shareholders, 5-9 competitors,0.0
10015,United States,30.0,4.22222232818604,500.0,5.0,Private Individuals, 5-9 competitors,0.0
10016,United States,28.0,3.05555558204651,620.0,157.0,Dispersed Shareholders,10+ competitors,1.0
10017,United States,33.0,3.05555558204651,800.0,25.0,"Family owned, external CEO", 5-9 competitors,1.0
10018,United States,20.0,2.16666674613953,180.0,78.0,"Family owned, family CEO",  1-4 competitors,0.0
10019,United States,27.0,2.35294127464294,200.0,16.0,Other,  1-4 competitors,1.0
10020,United States,36.0,4.0,150.0,121.0,Dispersed Shareholders,10+ competitors,1.0
10021,United States,38.0,3.27777767181396,200.0,48.0,Private Individuals, 5-9 competitors,0.0
10022,United States,34.0,3.16666674613953,110.0,29.0,Other,  1-4 competitors,0.0
10023,United States,28.0,3.16666674613953,500.0,25.0,"Founder owned, founder CEO", 5-9 competitors,0.0
10024,United States,30.0,2.5,600.0,22.0,"Founder owned, founder CEO",  1-4 competitors,1.0
10025,United States,36.0,3.27777767181396,300.0,75.0,Private Equity/Venture Capital,10+ competitors,0.0
10026,United States,38.0,4.11764717102051,675.0,10.0,Other,  1-4 competitors,1.0
10027,United States,35.0,3.44444441795349,250.0,84.0,Private Equity/Venture Capital,10+ competitors,1.0
10028,United States,28.0,2.61111116409302,386.0,36.0,"Family owned, external CEO", 5-9 competitors,1.0
10029,United States,33.0,3.22222232818604,630.0,47.0,Private Individuals,10+ competitors,0.0
10030,United States,37.0,3.61111116409302,200.0,2.0,Dispersed Shareholders, 5-9 competitors,0.0
10031,United States,35.0,3.66666674613953,1400.0,20.0,Dispersed Shareholders, 5-9 competitors,1.0
10032,United States,20.0,3.35294127464294,140.0,2.0,Private Equity/Venture Capital,10+ competitors,0.0
10034,United States,24.0,3.44444441795349,240.0,2.0,Private Individuals,10+ competitors,0.0
10035,United States,32.0,3.5,350.0,29.0,Dispersed Shareholders, 5-9 competitors,0.0
10038,United States,28.0,4.5,2100.0,6.0,Dispersed Shareholders,  1-4 competitors,1.0
10040,United States,30.0,2.44444441795349,1000.0,21.0,Dispersed Shareholders,10+ competitors,0.0
10041,United States,27.0,4.5,2000.0,35.0,"Family owned, external CEO", 5-9 competitors,0.0
10042,United States,30.0,3.66666674613953,170.0,46.0,"Family owned, family CEO", 5-9 competitors,1.0
10043,United States,34.0,4.05555534362793,350.0,61.0,Private Individuals,10+ competitors,0.0
10044,United States,37.0,3.66666674613953,200.0,6.0,Private Individuals,10+ competitors,1.0
10045,United States,36.0,2.94444441795349,110.0,1.0,Private Individuals,10+ competitors,1.0
10046,United States,25.0,3.05555558204651,685.0,21.0,"Founder owned, founder CEO",10+ competitors,0.0
10047,United States,33.0,3.61111116409302,100.0,21.0,Private Individuals,10+ competitors,0.0
10050,United States,35.0,4.44444465637207,450.0,64.0,Dispersed Shareholders,10+ competitors,1.0
10051,United States,30.0,4.11111116409302,3400.0,121.0,Dispersed Shareholders,10+ competitors,1.0
10052,United States,34.0,3.66666674613953,700.0,82.0,Dispersed Shareholders,  1-4 competitors,1.0
10053,United States,26.0,3.22222232818604,175.0,8.0,Dispersed Shareholders, 5-9 competitors,0.0
10054,United States,37.0,3.27777767181396,4000.0,48.0,Dispersed Shareholders,10+ competitors,0.0
10055,United States,35.0,4.16666650772095,100.0,86.0,Dispersed Shareholders,  1-4 competitors,1.0
10056,United States,22.0,3.38888883590698,600.0,9.0,Private Equity/Venture Capital,10+ competitors,1.0
10057,United States,38.0,3.11111116409302,175.0,28.0,Dispersed Shareholders, 5-9 competitors,1.0
10058,United States,20.0,3.33333325386047,150.0,6.0,Dispersed Shareholders,  1-4 competitors,0.0
10060,United States,38.0,3.22222232818604,160.0,11.0,Dispersed Shareholders,10+ competitors,0.0
10061,United States,38.0,3.35714292526245,1000.0,1.0,Private Individuals,10+ competitors,0.0
10062,United States,39.0,3.38888883590698,132.0,9.0,Private Individuals,10+ competitors,0.0
10063,United States,20.0,2.70588231086731,200.0,73.0,"Founder owned, founder CEO",  1-4 competitors,0.0
10064,United States,35.0,3.72222232818604,555.0,52.0,Dispersed Shareholders,10+ competitors,1.0
10065,United States,36.0,3.72222232818604,4000.0,21.0,Dispersed Shareholders,10+ competitors,1.0
10066,United States,26.0,2.55555558204651,100.0,23.0,Dispersed Shareholders,10+ competitors,1.0
10068,United States,30.0,3.33333325386047,550.0,23.0,Dispersed Shareholders, 5-9 competitors,0.0
10069,United States,28.0,3.83333325386047,1200.0,122.0,"Family owned, external CEO",10+ competitors,0.0
10070,United States,26.0,3.88888883590698,150.0,7.0,Dispersed Shareholders,10+ competitors,0.0
10071,United States,35.0,2.94444441795349,600.0,22.0,Dispersed Shareholders,10+ competitors,1.0
10072,United States,35.0,2.11111116409302,150.0,7.0,Private Individuals, 5-9 competitors,0.0
10073,United States,32.0,2.83333325386047,300.0,20.0,Dispersed Shareholders,  1-4 competitors,1.0
10075,United States,28.0,3.77777767181396,1200.0,4.0,Dispersed Shareholders,10+ competitors,1.0
10076,United States,34.0,3.5,1500.0,4.0,"Founder owned, founder CEO",10+ competitors,0.0
10079,United States,38.0,2.38888883590698,220.0,20.0,"Founder owned, founder CEO",  1-4 competitors,0.0
10080,United States,34.0,3.5,250.0,82.0,Private Individuals,  1-4 competitors,1.0
10081,United States,32.0,4.0,435.0,125.0,Dispersed Shareholders,10+ competitors,1.0
10083,United States,30.0,2.88888883590698,122.0,20.0,Dispersed Shareholders,10+ competitors,1.0
10084,United States,35.0,4.66666650772095,350.0,0.0,Private Individuals,10+ competitors,0.0
10085,United States,28.0,3.38888883590698,1800.0,9.0,Dispersed Shareholders,  1-4 competitors,1.0
10086,United States,24.0,3.05555558204651,550.0,3.0,"Family owned, family CEO",10+ competitors,0.0
10087,United States,35.0,3.23529410362244,550.0,75.0,"Family owned, external CEO", 5-9 competitors,0.0
10088,United States,24.0,3.66666674613953,200.0,33.0,Dispersed Shareholders, 5-9 competitors,1.0
10089,United States,37.0,2.83333325386047,3000.0,111.0,Private Individuals,10+ competitors,0.0
10090,United States,39.0,2.94444441795349,1000.0,47.0,"Founder owned, founder CEO",10+ competitors,1.0
10091,United States,23.0,3.11111116409302,250.0,21.0,"Founder owned, founder CEO",10+ competitors,0.0
10092,United States,37.0,3.11111116409302,158.0,19.0,"Founder owned, founder CEO",10+ competitors,0.0
10093,United States,35.0,4.61111116409302,500.0,87.0,Dispersed Shareholders, 5-9 competitors,1.0
10094,United States,26.0,4.16666650772095,106.0,10.0,Dispersed Shareholders, 5-9 competitors,0.0
10095,United States,36.0,2.44444441795349,80.0,18.0,Dispersed Shareholders,10+ competitors,1.0
10096,United States,22.0,4.77777767181396,1000.0,18.0,Private Individuals,10+ competitors,0.0
10097,United States,22.0,1.61111116409302,60.0,18.0,"Founder owned, founder CEO",  1-4 competitors,0.0
10098,United States,28.0,4.05555534362793,1500.0,,Government,10+ competitors,1.0
10099,United States,36.0,4.38888883590698,100.0,59.0,Dispersed Shareholders,10+ competitors,1.0
10100,United States,20.0,2.66666674613953,165.0,110.0,Dispersed Shareholders,10+ competitors,0.0
10101,United States,36.0,2.77777767181396,200.0,1.0,Private Equity/Venture Capital,10+ competitors,1.0
10102,United States,37.0,2.66666674613953,260.0,37.0,"Family owned, family CEO",  1-4 competitors,0.0
10103,United States,38.0,3.77777767181396,350.0,476.0,Dispersed Shareholders, 5-9 competitors,1.0
10104,United States,34.0,2.70588231086731,550.0,18.0,Private Individuals, 5-9 competitors,1.0
10106,United States,37.0,3.61111116409302,2000.0,1.0,Dispersed Shareholders,10+ competitors,0.0
10107,United States,27.0,2.5,100.0,109.0,Private Equity/Venture Capital,  1-4 competitors,0.0
10108,United States,32.0,2.52941179275513,160.0,1.0,Private Individuals,  1-4 competitors,0.0
10110,United States,20.0,2.70588231086731,400.0,76.0,"Family owned, external CEO",  1-4 competitors,0.0
10111,United States,34.0,2.94444441795349,75.0,18.0,"Founder owned, founder CEO", 5-9 competitors,0.0
10114,United States,20.0,3.11764717102051,1200.0,57.0,Other, 5-9 competitors,0.0
10115,United States,28.0,3.38888883590698,60.0,68.0,Private Individuals,10+ competitors,1.0
10116,United States,38.0,2.40000009536743,330.0,91.0,"Family owned, family CEO",10+ competitors,0.0
10117,United States,34.0,3.88888883590698,250.0,82.0,Dispersed Shareholders,10+ competitors,0.0
10118,United States,38.0,4.77777767181396,750.0,60.0,"Family owned, family CEO",10+ competitors,1.0
10121,United States,38.0,2.94444441795349,150.0,8.0,Private Individuals, 5-9 competitors,0.0
10122,United States,35.0,3.44444441795349,1000.0,60.0,Dispersed Shareholders,  1-4 competitors,1.0
10123,United States,36.0,4.11111116409302,1500.0,12.0,Dispersed Shareholders, 5-9 competitors,0.0
10124,United States,36.0,2.14285707473755,900.0,13.0,Dispersed Shareholders,10+ competitors,0.0
10126,United States,36.0,3.05555558204651,275.0,13.0,Private Individuals,10+ competitors,0.0
10129,United States,30.0,2.5,300.0,44.0,Private Individuals,  1-4 competitors,0.0
10130,United States,37.0,4.05555534362793,2000.0,20.0,Dispersed Shareholders,10+ competitors,0.0
10132,United States,24.0,3.72222232818604,4000.0,52.0,"Family owned, family CEO",10+ competitors,1.0
10134,United States,20.0,2.72222232818604,975.0,1.0,Private Individuals,  1-4 competitors,0.0
10135,United States,20.0,3.0,1500.0,17.0,Private Individuals,10+ competitors,1.0
10136,United States,38.0,4.05555534362793,1000.0,1.0,Dispersed Shareholders,10+ competitors,1.0
10138,United States,34.0,3.72222232818604,3000.0,56.0,Dispersed Shareholders,10+ competitors,1.0
10140,United States,24.0,3.05882358551025,180.0,6.0,Private Equity/Venture Capital,  1-4 competitors,0.0
10142,United States,28.0,2.77777767181396,150.0,36.0,"Family owned, family CEO", 5-9 competitors,1.0
10143,United States,36.0,3.61111116409302,104.0,54.0,Private Individuals,10+ competitors,0.0
10145,United States,22.0,3.83333325386047,4000.0,5.0,Private Equity/Venture Capital,10+ competitors,1.0
10146,United States,35.0,3.88888883590698,800.0,10.0,Dispersed Shareholders,10+ competitors,0.0
10147,United States,35.0,2.55555558204651,100.0,16.0,"Family owned, family CEO",10+ competitors,0.0
10148,United States,38.0,4.16666650772095,1450.0,7.0,Dispersed Shareholders,10+ competitors,0.0
10149,United States,36.0,2.77777767181396,110.0,18.0,Private Individuals,10+ competitors,0.0
10150,United States,35.0,4.61111116409302,2300.0,59.0,Other,10+ competitors,0.0
10151,United States,22.0,2.44444441795349,345.0,30.0,Dispersed Shareholders,  1-4 competitors,1.0
10152,United States,35.0,3.66666674613953,100.0,94.0,Dispersed Shareholders, 5-9 competitors,0.0
10155,United States,27.0,3.88235282897949,450.0,12.0,Private Individuals,10+ competitors,0.0
10156,United States,35.0,3.55555558204651,260.0,,Dispersed Shareholders, 5-9 competitors,1.0
10157,United States,28.0,3.77777767181396,830.0,49.0,Dispersed Shareholders,10+ competitors,1.0
10159,United States,28.0,2.38888883590698,250.0,130.0,"Family owned, external CEO", 5-9 competitors,1.0
10161,United States,37.0,2.33333325386047,250.0,16.0,Dispersed Shareholders, 5-9 competitors,0.0
10162,United States,26.0,3.94444441795349,2250.0,100.0,Private Individuals, 5-9 competitors,1.0
10164,United States,39.0,2.77777767181396,259.0,15.0,Private Equity/Venture Capital,10+ competitors,1.0
10165,United States,34.0,3.5,120.0,82.0,Private Individuals, 5-9 competitors,0.0
10166,United States,28.0,3.16666674613953,550.0,10.0,Other,10+ competitors,1.0
10167,United States,37.0,2.88888883590698,360.0,76.0,Dispersed Shareholders, 5-9 competitors,1.0
10168,United States,23.0,3.77777767181396,4000.0,66.0,"Family owned, family CEO",10+ competitors,0.0
10169,United States,36.0,1.88888883590698,69.0,13.0,"Founder owned, founder CEO", 5-9 competitors,0.0
10170,United States,34.0,4.33333349227905,250.0,92.0,"Family owned, family CEO",10+ competitors,0.0
10171,United States,37.0,2.94444441795349,300.0,49.0,Dispersed Shareholders, 5-9 competitors,1.0
10172,United States,36.0,4.0,630.0,17.0,"Founder owned, founder CEO",10+ competitors,0.0
10173,United States,39.0,2.70588231086731,306.0,35.0,Other,10+ competitors,0.0
10174,United States,35.0,3.94444441795349,350.0,15.0,Dispersed Shareholders,10+ competitors,1.0
10175,United States,30.0,3.5,1000.0,41.0,Private Individuals,10+ competitors,1.0
10176,United States,35.0,3.16666674613953,800.0,17.0,Dispersed Shareholders,10+ competitors,1.0
10178,United States,35.0,3.55555558204651,1200.0,71.0,Dispersed Shareholders,10+ competitors,1.0
10179,United States,37.0,3.73333334922791,800.0,21.0,Dispersed Shareholders, 5-9 competitors,0.0
10180,United States,38.0,3.55555558204651,400.0,14.0,Dispersed Shareholders,10+ competitors,1.0
10181,United States,37.0,3.22222232818604,569.0,102.0,Dispersed Shareholders, 5-9 competitors,0.0
10182,United States,35.0,3.47058820724487,234.0,8.0,Dispersed Shareholders,  1-4 competitors,1.0
10183,United States,34.0,2.05555558204651,100.0,45.0,Other,  1-4 competitors,0.0
10185,United States,32.0,4.44444465637207,140.0,61.0,Other, 5-9 competitors,1.0
10186,United States,27.0,3.11111116409302,85.0,29.0,Dispersed Shareholders,10+ competitors,0.0
10188,United States,33.0,3.66666674613953,1400.0,118.0,Dispersed Shareholders, 5-9 competitors,1.0
10189,United States,34.0,2.61111116409302,400.0,79.0,Private Individuals,  1-4 competitors,0.0
10191,United States,36.0,3.38888883590698,350.0,61.0,Dispersed Shareholders,10+ competitors,1.0
10192,United States,36.0,4.27777767181396,200.0,59.0,"Family owned, family CEO",10+ competitors,1.0
10193,United States,24.0,3.16666674613953,280.0,14.0,Dispersed Shareholders,10+ competitors,0.0
10195,United States,37.0,4.61111116409302,307.0,23.0,"Founder owned, founder CEO",10+ competitors,0.0
10197,United States,20.0,2.11764717102051,700.0,14.0,"Family owned, family CEO", 5-9 competitors,0.0
10198,United States,28.0,2.72222232818604,200.0,28.0,Dispersed Shareholders,  1-4 competitors,1.0
10199,United States,33.0,2.33333325386047,150.0,25.0,"Founder owned, founder CEO",  1-4 competitors,0.0
10200,United States,34.0,2.83333325386047,140.0,21.0,Private Individuals,  1-4 competitors,1.0
10201,United States,27.0,2.94444441795349,250.0,2.0,Private Individuals,10+ competitors,0.0
10203,United States,26.0,2.77777767181396,1300.0,71.0,"Family owned, family CEO",10+ competitors,0.0
10204,United States,38.0,4.44444465637207,7500.0,66.0,Dispersed Shareholders,10+ competitors,1.0
10205,United States,21.0,3.27777767181396,130.0,87.0,Dispersed Shareholders,  1-4 competitors,1.0
10207,United States,30.0,3.66666674613953,1800.0,91.0,Dispersed Shareholders,10+ competitors,1.0
10209,United States,22.0,2.88235282897949,400.0,13.0,"Founder owned, founder CEO", 5-9 competitors,1.0
10210,United States,27.0,2.23529410362244,57.0,11.0,Private Equity/Venture Capital,  1-4 competitors,0.0
10211,United States,36.0,2.27777767181396,170.0,32.0,Private Individuals,  1-4 competitors,0.0
10212,United States,20.0,3.94444441795349,2100.0,85.0,"Family owned, family CEO", 5-9 competitors,0.0
10214,United States,37.0,4.27777767181396,160.0,87.0,Dispersed Shareholders,10+ competitors,1.0
10215,United States,35.0,2.72222232818604,80.0,83.0,Dispersed Shareholders, 5-9 competitors,1.0
10216,United States,36.0,3.82352948188782,4000.0,0.0,Dispersed Shareholders,10+ competitors,1.0
10217,United States,25.0,2.05555558204651,90.0,13.0,Private Individuals,10+ competitors,0.0
10219,United States,24.0,3.5,343.0,13.0,Dispersed Shareholders,10+ competitors,1.0
10220,United States,28.0,3.0,300.0,17.0,"Founder owned, founder CEO",10+ competitors,0.0
10225,United States,35.0,3.66666674613953,3000.0,9.0,Dispersed Shareholders,10+ competitors,1.0
10226,United States,30.0,3.16666674613953,1500.0,19.0,"Family owned, family CEO",10+ competitors,0.0
10227,United States,26.0,3.11764717102051,200.0,144.0,Dispersed Shareholders,  1-4 competitors,1.0
10229,United States,28.0,3.0,500.0,3.0,"Founder owned, founder CEO", 5-9 competitors,0.0
10230,United States,35.0,3.72222232818604,600.0,73.0,"Family owned, family CEO", 5-9 competitors,1.0
10231,United States,36.0,4.38888883590698,200.0,78.0,"Founder owned, founder CEO", 5-9 competitors,0.0
10232,United States,34.0,4.88888883590698,150.0,82.0,Dispersed Shareholders, 5-9 competitors,0.0
10233,United States,33.0,3.5,800.0,59.0,Dispersed Shareholders, 5-9 competitors,1.0
10235,United States,35.0,2.83333325386047,850.0,33.0,Other, 5-9 competitors,0.0
10236,United States,32.0,3.83333325386047,300.0,41.0,"Founder owned, founder CEO", 5-9 competitors,0.0
10237,United States,26.0,3.38888883590698,150.0,41.0,Dispersed Shareholders,10+ competitors,0.0
10238,United States,32.0,2.88888883590698,1300.0,121.0,Dispersed Shareholders,10+ competitors,1.0
10240,United States,25.0,4.16666650772095,250.0,94.0,Dispersed Shareholders,10+ competitors,0.0
10241,United States,35.0,3.55555558204651,1200.0,18.0,Dispersed Shareholders,10+ competitors,1.0
10242,United States,38.0,4.16666650772095,130.0,9.0,Dispersed Shareholders,10+ competitors,1.0
10243,United States,34.0,3.66666674613953,1500.0,17.0,Private Equity/Venture Capital,10+ competitors,1.0
10244,United States,25.0,1.83333337306976,175.0,60.0,"Family owned, family CEO",10+ competitors,0.0
10245,United States,34.0,2.16666674613953,180.0,55.0,"Family owned, family CEO",10+ competitors,0.0
10246,United States,30.0,2.38888883590698,300.0,45.0,Private Individuals, 5-9 competitors,1.0
10247,United States,34.0,3.55555558204651,145.0,46.0,Private Equity/Venture Capital,  1-4 competitors,1.0
10249,United States,30.0,3.66666674613953,138.0,69.0,"Family owned, external CEO",  1-4 competitors,1.0
10251,United States,37.0,3.61111116409302,250.0,51.0,"Family owned, family CEO",  1-4 competitors,1.0
10252,United States,23.0,1.64705884456635,120.0,41.0,Private Individuals,10+ competitors,0.0
10253,United States,23.0,3.16666674613953,350.0,11.0,Dispersed Shareholders,  1-4 competitors,1.0
10254,United States,24.0,4.27777767181396,120.0,10.0,Dispersed Shareholders, 5-9 competitors,1.0
10255,United States,37.0,2.72222232818604,9363.0,26.0,Private Individuals,10+ competitors,1.0
10257,United States,38.0,3.44444441795349,250.0,12.0,Dispersed Shareholders,10+ competitors,1.0
10258,United States,34.0,3.11111116409302,470.0,22.0,"Founder owned, founder CEO",10+ competitors,1.0
10259,United States,36.0,3.33333325386047,3000.0,34.0,Dispersed Shareholders, 5-9 competitors,1.0
10260,United States,33.0,3.22222232818604,260.0,9.0,Private Individuals, 5-9 competitors,1.0
10261,United States,34.0,4.0,1200.0,10.0,Dispersed Shareholders,  1-4 competitors,1.0
10262,United States,39.0,2.61111116409302,400.0,4.0,Private Individuals, 5-9 competitors,0.0
10263,United States,30.0,3.88888883590698,255.0,2.0,Dispersed Shareholders,10+ competitors,1.0
10264,United States,25.0,2.11764717102051,350.0,10.0,Private Individuals, 5-9 competitors,0.0
10267,United States,30.0,2.70588231086731,600.0,41.0,"Founder owned, founder CEO",  1-4 competitors,1.0
10268,United States,36.0,3.61111116409302,443.0,10.0,Dispersed Shareholders,10+ competitors,1.0
10270,United States,34.0,3.16666674613953,450.0,94.0,Dispersed Shareholders,  1-4 competitors,1.0
10271,United States,24.0,2.72222232818604,760.0,7.0,"Family owned, family CEO",10+ competitors,0.0
10272,United States,39.0,2.94444441795349,1600.0,34.0,"Founder owned, founder CEO",  1-4 competitors,1.0
10273,United States,20.0,3.22222232818604,1500.0,48.0,"Founder owned, external CEO",10+ competitors,0.0
10275,United States,35.0,2.94444441795349,800.0,9.0,"Founder owned, founder CEO",10+ competitors,1.0
10276,United States,24.0,2.88888883590698,125.0,29.0,"Family owned, family CEO",10+ competitors,0.0
10278,United States,35.0,2.11111116409302,100.0,9.0,"Family owned, family CEO",10+ competitors,1.0
10282,United States,34.0,3.23529410362244,250.0,23.0,Dispersed Shareholders,10+ competitors,0.0
